2025-05-13 12:10:20,213 [INFO] Activator:176 - 


2025-05-13 12:10:20,221 [INFO] Activator:177 - !SESSION log4j initialized
2025-05-13 12:10:24,176 [INFO] LogOutputStream:77 - [STDOUT_REDIRECT] 
2025-05-13 12:10:25,706 [INFO] LogOutputStream:77 - [STDOUT_REDIRECT] 
2025-05-13 12:10:26,761 [ERROR] LogOutputStream:75 - [STDERR_REDIRECT] java.net.URISyntaxException: Illegal character in path at index 38: file:/Users/winstonhar/ENCE-3231/Phase A/Projects/.metadata/.log4j2.xml
2025-05-13 12:10:26,762 [ERROR] LogOutputStream:75 - [STDERR_REDIRECT] 	at java.base/java.net.URI$Parser.fail(URI.java:2995)
2025-05-13 12:10:26,763 [ERROR] LogOutputStream:75 - [STDERR_REDIRECT] 	at java.base/java.net.URI$Parser.checkChars(URI.java:3166)
2025-05-13 12:10:26,764 [ERROR] LogOutputStream:75 - [STDERR_REDIRECT] 	at java.base/java.net.URI$Parser.parseHierarchical(URI.java:3248)
2025-05-13 12:10:26,764 [ERROR] LogOutputStream:75 - [STDERR_REDIRECT] 	at java.base/java.net.URI$Parser.parse(URI.java:3196)
2025-05-13 12:10:26,765 [ERROR] LogOutputStream:75 - [STDERR_REDIRECT] 	at java.base/java.net.URI.<init>(URI.java:645)
2025-05-13 12:10:26,765 [ERROR] LogOutputStream:75 - [STDERR_REDIRECT] 	at java.base/java.net.URL.toURI(URL.java:1220)
2025-05-13 12:10:26,766 [ERROR] LogOutputStream:75 - [STDERR_REDIRECT] 	at com.st.stm32cube.common.mx.core.CubeMxInstance.getInstance(CubeMxInstance.java:81)
2025-05-13 12:10:26,767 [ERROR] LogOutputStream:75 - [STDERR_REDIRECT] 	at com.st.stm32cube.common.mx.userauth.UserAuthAdapter.<init>(UserAuthAdapter.java:25)
2025-05-13 12:10:26,767 [ERROR] LogOutputStream:75 - [STDERR_REDIRECT] 	at com.st.stm32cube.common.mx.userauth.UserAuthProvider.getUserAuthAdapter(UserAuthProvider.java:16)
2025-05-13 12:10:26,768 [ERROR] LogOutputStream:75 - [STDERR_REDIRECT] 	at com.st.stm32cube.common.ecosystemintegration.ui.core.MCUEcoSystemIntegrationUiHelper.getUserAuth(MCUEcoSystemIntegrationUiHelper.java:100)
2025-05-13 12:10:26,769 [ERROR] LogOutputStream:75 - [STDERR_REDIRECT] 	at com.st.stm32cube.ide.mcu.userauth.UserAuthStartup.earlyStartup(UserAuthStartup.java:32)
2025-05-13 12:10:26,770 [ERROR] LogOutputStream:75 - [STDERR_REDIRECT] 	at org.eclipse.ui.internal.EarlyStartupRunnable.runEarlyStartup(EarlyStartupRunnable.java:79)
2025-05-13 12:10:26,772 [ERROR] LogOutputStream:75 - [STDERR_REDIRECT] 	at org.eclipse.ui.internal.EarlyStartupRunnable.run(EarlyStartupRunnable.java:55)
2025-05-13 12:10:26,773 [ERROR] LogOutputStream:75 - [STDERR_REDIRECT] 	at org.eclipse.core.runtime.SafeRunner.run(SafeRunner.java:47)
2025-05-13 12:10:26,774 [ERROR] LogOutputStream:75 - [STDERR_REDIRECT] 	at org.eclipse.ui.internal.Workbench$39.run(Workbench.java:2733)
2025-05-13 12:10:26,775 [ERROR] LogOutputStream:75 - [STDERR_REDIRECT] 	at org.eclipse.core.internal.jobs.Worker.run(Worker.java:63)
2025-05-13 12:10:26,983 [ERROR] LogOutputStream:75 - [STDERR_REDIRECT] 
2025-05-13 12:10:27,826 [INFO] ApplicationProperties:184 - Using Application install path: /Applications/STM32CubeIDE.app/Contents/Eclipse/plugins/com.st.stm32cube.common.mx_6.14.1.202504091515
2025-05-13 12:10:27,863 [INFO] DbMcusXml:78 - Set database path to: /Applications/STM32CubeIDE.app/Contents/Eclipse/plugins/com.st.stm32cube.common.mx_6.14.1.202504091515//db//mcu/
2025-05-13 12:10:27,864 [INFO] ApiDb:274 - Set plugin database path to: /Applications/STM32CubeIDE.app/Contents/Eclipse/plugins/com.st.stm32cube.common.mx_6.14.1.202504091515//db//plugins/boardmanager/
2025-05-13 12:10:27,864 [WARN] ApiDb:259 - Overriding images path with different value:  => /Applications/STM32CubeIDE.app/Contents/Eclipse/plugins/com.st.stm32cube.common.mx_6.14.1.202504091515//db//plugins/mcufinder/images/
2025-05-13 12:10:27,881 [INFO] ApiDb:250 - Set database path to: /Users/winstonhar/.stmcufinder/plugins/mcufinder//mcu/
2025-05-13 12:10:27,884 [INFO] DbMcusAds:125 - Set database path to: /Users/winstonhar/.stmcufinder/plugins/mcufinder//mcu/
2025-05-13 12:10:27,888 [INFO] CrossReferenceDbSqlite:203 - Set database path to: /Users/winstonhar/.stmcufinder/plugins/mcufinder//mcu/cs/
2025-05-13 12:10:28,066 [INFO] RulesReader:64 - Compatibility file has been processed (302 Rules)
2025-05-13 12:10:28,186 [INFO] DbMcusXml:78 - Set database path to: /Applications/STM32CubeIDE.app/Contents/Eclipse/plugins/com.st.stm32cube.common.mx_6.14.1.202504091515//db//mcu/
2025-05-13 12:10:28,186 [INFO] ApiDb:274 - Set plugin database path to: /Applications/STM32CubeIDE.app/Contents/Eclipse/plugins/com.st.stm32cube.common.mx_6.14.1.202504091515//db//plugins/boardmanager/
2025-05-13 12:10:28,187 [INFO] ApiDb:261 - Set plugin images path to: /Applications/STM32CubeIDE.app/Contents/Eclipse/plugins/com.st.stm32cube.common.mx_6.14.1.202504091515//db//plugins/mcufinder/images/
2025-05-13 12:10:28,187 [WARN] DbFile:41 - Overriding database path with different value: /Users/winstonhar/.stmcufinder/plugins/mcufinder/ => /Users/winstonhar/.stmcufinder/plugins/mcufinder
2025-05-13 12:10:28,187 [INFO] ApiDb:250 - Set database path to: /Users/winstonhar/.stmcufinder/plugins/mcufinder//mcu/
2025-05-13 12:10:28,187 [WARN] DbFile:41 - Overriding database path with different value: /Users/winstonhar/.stmcufinder/plugins/mcufinder/ => /Users/winstonhar/.stmcufinder/plugins/mcufinder
2025-05-13 12:10:28,187 [INFO] DbMcusAds:125 - Set database path to: /Users/winstonhar/.stmcufinder/plugins/mcufinder//mcu/
2025-05-13 12:10:28,187 [WARN] DbFile:41 - Overriding database path with different value: /Users/winstonhar/.stmcufinder/plugins/mcufinder/ => /Users/winstonhar/.stmcufinder/plugins/mcufinder
2025-05-13 12:10:28,187 [WARN] DbFile:41 - Overriding database path with different value: /Users/winstonhar/.stmcufinder/plugins/mcufinder/ => /Users/winstonhar/.stmcufinder/plugins/mcufinder
2025-05-13 12:10:28,188 [INFO] CrossReferenceDbSqlite:203 - Set database path to: /Users/winstonhar/.stmcufinder/plugins/mcufinder//mcu/cs/
2025-05-13 12:10:28,268 [INFO] MainPanel:272 - HeapMemory: 268435456
2025-05-13 12:10:29,063 [INFO] DbMcusXml:78 - Set database path to: /Applications/STM32CubeIDE.app/Contents/Eclipse/plugins/com.st.stm32cube.common.mx_6.14.1.202504091515//db//mcu/
2025-05-13 12:10:29,063 [INFO] ApiDb:274 - Set plugin database path to: /Applications/STM32CubeIDE.app/Contents/Eclipse/plugins/com.st.stm32cube.common.mx_6.14.1.202504091515//db//plugins/boardmanager/
2025-05-13 12:10:29,064 [INFO] ApiDb:261 - Set plugin images path to: /Applications/STM32CubeIDE.app/Contents/Eclipse/plugins/com.st.stm32cube.common.mx_6.14.1.202504091515//db//plugins/mcufinder/images/
2025-05-13 12:10:29,064 [WARN] DbFile:41 - Overriding database path with different value: /Users/winstonhar/.stmcufinder/plugins/mcufinder/ => /Users/winstonhar/.stmcufinder/plugins/mcufinder
2025-05-13 12:10:29,064 [INFO] ApiDb:250 - Set database path to: /Users/winstonhar/.stmcufinder/plugins/mcufinder//mcu/
2025-05-13 12:10:29,064 [WARN] DbFile:41 - Overriding database path with different value: /Users/winstonhar/.stmcufinder/plugins/mcufinder/ => /Users/winstonhar/.stmcufinder/plugins/mcufinder
2025-05-13 12:10:29,064 [INFO] DbMcusAds:125 - Set database path to: /Users/winstonhar/.stmcufinder/plugins/mcufinder//mcu/
2025-05-13 12:10:29,065 [WARN] DbFile:41 - Overriding database path with different value: /Users/winstonhar/.stmcufinder/plugins/mcufinder/ => /Users/winstonhar/.stmcufinder/plugins/mcufinder
2025-05-13 12:10:29,065 [WARN] DbFile:41 - Overriding database path with different value: /Users/winstonhar/.stmcufinder/plugins/mcufinder/ => /Users/winstonhar/.stmcufinder/plugins/mcufinder
2025-05-13 12:10:29,065 [INFO] CrossReferenceDbSqlite:203 - Set database path to: /Users/winstonhar/.stmcufinder/plugins/mcufinder//mcu/cs/
2025-05-13 12:10:29,087 [INFO] ApplicationProperties:184 - Using Application install path: /Applications/STM32CubeIDE.app/Contents/Eclipse/plugins/com.st.stm32cube.common.mx_6.14.1.202504091515
2025-05-13 12:10:29,090 [INFO] PluginManage:196 - Search for loadable plugins [exclusion list=, ]
2025-05-13 12:10:29,092 [INFO] PluginManage:310 - Check plugin analytics
2025-05-13 12:10:29,285 [INFO] AnalyticsPlugin:253 - Accepted Software Licenses: 
2025-05-13 12:10:29,285 [INFO] AnalyticsPlugin:255 - Accepted CMSIS Pack Licenses: 
2025-05-13 12:10:29,285 [INFO] AnalyticsPlugin:257 - Accepted Firmware Licenses: FW.F4.1.28.0
2025-05-13 12:10:29,288 [INFO] PluginManage:359 - Loaded plugin analytics (category:tool,tabindex:-1)
2025-05-13 12:10:29,289 [INFO] PluginManage:310 - Check plugin cadmodel
2025-05-13 12:10:29,295 [INFO] CADModel:105 - Init CAD model plugin
2025-05-13 12:10:29,295 [INFO] PluginManage:359 - Loaded plugin cadmodel (category:power,tabindex:5)
2025-05-13 12:10:29,295 [INFO] PluginManage:310 - Check plugin clock
2025-05-13 12:10:29,307 [INFO] PluginManage:359 - Loaded plugin clock (category:base,tabindex:2)
2025-05-13 12:10:29,307 [INFO] PluginManage:310 - Check plugin ddr
2025-05-13 12:10:29,310 [INFO] PluginManage:359 - Loaded plugin ddr (category:tool,tabindex:6)
2025-05-13 12:10:29,310 [INFO] PluginManage:310 - Check plugin filemanager
2025-05-13 12:10:29,520 [INFO] PluginManage:359 - Loaded plugin filemanager (category:base,tabindex:10)
2025-05-13 12:10:29,520 [INFO] PluginManage:310 - Check plugin ipmanager
2025-05-13 12:10:29,528 [INFO] PluginManage:359 - Loaded plugin ipmanager (category:base,tabindex:5)
2025-05-13 12:10:29,528 [INFO] PluginManage:310 - Check plugin lpbam
2025-05-13 12:10:29,543 [INFO] PluginManage:359 - Loaded plugin lpbam (category:base,tabindex:0)
2025-05-13 12:10:29,544 [INFO] PluginManage:310 - Check plugin memorymap
2025-05-13 12:10:29,565 [INFO] PluginManage:359 - Loaded plugin memorymap (category:base,tabindex:4)
2025-05-13 12:10:29,566 [INFO] PluginManage:310 - Check plugin pinoutandconfiguration
2025-05-13 12:10:29,577 [INFO] PluginManage:359 - Loaded plugin pinoutandconfiguration (category:base,tabindex:1)
2025-05-13 12:10:29,578 [INFO] PluginManage:310 - Check plugin pinoutconfig
2025-05-13 12:10:29,726 [WARN] SupportedApi:132 - Cannot load RTOS API schema: s4s-elt-must-match.1: The content of 'definitions' must match (annotation?, (simpleType | complexType)?, (unique | key | keyref)*)). A problem was found starting at: attribute.
2025-05-13 12:10:29,913 [INFO] PluginManage:359 - Loaded plugin pinoutconfig (category:base,tabindex:0)
2025-05-13 12:10:29,927 [INFO] PluginManage:310 - Check plugin power
2025-05-13 12:10:29,945 [INFO] PluginManage:359 - Loaded plugin power (category:power,tabindex:4)
2025-05-13 12:10:29,945 [INFO] PluginManage:310 - Check plugin projectmanager
2025-05-13 12:10:29,962 [INFO] PluginManage:359 - Loaded plugin projectmanager (category:projectmanager,tabindex:4)
2025-05-13 12:10:29,963 [INFO] PluginManage:310 - Check plugin rif
2025-05-13 12:10:29,971 [INFO] PluginManage:359 - Loaded plugin rif (category:base,tabindex:3)
2025-05-13 12:10:29,971 [INFO] PluginManage:310 - Check plugin thirdparty
2025-05-13 12:10:30,128 [INFO] PluginManage:359 - Loaded plugin thirdparty (category:base,tabindex:-1)
2025-05-13 12:10:30,128 [WARN] IntegrityCheckThread:84 - waiting for thirdparty lock release [integrity check]
2025-05-13 12:10:30,128 [INFO] PluginManage:310 - Check plugin tools
2025-05-13 12:10:30,128 [INFO] IntegrityCheckThread:86 - entering critical section [integrity check]
2025-05-13 12:10:30,128 [INFO] ThirdPartyUpdaterWithRetryManager:70 - Updater plugin not ready yet. [1/15]
2025-05-13 12:10:30,131 [INFO] PluginManage:359 - Loaded plugin tools (category:base,tabindex:7)
2025-05-13 12:10:30,132 [INFO] PluginManage:310 - Check plugin tutovideos
2025-05-13 12:10:30,308 [INFO] PluginManage:359 - Loaded plugin tutovideos (category:base,tabindex:-1)
2025-05-13 12:10:30,308 [INFO] PluginManage:310 - Check plugin updater
2025-05-13 12:10:30,325 [INFO] PluginManage:359 - Loaded plugin updater (category:base,tabindex:12)
2025-05-13 12:10:30,325 [INFO] PluginManage:310 - Check plugin userauth
2025-05-13 12:10:30,328 [INFO] UserAuth:118 - Init User Auth plugin
2025-05-13 12:10:30,329 [INFO] PluginManage:359 - Loaded plugin userauth (category:base,tabindex:14)
2025-05-13 12:10:30,330 [INFO] PluginManage:283 - PluginManage : Loaded plugins [18]
2025-05-13 12:10:30,494 [INFO] PinOutPanel:1589 - setPackage(No Configuration,No Configuration)
2025-05-13 12:10:30,564 [INFO] CADModel:165 - CPN selected for project level
2025-05-13 12:10:30,564 [INFO] CADModel:114 - Register for checkConnection events
2025-05-13 12:10:30,575 [INFO] IPUIPlugin:80 - create IPUIPlugin
2025-05-13 12:10:30,576 [INFO] PluginManager:220 - loadIPPluginJar : add mdma
2025-05-13 12:10:30,583 [INFO] IPUIPlugin:80 - create IPUIPlugin
2025-05-13 12:10:30,584 [INFO] PluginManager:220 - loadIPPluginJar : add freertos
2025-05-13 12:10:30,589 [INFO] IPUIPlugin:80 - create IPUIPlugin
2025-05-13 12:10:30,589 [INFO] PluginManager:220 - loadIPPluginJar : add gic
2025-05-13 12:10:30,600 [INFO] IPUIPlugin:80 - create IPUIPlugin
2025-05-13 12:10:30,600 [INFO] PluginManager:220 - loadIPPluginJar : add adc
2025-05-13 12:10:30,603 [INFO] IPUIPlugin:80 - create IPUIPlugin
2025-05-13 12:10:30,603 [INFO] PluginManager:220 - loadIPPluginJar : add gtzc
2025-05-13 12:10:30,605 [INFO] IPUIPlugin:80 - create IPUIPlugin
2025-05-13 12:10:30,605 [INFO] PluginManager:220 - loadIPPluginJar : add quadspi
2025-05-13 12:10:30,607 [INFO] IPUIPlugin:80 - create IPUIPlugin
2025-05-13 12:10:30,607 [INFO] PluginManager:220 - loadIPPluginJar : add aes
2025-05-13 12:10:30,609 [INFO] IPUIPlugin:80 - create IPUIPlugin
2025-05-13 12:10:30,609 [INFO] PluginManager:220 - loadIPPluginJar : add pdm2pcm
2025-05-13 12:10:30,611 [INFO] IPUIPlugin:80 - create IPUIPlugin
2025-05-13 12:10:30,611 [INFO] PluginManager:220 - loadIPPluginJar : add hash
2025-05-13 12:10:30,613 [INFO] IPUIPlugin:80 - create IPUIPlugin
2025-05-13 12:10:30,613 [INFO] PluginManager:220 - loadIPPluginJar : add tim
2025-05-13 12:10:30,614 [INFO] IPUIPlugin:80 - create IPUIPlugin
2025-05-13 12:10:30,614 [INFO] PluginManager:220 - loadIPPluginJar : add tsc
2025-05-13 12:10:30,617 [INFO] IPUIPlugin:80 - create IPUIPlugin
2025-05-13 12:10:30,617 [INFO] PluginManager:220 - loadIPPluginJar : add extmemmanager
2025-05-13 12:10:30,618 [INFO] IPUIPlugin:80 - create IPUIPlugin
2025-05-13 12:10:30,619 [INFO] PluginManager:220 - loadIPPluginJar : add ts
2025-05-13 12:10:30,620 [INFO] IPUIPlugin:80 - create IPUIPlugin
2025-05-13 12:10:30,621 [INFO] PluginManager:220 - loadIPPluginJar : add radio
2025-05-13 12:10:30,623 [INFO] IPUIPlugin:80 - create IPUIPlugin
2025-05-13 12:10:30,623 [INFO] PluginManager:220 - loadIPPluginJar : add can
2025-05-13 12:10:30,625 [INFO] IPUIPlugin:80 - create IPUIPlugin
2025-05-13 12:10:30,625 [INFO] PluginManager:220 - loadIPPluginJar : add dma3
2025-05-13 12:10:30,626 [INFO] IPUIPlugin:80 - create IPUIPlugin
2025-05-13 12:10:30,626 [INFO] PluginManager:220 - loadIPPluginJar : add dfsdm
2025-05-13 12:10:30,628 [INFO] IPUIPlugin:80 - create IPUIPlugin
2025-05-13 12:10:30,628 [INFO] PluginManager:220 - loadIPPluginJar : add spi
2025-05-13 12:10:30,630 [INFO] IPUIPlugin:80 - create IPUIPlugin
2025-05-13 12:10:30,630 [INFO] PluginManager:220 - loadIPPluginJar : add gfxmmu
2025-05-13 12:10:30,632 [INFO] IPUIPlugin:80 - create IPUIPlugin
2025-05-13 12:10:30,632 [INFO] PluginManager:220 - loadIPPluginJar : add genericplugin
2025-05-13 12:10:30,634 [INFO] IPUIPlugin:80 - create IPUIPlugin
2025-05-13 12:10:30,635 [INFO] PluginManager:220 - loadIPPluginJar : add cryp
2025-05-13 12:10:30,639 [INFO] IPUIPlugin:80 - create IPUIPlugin
2025-05-13 12:10:30,639 [INFO] PluginManager:220 - loadIPPluginJar : add gpio
2025-05-13 12:10:30,642 [INFO] IPUIPlugin:80 - create IPUIPlugin
2025-05-13 12:10:30,642 [INFO] PluginManager:220 - loadIPPluginJar : add ddr_ctrl_phy
2025-05-13 12:10:30,643 [INFO] IPUIPlugin:80 - create IPUIPlugin
2025-05-13 12:10:30,643 [INFO] PluginManager:220 - loadIPPluginJar : add comp
2025-05-13 12:10:30,645 [INFO] IPUIPlugin:80 - create IPUIPlugin
2025-05-13 12:10:30,645 [INFO] PluginManager:220 - loadIPPluginJar : add tracer_emb
2025-05-13 12:10:30,648 [INFO] IPUIPlugin:80 - create IPUIPlugin
2025-05-13 12:10:30,648 [INFO] PluginManager:220 - loadIPPluginJar : add openamp
2025-05-13 12:10:30,654 [INFO] IPUIPlugin:80 - create IPUIPlugin
2025-05-13 12:10:30,654 [INFO] PluginManager:220 - loadIPPluginJar : add stm32_wpan
2025-05-13 12:10:30,660 [INFO] IPUIPlugin:80 - create IPUIPlugin
2025-05-13 12:10:30,661 [INFO] PluginManager:220 - loadIPPluginJar : add plateformsettings
2025-05-13 12:10:30,664 [INFO] IPUIPlugin:80 - create IPUIPlugin
2025-05-13 12:10:30,664 [INFO] PluginManager:220 - loadIPPluginJar : add ipddr
2025-05-13 12:10:30,666 [INFO] IPUIPlugin:80 - create IPUIPlugin
2025-05-13 12:10:30,666 [INFO] PluginManager:220 - loadIPPluginJar : add usart
2025-05-13 12:10:30,667 [INFO] IPUIPlugin:80 - create IPUIPlugin
2025-05-13 12:10:30,667 [INFO] PluginManager:220 - loadIPPluginJar : add ltdc
2025-05-13 12:10:30,669 [INFO] IPUIPlugin:80 - create IPUIPlugin
2025-05-13 12:10:30,669 [INFO] PluginManager:220 - loadIPPluginJar : add nvic
2025-05-13 12:10:30,670 [INFO] IPUIPlugin:80 - create IPUIPlugin
2025-05-13 12:10:30,670 [INFO] PluginManager:220 - loadIPPluginJar : add fatfs
2025-05-13 12:10:30,676 [INFO] IPUIPlugin:80 - create IPUIPlugin
2025-05-13 12:10:30,676 [INFO] PluginManager:220 - loadIPPluginJar : add linkedlist
2025-05-13 12:10:30,681 [INFO] IPUIPlugin:80 - create IPUIPlugin
2025-05-13 12:10:30,681 [INFO] PluginManager:220 - loadIPPluginJar : add dma
2025-05-13 12:10:30,686 [INFO] IPUIPlugin:80 - create IPUIPlugin
2025-05-13 12:10:30,686 [INFO] PluginManager:220 - loadIPPluginJar : add fmc
2025-05-13 12:10:30,689 [INFO] IPUIPlugin:80 - create IPUIPlugin
2025-05-13 12:10:30,689 [INFO] PluginManager:220 - loadIPPluginJar : add i2s
2025-05-13 12:10:30,690 [INFO] IPUIPlugin:80 - create IPUIPlugin
2025-05-13 12:10:30,690 [INFO] PluginManager:220 - loadIPPluginJar : add ucpd
2025-05-13 12:10:30,693 [INFO] IPUIPlugin:80 - create IPUIPlugin
2025-05-13 12:10:30,693 [INFO] PluginManager:220 - loadIPPluginJar : add lorawan
2025-05-13 12:10:30,696 [INFO] IPUIPlugin:80 - create IPUIPlugin
2025-05-13 12:10:30,696 [INFO] PluginManager:220 - loadIPPluginJar : add opamp
2025-05-13 12:10:30,698 [INFO] IPUIPlugin:80 - create IPUIPlugin
2025-05-13 12:10:30,699 [INFO] PluginManager:220 - loadIPPluginJar : add i3c
2025-05-13 12:10:30,702 [INFO] IPUIPlugin:80 - create IPUIPlugin
2025-05-13 12:10:30,702 [INFO] PluginManager:220 - loadIPPluginJar : add touchsensing
2025-05-13 12:10:30,705 [INFO] IPUIPlugin:80 - create IPUIPlugin
2025-05-13 12:10:30,705 [INFO] PluginManager:220 - loadIPPluginJar : add i2c
2025-05-13 12:10:30,707 [INFO] IPUIPlugin:80 - create IPUIPlugin
2025-05-13 12:10:30,707 [INFO] PluginManager:220 - loadIPPluginJar : add resmgrutility
2025-05-13 12:10:30,710 [INFO] IPUIPlugin:80 - create IPUIPlugin
2025-05-13 12:10:30,710 [INFO] PluginManager:220 - loadIPPluginJar : add sai
2025-05-13 12:10:30,712 [INFO] IPUIPlugin:80 - create IPUIPlugin
2025-05-13 12:10:30,712 [INFO] PluginManager:220 - loadIPPluginJar : add usbx
2025-05-13 12:10:30,810 [FATAL] Updater:351 - Updater called before beeing initialized
2025-05-13 12:10:30,835 [INFO] RulesReader:64 - Compatibility file has been processed (302 Rules)
2025-05-13 12:10:30,852 [INFO] RulesReader:64 - Compatibility file has been processed (302 Rules)
2025-05-13 12:10:30,858 [INFO] CADModel:165 - CPN selected for project level
2025-05-13 12:10:30,858 [INFO] CADModel:114 - Register for checkConnection events
2025-05-13 12:10:30,858 [FATAL] Updater:351 - Updater called before beeing initialized
2025-05-13 12:10:30,858 [ERROR] CADModel:125 - Updater not yet initialized, retry later 
2025-05-13 12:10:31,056 [FATAL] Updater:351 - Updater called before beeing initialized
2025-05-13 12:10:31,059 [INFO] CADModel:165 - CPN selected for project level
2025-05-13 12:10:31,059 [INFO] CADModel:114 - Register for checkConnection events
2025-05-13 12:10:31,059 [FATAL] Updater:351 - Updater called before beeing initialized
2025-05-13 12:10:31,059 [ERROR] CADModel:125 - Updater not yet initialized, retry later 
2025-05-13 12:10:31,063 [FATAL] Updater:351 - Updater called before beeing initialized
2025-05-13 12:10:31,145 [FATAL] Updater:351 - Updater called before beeing initialized
2025-05-13 12:10:31,149 [INFO] DbMcusAds:53 - JSON generation date=Thu Mar 06 07:54:22 MST 2025 (1741272862078)
2025-05-13 12:10:31,150 [FATAL] Updater:351 - Updater called before beeing initialized
2025-05-13 12:10:31,226 [WARN] DetailPanel:346 - Failed to get advertising image, set to default
2025-05-13 12:10:31,506 [FATAL] Updater:351 - Updater called before beeing initialized
2025-05-13 12:10:31,508 [FATAL] Updater:351 - Updater called before beeing initialized
2025-05-13 12:10:31,508 [FATAL] Updater:351 - Updater called before beeing initialized
2025-05-13 12:10:31,508 [WARN] DetailPanel:346 - Failed to get advertising image, set to default
2025-05-13 12:10:31,508 [FATAL] Updater:351 - Updater called before beeing initialized
2025-05-13 12:10:31,534 [ERROR] Updater:1198 - MainUpdater not yet initialized. External WinMGr cannot be set.
2025-05-13 12:10:31,536 [INFO] Updater:1134 - Updater Version found : 6.14.1
2025-05-13 12:10:31,558 [INFO] ApplicationProperties:184 - Using Application install path: /Applications/STM32CubeIDE.app/Contents/Eclipse/plugins/com.st.stm32cube.common.mx_6.14.1.202504091515
2025-05-13 12:10:31,855 [INFO] MainUpdater:2872 - connection check result : 10
2025-05-13 12:10:31,855 [INFO] MainUpdater:3566 - Updater definition file requires update
2025-05-13 12:10:31,856 [INFO] MainUpdater:289 - Updater Check For Update Now.
2025-05-13 12:10:31,856 [INFO] MicroXplorer:498 - Change Database Version : DB.6.0.141
2025-05-13 12:10:31,861 [INFO] McuFinderGlobals:63 - Set McuFinder mode to 2 (CubeIDE integrated)
2025-05-13 12:10:31,862 [INFO] UserAuth:484 - Internet connection configuration mode: 1
2025-05-13 12:10:31,881 [INFO] JxBrowserEngine:152 - Initiate JxBrowser Engine with user profile folder
2025-05-13 12:10:31,926 [INFO] ServerAccessManage:473 - Download File updaters.zip
2025-05-13 12:10:32,000 [INFO] FileExtend:242 - Unzip File : updaters.zip
2025-05-13 12:10:32,001 [INFO] FileExtend:257 - Standard Zip Deflate
2025-05-13 12:10:32,270 [INFO] ServerAccessManage:473 - Download File PacksControlFlags.xml
2025-05-13 12:10:32,317 [INFO] ServerAccessManage:473 - Download File cubemx.pidx
2025-05-13 12:10:32,411 [INFO] LoadServerUpdatesThread:375 - End of LoadServerUpdate Thread
2025-05-13 12:10:32,569 [INFO] CheckServerUpdateThread:120 - End of CheckServer Thread
2025-05-13 12:10:33,340 [WARN] PackLoader:240 - Cannot read IP mode file for STMicroelectronics.FP-SNS-MOTENVWB1.1.4.0
2025-05-13 12:10:33,349 [WARN] PackLoader:240 - Cannot read IP mode file for STMicroelectronics.FP-ATR-ASTRA1.2.0.2
2025-05-13 12:10:33,357 [WARN] PackLoader:240 - Cannot read IP mode file for STMicroelectronics.X-CUBE-SMBUS.2.1.0
2025-05-13 12:10:33,363 [WARN] PackLoader:240 - Cannot read IP mode file for STMicroelectronics.X-CUBE-WB05N.1.1.0
2025-05-13 12:10:33,410 [WARN] PackLoader:240 - Cannot read IP mode file for STMicroelectronics.X-CUBE-AZRTOS-F7.1.1.0
2025-05-13 12:10:33,517 [WARN] PackLoader:240 - Cannot read IP mode file for Infineon.AIROC-Wi-Fi-Bluetooth-STM32.1.7.0
2025-05-13 12:10:33,553 [WARN] PackLoader:240 - Cannot read IP mode file for STMicroelectronics.X-CUBE-DISPLAY.3.0.0
2025-05-13 12:10:33,615 [WARN] PackLoader:240 - Cannot read IP mode file for STMicroelectronics.X-CUBE-NFC10.1.0.0
2025-05-13 12:10:33,683 [WARN] PackLoader:240 - Cannot read IP mode file for STMicroelectronics.X-CUBE-BLEMGR.4.0.0
2025-05-13 12:10:33,798 [WARN] PackLoader:240 - Cannot read IP mode file for emotas.I-CUBE-CANOPEN.1.3.0
2025-05-13 12:10:33,806 [INFO] WebApp:169 - Instantiating new browser for Auth
2025-05-13 12:10:33,840 [WARN] ConditionMgr:438 - getConditionDescription Invalid condition id : Cortex-A Device cause : null
2025-05-13 12:10:33,956 [WARN] ConditionMgr:1044 - genDependencies : Invalid condition id : Cortex-A Device cause : null
2025-05-13 12:10:33,990 [WARN] ConditionMgr:1044 - genDependencies : Invalid condition id : Cortex-A Device cause : null
2025-05-13 12:10:34,027 [WARN] ConditionMgr:1044 - genDependencies : Invalid condition id : Cortex-A Device cause : null
2025-05-13 12:10:34,141 [WARN] PackLoader:240 - Cannot read IP mode file for STMicroelectronics.X-CUBE-AI.10.0.0
2025-05-13 12:10:34,208 [WARN] PackLoader:240 - Cannot read IP mode file for STMicroelectronics.FP-SNS-SMARTAG2.1.2.0
2025-05-13 12:10:34,309 [WARN] PackLoader:240 - Cannot read IP mode file for STMicroelectronics.FP-SNS-FLIGHT1.5.1.0
2025-05-13 12:10:34,517 [WARN] PackLoader:240 - Cannot read IP mode file for STMicroelectronics.X-CUBE-MEMS1.11.1.0
2025-05-13 12:10:34,719 [INFO] LogOutputStream:77 - [STDOUT_REDIRECT] 1 : Invalid condition id : UX_CORESTACK_Condition cause : null
2025-05-13 12:10:34,739 [INFO] LogOutputStream:77 - [STDOUT_REDIRECT] 1 : Invalid condition id : UX_CORESTACK_Condition cause : null
2025-05-13 12:10:34,761 [INFO] LogOutputStream:77 - [STDOUT_REDIRECT] 1 : Invalid condition id : UX_CORESTACK_Condition cause : null
2025-05-13 12:10:34,782 [INFO] LogOutputStream:77 - [STDOUT_REDIRECT] 1 : Invalid condition id : UX_CORESTACK_Condition cause : null
2025-05-13 12:10:34,783 [INFO] LogOutputStream:77 - [STDOUT_REDIRECT] 1 : Invalid condition id : UX_CORESTACK_Condition cause : null
2025-05-13 12:10:34,808 [WARN] PackLoader:240 - Cannot read IP mode file for STMicroelectronics.X-CUBE-AZRTOS-WL.2.0.0
2025-05-13 12:10:34,915 [INFO] WebApp:463 - Apply proxy settings
2025-05-13 12:10:34,923 [WARN] PackLoader:240 - Cannot read IP mode file for STMicroelectronics.FP-SNS-MOTENV1.5.0.0
2025-05-13 12:10:34,926 [INFO] WebApp:508 - Chromium authenticates against Manually configured proxy
2025-05-13 12:10:34,988 [INFO] WebApp:516 - Username used for proxy authentication: 
2025-05-13 12:10:35,036 [INFO] WebApp:894 - Register for checkConnection events
2025-05-13 12:10:35,059 [INFO] WebApp:463 - Apply proxy settings
2025-05-13 12:10:35,084 [WARN] PackLoader:240 - Cannot read IP mode file for WES.I-CUBE-Cesium.1.3.0
2025-05-13 12:10:35,086 [INFO] WebApp:508 - Chromium authenticates against Manually configured proxy
2025-05-13 12:10:35,125 [INFO] WebApp:516 - Username used for proxy authentication: 
2025-05-13 12:10:35,184 [WARN] PackLoader:240 - Cannot read IP mode file for STMicroelectronics.X-CUBE-BLE2.3.3.0
2025-05-13 12:10:35,292 [WARN] PackLoader:240 - Cannot read IP mode file for STMicroelectronics.X-CUBE-NFC9.1.0.0
2025-05-13 12:10:35,367 [INFO] WebApp:225 - Starting web application
2025-05-13 12:10:35,375 [INFO] WebApp:593 - Web application path used /Applications/STM32CubeIDE.app/Contents/Eclipse/plugins/com.st.stm32cube.common.mx_6.14.1.202504091515/db/plugins/mcufinder/reactClient1/index.html
2025-05-13 12:10:35,397 [WARN] PackLoader:240 - Cannot read IP mode file for STMicroelectronics.X-CUBE-BLE1.7.1.0
2025-05-13 12:10:35,488 [WARN] PackLoader:240 - Cannot read IP mode file for wolfSSL.I-CUBE-wolfMQTT.1.19.2
2025-05-13 12:10:35,550 [INFO] UserAuth:484 - Internet connection configuration mode: 1
2025-05-13 12:10:35,611 [WARN] PackLoader:240 - Cannot read IP mode file for STMicroelectronics.X-CUBE-MEMS1.11.2.0
2025-05-13 12:10:35,882 [WARN] PackLoader:240 - Cannot read IP mode file for STMicroelectronics.X-CUBE-AZRTOS-G0.1.1.0
2025-05-13 12:10:36,034 [WARN] PackLoader:240 - Cannot read IP mode file for STMicroelectronics.X-CUBE-SAFEA1.1.2.2
2025-05-13 12:10:36,099 [WARN] PackLoader:240 - Cannot read IP mode file for STMicroelectronics.X-CUBE-NFC4.3.0.0
2025-05-13 12:10:36,103 [INFO] WebApp:191 - Connection restablished
2025-05-13 12:10:36,266 [WARN] PackLoader:240 - Cannot read IP mode file for EmbeddedOffice.I-CUBE-FS-RTOS.1.0.1
2025-05-13 12:10:36,362 [WARN] PackLoader:240 - Cannot read IP mode file for STMicroelectronics.X-CUBE-WB05N.2.0.0
2025-05-13 12:10:36,528 [WARN] PackLoader:240 - Cannot read IP mode file for wolfSSL.I-CUBE-wolfTPM.3.8.0
2025-05-13 12:10:36,670 [WARN] PackLoader:240 - Cannot read IP mode file for STMicroelectronics.X-CUBE-TCPP.4.2.0
2025-05-13 12:10:36,868 [WARN] PackLoader:240 - Cannot read IP mode file for RealThread.X-CUBE-RT-Thread_Nano.4.1.1
2025-05-13 12:10:36,985 [WARN] PackLoader:240 - Cannot read IP mode file for STMicroelectronics.FP-ATR-SIGFOX1.3.2.0
2025-05-13 12:10:37,068 [WARN] PackLoader:240 - Cannot read IP mode file for STMicroelectronics.X-CUBE-EEPRMA1.5.1.0
2025-05-13 12:10:37,168 [WARN] PackLoader:240 - Cannot read IP mode file for wolfSSL.I-CUBE-wolfSSL.5.7.6
2025-05-13 12:10:37,295 [WARN] PackLoader:240 - Cannot read IP mode file for ITTIA_DB.I-CUBE-ITTIADB.8.9.0
2025-05-13 12:10:37,493 [WARN] PackLoader:240 - Cannot read IP mode file for SEGGER.I-CUBE-embOS.1.3.1
2025-05-13 12:10:37,616 [WARN] PackLoader:240 - Cannot read IP mode file for STMicroelectronics.X-CUBE-ALGOBUILD.1.4.0
2025-05-13 12:10:37,684 [WARN] PackLoader:240 - Cannot read IP mode file for STMicroelectronics.X-CUBE-AZRTOS-F4.1.1.0
2025-05-13 12:10:37,784 [WARN] PackLoader:240 - Cannot read IP mode file for Avnet-IotConnect.X-CUBE-IoTC-DA16k-PMOD.1.0.0
2025-05-13 12:10:37,824 [WARN] PackLoader:240 - Cannot read IP mode file for STMicroelectronics.X-CUBE-ISPU.2.1.0
2025-05-13 12:10:37,919 [WARN] PackLoader:240 - Cannot read IP mode file for STMicroelectronics.X-CUBE-AZRTOS-L5.2.0.0
2025-05-13 12:10:37,985 [WARN] PackLoader:240 - Cannot read IP mode file for STMicroelectronics.X-CUBE-NFC6.3.1.0
2025-05-13 12:10:38,045 [WARN] PackLoader:240 - Cannot read IP mode file for STMicroelectronics.X-CUBE-FREERTOS.1.3.1
2025-05-13 12:10:38,090 [WARN] PackLoader:240 - Cannot read IP mode file for STMicroelectronics.X-CUBE-FREERTOS.1.3.0
2025-05-13 12:10:38,095 [WARN] PackLoader:240 - Cannot read IP mode file for STMicroelectronics.X-CUBE-NFC7.1.0.1
2025-05-13 12:10:38,101 [WARN] PackLoader:240 - Cannot read IP mode file for STMicroelectronics.X-CUBE-DPower.1.3.0
2025-05-13 12:10:38,115 [WARN] ConditionMgr:438 - getConditionDescription Invalid condition id : LAN8742 Phy interface Condition cause : null
2025-05-13 12:10:38,132 [WARN] PackLoader:240 - Cannot read IP mode file for STMicroelectronics.X-CUBE-AZRTOS-L4.2.0.0
2025-05-13 12:10:38,133 [WARN] ConditionMgr:1044 - genDependencies : Invalid condition id : LAN8742 Phy interface Condition cause : null
2025-05-13 12:10:38,133 [WARN] ConditionMgr:1044 - genDependencies : Invalid condition id : LAN8742 Phy interface Condition cause : null
2025-05-13 12:10:38,134 [WARN] ConditionMgr:1044 - genDependencies : Invalid condition id : LAN8742 Phy interface Condition cause : null
2025-05-13 12:10:38,140 [WARN] PackLoader:240 - Cannot read IP mode file for STMicroelectronics.X-CUBE-SFXS2LP1.4.0.0
2025-05-13 12:10:38,177 [WARN] PackLoader:240 - Cannot read IP mode file for STMicroelectronics.X-CUBE-AZRTOS-H7.3.3.0
2025-05-13 12:10:38,189 [WARN] ConditionMgr:438 - getConditionDescription Invalid condition id : UX DEVICE CLASS RTOS Condition cause : null
2025-05-13 12:10:38,190 [WARN] ConditionMgr:438 - getConditionDescription Invalid condition id : UX DEVICE CLASS RTOS Condition cause : null
2025-05-13 12:10:38,192 [WARN] PackLoader:240 - Cannot read IP mode file for STMicroelectronics.X-CUBE-AZRTOS-WB.2.0.0
2025-05-13 12:10:38,211 [WARN] ConditionMgr:1044 - genDependencies : Invalid condition id : UX DEVICE CLASS RTOS Condition cause : null
2025-05-13 12:10:38,212 [WARN] ConditionMgr:1044 - genDependencies : Invalid condition id : UX DEVICE CLASS RTOS Condition cause : null
2025-05-13 12:10:38,212 [WARN] ConditionMgr:1044 - genDependencies : Invalid condition id : UX DEVICE CLASS RTOS Condition cause : null
2025-05-13 12:10:38,212 [WARN] ConditionMgr:1044 - genDependencies : Invalid condition id : UX DEVICE CLASS RTOS Condition cause : null
2025-05-13 12:10:38,212 [WARN] ConditionMgr:1044 - genDependencies : Invalid condition id : UX DEVICE CLASS RTOS Condition cause : null
2025-05-13 12:10:38,216 [WARN] PackLoader:240 - Cannot read IP mode file for STMicroelectronics.X-CUBE-GNSS1.7.0.1
2025-05-13 12:10:38,220 [WARN] PackLoader:240 - Cannot read IP mode file for STMicroelectronics.X-CUBE-TOUCHGFX.4.25.0
2025-05-13 12:10:38,223 [WARN] PackLoader:240 - Cannot read IP mode file for STMicroelectronics.FP-SNS-STBOX1.2.0.0
2025-05-13 12:10:38,232 [WARN] PackLoader:240 - Cannot read IP mode file for STMicroelectronics.X-CUBE-SUBG2.5.0.0
2025-05-13 12:10:38,251 [WARN] PackLoader:240 - Cannot read IP mode file for STMicroelectronics.X-CUBE-AZRTOS-H7RS.1.1.0
2025-05-13 12:10:38,276 [WARN] PackLoader:240 - Cannot read IP mode file for Cesanta.I-CUBE-Mongoose.7.13.0
2025-05-13 12:10:38,287 [WARN] PackLoader:240 - Cannot read IP mode file for STMicroelectronics.X-CUBE-AZRTOS-G4.2.0.0
2025-05-13 12:10:38,310 [WARN] PackLoader:240 - Cannot read IP mode file for wolfSSL.I-CUBE-wolfSSH.1.4.20
2025-05-13 12:10:38,313 [WARN] PackLoader:240 - Cannot read IP mode file for STMicroelectronics.X-CUBE-NFC7.2.0.0
2025-05-13 12:10:38,321 [WARN] PackLoader:240 - Cannot read IP mode file for STMicroelectronics.X-CUBE-IPS.3.1.0
2025-05-13 12:10:38,328 [WARN] PackLoader:240 - Cannot read IP mode file for STMicroelectronics.X-CUBE-ALS.1.0.2
2025-05-13 12:10:38,332 [WARN] PackLoader:240 - Cannot read IP mode file for portGmbH.I-Cube-SoM-uGOAL.1.1.0
2025-05-13 12:10:38,342 [WARN] PackLoader:240 - Cannot read IP mode file for STMicroelectronics.X-CUBE-TOF1.3.4.2
2025-05-13 12:10:38,377 [WARN] PackLoader:240 - Cannot read IP mode file for STMicroelectronics.X-CUBE-TOF1.3.4.3
2025-05-13 12:10:38,387 [INFO] ThirdParty:978 - Integrity check success = true
2025-05-13 12:10:38,387 [INFO] IntegrityCheckThread:100 - exiting critical section [integrity check]
2025-05-13 12:10:38,387 [INFO] IntegrityCheckThread:103 - End integrity checks thread
2025-05-13 12:12:23,434 [INFO] McuFinderGlobals:63 - Set McuFinder mode to 2 (CubeIDE integrated)
2025-05-13 12:12:23,437 [INFO] MainUpdater:2872 - connection check result : 10
2025-05-13 12:12:23,439 [INFO] McuFinderGlobals:76 - Set McuFinderConnectedMode to true
2025-05-13 12:12:23,721 [INFO] ServerAccessManage:473 - Download File mcusAds.json._tmp_
2025-05-13 12:12:23,829 [INFO] LoadUrlFilesThread:156 - End of LoadUrlFiles Thread
2025-05-13 12:12:24,016 [INFO] ServerAccessManage:473 - Download File cube-finder-db.zip
2025-05-13 12:12:26,807 [INFO] FileExtend:242 - Unzip File : cube-finder-db.zip
2025-05-13 12:12:26,808 [INFO] FileExtend:257 - Standard Zip Deflate
2025-05-13 12:12:27,387 [INFO] LoadUrlFilesThread:156 - End of LoadUrlFiles Thread
2025-05-13 12:12:28,045 [INFO] ServerAccessManage:473 - Download File crdb.zip
2025-05-13 12:12:28,738 [INFO] FileExtend:242 - Unzip File : crdb.zip
2025-05-13 12:12:28,739 [INFO] FileExtend:257 - Standard Zip Deflate
2025-05-13 12:12:28,872 [INFO] LoadUrlFilesThread:156 - End of LoadUrlFiles Thread
2025-05-13 12:12:28,990 [INFO] ServerAccessManage:473 - Download File tutoVideoDB.zip
2025-05-13 12:12:29,001 [INFO] FileExtend:242 - Unzip File : tutoVideoDB.zip
2025-05-13 12:12:29,001 [INFO] FileExtend:257 - Standard Zip Deflate
2025-05-13 12:12:29,110 [INFO] LoadUrlFilesThread:156 - End of LoadUrlFiles Thread
2025-05-13 12:12:29,111 [WARN] DbFile:41 - Overriding database path with different value: /Users/winstonhar/.stmcufinder/plugins/mcufinder/ => /Users/winstonhar/.stmcufinder/plugins/mcufinder
2025-05-13 12:12:29,228 [INFO] ServerAccessManage:473 - Download File api_config.json
2025-05-13 12:12:29,331 [INFO] LoadUrlFilesThread:156 - End of LoadUrlFiles Thread
2025-05-13 12:12:29,332 [INFO] DbMcusAds:53 - JSON generation date=Wed May 07 03:07:55 MDT 2025 (1746608875484)
2025-05-13 12:12:29,387 [INFO] ServerAccessManage:473 - Download File 
2025-05-13 12:12:29,395 [INFO] LoadUrlFilesThread:185 - End of LoadServerUrlFiles without Thread
2025-05-13 12:12:29,395 [INFO] TargetSelectorAdapter:259 - Refresh data is successful
2025-05-13 12:12:29,816 [INFO] ApiDb:581 - Connected to CubeFinder SQLite database (/Users/winstonhar/.stmcufinder/plugins/mcufinder/mcu/cube-finder-db.db)
2025-05-13 12:12:29,897 [INFO] ApiDb:668 - CubeFinder database Data Model version=2.1
2025-05-13 12:12:29,897 [INFO] ApiDb:669 - CubeFinder database Configuration version=3.0.39
2025-05-13 12:12:29,898 [INFO] ApiDb:670 - CubeFinder database generation date=2025-04-23 (1745419778)
2025-05-13 12:12:29,898 [INFO] ApiDb:671 - CubeFinder database FW Pack versions=[FP-ATR-ASTRA1_V2.0.0, FP-SNS-FLIGHT1_V5.1.0, FP-SNS-MOTENV1_V5.0.0, FP-SNS-MOTENVWB1_V1.4.0, FP-SNS-SMARTAG2_V1.2.0, FP-SNS-STBOX1_V2.0.0, STM32Cube_FW_C0_V1.4.0, STM32Cube_FW_F4_V1.28.1, STM32Cube_FW_F7_V1.17.2, STM32Cube_FW_G0_V1.6.2, STM32Cube_FW_G4_V1.6.1, STM32Cube_FW_H5_V1.5.0, STM32Cube_FW_H7RS_V1.2.0, STM32Cube_FW_H7_V1.12.1, STM32Cube_FW_L0_V1.12.2, STM32Cube_FW_L4_V1.18.1, STM32Cube_FW_L5_V1.5.1, STM32Cube_FW_N6_V1.1.1, STM32Cube_FW_U0_V1.2.0, STM32Cube_FW_U3_V1.1.0, STM32Cube_FW_U5_V1.7.0, STM32Cube_FW_WB0_V1.2.0, STM32Cube_FW_WBA_V1.6.0, STM32Cube_FW_WB_V1.22.0, STM32Cube_FW_WL3_V1.1.0, STM32Cube_FW_WL_V1.3.1, X-CUBE-ALGOBUILD_V1.4.0, X-CUBE-ALS_V1.0.2, X-CUBE-AZRTOS-F4_V1.1.0, X-CUBE-AZRTOS-F7_V1.1.0, X-CUBE-AZRTOS-G0_V1.1.0, X-CUBE-AZRTOS-G4_V2.0.0, X-CUBE-AZRTOS-H7RS_V1.1.0, X-CUBE-AZRTOS-H7_V3.3.0, X-CUBE-AZRTOS-L4_V2.0.0, X-CUBE-AZRTOS-L5_V2.0.0, X-CUBE-AZRTOS-WB_V2.0.0, X-CUBE-AZRTOS-WL_V2.0.0, X-CUBE-BLE1_V7.1.0, X-CUBE-BLE2_V3.3.0, X-CUBE-BLEMGR_V4.0.0, X-CUBE-EEPRMA1_V5.1.0, X-CUBE-FREERTOS_V1.3.0, X-CUBE-GNSS1_V6.0.0, X-CUBE-MEMS1_V11.2.0, X-CUBE-NFC4_V3.0.0, X-CUBE-NFC7_V1.0.1, X-CUBE-SFXS2LP1_V4.0.0, X-CUBE-SUBG2_V5.0.0, X-CUBE-TOF1_V3.4.3]
2025-05-13 12:12:31,762 [INFO] ApiDb:240 - Found 895 in-development CPN: [B-G473E-ZEST1S, B-WB1M-WPAN1, B-WBA5M-WPAN, B-WL5M-SUBG1, NUCLEO-C031C6, NUCLEO-C051C8, NUCLEO-C071RB, NUCLEO-C092RC, NUCLEO-H503RB, NUCLEO-H533RE, NUCLEO-H563ZI, NUCLEO-H7S3L8, NUCLEO-N657X0-Q, NUCLEO-U031R8, NUCLEO-U083RC, NUCLEO-U385RG-Q, NUCLEO-U545RE-Q, NUCLEO-U5A5ZJ-Q, NUCLEO-WB05KZ, NUCLEO-WB07CC, NUCLEO-WB09KE, NUCLEO-WBA52CG, NUCLEO-WBA55CG, NUCLEO-WBA65RI, NUCLEO-WL33CC1, NUCLEO-WL33CC2, STEVAL-PROTEUS1, STEVAL-SMARTAG2, STEVAL-STWINBX1, STM320518-EVAL, STM32C0116-DK, STM32C011D6Y3TR, STM32C011D6Y6TR, STM32C011F4P3, STM32C011F4P6, STM32C011F4U3, STM32C011F4U6TR, STM32C011F6P3, STM32C011F6P6, STM32C011F6U3, STM32C011F6U6TR, STM32C011J4M3, STM32C011J4M6, STM32C011J6M3, STM32C011J6M6, STM32C0316-DK, STM32C031C4T3, STM32C031C4T6, STM32C031C4U3, STM32C031C4U6, STM32C031C6T3, STM32C031C6T6, STM32C031C6U3, STM32C031C6U6, STM32C031F4P3, STM32C031F4P6, STM32C031F6P3, STM32C031F6P6, STM32C031G4U3, STM32C031G4U6, STM32C031G6U3, STM32C031G6U6, STM32C031K4T3, STM32C031K4T6, STM32C031K4U3, STM32C031K4U6, STM32C031K6T3, STM32C031K6T6, STM32C031K6U3, STM32C031K6U6, STM32C051C6T6, STM32C051C6U6, STM32C051C8T6, STM32C051C8U6, STM32C051D8Y6TR, STM32C051F6P6, STM32C051F8P6, STM32C051G6U6, STM32C051G8U6, STM32C051K6T6, STM32C051K6U6, STM32C051K8T6, STM32C071C8T6, STM32C071C8T6N, STM32C071C8U6, STM32C071C8U6N, STM32C071CBT6, STM32C071CBT6N, STM32C071CBU6, STM32C071CBU6N, STM32C071F8P6, STM32C071F8P6N, STM32C071FBP6, STM32C071FBP6N, STM32C071FBY6TR, STM32C071G8U6, STM32C071G8U6N, STM32C071GBU6, STM32C071GBU6N, STM32C071K8T6, STM32C071K8T6N, STM32C071K8U6, STM32C071K8U6N, STM32C071KBT6, STM32C071KBT6N, STM32C071KBU6, STM32C071KBU6N, STM32C071R8T6, STM32C071R8T6N, STM32C071RBI6N, STM32C071RBT6, STM32C071RBT6N, STM32C091CBT6, STM32C091CBU6, STM32C091CCT6, STM32C091CCU6, STM32C091ECY6TR, STM32C091FBP6, STM32C091FCP6, STM32C091GBU6, STM32C091GCU6, STM32C091KBT6, STM32C091KBU6, STM32C091KCT6, STM32C091KCU6, STM32C091RBT6, STM32C091RCI6, STM32C091RCT6, STM32C092CBT6, STM32C092CBU6, STM32C092CCT6, STM32C092CCU6, STM32C092ECY6TR, STM32C092FBP6, STM32C092FCP6, STM32C092GBU6, STM32C092GCU6, STM32C092KBT6, STM32C092KBU6, STM32C092KCT6, STM32C092KCU6, STM32C092RBT6, STM32C092RCI6, STM32C092RCT6, STM32G071K8TXN, STM32G071K8UXN, STM32G081GBU6N, STM32G081KBT6N, STM32G081KBUXN, STM32G0B1CCT6N, STM32G0B1KCT6, STM32G0B1NEY6TR, STM32G0B1RCT6N, STM32G0C1CCT6, STM32G0C1CCT6N, STM32G0C1CCU6N, STM32G0C1CET6N, STM32G0C1CEU6N, STM32G0C1KCT6, STM32G0C1NEY6TR, STM32G0C1RCI6N, STM32G0C1RCT6N, STM32G0C1REI6N, STM32G0C1RET6N, STM32G0C1VCI6, STM32G0C1VEI6, STM32G411C6T3, STM32G411C6T6, STM32G411C6U3, STM32G411C6U6, STM32G411C8T3, STM32G411C8T6, STM32G411C8U3, STM32G411C8U6, STM32G411CBT3, STM32G411CBT6, STM32G411CBU3, STM32G411CBU6, STM32G411CCT3, STM32G411CCT6, STM32G411CCU3, STM32G411CCU6, STM32G411K6T3, STM32G411K6T6, STM32G411K6U3, STM32G411K6U6, STM32G411K8T3, STM32G411K8T6, STM32G411K8U3, STM32G411K8U6, STM32G411KBT3, STM32G411KBT6, STM32G411KBU3, STM32G411KBU6, STM32G411M6T3, STM32G411M6T6, STM32G411M8T3, STM32G411M8T6, STM32G411MBT3, STM32G411MBT6, STM32G411MCT3, STM32G411MCT6, STM32G411R6T3, STM32G411R6T6, STM32G411R8T3, STM32G411R8T6, STM32G411RBT3, STM32G411RBT6, STM32G411RCT3, STM32G411RCT6, STM32G414CBT3, STM32G414CBT6, STM32G414CBU3, STM32G414CBU6, STM32G414CCT3, STM32G414CCT6, STM32G414CCU3, STM32G414CCU6, STM32G414MBT3, STM32G414MBT6, STM32G414MCT3, STM32G414MCT6, STM32G414RBT3, STM32G414RBT6, STM32G414RCT3, STM32G414RCT6, STM32G414VBT3, STM32G414VBT6, STM32G414VCT3, STM32G414VCT6, STM32G431CBT3Z, STM32G431RBT3Z, STM32G471CCT6, STM32G471CCU6, STM32G471CET3, STM32G471CET6, STM32G471CEU3, STM32G471CEU6, STM32G471MCT6, STM32G471MET3, STM32G471MET6, STM32G471MEY6TR, STM32G471QCT6, STM32G471QET3, STM32G471RCT6, STM32G471RET3, STM32G471RET6, STM32G471VCH6, STM32G471VCI6, STM32G471VCT6, STM32G471VEH3, STM32G471VEH6, STM32G471VEI3, STM32G471VEI6, STM32G471VET3, STM32G471VET6, STM32G473QET3Z, STM32G473RET3Z, STM32G474CCT6, STM32G491RET3Z, STM32H503CBT6, STM32H503CBU6, STM32H503EBY6TR, STM32H503KBU6, STM32H503RBT6, STM32H523CCT6, STM32H523CCU6, STM32H523CET6, STM32H523CEU6, STM32H523HEY6TR, STM32H523RCT6, STM32H523RET6, STM32H523VCI6, STM32H523VCT6, STM32H523VEI6, STM32H523VET6, STM32H523ZCJ6, STM32H523ZCT6, STM32H523ZEJ6, STM32H523ZET6, STM32H533CET6, STM32H533CEU6, STM32H533HEY6TR, STM32H533RET6, STM32H533VEI6, STM32H533VET6, STM32H533ZEJ6, STM32H533ZET6, STM32H562AGI6, STM32H562AII6, STM32H562IGK6, STM32H562IGT6, STM32H562IIK6, STM32H562IIT6, STM32H562RGT6, STM32H562RGV6, STM32H562RIT6, STM32H562RIV6, STM32H562VGT6, STM32H562VIT6, STM32H562ZGT6, STM32H562ZIT6, STM32H563AGI6, STM32H563AII3Q, STM32H563AII6, STM32H563IGK6, STM32H563IGT6, STM32H563IIK3Q, STM32H563IIK6, STM32H563IIT3Q, STM32H563IIT6, STM32H563MIY3QTR, STM32H563RGT6, STM32H563RGV6, STM32H563RIT6, STM32H563RIV6, STM32H563VGT6, STM32H563VIT3Q, STM32H563VIT6, STM32H563ZGT6, STM32H563ZIT3Q, STM32H563ZIT6, STM32H573AII3Q, STM32H573AII6, STM32H573I-DK, STM32H573IIK3Q, STM32H573IIK6, STM32H573IIT3Q, STM32H573IIT6, STM32H573MIY3QTR, STM32H573RIT6, STM32H573RIV6, STM32H573VIT3Q, STM32H573VIT6, STM32H573ZIT3Q, STM32H573ZIT6, STM32H7R3A8I6, STM32H7R3I8K6, STM32H7R3I8T6, STM32H7R3L8H6, STM32H7R3L8H6H, STM32H7R3R8V6, STM32H7R3V8H6, STM32H7R3V8T6, STM32H7R3V8Y6TR, STM32H7R3Z8J6, STM32H7R3Z8T6, STM32H7R7A8I6, STM32H7R7I8K6, STM32H7R7I8T6, STM32H7R7L8H6, STM32H7R7L8H6H, STM32H7R7Z8J6, STM32H7S3A8I6, STM32H7S3I8K6, STM32H7S3I8T6, STM32H7S3L8H6, STM32H7S3L8H6H, STM32H7S3R8V6, STM32H7S3V8H6, STM32H7S3V8T6, STM32H7S3V8Y6TR, STM32H7S3Z8J6, STM32H7S3Z8T6, STM32H7S78-DK, STM32H7S7A8I6, STM32H7S7I8K6, STM32H7S7I8T6, STM32H7S7L8H6, STM32H7S7L8H6H, STM32H7S7Z8J6, STM32L4R5QGI6STR, STM32MP131AAE3, STM32MP131AAF3, STM32MP131AAG3, STM32MP131CAE3, STM32MP131CAF3, STM32MP131CAG3, STM32MP131DAE7, STM32MP131DAF7, STM32MP131DAG7, STM32MP131FAE7, STM32MP131FAF7, STM32MP131FAG7, STM32MP133AAE3, STM32MP133AAF3, STM32MP133AAG3, STM32MP133CAE3, STM32MP133CAF3, STM32MP133CAG3, STM32MP133DAE7, STM32MP133DAF7, STM32MP133DAG7, STM32MP133FAE7, STM32MP133FAF7, STM32MP133FAG7, STM32MP135AAE3, STM32MP135AAF3, STM32MP135AAG3, STM32MP135CAE3, STM32MP135CAF3, STM32MP135CAG3, STM32MP135DAE7, STM32MP135DAF7, STM32MP135DAG7, STM32MP135F-DK, STM32MP135FAE7, STM32MP135FAF7, STM32MP135FAF7T, STM32MP135FAF7U, STM32MP135FAG7, STM32MP231AAJ3, STM32MP231AAK3, STM32MP231AAL3, STM32MP231CAJ3, STM32MP231CAK3, STM32MP231CAL3, STM32MP231DAJ3, STM32MP231DAK3, STM32MP231DAL3, STM32MP231FAJ3, STM32MP231FAK3, STM32MP231FAL3, STM32MP233AAJ3, STM32MP233AAK3, STM32MP233AAL3, STM32MP233CAJ3, STM32MP233CAK3, STM32MP233CAL3, STM32MP233DAJ3, STM32MP233DAK3, STM32MP233DAL3, STM32MP233FAJ3, STM32MP233FAK3, STM32MP233FAL3, STM32MP235AAJ3, STM32MP235AAK3, STM32MP235AAL3, STM32MP235CAJ3, STM32MP235CAK3, STM32MP235CAL3, STM32MP235DAJ3, STM32MP235DAK3, STM32MP235DAL3, STM32MP235FAJ3, STM32MP235FAK3, STM32MP235FAL3, STM32MP251AAI3, STM32MP251AAJ3, STM32MP251AAK3, STM32MP251AAL3, STM32MP251CAI3, STM32MP251CAJ3, STM32MP251CAK3, STM32MP251CAL3, STM32MP251DAI3, STM32MP251DAJ3, STM32MP251DAK3, STM32MP251DAL3, STM32MP251FAI3, STM32MP251FAJ3, STM32MP251FAK3, STM32MP251FAL3, STM32MP253AAI3, STM32MP253AAJ3, STM32MP253AAK3, STM32MP253AAL3, STM32MP253CAI3, STM32MP253CAJ3, STM32MP253CAK3, STM32MP253CAL3, STM32MP253DAI3, STM32MP253DAJ3, STM32MP253DAK3, STM32MP253DAL3, STM32MP253FAI3, STM32MP253FAJ3, STM32MP253FAK3, STM32MP253FAL3, STM32MP255AAI3, STM32MP255AAJ3, STM32MP255AAK3, STM32MP255AAL3, STM32MP255CAI3, STM32MP255CAJ3, STM32MP255CAK3, STM32MP255CAL3, STM32MP255DAI3, STM32MP255DAJ3, STM32MP255DAK3, STM32MP255DAL3, STM32MP255FAI3, STM32MP255FAJ3, STM32MP255FAK3, STM32MP255FAL3, STM32MP257AAI3, STM32MP257AAJ3, STM32MP257AAK3, STM32MP257AAL3, STM32MP257CAI3, STM32MP257CAJ3, STM32MP257CAK3, STM32MP257CAL3, STM32MP257DAI3, STM32MP257DAJ3, STM32MP257DAK3, STM32MP257DAL3, STM32MP257F-DK, STM32MP257F-EV1, STM32MP257FAI3, STM32MP257FAJ3, STM32MP257FAK3, STM32MP257FAL3, STM32N645A0H3Q, STM32N645B0H3Q, STM32N645I0H3Q, STM32N645L0H3Q, STM32N645X0H3Q, STM32N645Z0H3Q, STM32N647A0H3Q, STM32N647B0H3Q, STM32N647I0H3Q, STM32N647L0H3Q, STM32N647X0H3Q, STM32N647Z0H3Q, STM32N655A0H3Q, STM32N655B0H3Q, STM32N655I0H3Q, STM32N655L0H3Q, STM32N655X0H3Q, STM32N655Z0H3Q, STM32N6570-DK, STM32N657A0H3Q, STM32N657B0H3Q, STM32N657I0H3Q, STM32N657L0H3Q, STM32N657X0H3Q, STM32N657Z0H3Q, STM32U031C6T6, STM32U031C6U6, STM32U031C8T6, STM32U031C8U6, STM32U031F4P6, STM32U031F6P6, STM32U031F8P6, STM32U031G6Y6TR, STM32U031G8Y6TR, STM32U031K4U6, STM32U031K6U6, STM32U031K8U6, STM32U031R6I6, STM32U031R6T6, STM32U031R8I6, STM32U031R8T6, STM32U073C8T6, STM32U073C8U6, STM32U073CBT6, STM32U073CBU6, STM32U073CCT6, STM32U073CCU6, STM32U073H8Y6TR, STM32U073HBY6TR, STM32U073HCY6TR, STM32U073K8U6, STM32U073KBU6, STM32U073KCU6, STM32U073M8I6, STM32U073M8T6, STM32U073MBI6, STM32U073MBT6, STM32U073MCI6, STM32U073MCT6, STM32U073R8I6, STM32U073R8T6, STM32U073RBI6, STM32U073RBT6, STM32U073RCI6, STM32U073RCT6, STM32U083C-DK, STM32U083CCT6, STM32U083CCU6, STM32U083HCY6TR, STM32U083KCU6, STM32U083MCI6, STM32U083MCT6, STM32U083RCI6, STM32U083RCT6, STM32U375CET6, STM32U375CET6Q, STM32U375CEU6, STM32U375CEU6Q, STM32U375CEY6QTR, STM32U375CGT6, STM32U375CGT6Q, STM32U375CGU6, STM32U375CGU6Q, STM32U375CGY6QTR, STM32U375KEU6, STM32U375KGU6, STM32U375REI6, STM32U375REI6Q, STM32U375RET6, STM32U375RET6Q, STM32U375REY6GTR, STM32U375REY6QTR, STM32U375RGI6, STM32U375RGI6Q, STM32U375RGT6, STM32U375RGT6Q, STM32U375RGY6GTR, STM32U375RGY6QTR, STM32U375VEI6, STM32U375VEI6Q, STM32U375VET6, STM32U375VET6Q, STM32U375VGI6, STM32U375VGI6Q, STM32U375VGT6, STM32U375VGT6Q, STM32U385CGT6, STM32U385CGT6Q, STM32U385CGU6, STM32U385CGU6Q, STM32U385CGY6QTR, STM32U385KGU6, STM32U385RGI6, STM32U385RGI6Q, STM32U385RGT6, STM32U385RGT6Q, STM32U385RGY6GTR, STM32U385RGY6QTR, STM32U385VGI6, STM32U385VGI6Q, STM32U385VGT6, STM32U385VGT6Q, STM32U535CBT6, STM32U535CBT6Q, STM32U535CBU6, STM32U535CBU6Q, STM32U535CCT6, STM32U535CCT6Q, STM32U535CCU6, STM32U535CCU6Q, STM32U535CET6, STM32U535CET6Q, STM32U535CEU6, STM32U535CEU6Q, STM32U535JEY6QTR, STM32U535NCY6QTR, STM32U535NEY6QTR, STM32U535RBI6, STM32U535RBI6Q, STM32U535RBT6, STM32U535RBT6Q, STM32U535RCI6, STM32U535RCI6Q, STM32U535RCT6, STM32U535RCT6Q, STM32U535REI6, STM32U535REI6Q, STM32U535RET6, STM32U535RET6Q, STM32U535VCI6, STM32U535VCI6Q, STM32U535VCT6, STM32U535VCT6Q, STM32U535VEI6, STM32U535VEI6Q, STM32U535VET6, STM32U535VET6Q, STM32U545CET6, STM32U545CET6Q, STM32U545CEU6, STM32U545CEU6Q, STM32U545JEY6QTR, STM32U545NEY6QTR, STM32U545REI6, STM32U545REI6Q, STM32U545RET6, STM32U545RET6Q, STM32U545VEI6, STM32U545VEI6Q, STM32U545VET6, STM32U545VET6Q, STM32U595AIH6, STM32U595AIH6Q, STM32U595AJH6, STM32U595AJH6Q, STM32U595QII6, STM32U595QII6Q, STM32U595QJI6, STM32U595QJI6Q, STM32U595RIT6, STM32U595RIT6Q, STM32U595RJT6, STM32U595RJT6Q, STM32U595VIT6, STM32U595VIT6Q, STM32U595VJT6, STM32U595VJT6Q, STM32U595ZIT6, STM32U595ZIT6Q, STM32U595ZIY6QTR, STM32U595ZJT6, STM32U595ZJT6Q, STM32U595ZJY6QTR, STM32U599BJY6QTR, STM32U599NIH6Q, STM32U599NJH6Q, STM32U599VIT6Q, STM32U599VJT6, STM32U599VJT6Q, STM32U599ZIT6Q, STM32U599ZIY6QTR, STM32U599ZJT6Q, STM32U599ZJY6QTR, STM32U5A5AJH6, STM32U5A5AJH6Q, STM32U5A5QII3Q , STM32U5A5QJI6, STM32U5A5QJI6Q, STM32U5A5RJT6, STM32U5A5RJT6Q, STM32U5A5VJT6, STM32U5A5VJT6Q, STM32U5A5ZJT6, STM32U5A5ZJT6Q, STM32U5A5ZJY6QTR, STM32U5A9BJY6QTR, STM32U5A9J-DK, STM32U5A9NJH6Q, STM32U5A9VJT6Q, STM32U5A9ZJT6Q, STM32U5A9ZJY6QTR, STM32U5F7VIT6, STM32U5F7VIT6Q, STM32U5F7VJT6, STM32U5F7VJT6Q, STM32U5F9BJY6QTR, STM32U5F9NJH6Q, STM32U5F9VIT6Q, STM32U5F9VJT6Q, STM32U5F9ZIJ6QTR, STM32U5F9ZIT6Q, STM32U5F9ZJJ6QTR, STM32U5F9ZJT6Q, STM32U5G7VJT6, STM32U5G7VJT6Q, STM32U5G9BJY6QTR, STM32U5G9J-DK1, STM32U5G9J-DK2, STM32U5G9NJH6Q, STM32U5G9VJT6Q, STM32U5G9ZJJ6QTR, STM32U5G9ZJT6Q, STM32WB05KZV6TR, STM32WB05KZV7TR, STM32WB05TZF6TR, STM32WB05TZF7TR, STM32WB06CCF6TR, STM32WB06CCF7TR, STM32WB06CCV6TR, STM32WB06CCV7TR, STM32WB06KCV6TR, STM32WB06KCV7TR, STM32WB07CCF6TR, STM32WB07CCF7TR, STM32WB07CCV6TR, STM32WB07CCV7TR, STM32WB07KCV6TR, STM32WB07KCV7TR, STM32WB09KEV6TR, STM32WB09KEV7TR, STM32WB09TEF6TR, STM32WB09TEF7TR, STM32WB1MMCH6, STM32WBA50KGU6, STM32WBA50KGU6TR, STM32WBA52CEU6, STM32WBA52CEU6TR, STM32WBA52CEU7, STM32WBA52CEU7TR, STM32WBA52CGU6, STM32WBA52CGU6TR, STM32WBA52CGU6U, STM32WBA52CGU7, STM32WBA52CGU7TR, STM32WBA52KEU6, STM32WBA52KEU6TR, STM32WBA52KGU6, STM32WBA52KGU6TR, STM32WBA54CEU6, STM32WBA54CEU6TR, STM32WBA54CEU7, STM32WBA54CEU7TR, STM32WBA54CGU6, STM32WBA54CGU6TR, STM32WBA54CGU7, STM32WBA54CGU7TR, STM32WBA54KEU6, STM32WBA54KEU6TR, STM32WBA54KEU7, STM32WBA54KEU7TR, STM32WBA54KGU6, STM32WBA54KGU6TR, STM32WBA54KGU7, STM32WBA54KGU7TR, STM32WBA55CEU6, STM32WBA55CEU6TR, STM32WBA55CEU7, STM32WBA55CEU7TR, STM32WBA55CGU6, STM32WBA55CGU6TR, STM32WBA55CGU6U, STM32WBA55CGU7, STM32WBA55CGU7TR, STM32WBA55G-DK1, STM32WBA55HEF6, STM32WBA55HEF7, STM32WBA55HGF6, STM32WBA55HGF7, STM32WBA55UEI6, STM32WBA55UEI6TR, STM32WBA55UEI7, STM32WBA55UEI7TR, STM32WBA55UGI6, STM32WBA55UGI6TR, STM32WBA55UGI7, STM32WBA55UGI7TR, STM32WBA5MJGH6TR, STM32WBA62CGU6, STM32WBA62CIU6, STM32WBA62MGF6, STM32WBA62MIF6, STM32WBA62PGI6, STM32WBA62PII6, STM32WBA63CGU6, STM32WBA63CGU7, STM32WBA63CIU6, STM32WBA63CIU7, STM32WBA64CGU6, STM32WBA64CGU7, STM32WBA64CIU6, STM32WBA64CIU7, STM32WBA65CGU6, STM32WBA65CGU7, STM32WBA65CIU6, STM32WBA65CIU7, STM32WBA65I-DK1, STM32WBA65MGF6, STM32WBA65MGF7, STM32WBA65MIF6, STM32WBA65MIF7, STM32WBA65PGI6, STM32WBA65PGI7, STM32WBA65PII6, STM32WBA65PII7, STM32WBA65RGV6, STM32WBA65RGV7, STM32WBA65RIV6, STM32WBA65RIV7, STM32WL30K8V6, STM32WL30KBV6, STM32WL31C8V6, STM32WL31CBV6, STM32WL31K8V6, STM32WL31KBV6, STM32WL33C8V6, STM32WL33C8V6TR, STM32WL33C8V7, STM32WL33C8V7TR, STM32WL33CBV6, STM32WL33CBV6TR, STM32WL33CBV7, STM32WL33CBV7TR, STM32WL33CCV6, STM32WL33CCV6TR, STM32WL33CCV7, STM32WL33CCV7A, STM32WL33CCV7ATR, STM32WL33CCV7TR, STM32WL33K8V6, STM32WL33K8V6TR, STM32WL33K8V7, STM32WL33K8V7TR, STM32WL33KBV6, STM32WL33KBV6TR, STM32WL33KBV7, STM32WL33KBV7TR, STM32WL33KCV6, STM32WL33KCV6TR, STM32WL33KCV7, STM32WL33KCV7TR, STM32WL5MOCH6, STM32WL5MOCH6TR]
2025-05-13 12:12:31,767 [INFO] DbMcus:218 - Found 4686 MCUs, 4686 are supported
2025-05-13 12:12:31,768 [INFO] ApiDb:423 - Load user favorites file /Users/winstonhar/.stm32cubeide/favorites.mcus.txt: 1 item(s)
2025-05-13 12:12:31,768 [INFO] ApiDb:427 - User favorites MCUs=[STM32F103RCT6]
2025-05-13 12:12:31,768 [INFO] DbMcus:224 - Set 1 / 1 favorites MCUs
2025-05-13 12:12:32,130 [INFO] ApiDb:668 - CubeFinder database Data Model version=2.1
2025-05-13 12:12:32,130 [INFO] ApiDb:669 - CubeFinder database Configuration version=3.0.39
2025-05-13 12:12:32,130 [INFO] ApiDb:670 - CubeFinder database generation date=2025-04-23 (1745419778)
2025-05-13 12:12:32,131 [INFO] ApiDb:671 - CubeFinder database FW Pack versions=[FP-ATR-ASTRA1_V2.0.0, FP-SNS-FLIGHT1_V5.1.0, FP-SNS-MOTENV1_V5.0.0, FP-SNS-MOTENVWB1_V1.4.0, FP-SNS-SMARTAG2_V1.2.0, FP-SNS-STBOX1_V2.0.0, STM32Cube_FW_C0_V1.4.0, STM32Cube_FW_F4_V1.28.1, STM32Cube_FW_F7_V1.17.2, STM32Cube_FW_G0_V1.6.2, STM32Cube_FW_G4_V1.6.1, STM32Cube_FW_H5_V1.5.0, STM32Cube_FW_H7RS_V1.2.0, STM32Cube_FW_H7_V1.12.1, STM32Cube_FW_L0_V1.12.2, STM32Cube_FW_L4_V1.18.1, STM32Cube_FW_L5_V1.5.1, STM32Cube_FW_N6_V1.1.1, STM32Cube_FW_U0_V1.2.0, STM32Cube_FW_U3_V1.1.0, STM32Cube_FW_U5_V1.7.0, STM32Cube_FW_WB0_V1.2.0, STM32Cube_FW_WBA_V1.6.0, STM32Cube_FW_WB_V1.22.0, STM32Cube_FW_WL3_V1.1.0, STM32Cube_FW_WL_V1.3.1, X-CUBE-ALGOBUILD_V1.4.0, X-CUBE-ALS_V1.0.2, X-CUBE-AZRTOS-F4_V1.1.0, X-CUBE-AZRTOS-F7_V1.1.0, X-CUBE-AZRTOS-G0_V1.1.0, X-CUBE-AZRTOS-G4_V2.0.0, X-CUBE-AZRTOS-H7RS_V1.1.0, X-CUBE-AZRTOS-H7_V3.3.0, X-CUBE-AZRTOS-L4_V2.0.0, X-CUBE-AZRTOS-L5_V2.0.0, X-CUBE-AZRTOS-WB_V2.0.0, X-CUBE-AZRTOS-WL_V2.0.0, X-CUBE-BLE1_V7.1.0, X-CUBE-BLE2_V3.3.0, X-CUBE-BLEMGR_V4.0.0, X-CUBE-EEPRMA1_V5.1.0, X-CUBE-FREERTOS_V1.3.0, X-CUBE-GNSS1_V6.0.0, X-CUBE-MEMS1_V11.2.0, X-CUBE-NFC4_V3.0.0, X-CUBE-NFC7_V1.0.1, X-CUBE-SFXS2LP1_V4.0.0, X-CUBE-SUBG2_V5.0.0, X-CUBE-TOF1_V3.4.3]
2025-05-13 12:12:32,199 [INFO] DbBoardsSqlite:226 - include board P-NUCLEO-WB55-NUCLEO as a kit item of type 'Nucleo-64'
2025-05-13 12:12:32,200 [INFO] DbBoardsSqlite:226 - include board P-NUCLEO-WB55-USBDONGLE as a kit item of type 'Nucleo USB Dongle'
2025-05-13 12:12:32,200 [INFO] DbBoardsSqlite:226 - include board STEVAL-IDP005V1 as a kit item of type 'Evaluation Board'
2025-05-13 12:12:32,200 [INFO] DbBoardsSqlite:226 - include board STEVAL-IDP005V2 as a kit item of type 'Evaluation Board'
2025-05-13 12:12:32,318 [INFO] ApiDb:240 - Found 895 in-development CPN: [B-G473E-ZEST1S, B-WB1M-WPAN1, B-WBA5M-WPAN, B-WL5M-SUBG1, NUCLEO-C031C6, NUCLEO-C051C8, NUCLEO-C071RB, NUCLEO-C092RC, NUCLEO-H503RB, NUCLEO-H533RE, NUCLEO-H563ZI, NUCLEO-H7S3L8, NUCLEO-N657X0-Q, NUCLEO-U031R8, NUCLEO-U083RC, NUCLEO-U385RG-Q, NUCLEO-U545RE-Q, NUCLEO-U5A5ZJ-Q, NUCLEO-WB05KZ, NUCLEO-WB07CC, NUCLEO-WB09KE, NUCLEO-WBA52CG, NUCLEO-WBA55CG, NUCLEO-WBA65RI, NUCLEO-WL33CC1, NUCLEO-WL33CC2, STEVAL-PROTEUS1, STEVAL-SMARTAG2, STEVAL-STWINBX1, STM320518-EVAL, STM32C0116-DK, STM32C011D6Y3TR, STM32C011D6Y6TR, STM32C011F4P3, STM32C011F4P6, STM32C011F4U3, STM32C011F4U6TR, STM32C011F6P3, STM32C011F6P6, STM32C011F6U3, STM32C011F6U6TR, STM32C011J4M3, STM32C011J4M6, STM32C011J6M3, STM32C011J6M6, STM32C0316-DK, STM32C031C4T3, STM32C031C4T6, STM32C031C4U3, STM32C031C4U6, STM32C031C6T3, STM32C031C6T6, STM32C031C6U3, STM32C031C6U6, STM32C031F4P3, STM32C031F4P6, STM32C031F6P3, STM32C031F6P6, STM32C031G4U3, STM32C031G4U6, STM32C031G6U3, STM32C031G6U6, STM32C031K4T3, STM32C031K4T6, STM32C031K4U3, STM32C031K4U6, STM32C031K6T3, STM32C031K6T6, STM32C031K6U3, STM32C031K6U6, STM32C051C6T6, STM32C051C6U6, STM32C051C8T6, STM32C051C8U6, STM32C051D8Y6TR, STM32C051F6P6, STM32C051F8P6, STM32C051G6U6, STM32C051G8U6, STM32C051K6T6, STM32C051K6U6, STM32C051K8T6, STM32C071C8T6, STM32C071C8T6N, STM32C071C8U6, STM32C071C8U6N, STM32C071CBT6, STM32C071CBT6N, STM32C071CBU6, STM32C071CBU6N, STM32C071F8P6, STM32C071F8P6N, STM32C071FBP6, STM32C071FBP6N, STM32C071FBY6TR, STM32C071G8U6, STM32C071G8U6N, STM32C071GBU6, STM32C071GBU6N, STM32C071K8T6, STM32C071K8T6N, STM32C071K8U6, STM32C071K8U6N, STM32C071KBT6, STM32C071KBT6N, STM32C071KBU6, STM32C071KBU6N, STM32C071R8T6, STM32C071R8T6N, STM32C071RBI6N, STM32C071RBT6, STM32C071RBT6N, STM32C091CBT6, STM32C091CBU6, STM32C091CCT6, STM32C091CCU6, STM32C091ECY6TR, STM32C091FBP6, STM32C091FCP6, STM32C091GBU6, STM32C091GCU6, STM32C091KBT6, STM32C091KBU6, STM32C091KCT6, STM32C091KCU6, STM32C091RBT6, STM32C091RCI6, STM32C091RCT6, STM32C092CBT6, STM32C092CBU6, STM32C092CCT6, STM32C092CCU6, STM32C092ECY6TR, STM32C092FBP6, STM32C092FCP6, STM32C092GBU6, STM32C092GCU6, STM32C092KBT6, STM32C092KBU6, STM32C092KCT6, STM32C092KCU6, STM32C092RBT6, STM32C092RCI6, STM32C092RCT6, STM32G071K8TXN, STM32G071K8UXN, STM32G081GBU6N, STM32G081KBT6N, STM32G081KBUXN, STM32G0B1CCT6N, STM32G0B1KCT6, STM32G0B1NEY6TR, STM32G0B1RCT6N, STM32G0C1CCT6, STM32G0C1CCT6N, STM32G0C1CCU6N, STM32G0C1CET6N, STM32G0C1CEU6N, STM32G0C1KCT6, STM32G0C1NEY6TR, STM32G0C1RCI6N, STM32G0C1RCT6N, STM32G0C1REI6N, STM32G0C1RET6N, STM32G0C1VCI6, STM32G0C1VEI6, STM32G411C6T3, STM32G411C6T6, STM32G411C6U3, STM32G411C6U6, STM32G411C8T3, STM32G411C8T6, STM32G411C8U3, STM32G411C8U6, STM32G411CBT3, STM32G411CBT6, STM32G411CBU3, STM32G411CBU6, STM32G411CCT3, STM32G411CCT6, STM32G411CCU3, STM32G411CCU6, STM32G411K6T3, STM32G411K6T6, STM32G411K6U3, STM32G411K6U6, STM32G411K8T3, STM32G411K8T6, STM32G411K8U3, STM32G411K8U6, STM32G411KBT3, STM32G411KBT6, STM32G411KBU3, STM32G411KBU6, STM32G411M6T3, STM32G411M6T6, STM32G411M8T3, STM32G411M8T6, STM32G411MBT3, STM32G411MBT6, STM32G411MCT3, STM32G411MCT6, STM32G411R6T3, STM32G411R6T6, STM32G411R8T3, STM32G411R8T6, STM32G411RBT3, STM32G411RBT6, STM32G411RCT3, STM32G411RCT6, STM32G414CBT3, STM32G414CBT6, STM32G414CBU3, STM32G414CBU6, STM32G414CCT3, STM32G414CCT6, STM32G414CCU3, STM32G414CCU6, STM32G414MBT3, STM32G414MBT6, STM32G414MCT3, STM32G414MCT6, STM32G414RBT3, STM32G414RBT6, STM32G414RCT3, STM32G414RCT6, STM32G414VBT3, STM32G414VBT6, STM32G414VCT3, STM32G414VCT6, STM32G431CBT3Z, STM32G431RBT3Z, STM32G471CCT6, STM32G471CCU6, STM32G471CET3, STM32G471CET6, STM32G471CEU3, STM32G471CEU6, STM32G471MCT6, STM32G471MET3, STM32G471MET6, STM32G471MEY6TR, STM32G471QCT6, STM32G471QET3, STM32G471RCT6, STM32G471RET3, STM32G471RET6, STM32G471VCH6, STM32G471VCI6, STM32G471VCT6, STM32G471VEH3, STM32G471VEH6, STM32G471VEI3, STM32G471VEI6, STM32G471VET3, STM32G471VET6, STM32G473QET3Z, STM32G473RET3Z, STM32G474CCT6, STM32G491RET3Z, STM32H503CBT6, STM32H503CBU6, STM32H503EBY6TR, STM32H503KBU6, STM32H503RBT6, STM32H523CCT6, STM32H523CCU6, STM32H523CET6, STM32H523CEU6, STM32H523HEY6TR, STM32H523RCT6, STM32H523RET6, STM32H523VCI6, STM32H523VCT6, STM32H523VEI6, STM32H523VET6, STM32H523ZCJ6, STM32H523ZCT6, STM32H523ZEJ6, STM32H523ZET6, STM32H533CET6, STM32H533CEU6, STM32H533HEY6TR, STM32H533RET6, STM32H533VEI6, STM32H533VET6, STM32H533ZEJ6, STM32H533ZET6, STM32H562AGI6, STM32H562AII6, STM32H562IGK6, STM32H562IGT6, STM32H562IIK6, STM32H562IIT6, STM32H562RGT6, STM32H562RGV6, STM32H562RIT6, STM32H562RIV6, STM32H562VGT6, STM32H562VIT6, STM32H562ZGT6, STM32H562ZIT6, STM32H563AGI6, STM32H563AII3Q, STM32H563AII6, STM32H563IGK6, STM32H563IGT6, STM32H563IIK3Q, STM32H563IIK6, STM32H563IIT3Q, STM32H563IIT6, STM32H563MIY3QTR, STM32H563RGT6, STM32H563RGV6, STM32H563RIT6, STM32H563RIV6, STM32H563VGT6, STM32H563VIT3Q, STM32H563VIT6, STM32H563ZGT6, STM32H563ZIT3Q, STM32H563ZIT6, STM32H573AII3Q, STM32H573AII6, STM32H573I-DK, STM32H573IIK3Q, STM32H573IIK6, STM32H573IIT3Q, STM32H573IIT6, STM32H573MIY3QTR, STM32H573RIT6, STM32H573RIV6, STM32H573VIT3Q, STM32H573VIT6, STM32H573ZIT3Q, STM32H573ZIT6, STM32H7R3A8I6, STM32H7R3I8K6, STM32H7R3I8T6, STM32H7R3L8H6, STM32H7R3L8H6H, STM32H7R3R8V6, STM32H7R3V8H6, STM32H7R3V8T6, STM32H7R3V8Y6TR, STM32H7R3Z8J6, STM32H7R3Z8T6, STM32H7R7A8I6, STM32H7R7I8K6, STM32H7R7I8T6, STM32H7R7L8H6, STM32H7R7L8H6H, STM32H7R7Z8J6, STM32H7S3A8I6, STM32H7S3I8K6, STM32H7S3I8T6, STM32H7S3L8H6, STM32H7S3L8H6H, STM32H7S3R8V6, STM32H7S3V8H6, STM32H7S3V8T6, STM32H7S3V8Y6TR, STM32H7S3Z8J6, STM32H7S3Z8T6, STM32H7S78-DK, STM32H7S7A8I6, STM32H7S7I8K6, STM32H7S7I8T6, STM32H7S7L8H6, STM32H7S7L8H6H, STM32H7S7Z8J6, STM32L4R5QGI6STR, STM32MP131AAE3, STM32MP131AAF3, STM32MP131AAG3, STM32MP131CAE3, STM32MP131CAF3, STM32MP131CAG3, STM32MP131DAE7, STM32MP131DAF7, STM32MP131DAG7, STM32MP131FAE7, STM32MP131FAF7, STM32MP131FAG7, STM32MP133AAE3, STM32MP133AAF3, STM32MP133AAG3, STM32MP133CAE3, STM32MP133CAF3, STM32MP133CAG3, STM32MP133DAE7, STM32MP133DAF7, STM32MP133DAG7, STM32MP133FAE7, STM32MP133FAF7, STM32MP133FAG7, STM32MP135AAE3, STM32MP135AAF3, STM32MP135AAG3, STM32MP135CAE3, STM32MP135CAF3, STM32MP135CAG3, STM32MP135DAE7, STM32MP135DAF7, STM32MP135DAG7, STM32MP135F-DK, STM32MP135FAE7, STM32MP135FAF7, STM32MP135FAF7T, STM32MP135FAF7U, STM32MP135FAG7, STM32MP231AAJ3, STM32MP231AAK3, STM32MP231AAL3, STM32MP231CAJ3, STM32MP231CAK3, STM32MP231CAL3, STM32MP231DAJ3, STM32MP231DAK3, STM32MP231DAL3, STM32MP231FAJ3, STM32MP231FAK3, STM32MP231FAL3, STM32MP233AAJ3, STM32MP233AAK3, STM32MP233AAL3, STM32MP233CAJ3, STM32MP233CAK3, STM32MP233CAL3, STM32MP233DAJ3, STM32MP233DAK3, STM32MP233DAL3, STM32MP233FAJ3, STM32MP233FAK3, STM32MP233FAL3, STM32MP235AAJ3, STM32MP235AAK3, STM32MP235AAL3, STM32MP235CAJ3, STM32MP235CAK3, STM32MP235CAL3, STM32MP235DAJ3, STM32MP235DAK3, STM32MP235DAL3, STM32MP235FAJ3, STM32MP235FAK3, STM32MP235FAL3, STM32MP251AAI3, STM32MP251AAJ3, STM32MP251AAK3, STM32MP251AAL3, STM32MP251CAI3, STM32MP251CAJ3, STM32MP251CAK3, STM32MP251CAL3, STM32MP251DAI3, STM32MP251DAJ3, STM32MP251DAK3, STM32MP251DAL3, STM32MP251FAI3, STM32MP251FAJ3, STM32MP251FAK3, STM32MP251FAL3, STM32MP253AAI3, STM32MP253AAJ3, STM32MP253AAK3, STM32MP253AAL3, STM32MP253CAI3, STM32MP253CAJ3, STM32MP253CAK3, STM32MP253CAL3, STM32MP253DAI3, STM32MP253DAJ3, STM32MP253DAK3, STM32MP253DAL3, STM32MP253FAI3, STM32MP253FAJ3, STM32MP253FAK3, STM32MP253FAL3, STM32MP255AAI3, STM32MP255AAJ3, STM32MP255AAK3, STM32MP255AAL3, STM32MP255CAI3, STM32MP255CAJ3, STM32MP255CAK3, STM32MP255CAL3, STM32MP255DAI3, STM32MP255DAJ3, STM32MP255DAK3, STM32MP255DAL3, STM32MP255FAI3, STM32MP255FAJ3, STM32MP255FAK3, STM32MP255FAL3, STM32MP257AAI3, STM32MP257AAJ3, STM32MP257AAK3, STM32MP257AAL3, STM32MP257CAI3, STM32MP257CAJ3, STM32MP257CAK3, STM32MP257CAL3, STM32MP257DAI3, STM32MP257DAJ3, STM32MP257DAK3, STM32MP257DAL3, STM32MP257F-DK, STM32MP257F-EV1, STM32MP257FAI3, STM32MP257FAJ3, STM32MP257FAK3, STM32MP257FAL3, STM32N645A0H3Q, STM32N645B0H3Q, STM32N645I0H3Q, STM32N645L0H3Q, STM32N645X0H3Q, STM32N645Z0H3Q, STM32N647A0H3Q, STM32N647B0H3Q, STM32N647I0H3Q, STM32N647L0H3Q, STM32N647X0H3Q, STM32N647Z0H3Q, STM32N655A0H3Q, STM32N655B0H3Q, STM32N655I0H3Q, STM32N655L0H3Q, STM32N655X0H3Q, STM32N655Z0H3Q, STM32N6570-DK, STM32N657A0H3Q, STM32N657B0H3Q, STM32N657I0H3Q, STM32N657L0H3Q, STM32N657X0H3Q, STM32N657Z0H3Q, STM32U031C6T6, STM32U031C6U6, STM32U031C8T6, STM32U031C8U6, STM32U031F4P6, STM32U031F6P6, STM32U031F8P6, STM32U031G6Y6TR, STM32U031G8Y6TR, STM32U031K4U6, STM32U031K6U6, STM32U031K8U6, STM32U031R6I6, STM32U031R6T6, STM32U031R8I6, STM32U031R8T6, STM32U073C8T6, STM32U073C8U6, STM32U073CBT6, STM32U073CBU6, STM32U073CCT6, STM32U073CCU6, STM32U073H8Y6TR, STM32U073HBY6TR, STM32U073HCY6TR, STM32U073K8U6, STM32U073KBU6, STM32U073KCU6, STM32U073M8I6, STM32U073M8T6, STM32U073MBI6, STM32U073MBT6, STM32U073MCI6, STM32U073MCT6, STM32U073R8I6, STM32U073R8T6, STM32U073RBI6, STM32U073RBT6, STM32U073RCI6, STM32U073RCT6, STM32U083C-DK, STM32U083CCT6, STM32U083CCU6, STM32U083HCY6TR, STM32U083KCU6, STM32U083MCI6, STM32U083MCT6, STM32U083RCI6, STM32U083RCT6, STM32U375CET6, STM32U375CET6Q, STM32U375CEU6, STM32U375CEU6Q, STM32U375CEY6QTR, STM32U375CGT6, STM32U375CGT6Q, STM32U375CGU6, STM32U375CGU6Q, STM32U375CGY6QTR, STM32U375KEU6, STM32U375KGU6, STM32U375REI6, STM32U375REI6Q, STM32U375RET6, STM32U375RET6Q, STM32U375REY6GTR, STM32U375REY6QTR, STM32U375RGI6, STM32U375RGI6Q, STM32U375RGT6, STM32U375RGT6Q, STM32U375RGY6GTR, STM32U375RGY6QTR, STM32U375VEI6, STM32U375VEI6Q, STM32U375VET6, STM32U375VET6Q, STM32U375VGI6, STM32U375VGI6Q, STM32U375VGT6, STM32U375VGT6Q, STM32U385CGT6, STM32U385CGT6Q, STM32U385CGU6, STM32U385CGU6Q, STM32U385CGY6QTR, STM32U385KGU6, STM32U385RGI6, STM32U385RGI6Q, STM32U385RGT6, STM32U385RGT6Q, STM32U385RGY6GTR, STM32U385RGY6QTR, STM32U385VGI6, STM32U385VGI6Q, STM32U385VGT6, STM32U385VGT6Q, STM32U535CBT6, STM32U535CBT6Q, STM32U535CBU6, STM32U535CBU6Q, STM32U535CCT6, STM32U535CCT6Q, STM32U535CCU6, STM32U535CCU6Q, STM32U535CET6, STM32U535CET6Q, STM32U535CEU6, STM32U535CEU6Q, STM32U535JEY6QTR, STM32U535NCY6QTR, STM32U535NEY6QTR, STM32U535RBI6, STM32U535RBI6Q, STM32U535RBT6, STM32U535RBT6Q, STM32U535RCI6, STM32U535RCI6Q, STM32U535RCT6, STM32U535RCT6Q, STM32U535REI6, STM32U535REI6Q, STM32U535RET6, STM32U535RET6Q, STM32U535VCI6, STM32U535VCI6Q, STM32U535VCT6, STM32U535VCT6Q, STM32U535VEI6, STM32U535VEI6Q, STM32U535VET6, STM32U535VET6Q, STM32U545CET6, STM32U545CET6Q, STM32U545CEU6, STM32U545CEU6Q, STM32U545JEY6QTR, STM32U545NEY6QTR, STM32U545REI6, STM32U545REI6Q, STM32U545RET6, STM32U545RET6Q, STM32U545VEI6, STM32U545VEI6Q, STM32U545VET6, STM32U545VET6Q, STM32U595AIH6, STM32U595AIH6Q, STM32U595AJH6, STM32U595AJH6Q, STM32U595QII6, STM32U595QII6Q, STM32U595QJI6, STM32U595QJI6Q, STM32U595RIT6, STM32U595RIT6Q, STM32U595RJT6, STM32U595RJT6Q, STM32U595VIT6, STM32U595VIT6Q, STM32U595VJT6, STM32U595VJT6Q, STM32U595ZIT6, STM32U595ZIT6Q, STM32U595ZIY6QTR, STM32U595ZJT6, STM32U595ZJT6Q, STM32U595ZJY6QTR, STM32U599BJY6QTR, STM32U599NIH6Q, STM32U599NJH6Q, STM32U599VIT6Q, STM32U599VJT6, STM32U599VJT6Q, STM32U599ZIT6Q, STM32U599ZIY6QTR, STM32U599ZJT6Q, STM32U599ZJY6QTR, STM32U5A5AJH6, STM32U5A5AJH6Q, STM32U5A5QII3Q , STM32U5A5QJI6, STM32U5A5QJI6Q, STM32U5A5RJT6, STM32U5A5RJT6Q, STM32U5A5VJT6, STM32U5A5VJT6Q, STM32U5A5ZJT6, STM32U5A5ZJT6Q, STM32U5A5ZJY6QTR, STM32U5A9BJY6QTR, STM32U5A9J-DK, STM32U5A9NJH6Q, STM32U5A9VJT6Q, STM32U5A9ZJT6Q, STM32U5A9ZJY6QTR, STM32U5F7VIT6, STM32U5F7VIT6Q, STM32U5F7VJT6, STM32U5F7VJT6Q, STM32U5F9BJY6QTR, STM32U5F9NJH6Q, STM32U5F9VIT6Q, STM32U5F9VJT6Q, STM32U5F9ZIJ6QTR, STM32U5F9ZIT6Q, STM32U5F9ZJJ6QTR, STM32U5F9ZJT6Q, STM32U5G7VJT6, STM32U5G7VJT6Q, STM32U5G9BJY6QTR, STM32U5G9J-DK1, STM32U5G9J-DK2, STM32U5G9NJH6Q, STM32U5G9VJT6Q, STM32U5G9ZJJ6QTR, STM32U5G9ZJT6Q, STM32WB05KZV6TR, STM32WB05KZV7TR, STM32WB05TZF6TR, STM32WB05TZF7TR, STM32WB06CCF6TR, STM32WB06CCF7TR, STM32WB06CCV6TR, STM32WB06CCV7TR, STM32WB06KCV6TR, STM32WB06KCV7TR, STM32WB07CCF6TR, STM32WB07CCF7TR, STM32WB07CCV6TR, STM32WB07CCV7TR, STM32WB07KCV6TR, STM32WB07KCV7TR, STM32WB09KEV6TR, STM32WB09KEV7TR, STM32WB09TEF6TR, STM32WB09TEF7TR, STM32WB1MMCH6, STM32WBA50KGU6, STM32WBA50KGU6TR, STM32WBA52CEU6, STM32WBA52CEU6TR, STM32WBA52CEU7, STM32WBA52CEU7TR, STM32WBA52CGU6, STM32WBA52CGU6TR, STM32WBA52CGU6U, STM32WBA52CGU7, STM32WBA52CGU7TR, STM32WBA52KEU6, STM32WBA52KEU6TR, STM32WBA52KGU6, STM32WBA52KGU6TR, STM32WBA54CEU6, STM32WBA54CEU6TR, STM32WBA54CEU7, STM32WBA54CEU7TR, STM32WBA54CGU6, STM32WBA54CGU6TR, STM32WBA54CGU7, STM32WBA54CGU7TR, STM32WBA54KEU6, STM32WBA54KEU6TR, STM32WBA54KEU7, STM32WBA54KEU7TR, STM32WBA54KGU6, STM32WBA54KGU6TR, STM32WBA54KGU7, STM32WBA54KGU7TR, STM32WBA55CEU6, STM32WBA55CEU6TR, STM32WBA55CEU7, STM32WBA55CEU7TR, STM32WBA55CGU6, STM32WBA55CGU6TR, STM32WBA55CGU6U, STM32WBA55CGU7, STM32WBA55CGU7TR, STM32WBA55G-DK1, STM32WBA55HEF6, STM32WBA55HEF7, STM32WBA55HGF6, STM32WBA55HGF7, STM32WBA55UEI6, STM32WBA55UEI6TR, STM32WBA55UEI7, STM32WBA55UEI7TR, STM32WBA55UGI6, STM32WBA55UGI6TR, STM32WBA55UGI7, STM32WBA55UGI7TR, STM32WBA5MJGH6TR, STM32WBA62CGU6, STM32WBA62CIU6, STM32WBA62MGF6, STM32WBA62MIF6, STM32WBA62PGI6, STM32WBA62PII6, STM32WBA63CGU6, STM32WBA63CGU7, STM32WBA63CIU6, STM32WBA63CIU7, STM32WBA64CGU6, STM32WBA64CGU7, STM32WBA64CIU6, STM32WBA64CIU7, STM32WBA65CGU6, STM32WBA65CGU7, STM32WBA65CIU6, STM32WBA65CIU7, STM32WBA65I-DK1, STM32WBA65MGF6, STM32WBA65MGF7, STM32WBA65MIF6, STM32WBA65MIF7, STM32WBA65PGI6, STM32WBA65PGI7, STM32WBA65PII6, STM32WBA65PII7, STM32WBA65RGV6, STM32WBA65RGV7, STM32WBA65RIV6, STM32WBA65RIV7, STM32WL30K8V6, STM32WL30KBV6, STM32WL31C8V6, STM32WL31CBV6, STM32WL31K8V6, STM32WL31KBV6, STM32WL33C8V6, STM32WL33C8V6TR, STM32WL33C8V7, STM32WL33C8V7TR, STM32WL33CBV6, STM32WL33CBV6TR, STM32WL33CBV7, STM32WL33CBV7TR, STM32WL33CCV6, STM32WL33CCV6TR, STM32WL33CCV7, STM32WL33CCV7A, STM32WL33CCV7ATR, STM32WL33CCV7TR, STM32WL33K8V6, STM32WL33K8V6TR, STM32WL33K8V7, STM32WL33K8V7TR, STM32WL33KBV6, STM32WL33KBV6TR, STM32WL33KBV7, STM32WL33KBV7TR, STM32WL33KCV6, STM32WL33KCV6TR, STM32WL33KCV7, STM32WL33KCV7TR, STM32WL5MOCH6, STM32WL5MOCH6TR]
2025-05-13 12:12:32,483 [INFO] BoardInfo:889 - No configuration file found for board P-NUCLEO-WB55
2025-05-13 12:12:32,484 [INFO] DbBoards:161 - Kit is not supported: P-NUCLEO-WB55
2025-05-13 12:12:32,490 [INFO] BoardInfo:889 - No configuration file found for board STEVAL-BFA001V1B
2025-05-13 12:12:32,490 [INFO] DbBoards:161 - Kit is not supported: STEVAL-BFA001V1B
2025-05-13 12:12:32,492 [INFO] BoardInfo:889 - No configuration file found for board STEVAL-BFA001V2B
2025-05-13 12:12:32,492 [INFO] DbBoards:161 - Kit is not supported: STEVAL-BFA001V2B
2025-05-13 12:12:32,652 [INFO] DbBoards:168 - Found 211 boards, 208 are supported
2025-05-13 12:12:32,652 [INFO] DbBoards:169 - Found 211 boards, 43 of them is supported for  Bsp
2025-05-13 12:12:32,654 [INFO] ApiDb:423 - Load user favorites file /Users/winstonhar/.stm32cubeide/favorites.boards.txt: 0 item(s)
2025-05-13 12:12:32,654 [INFO] ApiDb:427 - User favorites Boards=[]
2025-05-13 12:12:32,654 [INFO] DbBoards:198 - Set 0 / 0 favorites Boards
2025-05-13 12:12:32,656 [INFO] ApiDb:668 - CubeFinder database Data Model version=2.1
2025-05-13 12:12:32,657 [INFO] ApiDb:669 - CubeFinder database Configuration version=3.0.39
2025-05-13 12:12:32,657 [INFO] ApiDb:670 - CubeFinder database generation date=2025-04-23 (1745419778)
2025-05-13 12:12:32,657 [INFO] ApiDb:671 - CubeFinder database FW Pack versions=[FP-ATR-ASTRA1_V2.0.0, FP-SNS-FLIGHT1_V5.1.0, FP-SNS-MOTENV1_V5.0.0, FP-SNS-MOTENVWB1_V1.4.0, FP-SNS-SMARTAG2_V1.2.0, FP-SNS-STBOX1_V2.0.0, STM32Cube_FW_C0_V1.4.0, STM32Cube_FW_F4_V1.28.1, STM32Cube_FW_F7_V1.17.2, STM32Cube_FW_G0_V1.6.2, STM32Cube_FW_G4_V1.6.1, STM32Cube_FW_H5_V1.5.0, STM32Cube_FW_H7RS_V1.2.0, STM32Cube_FW_H7_V1.12.1, STM32Cube_FW_L0_V1.12.2, STM32Cube_FW_L4_V1.18.1, STM32Cube_FW_L5_V1.5.1, STM32Cube_FW_N6_V1.1.1, STM32Cube_FW_U0_V1.2.0, STM32Cube_FW_U3_V1.1.0, STM32Cube_FW_U5_V1.7.0, STM32Cube_FW_WB0_V1.2.0, STM32Cube_FW_WBA_V1.6.0, STM32Cube_FW_WB_V1.22.0, STM32Cube_FW_WL3_V1.1.0, STM32Cube_FW_WL_V1.3.1, X-CUBE-ALGOBUILD_V1.4.0, X-CUBE-ALS_V1.0.2, X-CUBE-AZRTOS-F4_V1.1.0, X-CUBE-AZRTOS-F7_V1.1.0, X-CUBE-AZRTOS-G0_V1.1.0, X-CUBE-AZRTOS-G4_V2.0.0, X-CUBE-AZRTOS-H7RS_V1.1.0, X-CUBE-AZRTOS-H7_V3.3.0, X-CUBE-AZRTOS-L4_V2.0.0, X-CUBE-AZRTOS-L5_V2.0.0, X-CUBE-AZRTOS-WB_V2.0.0, X-CUBE-AZRTOS-WL_V2.0.0, X-CUBE-BLE1_V7.1.0, X-CUBE-BLE2_V3.3.0, X-CUBE-BLEMGR_V4.0.0, X-CUBE-EEPRMA1_V5.1.0, X-CUBE-FREERTOS_V1.3.0, X-CUBE-GNSS1_V6.0.0, X-CUBE-MEMS1_V11.2.0, X-CUBE-NFC4_V3.0.0, X-CUBE-NFC7_V1.0.1, X-CUBE-SFXS2LP1_V4.0.0, X-CUBE-SUBG2_V5.0.0, X-CUBE-TOF1_V3.4.3]
2025-05-13 12:12:33,511 [ERROR] DbExamplesSqlite:437 - Missing JSON key: board_cpn
2025-05-13 12:12:33,511 [ERROR] DbExamplesSqlite:437 - Missing JSON key: board_cpn
2025-05-13 12:12:33,511 [ERROR] DbExamplesSqlite:437 - Missing JSON key: board_cpn
2025-05-13 12:12:33,512 [ERROR] DbExamplesSqlite:437 - Missing JSON key: board_cpn
2025-05-13 12:12:33,683 [ERROR] DbExamplesSqlite:437 - Missing JSON key: board_cpn
2025-05-13 12:12:33,683 [ERROR] DbExamplesSqlite:437 - Missing JSON key: board_cpn
2025-05-13 12:12:33,683 [ERROR] DbExamplesSqlite:437 - Missing JSON key: board_cpn
2025-05-13 12:12:33,684 [ERROR] DbExamplesSqlite:437 - Missing JSON key: board_cpn
2025-05-13 12:12:33,684 [ERROR] DbExamplesSqlite:437 - Missing JSON key: board_cpn
2025-05-13 12:12:33,684 [ERROR] DbExamplesSqlite:437 - Missing JSON key: board_cpn
2025-05-13 12:12:33,684 [ERROR] DbExamplesSqlite:437 - Missing JSON key: board_cpn
2025-05-13 12:12:33,684 [ERROR] DbExamplesSqlite:437 - Missing JSON key: board_cpn
2025-05-13 12:12:33,684 [ERROR] DbExamplesSqlite:437 - Missing JSON key: board_cpn
2025-05-13 12:12:33,918 [ERROR] DbExamplesSqlite:437 - Missing JSON key: board_cpn
2025-05-13 12:12:33,933 [INFO] DbExamplesSqlite:395 - Ignored 46 examples not supported by CubeIDE
2025-05-13 12:12:33,933 [INFO] DbExamplesSqlite:396 - Found 10821 examples active
2025-05-13 12:12:33,934 [INFO] DbExamplesSqlite:397 - Found 0 examples obsolete
2025-05-13 12:12:33,934 [INFO] DbExamplesSqlite:398 - Found 0 examples under development
2025-05-13 12:12:33,934 [INFO] DbExamplesSqlite:399 - Found 79 examples not building
2025-05-13 12:12:33,937 [INFO] DbExamples:125 - Found 10854 examples
2025-05-13 12:12:33,957 [ERROR] DbExamples:208 - Found 3 examples with invalid data (board or MCU)
2025-05-13 12:12:33,958 [INFO] DbExamples:222 - Found 134 boards with related examples
2025-05-13 12:12:33,958 [INFO] DbExamples:235 - Found 110 MCUs with related examples
2025-05-13 12:12:33,983 [INFO] ApiDb:414 - User favorites file not found: /Users/winstonhar/.stm32cubeide/favorites.examples.txt
2025-05-13 12:12:33,983 [INFO] DbExamples:250 - Set 0 / 0 favorites Examples
2025-05-13 12:12:34,209 [INFO] McuFinderGlobals:76 - Set McuFinderConnectedMode to true
2025-05-13 12:12:34,217 [INFO] MultiScanPanel:200 - Auto-refresh data requested => check proxy status ongoing
2025-05-13 12:12:34,220 [INFO] FinderPluginLoader:95 - Searching for filters in installed packs
2025-05-13 12:12:35,985 [INFO] LoadUrlFilesThread:185 - End of LoadServerUrlFiles without Thread
2025-05-13 12:12:36,029 [INFO] DetailPanel:341 - Set advertising image to /Users/winstonhar/STM32Cube/Repository//en.summit-h1-25-promotion.jpg
2025-05-13 12:14:24,858 [INFO] MainUpdater:2872 - connection check result : 10
2025-05-13 12:14:25,068 [INFO] McuFinderGlobals:76 - Set McuFinderConnectedMode to true
2025-05-13 12:14:25,070 [INFO] MultiScanPanel:200 - Auto-refresh data requested => check proxy status ongoing
2025-05-13 12:14:25,071 [INFO] FinderPluginLoader:95 - Searching for filters in installed packs
2025-05-13 12:14:26,110 [INFO] LoadUrlFilesThread:185 - End of LoadServerUrlFiles without Thread
2025-05-13 12:14:26,111 [INFO] DetailPanel:341 - Set advertising image to /Users/winstonhar/STM32Cube/Repository//en.summit-h1-25-promotion.jpg
2025-05-13 12:14:56,887 [INFO] MainUpdater:2872 - connection check result : 10
2025-05-13 12:14:56,887 [INFO] MainUpdater:2872 - connection check result : 10
2025-05-13 12:14:57,032 [INFO] MicroXplorer:468 - Change Database Path : 
2025-05-13 12:14:57,032 [INFO] MicroXplorer:498 - Change Database Version : DB.6.0.141
2025-05-13 12:14:57,041 [WARN] ThirdParty:871 - waiting for thirdparty lock release [close project]
2025-05-13 12:14:57,041 [INFO] ThirdParty:873 - entering critical section [close project]
2025-05-13 12:14:57,042 [INFO] ThirdParty:883 - exiting critical section [close project]
2025-05-13 12:14:57,044 [INFO] PinOutPanel:1589 - setPackage(No Configuration,No Configuration)
2025-05-13 12:14:57,048 [INFO] UtilMem:75 - Begin LoadConfig() Used Memory: 726141696 Bytes (1073741824)
2025-05-13 12:14:57,049 [INFO] MicroXplorer:468 - Change Database Path : 
2025-05-13 12:14:57,049 [INFO] MicroXplorer:498 - Change Database Version : DB.6.0.141
2025-05-13 12:14:57,049 [INFO] OpenFileManager:354 - Change cursor
2025-05-13 12:14:57,090 [INFO] Mcu:2011 - Initializing MCU STM32F103R(C-D-E)Tx STM32F103RCTx STM32F103RCT6
2025-05-13 12:14:58,027 [INFO] Context:756 - Trying to add GPIOservice into a context  which must be forbidden
2025-05-13 12:14:58,321 [INFO] ImportTextPane:218 - (OptionalMessage_ERROR) Pin17 (VP_RIF_VS_RIF1) cannot be retrieved for this MCU
2025-05-13 12:14:58,617 [INFO] RtosManager:558 - Registered RTOS mode: class=CMSIS, group=RTOS, mode=CMSIS_V1, owner=FREERTOS
2025-05-13 12:14:58,617 [INFO] RtosManager:558 - Registered RTOS mode: class=CMSIS, group=RTOS2, mode=CMSIS_V2, owner=FREERTOS
2025-05-13 12:14:58,617 [INFO] RtosManager:558 - Registered RTOS mode: class=RTOS, group=Core, mode=CMSIS_V1, owner=FREERTOS
2025-05-13 12:14:58,617 [INFO] RtosManager:558 - Registered RTOS mode: class=RTOS, group=Core, mode=CMSIS_V2, owner=FREERTOS
2025-05-13 12:14:58,618 [WARN] ModelIntegratedComponent:184 - Missing modes for component STMicroelectronics:FreeRTOS:0.0.1:STMicroelectronics:RTOS:FreeRTOS:Core:::10.2.0:
2025-05-13 12:14:58,642 [WARN] ModelIntegratedComponent:63 - No mode defined for component null
2025-05-13 12:14:58,642 [WARN] ModelIntegratedComponent:63 - No mode defined for component null
2025-05-13 12:14:58,642 [WARN] ModelIntegratedComponent:63 - No mode defined for component null
2025-05-13 12:14:58,642 [WARN] ModelIntegratedComponent:63 - No mode defined for component null
2025-05-13 12:14:58,642 [WARN] ModelIntegratedComponent:63 - No mode defined for component null
2025-05-13 12:14:58,643 [WARN] ModelIntegratedComponent:63 - No mode defined for component null
2025-05-13 12:14:58,643 [WARN] ModelIntegratedComponent:63 - No mode defined for component null
2025-05-13 12:14:58,643 [WARN] ModelIntegratedComponent:63 - No mode defined for component null
2025-05-13 12:14:58,643 [WARN] ModelIntegratedComponent:63 - No mode defined for component null
2025-05-13 12:14:58,643 [WARN] ModelIntegratedComponent:63 - No mode defined for component null
2025-05-13 12:14:58,643 [WARN] ModelIntegratedComponent:63 - No mode defined for component null
2025-05-13 12:14:58,643 [WARN] ModelIntegratedComponent:63 - No mode defined for component null
2025-05-13 12:14:58,643 [WARN] ModelIntegratedComponent:63 - No mode defined for component null
2025-05-13 12:14:58,643 [WARN] ModelIntegratedComponent:63 - No mode defined for component null
2025-05-13 12:14:58,643 [WARN] ModelIntegratedComponent:63 - No mode defined for component null
2025-05-13 12:14:58,643 [WARN] ModelIntegratedComponent:63 - No mode defined for component null
2025-05-13 12:14:58,643 [WARN] ModelIntegratedComponent:63 - No mode defined for component null
2025-05-13 12:14:58,643 [WARN] ModelIntegratedComponent:63 - No mode defined for component null
2025-05-13 12:14:58,643 [WARN] ModelIntegratedComponent:63 - No mode defined for component null
2025-05-13 12:14:58,644 [WARN] ModelIntegratedComponent:63 - No mode defined for component null
2025-05-13 12:14:58,644 [WARN] ModelIntegratedComponent:63 - No mode defined for component null
2025-05-13 12:14:58,644 [WARN] ModelIntegratedComponent:63 - No mode defined for component null
2025-05-13 12:14:58,644 [WARN] ModelIntegratedComponent:63 - No mode defined for component null
2025-05-13 12:14:58,644 [WARN] ModelIntegratedComponent:63 - No mode defined for component null
2025-05-13 12:14:58,644 [WARN] ModelIntegratedComponent:63 - No mode defined for component null
2025-05-13 12:14:58,644 [WARN] ModelIntegratedComponent:63 - No mode defined for component null
2025-05-13 12:14:58,644 [WARN] ModelIntegratedComponent:63 - No mode defined for component null
2025-05-13 12:14:58,644 [WARN] ModelIntegratedComponent:63 - No mode defined for component null
2025-05-13 12:14:58,644 [WARN] ModelIntegratedComponent:63 - No mode defined for component null
2025-05-13 12:14:58,644 [WARN] ModelIntegratedComponent:63 - No mode defined for component null
2025-05-13 12:14:58,644 [WARN] ModelIntegratedComponent:63 - No mode defined for component null
2025-05-13 12:14:58,644 [WARN] ModelIntegratedComponent:63 - No mode defined for component null
2025-05-13 12:14:58,645 [WARN] ModelIntegratedComponent:63 - No mode defined for component null
2025-05-13 12:14:58,645 [WARN] ModelIntegratedComponent:63 - No mode defined for component null
2025-05-13 12:14:58,645 [WARN] ModelIntegratedComponent:63 - No mode defined for component null
2025-05-13 12:14:58,646 [WARN] ModelPack:524 - Component already loaded: STMicroelectronics:HAL Drivers:0.0.0:STMicroelectronics:Device:STMicro_Driver:XSPI:HAL::0.0.1:HAL_XSPI
2025-05-13 12:14:58,831 [INFO] ThirdPartyModel:298 - Start build external matchings
2025-05-13 12:14:59,772 [INFO] ThirdPartyModel:316 - End build external matchings
2025-05-13 12:14:59,792 [INFO] ImportTextPane:218 - (OptionalMessage_ERROR) IP (RCC) : Parameter (APB1Freq_Value) has invalid value (8000000)
2025-05-13 12:14:59,793 [INFO] ImportTextPane:218 - (OptionalMessage_ERROR) IP (RCC) : Invalid parameter (FamilyName)
2025-05-13 12:14:59,793 [INFO] ImportTextPane:218 - (OptionalMessage_ERROR) IP (RCC) : Parameter (PLLSourceVirtual) has invalid value (RCC_PLLSOURCE_HSI_DIV2)
2025-05-13 12:14:59,953 [INFO] UtilMem:75 - End LoadConfig() Used Memory: 896351504 Bytes (1073741824)
2025-05-13 12:15:00,150 [WARN] ThirdParty:833 - waiting for thirdparty lock release [change project]
2025-05-13 12:15:00,150 [INFO] ThirdParty:835 - entering critical section [change project]
2025-05-13 12:15:00,150 [INFO] ThirdParty:1030 - CMSIS Pack Vendor :STMicroelectronics USBPD 4.1
2025-05-13 12:15:00,150 [INFO] ThirdParty:1030 - CMSIS Pack Vendor :STMicroelectronics X-CUBE-AZRTOS-H7 3.3.0
2025-05-13 12:15:00,150 [INFO] ThirdParty:1030 - CMSIS Pack Vendor :STMicroelectronics X-CUBE-NFC9 1.0.0
2025-05-13 12:15:00,150 [INFO] ThirdParty:1030 - CMSIS Pack Vendor :STMicroelectronics USB_HOST 2.0.0
2025-05-13 12:15:00,150 [INFO] ThirdParty:1030 - CMSIS Pack Vendor :STMicroelectronics FP-SNS-MOTENVWB1 1.4.0
2025-05-13 12:15:00,150 [INFO] ThirdParty:1030 - CMSIS Pack Vendor :STMicroelectronics X-CUBE-AZRTOS-F4 1.1.0
2025-05-13 12:15:00,150 [INFO] ThirdParty:1030 - CMSIS Pack Vendor :STMicroelectronics LIBJPEG 8.0.0
2025-05-13 12:15:00,150 [INFO] ThirdParty:1030 - CMSIS Pack Vendor :STMicroelectronics FP-ATR-ASTRA1 2.0.2
2025-05-13 12:15:00,150 [INFO] ThirdParty:1030 - CMSIS Pack Vendor :STMicroelectronics X-CUBE-BLE1 7.1.0
2025-05-13 12:15:00,150 [INFO] ThirdParty:1030 - CMSIS Pack Vendor :Avnet-IotConnect X-CUBE-IoTC-DA16k-PMOD 1.0.0
2025-05-13 12:15:00,150 [INFO] ThirdParty:1030 - CMSIS Pack Vendor :STMicroelectronics X-CUBE-SMBUS 2.1.0
2025-05-13 12:15:00,150 [INFO] ThirdParty:1030 - CMSIS Pack Vendor :STMicroelectronics X-CUBE-WB05N 1.1.0
2025-05-13 12:15:00,150 [INFO] ThirdParty:1030 - CMSIS Pack Vendor :wolfSSL I-CUBE-wolfMQTT 1.19.2
2025-05-13 12:15:00,150 [INFO] ThirdParty:1030 - CMSIS Pack Vendor :STMicroelectronics USB_DEVICE 3.0.0
2025-05-13 12:15:00,151 [INFO] ThirdParty:1030 - CMSIS Pack Vendor :STMicroelectronics X-CUBE-ISPU 2.1.0
2025-05-13 12:15:00,151 [INFO] ThirdParty:1030 - CMSIS Pack Vendor :STMicroelectronics X-CUBE-AZRTOS-WB 2.0.0
2025-05-13 12:15:00,151 [INFO] ThirdParty:1030 - CMSIS Pack Vendor :STMicroelectronics X-CUBE-GNSS1 7.0.1
2025-05-13 12:15:00,151 [INFO] ThirdParty:1030 - CMSIS Pack Vendor :STMicroelectronics X-CUBE-AZRTOS-F7 1.1.0
2025-05-13 12:15:00,151 [INFO] ThirdParty:1030 - CMSIS Pack Vendor :STMicroelectronics X-CUBE-AZRTOS-L5 2.0.0
2025-05-13 12:15:00,151 [INFO] ThirdParty:1030 - CMSIS Pack Vendor :STMicroelectronics X-CUBE-TOUCHGFX 4.25.0
2025-05-13 12:15:00,151 [INFO] ThirdParty:1030 - CMSIS Pack Vendor :STMicroelectronics USB_DEVICE 2.0.0
2025-05-13 12:15:00,151 [INFO] ThirdParty:1030 - CMSIS Pack Vendor :STMicroelectronics X-CUBE-NFC6 3.1.0
2025-05-13 12:15:00,151 [INFO] ThirdParty:1030 - CMSIS Pack Vendor :STMicroelectronics FP-SNS-STBOX1 2.0.0
2025-05-13 12:15:00,151 [INFO] ThirdParty:1030 - CMSIS Pack Vendor :STMicroelectronics X-CUBE-MEMS1 11.2.0
2025-05-13 12:15:00,151 [INFO] ThirdParty:1030 - CMSIS Pack Vendor :STMicroelectronics FreeRTOS 0.0.1
2025-05-13 12:15:00,151 [INFO] ThirdParty:1030 - CMSIS Pack Vendor :STMicroelectronics X-CUBE-AZRTOS-G0 1.1.0
2025-05-13 12:15:00,151 [INFO] ThirdParty:1030 - CMSIS Pack Vendor :STMicroelectronics X-CUBE-SAFEA1 1.2.2
2025-05-13 12:15:00,151 [INFO] ThirdParty:1030 - CMSIS Pack Vendor :STMicroelectronics X-CUBE-NFC4 3.0.0
2025-05-13 12:15:00,151 [INFO] ThirdParty:1030 - CMSIS Pack Vendor :STMicroelectronics X-CUBE-SUBG2 5.0.0
2025-05-13 12:15:00,151 [INFO] ThirdParty:1030 - CMSIS Pack Vendor :STMicroelectronics X-CUBE-AZRTOS-H7RS 1.1.0
2025-05-13 12:15:00,151 [INFO] ThirdParty:1030 - CMSIS Pack Vendor :STMicroelectronics STM32_WPAN 1.0.0
2025-05-13 12:15:00,151 [INFO] ThirdParty:1030 - CMSIS Pack Vendor :EmbeddedOffice I-CUBE-FS-RTOS 1.0.1
2025-05-13 12:15:00,151 [INFO] ThirdParty:1030 - CMSIS Pack Vendor :STMicroelectronics lwIP 2.0.3
2025-05-13 12:15:00,151 [INFO] ThirdParty:1030 - CMSIS Pack Vendor :Cesanta I-CUBE-Mongoose 7.13.0
2025-05-13 12:15:00,151 [INFO] ThirdParty:1030 - CMSIS Pack Vendor :STMicroelectronics USB_HOST 1.0.0
2025-05-13 12:15:00,151 [INFO] ThirdParty:1030 - CMSIS Pack Vendor :Infineon AIROC-Wi-Fi-Bluetooth-STM32 1.7.0
2025-05-13 12:15:00,151 [INFO] ThirdParty:1030 - CMSIS Pack Vendor :STMicroelectronics X-CUBE-AZRTOS-G4 2.0.0
2025-05-13 12:15:00,151 [INFO] ThirdParty:1030 - CMSIS Pack Vendor :STMicroelectronics X-CUBE-WB05N 2.0.0
2025-05-13 12:15:00,151 [INFO] ThirdParty:1030 - CMSIS Pack Vendor :STMicroelectronics PDM2PCM 3.1.0
2025-05-13 12:15:00,152 [INFO] ThirdParty:1030 - CMSIS Pack Vendor :STMicroelectronics PDM2PCM 3.3.0
2025-05-13 12:15:00,152 [INFO] ThirdParty:1030 - CMSIS Pack Vendor :wolfSSL I-CUBE-wolfTPM 3.8.0
2025-05-13 12:15:00,152 [INFO] ThirdParty:1030 - CMSIS Pack Vendor :STMicroelectronics X-CUBE-DISPLAY 3.0.0
2025-05-13 12:15:00,152 [INFO] ThirdParty:1030 - CMSIS Pack Vendor :wolfSSL I-CUBE-wolfSSH 1.4.20
2025-05-13 12:15:00,152 [INFO] ThirdParty:1030 - CMSIS Pack Vendor :STMicroelectronics X-CUBE-NFC7 2.0.0
2025-05-13 12:15:00,152 [INFO] ThirdParty:1030 - CMSIS Pack Vendor :STMicroelectronics X-CUBE-TCPP 4.2.0
2025-05-13 12:15:00,152 [INFO] ThirdParty:1030 - CMSIS Pack Vendor :RealThread X-CUBE-RT-Thread_Nano 4.1.1
2025-05-13 12:15:00,152 [INFO] ThirdParty:1030 - CMSIS Pack Vendor :STMicroelectronics FP-ATR-SIGFOX1 3.2.0
2025-05-13 12:15:00,152 [INFO] ThirdParty:1030 - CMSIS Pack Vendor :STMicroelectronics X-CUBE-NFC10 1.0.0
2025-05-13 12:15:00,152 [INFO] ThirdParty:1030 - CMSIS Pack Vendor :STMicroelectronics X-CUBE-BLEMGR 4.0.0
2025-05-13 12:15:00,152 [INFO] ThirdParty:1030 - CMSIS Pack Vendor :STMicroelectronics X-CUBE-EEPRMA1 5.1.0
2025-05-13 12:15:00,152 [INFO] ThirdParty:1030 - CMSIS Pack Vendor :STMicroelectronics X-CUBE-FREERTOS 1.3.1
2025-05-13 12:15:00,152 [INFO] ThirdParty:1030 - CMSIS Pack Vendor :STMicroelectronics HAL Drivers 0.0.0
2025-05-13 12:15:00,152 [INFO] ThirdParty:1030 - CMSIS Pack Vendor :STMicroelectronics MBEDTLS 2.16.2
2025-05-13 12:15:00,152 [INFO] ThirdParty:1030 - CMSIS Pack Vendor :STMicroelectronics X-CUBE-IPS 3.1.0
2025-05-13 12:15:00,152 [INFO] ThirdParty:1030 - CMSIS Pack Vendor :STMicroelectronics X-CUBE-ALS 1.0.2
2025-05-13 12:15:00,152 [INFO] ThirdParty:1030 - CMSIS Pack Vendor :emotas I-CUBE-CANOPEN 1.3.0
2025-05-13 12:15:00,152 [INFO] ThirdParty:1030 - CMSIS Pack Vendor :STMicroelectronics X-CUBE-FREERTOS 1.3.0
2025-05-13 12:15:00,152 [INFO] ThirdParty:1030 - CMSIS Pack Vendor :STMicroelectronics X-CUBE-NFC7 1.0.1
2025-05-13 12:15:00,153 [INFO] ThirdParty:1030 - CMSIS Pack Vendor :STMicroelectronics MBEDTLS 2.14.1
2025-05-13 12:15:00,153 [INFO] ThirdParty:1030 - CMSIS Pack Vendor :wolfSSL I-CUBE-wolfSSL 5.7.6
2025-05-13 12:15:00,153 [INFO] ThirdParty:1030 - CMSIS Pack Vendor :ITTIA_DB I-CUBE-ITTIADB 8.9.0
2025-05-13 12:15:00,153 [INFO] ThirdParty:1030 - CMSIS Pack Vendor :portGmbH I-Cube-SoM-uGOAL 1.1.0
2025-05-13 12:15:00,153 [INFO] ThirdParty:1030 - CMSIS Pack Vendor :quantropi X-CUBE-qispace-sdk-base 2.0.0
2025-05-13 12:15:00,153 [INFO] ThirdParty:1030 - CMSIS Pack Vendor :STMicroelectronics X-CUBE-AI 10.0.0
2025-05-13 12:15:00,153 [INFO] ThirdParty:1030 - CMSIS Pack Vendor :STMicroelectronics ThreadX 1.0.0
2025-05-13 12:15:00,153 [INFO] ThirdParty:1030 - CMSIS Pack Vendor :STMicroelectronics FP-SNS-SMARTAG2 1.2.0
2025-05-13 12:15:00,153 [INFO] ThirdParty:1030 - CMSIS Pack Vendor :STMicroelectronics FP-SNS-FLIGHT1 5.1.0
2025-05-13 12:15:00,153 [INFO] ThirdParty:1030 - CMSIS Pack Vendor :STMicroelectronics X-CUBE-MEMS1 11.1.0
2025-05-13 12:15:00,153 [INFO] ThirdParty:1030 - CMSIS Pack Vendor :STMicroelectronics X-CUBE-AZRTOS-WL 2.0.0
2025-05-13 12:15:00,153 [INFO] ThirdParty:1030 - CMSIS Pack Vendor :SEGGER I-CUBE-embOS 1.3.1
2025-05-13 12:15:00,153 [INFO] ThirdParty:1030 - CMSIS Pack Vendor :STMicroelectronics X-CUBE-ALGOBUILD 1.4.0
2025-05-13 12:15:00,153 [INFO] ThirdParty:1030 - CMSIS Pack Vendor :STMicroelectronics X-CUBE-DPower 1.3.0
2025-05-13 12:15:00,153 [INFO] ThirdParty:1030 - CMSIS Pack Vendor :STMicroelectronics FP-SNS-MOTENV1 5.0.0
2025-05-13 12:15:00,153 [INFO] ThirdParty:1030 - CMSIS Pack Vendor :STMicroelectronics USB_DEVICE 1.0.0
2025-05-13 12:15:00,153 [INFO] ThirdParty:1030 - CMSIS Pack Vendor :STMicroelectronics X-CUBE-AZRTOS-L4 2.0.0
2025-05-13 12:15:00,153 [INFO] ThirdParty:1030 - CMSIS Pack Vendor :STMicroelectronics ThreadX 0.0.2
2025-05-13 12:15:00,153 [INFO] ThirdParty:1030 - CMSIS Pack Vendor :WES I-CUBE-Cesium 1.3.0
2025-05-13 12:15:00,153 [INFO] ThirdParty:1030 - CMSIS Pack Vendor :STMicroelectronics lwIP 2.1.2
2025-05-13 12:15:00,153 [INFO] ThirdParty:1030 - CMSIS Pack Vendor :STMicroelectronics X-CUBE-SFXS2LP1 4.0.0
2025-05-13 12:15:00,153 [INFO] ThirdParty:1030 - CMSIS Pack Vendor :STMicroelectronics X-CUBE-BLE2 3.3.0
2025-05-13 12:15:00,153 [INFO] ThirdParty:1030 - CMSIS Pack Vendor :STMicroelectronics X-CUBE-TOF1 3.4.2
2025-05-13 12:15:00,153 [INFO] ThirdParty:1030 - CMSIS Pack Vendor :STMicroelectronics X-CUBE-TOF1 3.4.3
2025-05-13 12:15:00,154 [INFO] ThirdParty:1030 - CMSIS Pack Vendor :STMicroelectronics PDM2PCM 3.2.0
2025-05-13 12:15:00,154 [INFO] ThirdParty:841 - exiting critical section [change project]
2025-05-13 12:15:00,431 [INFO] PinOutPanel:1589 - setPackage(No Configuration,No Configuration)
2025-05-13 12:15:00,449 [INFO] PinOutPanel:1589 - setPackage(STM32F103RCTx,LQFP64)
2025-05-13 12:15:01,076 [INFO] UtilMem:75 - Before build in PCC Used Memory: 766001536 Bytes (1073741824)
2025-05-13 12:15:01,591 [INFO] UtilMem:75 - After build in PCC Used Memory: 863519104 Bytes (1073741824)
2025-05-13 12:15:01,619 [INFO] IPUIPlugin:80 - create IPUIPlugin
2025-05-13 12:15:01,619 [INFO] IPUIPlugin:80 - create IPUIPlugin
2025-05-13 12:15:01,619 [INFO] IPUIPlugin:80 - create IPUIPlugin
2025-05-13 12:15:01,619 [INFO] IPUIPlugin:80 - create IPUIPlugin
2025-05-13 12:15:01,620 [INFO] IPUIPlugin:80 - create IPUIPlugin
2025-05-13 12:15:01,620 [INFO] IPUIPlugin:80 - create IPUIPlugin
2025-05-13 12:15:01,620 [INFO] IPUIPlugin:80 - create IPUIPlugin
2025-05-13 12:15:01,620 [INFO] IPUIPlugin:80 - create IPUIPlugin
2025-05-13 12:15:01,620 [INFO] IPUIPlugin:80 - create IPUIPlugin
2025-05-13 12:15:01,620 [INFO] IPUIPlugin:80 - create IPUIPlugin
2025-05-13 12:15:01,620 [INFO] IPUIPlugin:80 - create IPUIPlugin
2025-05-13 12:15:01,621 [INFO] IPUIPlugin:80 - create IPUIPlugin
2025-05-13 12:15:01,621 [INFO] IPUIPlugin:80 - create IPUIPlugin
2025-05-13 12:15:01,621 [INFO] IPUIPlugin:80 - create IPUIPlugin
2025-05-13 12:15:01,621 [INFO] IPUIPlugin:80 - create IPUIPlugin
2025-05-13 12:15:01,621 [INFO] IPUIPlugin:80 - create IPUIPlugin
2025-05-13 12:15:01,621 [INFO] IPUIPlugin:80 - create IPUIPlugin
2025-05-13 12:15:01,622 [INFO] IPUIPlugin:80 - create IPUIPlugin
2025-05-13 12:15:01,622 [INFO] IPUIPlugin:80 - create IPUIPlugin
2025-05-13 12:15:01,622 [INFO] IPUIPlugin:80 - create IPUIPlugin
2025-05-13 12:15:01,622 [INFO] IPUIPlugin:80 - create IPUIPlugin
2025-05-13 12:15:01,622 [INFO] IPUIPlugin:80 - create IPUIPlugin
2025-05-13 12:15:01,622 [INFO] IPUIPlugin:80 - create IPUIPlugin
2025-05-13 12:15:01,622 [INFO] IPUIPlugin:80 - create IPUIPlugin
2025-05-13 12:15:01,622 [INFO] IPUIPlugin:80 - create IPUIPlugin
2025-05-13 12:15:01,623 [INFO] IPUIPlugin:80 - create IPUIPlugin
2025-05-13 12:15:01,623 [INFO] IPUIPlugin:80 - create IPUIPlugin
2025-05-13 12:15:01,623 [INFO] IPUIPlugin:80 - create IPUIPlugin
2025-05-13 12:15:01,623 [INFO] IPUIPlugin:80 - create IPUIPlugin
2025-05-13 12:15:01,623 [INFO] IPUIPlugin:80 - create IPUIPlugin
2025-05-13 12:15:01,623 [INFO] IPUIPlugin:80 - create IPUIPlugin
2025-05-13 12:15:01,623 [INFO] IPUIPlugin:80 - create IPUIPlugin
2025-05-13 12:15:01,623 [INFO] IPUIPlugin:80 - create IPUIPlugin
2025-05-13 12:15:01,624 [INFO] IPUIPlugin:80 - create IPUIPlugin
2025-05-13 12:15:01,624 [INFO] IPUIPlugin:80 - create IPUIPlugin
2025-05-13 12:15:01,624 [INFO] IPUIPlugin:80 - create IPUIPlugin
2025-05-13 12:15:01,624 [INFO] IPUIPlugin:80 - create IPUIPlugin
2025-05-13 12:15:01,624 [INFO] IPUIPlugin:80 - create IPUIPlugin
2025-05-13 12:15:01,625 [INFO] IPUIPlugin:80 - create IPUIPlugin
2025-05-13 12:15:01,633 [WARN] IP:2250 - I2C_Coeff_DF not found: check if there is a RefParameter without a condition.
2025-05-13 12:15:01,633 [WARN] IP:2250 - Analog_Filter not found: check if there is a RefParameter without a condition.
2025-05-13 12:15:01,814 [INFO] CADModel:165 - CPN selected for project levelSTM32F103RCT6
2025-05-13 12:15:01,814 [INFO] CADModel:114 - Register for checkConnection events
2025-05-13 12:15:01,854 [INFO] OpenFileManager:385 - Restore cursor
2025-05-13 12:15:02,023 [WARN] IP:2250 - I2C_Coeff_DF not found: check if there is a RefParameter without a condition.
2025-05-13 12:15:02,023 [WARN] IP:2250 - Analog_Filter not found: check if there is a RefParameter without a condition.
2025-05-13 12:15:02,024 [WARN] IP:2250 - I2C_Coeff_DF not found: check if there is a RefParameter without a condition.
2025-05-13 12:15:02,024 [WARN] IP:2250 - Analog_Filter not found: check if there is a RefParameter without a condition.
2025-05-13 12:15:02,486 [INFO] UtilMem:75 - End SaveConfig() Used Memory: 696113392 Bytes (1073741824)
2025-05-13 12:15:02,580 [INFO] UtilMem:75 - End SaveConfig() Used Memory: 712950856 Bytes (1073741824)
2025-05-13 12:15:03,017 [INFO] ProjectBuilder:2368 - IP not ready for code generation: Clock
2025-05-13 12:15:06,598 [INFO] BlockDiagram:2775 - set Specific Code input for plugin: NVIC
2025-05-13 12:15:06,598 [INFO] BlockDiagram:2775 - set Specific Code input for plugin: USART
2025-05-13 12:15:06,598 [INFO] BlockDiagram:2775 - set Specific Code input for plugin: USB
2025-05-13 12:15:06,598 [INFO] BlockDiagram:2775 - set Specific Code input for plugin: SYS
2025-05-13 12:15:06,598 [INFO] BlockDiagram:2775 - set Specific Code input for plugin: GPIO
2025-05-13 12:15:06,598 [INFO] BlockDiagram:2775 - set Specific Code input for plugin: ADC
2025-05-13 12:15:06,598 [INFO] BlockDiagram:2775 - set Specific Code input for plugin: RCC
2025-05-13 12:15:06,598 [INFO] BlockDiagram:2775 - set Specific Code input for plugin: I2C
2025-05-13 12:15:06,599 [INFO] CodeGenerator:882 - code generatio: config db path: /Applications/STM32CubeIDE.app/Contents/Eclipse/plugins/com.st.stm32cube.common.mx_6.14.1.202504091515//db/
2025-05-13 12:15:06,606 [WARN] IP:2250 - I2C_Coeff_DF not found: check if there is a RefParameter without a condition.
2025-05-13 12:15:06,606 [WARN] IP:2250 - Analog_Filter not found: check if there is a RefParameter without a condition.
2025-05-13 12:15:06,739 [INFO] CodeEngine:263 - oldGeneratedFile, /Users/winstonhar/ENCE-3231/Phase A/Projects/2025_STM32F103RCT6_ADC/MXTmpFiles/license.tmp_save
2025-05-13 12:15:07,095 [INFO] CodeEngine:287 - Generated code: /Users/winstonhar/ENCE-3231/Phase A/Projects/2025_STM32F103RCT6_ADC/MXTmpFiles/license.tmp
2025-05-13 12:15:07,176 [INFO] CodeEngine:263 - oldGeneratedFile, /Users/winstonhar/ENCE-3231/Phase A/Projects/2025_STM32F103RCT6_ADC/MXTmpFiles/gpio.tmp_save
2025-05-13 12:15:07,285 [INFO] CodeEngine:287 - Generated code: /Users/winstonhar/ENCE-3231/Phase A/Projects/2025_STM32F103RCT6_ADC/MXTmpFiles/gpio.tmp
2025-05-13 12:15:07,507 [INFO] CodeEngine:263 - oldGeneratedFile, /Users/winstonhar/ENCE-3231/Phase A/Projects/2025_STM32F103RCT6_ADC/Core/Src/stm32f1xx_it.c_save
2025-05-13 12:15:07,606 [INFO] CodeEngine:287 - Generated code: /Users/winstonhar/ENCE-3231/Phase A/Projects/2025_STM32F103RCT6_ADC/Core/Src/stm32f1xx_it.c
2025-05-13 12:15:07,608 [INFO] CodeEngine:263 - oldGeneratedFile, /Users/winstonhar/ENCE-3231/Phase A/Projects/2025_STM32F103RCT6_ADC/Core/Inc/stm32f1xx_it.h_save
2025-05-13 12:15:07,674 [INFO] CodeEngine:287 - Generated code: /Users/winstonhar/ENCE-3231/Phase A/Projects/2025_STM32F103RCT6_ADC/Core/Inc/stm32f1xx_it.h
2025-05-13 12:15:07,682 [INFO] CodeEngine:263 - oldGeneratedFile, /Users/winstonhar/ENCE-3231/Phase A/Projects/2025_STM32F103RCT6_ADC/Core/Src/stm32f1xx_hal_msp.c_save
2025-05-13 12:15:07,804 [INFO] CodeEngine:287 - Generated code: /Users/winstonhar/ENCE-3231/Phase A/Projects/2025_STM32F103RCT6_ADC/Core/Src/stm32f1xx_hal_msp.c
2025-05-13 12:15:07,807 [INFO] CodeEngine:263 - oldGeneratedFile, /Users/winstonhar/ENCE-3231/Phase A/Projects/2025_STM32F103RCT6_ADC/MXTmpFiles/system.tmp_save
2025-05-13 12:15:07,864 [INFO] CodeEngine:287 - Generated code: /Users/winstonhar/ENCE-3231/Phase A/Projects/2025_STM32F103RCT6_ADC/MXTmpFiles/system.tmp
2025-05-13 12:15:07,870 [INFO] CodeEngine:319 - oldGeneratedFile, /Users/winstonhar/ENCE-3231/Phase A/Projects/2025_STM32F103RCT6_ADC/Core/Inc/stm32f1xx_hal_conf.h_save
2025-05-13 12:15:07,966 [INFO] CodeEngine:343 - Generated code: /Users/winstonhar/ENCE-3231/Phase A/Projects/2025_STM32F103RCT6_ADC/Core/Inc/stm32f1xx_hal_conf.h
2025-05-13 12:15:08,022 [INFO] ApiDbMcu:508 - Load IP Config File for ADC1
2025-05-13 12:15:08,030 [INFO] ApiDbMcu:508 - Load IP Config File for I2C1
2025-05-13 12:15:08,042 [INFO] ApiDbMcu:508 - Load IP Config File for USART1
2025-05-13 12:15:08,059 [INFO] ApiDbMcu:508 - Load IP Config File for USB
2025-05-13 12:15:08,065 [INFO] ApiDbMcu:508 - Load IP Config File for RCC
2025-05-13 12:15:08,071 [INFO] CodeEngine:263 - oldGeneratedFile, /Users/winstonhar/ENCE-3231/Phase A/Projects/2025_STM32F103RCT6_ADC/Core/Inc/main.h_save
2025-05-13 12:15:08,146 [INFO] CodeEngine:287 - Generated code: /Users/winstonhar/ENCE-3231/Phase A/Projects/2025_STM32F103RCT6_ADC/Core/Inc/main.h
2025-05-13 12:15:08,149 [INFO] CodeEngine:263 - oldGeneratedFile, /Users/winstonhar/ENCE-3231/Phase A/Projects/2025_STM32F103RCT6_ADC/Core/Src/main.c_save
2025-05-13 12:15:08,251 [INFO] CodeEngine:287 - Generated code: /Users/winstonhar/ENCE-3231/Phase A/Projects/2025_STM32F103RCT6_ADC/Core/Src/main.c
2025-05-13 12:15:08,658 [INFO] ProjectBuilder:3324 - Time for Copy HAL[1] : 146mS.
2025-05-13 12:15:08,668 [INFO] ProjectBuilder:4912 - Project Generator version: 4.6.0.1-B1
2025-05-13 12:15:08,816 [INFO] ConfigFileManager:1590 - The Die is : DIE414
2025-05-13 12:15:08,835 [INFO] ApiDbMcu:508 - Load IP Config File for FATFS
2025-05-13 12:15:08,880 [INFO] ApiDbMcu:508 - Load IP Config File for FREERTOS
2025-05-13 12:15:08,911 [INFO] ApiDbMcu:508 - Load IP Config File for USB_DEVICE
2025-05-13 12:15:09,362 [INFO] LogOutputStream:77 - [STDOUT_REDIRECT] 
2025-05-13 12:15:11,356 [INFO] ProjectBuilder:5191 - Time for Generating toolchain IDE Files: 2687mS.
2025-05-13 12:15:11,357 [INFO] ProjectBuilder:3181 - Time for Copy CMSIS : 0mS.
2025-05-13 12:15:11,358 [INFO] ProjectBuilder:3181 - Time for Copy CMSIS : 0mS.
2025-05-13 12:15:12,022 [INFO] McuFinderGlobals:76 - Set McuFinderConnectedMode to true
2025-05-13 12:15:12,029 [INFO] ApiDb:448 - Save user favorites file /Users/winstonhar/.stm32cubeide/favorites.mcus.txt: 1 item(s)
2025-05-13 12:15:12,029 [INFO] ApiDb:452 - User favorites MCUs=[STM32F103RCT6]
2025-05-13 12:16:17,477 [INFO] ADCParametersView:116 -                Rank 1 : false
2025-05-13 12:16:17,589 [INFO] ADCParametersView:116 -                Rank 1 : false
2025-05-13 12:16:17,589 [INFO] ADCParametersView:116 -                Rank 1 : false
2025-05-13 12:16:17,590 [INFO] ADCParametersView:116 -                Rank 1 : false
2025-05-13 12:16:17,590 [INFO] ADCParametersView:116 -                Rank 1 : false
2025-05-13 12:16:17,590 [INFO] ADCParametersView:116 -                Rank 1 : false
2025-05-13 12:16:17,590 [INFO] ADCParametersView:116 -                Rank 1 : false
2025-05-13 12:16:17,590 [INFO] ADCParametersView:116 -                Rank 1 : false
2025-05-13 12:16:17,590 [INFO] ADCParametersView:116 -                Rank 1 : false
2025-05-13 12:16:17,590 [INFO] ADCParametersView:116 -                Rank 1 : false
2025-05-13 12:16:17,591 [INFO] ADCParametersView:116 -                Rank 1 : false
2025-05-13 12:16:17,598 [INFO] ADCParametersView:116 -                Rank 1 : false
2025-05-13 12:16:23,615 [INFO] NvicIntPanel:101 - NVIC parent = com.st.microxplorer.plugins.ip.nvic.MultiNvicIntPanel[,0,0,0x0,invalid,layout=javax.swing.BoxLayout,alignmentX=0.0,alignmentY=0.0,border=,flags=9,maximumSize=,minimumSize=,preferredSize=]
2025-05-13 12:16:23,698 [INFO] ADCParametersView:116 -                Rank 1 : false
2025-05-13 12:16:23,699 [INFO] ADCParametersView:116 -                Rank 1 : false
2025-05-13 12:16:23,700 [INFO] ADCParametersView:116 -                Rank 1 : false
2025-05-13 12:16:23,700 [INFO] ADCParametersView:116 -                Rank 1 : false
2025-05-13 12:16:23,701 [INFO] ADCParametersView:116 -                Rank 1 : false
2025-05-13 12:16:23,702 [INFO] ADCParametersView:116 -                Rank 1 : false
2025-05-13 12:16:23,702 [INFO] ADCParametersView:116 -                Rank 1 : false
2025-05-13 12:16:23,703 [INFO] ADCParametersView:116 -                Rank 1 : false
2025-05-13 12:16:23,703 [INFO] ADCParametersView:116 -                Rank 1 : false
2025-05-13 12:16:23,703 [INFO] ADCParametersView:116 -                Rank 1 : false
2025-05-13 12:16:23,710 [INFO] ADCParametersView:116 -                Rank 1 : false
2025-05-13 12:16:23,732 [INFO] ADCParametersView:116 -                Rank 1 : false
2025-05-13 12:16:23,733 [INFO] ADCParametersView:116 -                Rank 1 : false
2025-05-13 12:16:23,733 [INFO] ADCParametersView:116 -                Rank 1 : false
2025-05-13 12:16:23,733 [INFO] ADCParametersView:116 -                Rank 1 : false
2025-05-13 12:16:23,733 [INFO] ADCParametersView:116 -                Rank 1 : false
2025-05-13 12:16:23,733 [INFO] ADCParametersView:116 -                Rank 1 : false
2025-05-13 12:16:23,733 [INFO] ADCParametersView:116 -                Rank 1 : false
2025-05-13 12:16:23,733 [INFO] ADCParametersView:116 -                Rank 1 : false
2025-05-13 12:16:23,733 [INFO] ADCParametersView:116 -                Rank 1 : false
2025-05-13 12:16:23,734 [INFO] ADCParametersView:116 -                Rank 1 : false
2025-05-13 12:16:23,743 [INFO] ADCParametersView:116 -                Rank 1 : false
2025-05-13 12:16:23,848 [INFO] ADCParametersView:116 -                Rank 1 : false
2025-05-13 12:16:23,848 [INFO] ADCParametersView:116 -                Rank 1 : false
2025-05-13 12:16:23,849 [INFO] ADCParametersView:116 -                Rank 1 : false
2025-05-13 12:16:23,849 [INFO] ADCParametersView:116 -                Rank 1 : false
2025-05-13 12:16:23,849 [INFO] ADCParametersView:116 -                Rank 1 : false
2025-05-13 12:16:23,849 [INFO] ADCParametersView:116 -                Rank 1 : false
2025-05-13 12:16:23,849 [INFO] ADCParametersView:116 -                Rank 1 : false
2025-05-13 12:16:23,849 [INFO] ADCParametersView:116 -                Rank 1 : false
2025-05-13 12:16:23,850 [INFO] ADCParametersView:116 -                Rank 1 : false
2025-05-13 12:16:23,850 [INFO] ADCParametersView:116 -                Rank 1 : false
2025-05-13 12:16:23,857 [INFO] ADCParametersView:116 -                Rank 1 : false
2025-05-13 12:16:23,879 [INFO] ADCParametersView:116 -                Rank 1 : false
2025-05-13 12:16:23,879 [INFO] ADCParametersView:116 -                Rank 1 : false
2025-05-13 12:16:23,879 [INFO] ADCParametersView:116 -                Rank 1 : false
2025-05-13 12:16:23,879 [INFO] ADCParametersView:116 -                Rank 1 : false
2025-05-13 12:16:23,879 [INFO] ADCParametersView:116 -                Rank 1 : false
2025-05-13 12:16:23,880 [INFO] ADCParametersView:116 -                Rank 1 : false
2025-05-13 12:16:23,880 [INFO] ADCParametersView:116 -                Rank 1 : false
2025-05-13 12:16:23,880 [INFO] ADCParametersView:116 -                Rank 1 : false
2025-05-13 12:16:23,880 [INFO] ADCParametersView:116 -                Rank 1 : false
2025-05-13 12:16:23,880 [INFO] ADCParametersView:116 -                Rank 1 : false
2025-05-13 12:16:23,888 [INFO] ADCParametersView:116 -                Rank 1 : false
2025-05-13 12:16:27,611 [INFO] ParamManager:896 - [Generic UI] PropertyChangeEvent: TAB_STATUS_CHANGED , "dont care", "never mind"
2025-05-13 12:16:27,617 [INFO] ADCParametersView:116 -                Rank 1 : false
2025-05-13 12:16:27,617 [INFO] ADCParametersView:116 -                Rank 1 : false
2025-05-13 12:16:27,617 [INFO] ADCParametersView:116 -                Rank 1 : false
2025-05-13 12:16:27,618 [INFO] ADCParametersView:116 -                Rank 1 : false
2025-05-13 12:16:27,618 [INFO] ADCParametersView:116 -                Rank 1 : false
2025-05-13 12:16:27,618 [INFO] ADCParametersView:116 -                Rank 1 : false
2025-05-13 12:16:27,618 [INFO] ADCParametersView:116 -                Rank 1 : false
2025-05-13 12:16:27,618 [INFO] ADCParametersView:116 -                Rank 1 : false
2025-05-13 12:16:27,618 [INFO] ADCParametersView:116 -                Rank 1 : false
2025-05-13 12:16:27,618 [INFO] ADCParametersView:116 -                Rank 1 : false
2025-05-13 12:16:27,622 [INFO] ParamManager:896 - [Generic UI] PropertyChangeEvent: TAB_STATUS_CHANGED , "dont care", "never mind"
2025-05-13 12:16:27,627 [INFO] ADCParametersView:116 -                Rank 1 : false
2025-05-13 12:16:27,644 [INFO] ADCParametersView:116 -                Rank 1 : false
2025-05-13 12:16:27,644 [INFO] ADCParametersView:116 -                Rank 1 : false
2025-05-13 12:16:27,644 [INFO] ADCParametersView:116 -                Rank 1 : false
2025-05-13 12:16:27,644 [INFO] ADCParametersView:116 -                Rank 1 : false
2025-05-13 12:16:27,645 [INFO] ADCParametersView:116 -                Rank 1 : false
2025-05-13 12:16:27,645 [INFO] ADCParametersView:116 -                Rank 1 : false
2025-05-13 12:16:27,645 [INFO] ADCParametersView:116 -                Rank 1 : false
2025-05-13 12:16:27,645 [INFO] ADCParametersView:116 -                Rank 1 : false
2025-05-13 12:16:27,645 [INFO] ADCParametersView:116 -                Rank 1 : false
2025-05-13 12:16:27,645 [INFO] ADCParametersView:116 -                Rank 1 : false
2025-05-13 12:16:27,650 [INFO] ADCParametersView:116 -                Rank 1 : false
2025-05-13 12:16:27,696 [INFO] ADCParametersView:116 -                Rank 1 : false
2025-05-13 12:16:27,697 [INFO] ADCParametersView:116 -                Rank 1 : false
2025-05-13 12:16:27,697 [INFO] ADCParametersView:116 -                Rank 1 : false
2025-05-13 12:16:27,697 [INFO] ADCParametersView:116 -                Rank 1 : false
2025-05-13 12:16:27,697 [INFO] ADCParametersView:116 -                Rank 1 : false
2025-05-13 12:16:27,697 [INFO] ADCParametersView:116 -                Rank 1 : false
2025-05-13 12:16:27,697 [INFO] ADCParametersView:116 -                Rank 1 : false
2025-05-13 12:16:27,697 [INFO] ADCParametersView:116 -                Rank 1 : false
2025-05-13 12:16:27,697 [INFO] ADCParametersView:116 -                Rank 1 : false
2025-05-13 12:16:27,697 [INFO] ADCParametersView:116 -                Rank 1 : false
2025-05-13 12:16:27,702 [INFO] ADCParametersView:116 -                Rank 1 : false
2025-05-13 12:16:27,718 [INFO] ADCParametersView:116 -                Rank 1 : false
2025-05-13 12:16:27,719 [INFO] ADCParametersView:116 -                Rank 1 : false
2025-05-13 12:16:27,719 [INFO] ADCParametersView:116 -                Rank 1 : false
2025-05-13 12:16:27,719 [INFO] ADCParametersView:116 -                Rank 1 : false
2025-05-13 12:16:27,719 [INFO] ADCParametersView:116 -                Rank 1 : false
2025-05-13 12:16:27,719 [INFO] ADCParametersView:116 -                Rank 1 : false
2025-05-13 12:16:27,719 [INFO] ADCParametersView:116 -                Rank 1 : false
2025-05-13 12:16:27,719 [INFO] ADCParametersView:116 -                Rank 1 : false
2025-05-13 12:16:27,720 [INFO] ADCParametersView:116 -                Rank 1 : false
2025-05-13 12:16:27,720 [INFO] ADCParametersView:116 -                Rank 1 : false
2025-05-13 12:16:27,725 [INFO] ADCParametersView:116 -                Rank 1 : false
2025-05-13 12:16:27,816 [INFO] ADCParametersView:116 -                Rank 1 : false
2025-05-13 12:16:27,816 [INFO] ADCParametersView:116 -                Rank 1 : false
2025-05-13 12:16:27,816 [INFO] ADCParametersView:116 -                Rank 1 : false
2025-05-13 12:16:27,816 [INFO] ADCParametersView:116 -                Rank 1 : false
2025-05-13 12:16:27,816 [INFO] ADCParametersView:116 -                Rank 1 : false
2025-05-13 12:16:27,816 [INFO] ADCParametersView:116 -                Rank 1 : false
2025-05-13 12:16:27,816 [INFO] ADCParametersView:116 -                Rank 1 : false
2025-05-13 12:16:27,816 [INFO] ADCParametersView:116 -                Rank 1 : false
2025-05-13 12:16:27,817 [INFO] ADCParametersView:116 -                Rank 1 : false
2025-05-13 12:16:27,817 [INFO] ADCParametersView:116 -                Rank 1 : false
2025-05-13 12:16:27,821 [INFO] ADCParametersView:116 -                Rank 1 : false
2025-05-13 12:16:27,835 [INFO] ADCParametersView:116 -                Rank 1 : false
2025-05-13 12:16:27,835 [INFO] ADCParametersView:116 -                Rank 1 : false
2025-05-13 12:16:27,835 [INFO] ADCParametersView:116 -                Rank 1 : false
2025-05-13 12:16:27,835 [INFO] ADCParametersView:116 -                Rank 1 : false
2025-05-13 12:16:27,835 [INFO] ADCParametersView:116 -                Rank 1 : false
2025-05-13 12:16:27,835 [INFO] ADCParametersView:116 -                Rank 1 : false
2025-05-13 12:16:27,835 [INFO] ADCParametersView:116 -                Rank 1 : false
2025-05-13 12:16:27,835 [INFO] ADCParametersView:116 -                Rank 1 : false
2025-05-13 12:16:27,835 [INFO] ADCParametersView:116 -                Rank 1 : false
2025-05-13 12:16:27,836 [INFO] ADCParametersView:116 -                Rank 1 : false
2025-05-13 12:16:27,840 [INFO] ADCParametersView:116 -                Rank 1 : false
2025-05-13 12:16:59,970 [INFO] ADCParametersView:116 -                Rank 1 : false
2025-05-13 12:16:59,972 [INFO] ADCParametersView:116 -                Rank 1 : false
2025-05-13 12:16:59,973 [INFO] ADCParametersView:116 -                Rank 1 : false
2025-05-13 12:16:59,973 [INFO] ADCParametersView:116 -                Rank 1 : false
2025-05-13 12:16:59,973 [INFO] ADCParametersView:116 -                Rank 1 : false
2025-05-13 12:16:59,973 [INFO] ADCParametersView:116 -                Rank 1 : false
2025-05-13 12:16:59,973 [INFO] ADCParametersView:116 -                Rank 1 : false
2025-05-13 12:16:59,973 [INFO] ADCParametersView:116 -                Rank 1 : false
2025-05-13 12:16:59,973 [INFO] ADCParametersView:116 -                Rank 1 : false
2025-05-13 12:16:59,973 [INFO] ADCParametersView:116 -                Rank 1 : false
2025-05-13 12:16:59,979 [INFO] ADCParametersView:116 -                Rank 1 : false
2025-05-13 12:16:59,995 [INFO] ADCParametersView:116 -                Rank 1 : false
2025-05-13 12:16:59,996 [INFO] ADCParametersView:116 -                Rank 1 : false
2025-05-13 12:16:59,996 [INFO] ADCParametersView:116 -                Rank 1 : false
2025-05-13 12:16:59,997 [INFO] ADCParametersView:116 -                Rank 1 : false
2025-05-13 12:16:59,997 [INFO] ADCParametersView:116 -                Rank 1 : false
2025-05-13 12:16:59,997 [INFO] ADCParametersView:116 -                Rank 1 : false
2025-05-13 12:16:59,997 [INFO] ADCParametersView:116 -                Rank 1 : false
2025-05-13 12:16:59,997 [INFO] ADCParametersView:116 -                Rank 1 : false
2025-05-13 12:16:59,997 [INFO] ADCParametersView:116 -                Rank 1 : false
2025-05-13 12:16:59,997 [INFO] ADCParametersView:116 -                Rank 1 : false
2025-05-13 12:17:00,002 [INFO] ADCParametersView:116 -                Rank 1 : false
2025-05-13 12:17:00,026 [INFO] ADCParametersView:116 -                Rank 1 : false
2025-05-13 12:17:00,028 [INFO] ADCParametersView:116 -                Rank 1 : false
2025-05-13 12:17:00,029 [INFO] ADCParametersView:116 -                Rank 1 : false
2025-05-13 12:17:00,029 [INFO] ADCParametersView:116 -                Rank 1 : false
2025-05-13 12:17:00,029 [INFO] ADCParametersView:116 -                Rank 1 : false
2025-05-13 12:17:00,029 [INFO] ADCParametersView:116 -                Rank 1 : false
2025-05-13 12:17:00,029 [INFO] ADCParametersView:116 -                Rank 1 : false
2025-05-13 12:17:00,029 [INFO] ADCParametersView:116 -                Rank 1 : false
2025-05-13 12:17:00,030 [INFO] ADCParametersView:116 -                Rank 1 : false
2025-05-13 12:17:00,030 [INFO] ADCParametersView:116 -                Rank 1 : false
2025-05-13 12:17:00,035 [INFO] ADCParametersView:116 -                Rank 1 : false
2025-05-13 12:17:02,794 [INFO] NvicIntPanel:101 - NVIC parent = com.st.microxplorer.plugins.ip.nvic.MultiNvicIntPanel[,0,0,0x0,invalid,layout=javax.swing.BoxLayout,alignmentX=0.0,alignmentY=0.0,border=,flags=9,maximumSize=,minimumSize=,preferredSize=]
2025-05-13 12:17:02,821 [INFO] ADCParametersView:116 -                Rank 1 : false
2025-05-13 12:17:02,825 [INFO] ADCParametersView:116 -                Rank 1 : false
2025-05-13 12:17:02,825 [INFO] ADCParametersView:116 -                Rank 1 : false
2025-05-13 12:17:02,825 [INFO] ADCParametersView:116 -                Rank 1 : false
2025-05-13 12:17:02,826 [INFO] ADCParametersView:116 -                Rank 1 : false
2025-05-13 12:17:02,826 [INFO] ADCParametersView:116 -                Rank 1 : false
2025-05-13 12:17:02,826 [INFO] ADCParametersView:116 -                Rank 1 : false
2025-05-13 12:17:02,826 [INFO] ADCParametersView:116 -                Rank 1 : false
2025-05-13 12:17:02,826 [INFO] ADCParametersView:116 -                Rank 1 : false
2025-05-13 12:17:02,826 [INFO] ADCParametersView:116 -                Rank 1 : false
2025-05-13 12:17:02,832 [INFO] ADCParametersView:116 -                Rank 1 : false
2025-05-13 12:17:31,328 [INFO] MainUpdater:2872 - connection check result : 10
2025-05-13 12:17:31,502 [INFO] McuFinderGlobals:76 - Set McuFinderConnectedMode to true
2025-05-13 12:17:31,502 [INFO] MultiScanPanel:200 - Auto-refresh data requested => check proxy status ongoing
2025-05-13 12:17:31,502 [INFO] FinderPluginLoader:95 - Searching for filters in installed packs
2025-05-13 12:17:32,915 [INFO] LoadUrlFilesThread:185 - End of LoadServerUrlFiles without Thread
2025-05-13 12:17:32,915 [INFO] DetailPanel:341 - Set advertising image to /Users/winstonhar/STM32Cube/Repository//en.summit-h1-25-promotion.jpg
2025-05-13 12:18:09,755 [INFO] MainUpdater:2872 - connection check result : 10
2025-05-13 12:18:09,755 [INFO] MainUpdater:2872 - connection check result : 10
2025-05-13 12:18:09,872 [INFO] MicroXplorer:468 - Change Database Path : 
2025-05-13 12:18:09,872 [INFO] MicroXplorer:498 - Change Database Version : DB.6.0.141
2025-05-13 12:18:09,885 [ERROR] ProjectManagerView:395 - 
java.lang.NullPointerException: Cannot invoke "javax.swing.JTextField.getText()" because the return value of "java.util.List.get(int)" is null
	at com.st.microxplorer.plugins.projectmanager.gui.ProjectChoiceTab$9.caretUpdate(ProjectChoiceTab.java:2678) ~[filemanager.jar:?]
	at javax.swing.text.JTextComponent.fireCaretUpdate(JTextComponent.java:408) ~[?:?]
	at javax.swing.text.JTextComponent$MutableCaretEvent.fire(JTextComponent.java:4484) ~[?:?]
	at javax.swing.text.JTextComponent$MutableCaretEvent.stateChanged(JTextComponent.java:4506) ~[?:?]
	at javax.swing.text.DefaultCaret.fireStateChanged(DefaultCaret.java:857) ~[?:?]
	at javax.swing.text.DefaultCaret.changeCaretPosition(DefaultCaret.java:1343) ~[?:?]
	at javax.swing.text.DefaultCaret.handleSetDot(DefaultCaret.java:1242) ~[?:?]
	at javax.swing.text.DefaultCaret.setDot(DefaultCaret.java:1223) ~[?:?]
	at javax.swing.text.DefaultCaret$Handler.insertUpdate(DefaultCaret.java:1819) ~[?:?]
	at javax.swing.text.AbstractDocument.fireInsertUpdate(AbstractDocument.java:227) ~[?:?]
	at javax.swing.text.AbstractDocument.handleInsertString(AbstractDocument.java:781) ~[?:?]
	at javax.swing.text.AbstractDocument.insertString(AbstractDocument.java:740) ~[?:?]
	at javax.swing.text.PlainDocument.insertString(PlainDocument.java:131) ~[?:?]
	at javax.swing.text.AbstractDocument.replace(AbstractDocument.java:699) ~[?:?]
	at javax.swing.text.JTextComponent.setText(JTextComponent.java:1725) ~[?:?]
	at com.st.microxplorer.plugins.projectmanager.gui.ProjectChoiceTab.createHeapStackFields(ProjectChoiceTab.java:979) ~[filemanager.jar:?]
	at com.st.microxplorer.plugins.projectmanager.gui.ProjectChoiceTab.buildLinkSettingsPanel(ProjectChoiceTab.java:3766) ~[filemanager.jar:?]
	at com.st.microxplorer.plugins.projectmanager.gui.ProjectChoiceTab.defineWindowsFields(ProjectChoiceTab.java:1962) ~[filemanager.jar:?]
	at com.st.microxplorer.plugins.projectmanager.gui.ProjectChoiceTab.updateSettings(ProjectChoiceTab.java:555) ~[filemanager.jar:?]
	at com.st.microxplorer.plugins.projectmanager.gui.ProjectSettingsPanel.UpdateDialog(ProjectSettingsPanel.java:245) ~[filemanager.jar:?]
	at com.st.microxplorer.plugins.projectmanager.ProjectManagerView.propertyChange(ProjectManagerView.java:392) ~[filemanager.jar:?]
	at java.beans.PropertyChangeSupport.fire(PropertyChangeSupport.java:343) ~[?:?]
	at java.beans.PropertyChangeSupport.firePropertyChange(PropertyChangeSupport.java:335) ~[?:?]
	at java.beans.PropertyChangeSupport.firePropertyChange(PropertyChangeSupport.java:268) ~[?:?]
	at com.st.microxplorer.util.MXPropertyChangeSupport.firePropertyChange(MXPropertyChangeSupport.java:54) ~[STM32CubeMX.jar:?]
	at com.st.microxplorer.mxsystem.MxSystem.closeConfig(MxSystem.java:899) ~[STM32CubeMX.jar:?]
	at com.st.microxplorer.maingui.MainPanel.closeConfig(MainPanel.java:789) ~[STM32CubeMX.jar:?]
	at com.st.microxplorer.plugins.filemanager.engine.OpenFileManager.loadConfigurationFile(OpenFileManager.java:287) ~[filemanager.jar:?]
	at com.st.microxplorer.plugins.filemanager.engine.MainFileManager.userLoadConfig(MainFileManager.java:341) ~[filemanager.jar:?]
	at com.st.microxplorer.plugins.filemanager.engine.MainFileManager.userLoadConfig(MainFileManager.java:319) ~[filemanager.jar:?]
	at com.st.microxplorer.plugins.filemanager.FileManagerView.getSpecificTask(FileManagerView.java:246) ~[filemanager.jar:?]
	at com.st.stm32cube.common.mx.editor.CubeMxEditor.getMxTabbedPaneInstance(CubeMxEditor.java:1198) ~[com.st.stm32cube.common.mx_6.14.1.202504091515/:?]
	at com.st.stm32cube.common.mx.editor.CubeMxEditor$12$1.createSwingComponent(CubeMxEditor.java:1068) ~[com.st.stm32cube.common.mx_6.14.1.202504091515/:?]
	at com.st.stm32cube.common.mx.oss.core.awtswtbridge.EmbeddedSwingComposite.doComponentCreation(EmbeddedSwingComposite.java:492) ~[com.st.stm32cube.common.mx.oss_6.14.1.202504091515/:?]
	at com.st.stm32cube.common.mx.oss.core.awtswtbridge.EmbeddedSwingComposite$4.run(EmbeddedSwingComposite.java:291) ~[com.st.stm32cube.common.mx.oss_6.14.1.202504091515/:?]
	at com.st.stm32cube.common.mx.oss.core.awtswtbridge.AwtEnvironment$2.run(AwtEnvironment.java:166) ~[com.st.stm32cube.common.mx.oss_6.14.1.202504091515/:?]
	at java.awt.event.InvocationEvent.dispatch(InvocationEvent.java:318) ~[?:?]
	at java.awt.EventQueue.dispatchEventImpl(EventQueue.java:773) ~[?:?]
	at java.awt.EventQueue$4.run(EventQueue.java:720) ~[?:?]
	at java.awt.EventQueue$4.run(EventQueue.java:714) ~[?:?]
	at java.security.AccessController.doPrivileged(AccessController.java:400) ~[?:?]
	at java.security.ProtectionDomain$JavaSecurityAccessImpl.doIntersectionPrivilege(ProtectionDomain.java:87) ~[?:?]
	at java.awt.EventQueue.dispatchEvent(EventQueue.java:742) ~[?:?]
	at java.awt.EventDispatchThread.pumpOneEventForFilters(EventDispatchThread.java:203) ~[?:?]
	at java.awt.EventDispatchThread.pumpEventsForFilter(EventDispatchThread.java:124) ~[?:?]
	at java.awt.EventDispatchThread.pumpEventsForHierarchy(EventDispatchThread.java:113) ~[?:?]
	at java.awt.EventDispatchThread.pumpEvents(EventDispatchThread.java:109) ~[?:?]
	at java.awt.EventDispatchThread.pumpEvents(EventDispatchThread.java:101) ~[?:?]
	at java.awt.EventDispatchThread.run(EventDispatchThread.java:90) ~[?:?]
2025-05-13 12:18:09,894 [WARN] ThirdParty:871 - waiting for thirdparty lock release [close project]
2025-05-13 12:18:09,894 [INFO] ThirdParty:873 - entering critical section [close project]
2025-05-13 12:18:09,894 [INFO] ThirdParty:883 - exiting critical section [close project]
2025-05-13 12:18:09,895 [INFO] PinOutPanel:1589 - setPackage(No Configuration,No Configuration)
2025-05-13 12:18:09,902 [INFO] UtilMem:75 - Begin LoadConfig() Used Memory: 883874400 Bytes (1073741824)
2025-05-13 12:18:18,248 [INFO] MicroXplorer:468 - Change Database Path : 
2025-05-13 12:18:18,249 [INFO] MicroXplorer:498 - Change Database Version : DB.6.0.141
2025-05-13 12:18:18,249 [INFO] OpenFileManager:354 - Change cursor
2025-05-13 12:18:18,261 [INFO] RulesReader:64 - Compatibility file has been processed (302 Rules)
2025-05-13 12:18:18,265 [INFO] Mcu:2011 - Initializing MCU STM32F407V(E-G)Tx STM32F407VGTx STM32F407VGT6
2025-05-13 12:18:19,412 [INFO] Context:756 - Trying to add GPIOservice into a context  which must be forbidden
2025-05-13 12:18:19,991 [INFO] Rule:225 - rule Adapt Old IOC CSI. is applicable
2025-05-13 12:18:19,992 [INFO] DbConfProperties:307 - Apply Compatibility (0/1 Rules)
2025-05-13 12:18:20,012 [INFO] ImportTextPane:218 - (OptionalMessage_ERROR) Pin35 (VP_RIF_VS_RIF1) cannot be retrieved for this MCU
2025-05-13 12:18:20,551 [INFO] RtosManager:558 - Registered RTOS mode: class=CMSIS, group=RTOS, mode=CMSIS_V1, owner=FREERTOS
2025-05-13 12:18:20,551 [INFO] RtosManager:558 - Registered RTOS mode: class=CMSIS, group=RTOS2, mode=CMSIS_V2, owner=FREERTOS
2025-05-13 12:18:20,551 [INFO] RtosManager:558 - Registered RTOS mode: class=RTOS, group=Core, mode=CMSIS_V1, owner=FREERTOS
2025-05-13 12:18:20,551 [INFO] RtosManager:558 - Registered RTOS mode: class=RTOS, group=Core, mode=CMSIS_V2, owner=FREERTOS
2025-05-13 12:18:20,551 [WARN] ModelIntegratedComponent:184 - Missing modes for component STMicroelectronics:FreeRTOS:0.0.1:STMicroelectronics:RTOS:FreeRTOS:Core:::10.2.0:
2025-05-13 12:18:20,569 [WARN] ModelIntegratedComponent:63 - No mode defined for component null
2025-05-13 12:18:20,570 [WARN] ModelIntegratedComponent:63 - No mode defined for component null
2025-05-13 12:18:20,570 [WARN] ModelIntegratedComponent:63 - No mode defined for component null
2025-05-13 12:18:20,570 [WARN] ModelIntegratedComponent:63 - No mode defined for component null
2025-05-13 12:18:20,570 [WARN] ModelIntegratedComponent:63 - No mode defined for component null
2025-05-13 12:18:20,570 [WARN] ModelIntegratedComponent:63 - No mode defined for component null
2025-05-13 12:18:20,570 [WARN] ModelIntegratedComponent:63 - No mode defined for component null
2025-05-13 12:18:20,570 [WARN] ModelIntegratedComponent:63 - No mode defined for component null
2025-05-13 12:18:20,570 [WARN] ModelIntegratedComponent:63 - No mode defined for component null
2025-05-13 12:18:20,571 [WARN] ModelIntegratedComponent:63 - No mode defined for component null
2025-05-13 12:18:20,571 [WARN] ModelIntegratedComponent:63 - No mode defined for component null
2025-05-13 12:18:20,571 [WARN] ModelIntegratedComponent:63 - No mode defined for component null
2025-05-13 12:18:20,571 [WARN] ModelIntegratedComponent:63 - No mode defined for component null
2025-05-13 12:18:20,571 [WARN] ModelIntegratedComponent:63 - No mode defined for component null
2025-05-13 12:18:20,571 [WARN] ModelIntegratedComponent:63 - No mode defined for component null
2025-05-13 12:18:20,571 [WARN] ModelIntegratedComponent:63 - No mode defined for component null
2025-05-13 12:18:20,571 [WARN] ModelIntegratedComponent:63 - No mode defined for component null
2025-05-13 12:18:20,571 [WARN] ModelIntegratedComponent:63 - No mode defined for component null
2025-05-13 12:18:20,571 [WARN] ModelIntegratedComponent:63 - No mode defined for component null
2025-05-13 12:18:20,571 [WARN] ModelIntegratedComponent:63 - No mode defined for component null
2025-05-13 12:18:20,571 [WARN] ModelIntegratedComponent:63 - No mode defined for component null
2025-05-13 12:18:20,572 [WARN] ModelIntegratedComponent:63 - No mode defined for component null
2025-05-13 12:18:20,572 [WARN] ModelIntegratedComponent:63 - No mode defined for component null
2025-05-13 12:18:20,572 [WARN] ModelIntegratedComponent:63 - No mode defined for component null
2025-05-13 12:18:20,572 [WARN] ModelIntegratedComponent:63 - No mode defined for component null
2025-05-13 12:18:20,572 [WARN] ModelIntegratedComponent:63 - No mode defined for component null
2025-05-13 12:18:20,572 [WARN] ModelIntegratedComponent:63 - No mode defined for component null
2025-05-13 12:18:20,572 [WARN] ModelIntegratedComponent:63 - No mode defined for component null
2025-05-13 12:18:20,572 [WARN] ModelIntegratedComponent:63 - No mode defined for component null
2025-05-13 12:18:20,572 [WARN] ModelIntegratedComponent:63 - No mode defined for component null
2025-05-13 12:18:20,572 [WARN] ModelIntegratedComponent:63 - No mode defined for component null
2025-05-13 12:18:20,572 [WARN] ModelIntegratedComponent:63 - No mode defined for component null
2025-05-13 12:18:20,572 [WARN] ModelIntegratedComponent:63 - No mode defined for component null
2025-05-13 12:18:20,572 [WARN] ModelIntegratedComponent:63 - No mode defined for component null
2025-05-13 12:18:20,572 [WARN] ModelIntegratedComponent:63 - No mode defined for component null
2025-05-13 12:18:20,572 [WARN] ModelPack:524 - Component already loaded: STMicroelectronics:HAL Drivers:0.0.0:STMicroelectronics:Device:STMicro_Driver:XSPI:HAL::0.0.1:HAL_XSPI
2025-05-13 12:18:20,745 [INFO] ThirdPartyModel:298 - Start build external matchings
2025-05-13 12:18:21,879 [INFO] ThirdPartyModel:316 - End build external matchings
2025-05-13 12:18:21,896 [INFO] ImportTextPane:218 - (OptionalMessage_ERROR) IP (RCC) : Parameter (RTCHSEDivFreq_Value) has invalid value (4000000)
2025-05-13 12:18:22,070 [INFO] UtilMem:75 - End LoadConfig() Used Memory: 680798544 Bytes (1073741824)
2025-05-13 12:18:22,072 [INFO] ApiDb:581 - Connected to CubeFinder SQLite database (/Users/winstonhar/.stmcufinder/plugins/mcufinder/mcu/cube-finder-db.db)
2025-05-13 12:18:22,410 [WARN] ThirdParty:833 - waiting for thirdparty lock release [change project]
2025-05-13 12:18:22,410 [INFO] ThirdParty:835 - entering critical section [change project]
2025-05-13 12:18:22,411 [INFO] ThirdParty:1030 - CMSIS Pack Vendor :STMicroelectronics USBPD 4.1
2025-05-13 12:18:22,411 [INFO] ThirdParty:1030 - CMSIS Pack Vendor :STMicroelectronics X-CUBE-AZRTOS-H7 3.3.0
2025-05-13 12:18:22,411 [INFO] ThirdParty:1030 - CMSIS Pack Vendor :STMicroelectronics X-CUBE-NFC9 1.0.0
2025-05-13 12:18:22,411 [INFO] ThirdParty:1030 - CMSIS Pack Vendor :STMicroelectronics USB_HOST 2.0.0
2025-05-13 12:18:22,411 [INFO] ThirdParty:1030 - CMSIS Pack Vendor :STMicroelectronics FP-SNS-MOTENVWB1 1.4.0
2025-05-13 12:18:22,411 [INFO] ThirdParty:1030 - CMSIS Pack Vendor :STMicroelectronics X-CUBE-AZRTOS-F4 1.1.0
2025-05-13 12:18:22,411 [INFO] ThirdParty:1030 - CMSIS Pack Vendor :STMicroelectronics LIBJPEG 8.0.0
2025-05-13 12:18:22,411 [INFO] ThirdParty:1030 - CMSIS Pack Vendor :STMicroelectronics FP-ATR-ASTRA1 2.0.2
2025-05-13 12:18:22,411 [INFO] ThirdParty:1030 - CMSIS Pack Vendor :STMicroelectronics X-CUBE-BLE1 7.1.0
2025-05-13 12:18:22,411 [INFO] ThirdParty:1030 - CMSIS Pack Vendor :Avnet-IotConnect X-CUBE-IoTC-DA16k-PMOD 1.0.0
2025-05-13 12:18:22,411 [INFO] ThirdParty:1030 - CMSIS Pack Vendor :STMicroelectronics X-CUBE-SMBUS 2.1.0
2025-05-13 12:18:22,412 [INFO] ThirdParty:1030 - CMSIS Pack Vendor :STMicroelectronics X-CUBE-WB05N 1.1.0
2025-05-13 12:18:22,412 [INFO] ThirdParty:1030 - CMSIS Pack Vendor :wolfSSL I-CUBE-wolfMQTT 1.19.2
2025-05-13 12:18:22,412 [INFO] ThirdParty:1030 - CMSIS Pack Vendor :STMicroelectronics USB_DEVICE 3.0.0
2025-05-13 12:18:22,412 [INFO] ThirdParty:1030 - CMSIS Pack Vendor :STMicroelectronics X-CUBE-ISPU 2.1.0
2025-05-13 12:18:22,412 [INFO] ThirdParty:1030 - CMSIS Pack Vendor :STMicroelectronics X-CUBE-AZRTOS-WB 2.0.0
2025-05-13 12:18:22,412 [INFO] ThirdParty:1030 - CMSIS Pack Vendor :STMicroelectronics X-CUBE-GNSS1 7.0.1
2025-05-13 12:18:22,412 [INFO] ThirdParty:1030 - CMSIS Pack Vendor :STMicroelectronics X-CUBE-AZRTOS-F7 1.1.0
2025-05-13 12:18:22,412 [INFO] ThirdParty:1030 - CMSIS Pack Vendor :STMicroelectronics X-CUBE-AZRTOS-L5 2.0.0
2025-05-13 12:18:22,412 [INFO] ThirdParty:1030 - CMSIS Pack Vendor :STMicroelectronics X-CUBE-TOUCHGFX 4.25.0
2025-05-13 12:18:22,412 [INFO] ThirdParty:1030 - CMSIS Pack Vendor :STMicroelectronics USB_DEVICE 2.0.0
2025-05-13 12:18:22,412 [INFO] ThirdParty:1030 - CMSIS Pack Vendor :STMicroelectronics X-CUBE-NFC6 3.1.0
2025-05-13 12:18:22,412 [INFO] ThirdParty:1030 - CMSIS Pack Vendor :STMicroelectronics FP-SNS-STBOX1 2.0.0
2025-05-13 12:18:22,412 [INFO] ThirdParty:1030 - CMSIS Pack Vendor :STMicroelectronics X-CUBE-MEMS1 11.2.0
2025-05-13 12:18:22,412 [INFO] ThirdParty:1030 - CMSIS Pack Vendor :STMicroelectronics FreeRTOS 0.0.1
2025-05-13 12:18:22,412 [INFO] ThirdParty:1030 - CMSIS Pack Vendor :STMicroelectronics X-CUBE-AZRTOS-G0 1.1.0
2025-05-13 12:18:22,412 [INFO] ThirdParty:1030 - CMSIS Pack Vendor :STMicroelectronics X-CUBE-SAFEA1 1.2.2
2025-05-13 12:18:22,412 [INFO] ThirdParty:1030 - CMSIS Pack Vendor :STMicroelectronics X-CUBE-NFC4 3.0.0
2025-05-13 12:18:22,413 [INFO] ThirdParty:1030 - CMSIS Pack Vendor :STMicroelectronics X-CUBE-SUBG2 5.0.0
2025-05-13 12:18:22,413 [INFO] ThirdParty:1030 - CMSIS Pack Vendor :STMicroelectronics X-CUBE-AZRTOS-H7RS 1.1.0
2025-05-13 12:18:22,413 [INFO] ThirdParty:1030 - CMSIS Pack Vendor :STMicroelectronics STM32_WPAN 1.0.0
2025-05-13 12:18:22,413 [INFO] ThirdParty:1030 - CMSIS Pack Vendor :EmbeddedOffice I-CUBE-FS-RTOS 1.0.1
2025-05-13 12:18:22,413 [INFO] ThirdParty:1030 - CMSIS Pack Vendor :STMicroelectronics lwIP 2.0.3
2025-05-13 12:18:22,413 [INFO] ThirdParty:1030 - CMSIS Pack Vendor :Cesanta I-CUBE-Mongoose 7.13.0
2025-05-13 12:18:22,413 [INFO] ThirdParty:1030 - CMSIS Pack Vendor :STMicroelectronics USB_HOST 1.0.0
2025-05-13 12:18:22,413 [INFO] ThirdParty:1030 - CMSIS Pack Vendor :Infineon AIROC-Wi-Fi-Bluetooth-STM32 1.7.0
2025-05-13 12:18:22,413 [INFO] ThirdParty:1030 - CMSIS Pack Vendor :STMicroelectronics X-CUBE-AZRTOS-G4 2.0.0
2025-05-13 12:18:22,413 [INFO] ThirdParty:1030 - CMSIS Pack Vendor :STMicroelectronics X-CUBE-WB05N 2.0.0
2025-05-13 12:18:22,413 [INFO] ThirdParty:1030 - CMSIS Pack Vendor :STMicroelectronics PDM2PCM 3.1.0
2025-05-13 12:18:22,413 [INFO] ThirdParty:1030 - CMSIS Pack Vendor :STMicroelectronics PDM2PCM 3.3.0
2025-05-13 12:18:22,413 [INFO] ThirdParty:1030 - CMSIS Pack Vendor :wolfSSL I-CUBE-wolfTPM 3.8.0
2025-05-13 12:18:22,413 [INFO] ThirdParty:1030 - CMSIS Pack Vendor :STMicroelectronics X-CUBE-DISPLAY 3.0.0
2025-05-13 12:18:22,414 [INFO] ThirdParty:1030 - CMSIS Pack Vendor :wolfSSL I-CUBE-wolfSSH 1.4.20
2025-05-13 12:18:22,414 [INFO] ThirdParty:1030 - CMSIS Pack Vendor :STMicroelectronics X-CUBE-NFC7 2.0.0
2025-05-13 12:18:22,414 [INFO] ThirdParty:1030 - CMSIS Pack Vendor :STMicroelectronics X-CUBE-TCPP 4.2.0
2025-05-13 12:18:22,414 [INFO] ThirdParty:1030 - CMSIS Pack Vendor :RealThread X-CUBE-RT-Thread_Nano 4.1.1
2025-05-13 12:18:22,414 [INFO] ThirdParty:1030 - CMSIS Pack Vendor :STMicroelectronics FP-ATR-SIGFOX1 3.2.0
2025-05-13 12:18:22,414 [INFO] ThirdParty:1030 - CMSIS Pack Vendor :STMicroelectronics X-CUBE-NFC10 1.0.0
2025-05-13 12:18:22,414 [INFO] ThirdParty:1030 - CMSIS Pack Vendor :STMicroelectronics X-CUBE-BLEMGR 4.0.0
2025-05-13 12:18:22,414 [INFO] ThirdParty:1030 - CMSIS Pack Vendor :STMicroelectronics X-CUBE-EEPRMA1 5.1.0
2025-05-13 12:18:22,414 [INFO] ThirdParty:1030 - CMSIS Pack Vendor :STMicroelectronics X-CUBE-FREERTOS 1.3.1
2025-05-13 12:18:22,414 [INFO] ThirdParty:1030 - CMSIS Pack Vendor :STMicroelectronics HAL Drivers 0.0.0
2025-05-13 12:18:22,414 [INFO] ThirdParty:1030 - CMSIS Pack Vendor :STMicroelectronics MBEDTLS 2.16.2
2025-05-13 12:18:22,414 [INFO] ThirdParty:1030 - CMSIS Pack Vendor :STMicroelectronics X-CUBE-IPS 3.1.0
2025-05-13 12:18:22,414 [INFO] ThirdParty:1030 - CMSIS Pack Vendor :STMicroelectronics X-CUBE-ALS 1.0.2
2025-05-13 12:18:22,414 [INFO] ThirdParty:1030 - CMSIS Pack Vendor :emotas I-CUBE-CANOPEN 1.3.0
2025-05-13 12:18:22,414 [INFO] ThirdParty:1030 - CMSIS Pack Vendor :STMicroelectronics X-CUBE-FREERTOS 1.3.0
2025-05-13 12:18:22,415 [INFO] ThirdParty:1030 - CMSIS Pack Vendor :STMicroelectronics X-CUBE-NFC7 1.0.1
2025-05-13 12:18:22,415 [INFO] ThirdParty:1030 - CMSIS Pack Vendor :STMicroelectronics MBEDTLS 2.14.1
2025-05-13 12:18:22,415 [INFO] ThirdParty:1030 - CMSIS Pack Vendor :wolfSSL I-CUBE-wolfSSL 5.7.6
2025-05-13 12:18:22,415 [INFO] ThirdParty:1030 - CMSIS Pack Vendor :ITTIA_DB I-CUBE-ITTIADB 8.9.0
2025-05-13 12:18:22,415 [INFO] ThirdParty:1030 - CMSIS Pack Vendor :portGmbH I-Cube-SoM-uGOAL 1.1.0
2025-05-13 12:18:22,415 [INFO] ThirdParty:1030 - CMSIS Pack Vendor :quantropi X-CUBE-qispace-sdk-base 2.0.0
2025-05-13 12:18:22,415 [INFO] ThirdParty:1030 - CMSIS Pack Vendor :STMicroelectronics X-CUBE-AI 10.0.0
2025-05-13 12:18:22,415 [INFO] ThirdParty:1030 - CMSIS Pack Vendor :STMicroelectronics ThreadX 1.0.0
2025-05-13 12:18:22,415 [INFO] ThirdParty:1030 - CMSIS Pack Vendor :STMicroelectronics FP-SNS-SMARTAG2 1.2.0
2025-05-13 12:18:22,415 [INFO] ThirdParty:1030 - CMSIS Pack Vendor :STMicroelectronics FP-SNS-FLIGHT1 5.1.0
2025-05-13 12:18:22,415 [INFO] ThirdParty:1030 - CMSIS Pack Vendor :STMicroelectronics X-CUBE-MEMS1 11.1.0
2025-05-13 12:18:22,415 [INFO] ThirdParty:1030 - CMSIS Pack Vendor :STMicroelectronics X-CUBE-AZRTOS-WL 2.0.0
2025-05-13 12:18:22,415 [INFO] ThirdParty:1030 - CMSIS Pack Vendor :SEGGER I-CUBE-embOS 1.3.1
2025-05-13 12:18:22,415 [INFO] ThirdParty:1030 - CMSIS Pack Vendor :STMicroelectronics X-CUBE-ALGOBUILD 1.4.0
2025-05-13 12:18:22,415 [INFO] ThirdParty:1030 - CMSIS Pack Vendor :STMicroelectronics X-CUBE-DPower 1.3.0
2025-05-13 12:18:22,415 [INFO] ThirdParty:1030 - CMSIS Pack Vendor :STMicroelectronics FP-SNS-MOTENV1 5.0.0
2025-05-13 12:18:22,415 [INFO] ThirdParty:1030 - CMSIS Pack Vendor :STMicroelectronics USB_DEVICE 1.0.0
2025-05-13 12:18:22,415 [INFO] ThirdParty:1030 - CMSIS Pack Vendor :STMicroelectronics X-CUBE-AZRTOS-L4 2.0.0
2025-05-13 12:18:22,415 [INFO] ThirdParty:1030 - CMSIS Pack Vendor :STMicroelectronics ThreadX 0.0.2
2025-05-13 12:18:22,415 [INFO] ThirdParty:1030 - CMSIS Pack Vendor :WES I-CUBE-Cesium 1.3.0
2025-05-13 12:18:22,415 [INFO] ThirdParty:1030 - CMSIS Pack Vendor :STMicroelectronics lwIP 2.1.2
2025-05-13 12:18:22,415 [INFO] ThirdParty:1030 - CMSIS Pack Vendor :STMicroelectronics X-CUBE-SFXS2LP1 4.0.0
2025-05-13 12:18:22,416 [INFO] ThirdParty:1030 - CMSIS Pack Vendor :STMicroelectronics X-CUBE-BLE2 3.3.0
2025-05-13 12:18:22,416 [INFO] ThirdParty:1030 - CMSIS Pack Vendor :STMicroelectronics X-CUBE-TOF1 3.4.2
2025-05-13 12:18:22,416 [INFO] ThirdParty:1030 - CMSIS Pack Vendor :STMicroelectronics X-CUBE-TOF1 3.4.3
2025-05-13 12:18:22,416 [INFO] ThirdParty:1030 - CMSIS Pack Vendor :STMicroelectronics PDM2PCM 3.2.0
2025-05-13 12:18:22,416 [INFO] ThirdParty:841 - exiting critical section [change project]
2025-05-13 12:18:22,632 [INFO] PinOutPanel:1589 - setPackage(No Configuration,No Configuration)
2025-05-13 12:18:22,633 [INFO] PinOutPanel:1589 - setPackage(STM32F407VGTx,LQFP100)
2025-05-13 12:18:23,197 [INFO] UtilMem:75 - Before build in PCC Used Memory: 884219632 Bytes (1073741824)
2025-05-13 12:18:23,422 [INFO] UtilMem:75 - After build in PCC Used Memory: 931927792 Bytes (1073741824)
2025-05-13 12:18:23,439 [INFO] ApiDbMcu:508 - Load IP Config File for USB_HOST
2025-05-13 12:18:23,441 [WARN] BspModel:444 - BSP dependency skipped because of component: name='IOExpander', api='Unknown'
2025-05-13 12:18:23,467 [INFO] IPUIPlugin:80 - create IPUIPlugin
2025-05-13 12:18:23,467 [INFO] IPUIPlugin:80 - create IPUIPlugin
2025-05-13 12:18:23,467 [INFO] IPUIPlugin:80 - create IPUIPlugin
2025-05-13 12:18:23,467 [INFO] IPUIPlugin:80 - create IPUIPlugin
2025-05-13 12:18:23,467 [INFO] IPUIPlugin:80 - create IPUIPlugin
2025-05-13 12:18:23,468 [INFO] IPUIPlugin:80 - create IPUIPlugin
2025-05-13 12:18:23,468 [INFO] IPUIPlugin:80 - create IPUIPlugin
2025-05-13 12:18:23,468 [INFO] IPUIPlugin:80 - create IPUIPlugin
2025-05-13 12:18:23,468 [INFO] IPUIPlugin:80 - create IPUIPlugin
2025-05-13 12:18:23,468 [INFO] IPUIPlugin:80 - create IPUIPlugin
2025-05-13 12:18:23,468 [INFO] IPUIPlugin:80 - create IPUIPlugin
2025-05-13 12:18:23,468 [INFO] IPUIPlugin:80 - create IPUIPlugin
2025-05-13 12:18:23,469 [INFO] IPUIPlugin:80 - create IPUIPlugin
2025-05-13 12:18:23,469 [INFO] IPUIPlugin:80 - create IPUIPlugin
2025-05-13 12:18:23,469 [INFO] IPUIPlugin:80 - create IPUIPlugin
2025-05-13 12:18:23,469 [INFO] IPUIPlugin:80 - create IPUIPlugin
2025-05-13 12:18:23,469 [INFO] IPUIPlugin:80 - create IPUIPlugin
2025-05-13 12:18:23,470 [INFO] IPUIPlugin:80 - create IPUIPlugin
2025-05-13 12:18:23,470 [INFO] IPUIPlugin:80 - create IPUIPlugin
2025-05-13 12:18:23,470 [INFO] IPUIPlugin:80 - create IPUIPlugin
2025-05-13 12:18:23,470 [INFO] IPUIPlugin:80 - create IPUIPlugin
2025-05-13 12:18:23,471 [INFO] IPUIPlugin:80 - create IPUIPlugin
2025-05-13 12:18:23,471 [INFO] IPUIPlugin:80 - create IPUIPlugin
2025-05-13 12:18:23,471 [INFO] IPUIPlugin:80 - create IPUIPlugin
2025-05-13 12:18:23,471 [INFO] IPUIPlugin:80 - create IPUIPlugin
2025-05-13 12:18:23,471 [INFO] IPUIPlugin:80 - create IPUIPlugin
2025-05-13 12:18:23,471 [INFO] IPUIPlugin:80 - create IPUIPlugin
2025-05-13 12:18:23,472 [INFO] IPUIPlugin:80 - create IPUIPlugin
2025-05-13 12:18:23,472 [INFO] IPUIPlugin:80 - create IPUIPlugin
2025-05-13 12:18:23,472 [INFO] IPUIPlugin:80 - create IPUIPlugin
2025-05-13 12:18:23,472 [INFO] IPUIPlugin:80 - create IPUIPlugin
2025-05-13 12:18:23,472 [INFO] IPUIPlugin:80 - create IPUIPlugin
2025-05-13 12:18:23,472 [INFO] IPUIPlugin:80 - create IPUIPlugin
2025-05-13 12:18:23,472 [INFO] IPUIPlugin:80 - create IPUIPlugin
2025-05-13 12:18:23,473 [INFO] IPUIPlugin:80 - create IPUIPlugin
2025-05-13 12:18:23,473 [INFO] IPUIPlugin:80 - create IPUIPlugin
2025-05-13 12:18:23,473 [INFO] IPUIPlugin:80 - create IPUIPlugin
2025-05-13 12:18:23,473 [INFO] IPUIPlugin:80 - create IPUIPlugin
2025-05-13 12:18:23,473 [INFO] IPUIPlugin:80 - create IPUIPlugin
2025-05-13 12:18:23,473 [INFO] IPUIPlugin:80 - create IPUIPlugin
2025-05-13 12:18:23,473 [INFO] IPUIPlugin:80 - create IPUIPlugin
2025-05-13 12:18:23,473 [INFO] IPUIPlugin:80 - create IPUIPlugin
2025-05-13 12:18:23,473 [INFO] IPUIPlugin:80 - create IPUIPlugin
2025-05-13 12:18:23,473 [INFO] IPUIPlugin:80 - create IPUIPlugin
2025-05-13 12:18:23,474 [INFO] IPUIPlugin:80 - create IPUIPlugin
2025-05-13 12:18:23,474 [INFO] IPUIPlugin:80 - create IPUIPlugin
2025-05-13 12:18:23,474 [INFO] IPUIPlugin:80 - create IPUIPlugin
2025-05-13 12:18:23,474 [INFO] IPUIPlugin:80 - create IPUIPlugin
2025-05-13 12:18:23,474 [INFO] IPUIPlugin:80 - create IPUIPlugin
2025-05-13 12:18:23,474 [INFO] IPUIPlugin:80 - create IPUIPlugin
2025-05-13 12:18:23,475 [INFO] IPUIPlugin:80 - create IPUIPlugin
2025-05-13 12:18:23,475 [INFO] IPUIPlugin:80 - create IPUIPlugin
2025-05-13 12:18:23,475 [INFO] IPUIPlugin:80 - create IPUIPlugin
2025-05-13 12:18:23,476 [INFO] IPUIPlugin:80 - create IPUIPlugin
2025-05-13 12:18:23,476 [INFO] IPUIPlugin:80 - create IPUIPlugin
2025-05-13 12:18:23,477 [INFO] IPUIPlugin:80 - create IPUIPlugin
2025-05-13 12:18:23,477 [INFO] IPUIPlugin:80 - create IPUIPlugin
2025-05-13 12:18:23,477 [INFO] IPUIPlugin:80 - create IPUIPlugin
2025-05-13 12:18:23,482 [INFO] ApiDbMcu:508 - Load IP Config File for PDM2PCM
2025-05-13 12:18:23,483 [WARN] IP:2250 - I2C_Coeff_DF not found: check if there is a RefParameter without a condition.
2025-05-13 12:18:23,483 [WARN] IP:2250 - Analog_Filter not found: check if there is a RefParameter without a condition.
2025-05-13 12:18:23,492 [INFO] I2sManager:658 - 9.6E7
2025-05-13 12:18:23,493 [INFO] I2sManager:195 - I2S Clock Value : 9.6E7
2025-05-13 12:18:23,495 [INFO] I2sManager:553 - AudioClock : 93750Divider : 2Odd : 0
2025-05-13 12:18:23,552 [INFO] CADModel:165 - CPN selected for project levelSTM32F407VGT6
2025-05-13 12:18:23,552 [INFO] CADModel:114 - Register for checkConnection events
2025-05-13 12:18:23,597 [INFO] OpenFileManager:385 - Restore cursor
2025-05-13 12:18:23,756 [WARN] IP:2250 - I2C_Coeff_DF not found: check if there is a RefParameter without a condition.
2025-05-13 12:18:23,756 [WARN] IP:2250 - Analog_Filter not found: check if there is a RefParameter without a condition.
2025-05-13 12:18:23,757 [WARN] IP:2250 - I2C_Coeff_DF not found: check if there is a RefParameter without a condition.
2025-05-13 12:18:23,757 [WARN] IP:2250 - Analog_Filter not found: check if there is a RefParameter without a condition.
2025-05-13 12:18:23,936 [INFO] UtilMem:75 - End SaveConfig() Used Memory: 504838280 Bytes (1073741824)
2025-05-13 12:18:31,335 [INFO] AnalyticsPlugin:363 - Accepted License(s) without tracking enabled: [FW.F4.1.28.0]
2025-05-13 12:18:31,336 [INFO] FileExtend:242 - Unzip File : stm32cube_fw_f4_v1280.zip
2025-05-13 12:18:31,336 [INFO] FileExtend:257 - Standard Zip Deflate
2025-05-13 12:18:51,500 [INFO] ServerAccessManage:473 - Download File stm32cube_fw_f4_v1282.zip
2025-05-13 12:19:26,794 [INFO] FileExtend:242 - Unzip File : stm32cube_fw_f4_v1282.zip
2025-05-13 12:19:26,795 [INFO] FileExtend:257 - Standard Zip Deflate
2025-05-13 12:19:40,710 [INFO] LoadServerPackagesThread:196 - End of LoadServerPackages Thread
2025-05-13 12:19:40,993 [INFO] ThirdPartyModel:298 - Start build external matchings
2025-05-13 12:19:41,038 [INFO] UtilMem:75 - End SaveConfig() Used Memory: 760952160 Bytes (1073741824)
2025-05-13 12:19:41,639 [INFO] BlockDiagram:2775 - set Specific Code input for plugin: SPI
2025-05-13 12:19:41,640 [INFO] BlockDiagram:2775 - set Specific Code input for plugin: I2S
2025-05-13 12:19:41,640 [INFO] BlockDiagram:2775 - set Specific Code input for plugin: SYS
2025-05-13 12:19:41,640 [INFO] BlockDiagram:2775 - set Specific Code input for plugin: RCC
2025-05-13 12:19:41,641 [INFO] BlockDiagram:2775 - set Specific Code input for plugin: I2C
2025-05-13 12:19:41,641 [INFO] BlockDiagram:2775 - set Specific Code input for plugin: USB_OTG_FS
2025-05-13 12:19:41,641 [INFO] BlockDiagram:2775 - set Specific Code input for plugin: NVIC
2025-05-13 12:19:41,641 [INFO] BlockDiagram:2775 - set Specific Code input for plugin: USB_HOST
2025-05-13 12:19:41,642 [INFO] BlockDiagram:2775 - set Specific Code input for plugin: GPIO
2025-05-13 12:19:41,643 [INFO] CodeGenerator:882 - code generatio: config db path: /Applications/STM32CubeIDE.app/Contents/Eclipse/plugins/com.st.stm32cube.common.mx_6.14.1.202504091515//db/
2025-05-13 12:19:41,654 [WARN] IP:2250 - I2C_Coeff_DF not found: check if there is a RefParameter without a condition.
2025-05-13 12:19:41,655 [WARN] IP:2250 - Analog_Filter not found: check if there is a RefParameter without a condition.
2025-05-13 12:19:42,146 [INFO] CodeEngine:263 - oldGeneratedFile, /Users/winstonhar/ENCE-3231/Phase A/Projects/2025_STM32F407_ADC/MXTmpFiles/license.tmp_save
2025-05-13 12:19:42,305 [INFO] CodeEngine:287 - Generated code: /Users/winstonhar/ENCE-3231/Phase A/Projects/2025_STM32F407_ADC/MXTmpFiles/license.tmp
2025-05-13 12:19:42,411 [INFO] CodeEngine:263 - oldGeneratedFile, /Users/winstonhar/ENCE-3231/Phase A/Projects/2025_STM32F407_ADC/MXTmpFiles/gpio.tmp_save
2025-05-13 12:19:42,502 [INFO] CodeEngine:287 - Generated code: /Users/winstonhar/ENCE-3231/Phase A/Projects/2025_STM32F407_ADC/MXTmpFiles/gpio.tmp
2025-05-13 12:19:42,639 [WARN] IPConfigManager:3217 - Warning: the RefConfig PWREx_EnableUSBVoltageDetector is not available in your config.xml file
2025-05-13 12:19:42,647 [INFO] CodeEngine:263 - oldGeneratedFile, /Users/winstonhar/ENCE-3231/Phase A/Projects/2025_STM32F407_ADC/MXTmpFiles/usb_otg_fs_vars.tmp_save
2025-05-13 12:19:42,721 [INFO] CodeEngine:287 - Generated code: /Users/winstonhar/ENCE-3231/Phase A/Projects/2025_STM32F407_ADC/MXTmpFiles/usb_otg_fs_vars.tmp
2025-05-13 12:19:42,724 [INFO] CodeEngine:263 - oldGeneratedFile, /Users/winstonhar/ENCE-3231/Phase A/Projects/2025_STM32F407_ADC/MXTmpFiles/usb_otg_fs_inc.tmp_save
2025-05-13 12:19:42,789 [INFO] CodeEngine:287 - Generated code: /Users/winstonhar/ENCE-3231/Phase A/Projects/2025_STM32F407_ADC/MXTmpFiles/usb_otg_fs_inc.tmp
2025-05-13 12:19:42,792 [INFO] CodeEngine:263 - oldGeneratedFile, /Users/winstonhar/ENCE-3231/Phase A/Projects/2025_STM32F407_ADC/MXTmpFiles/usb_otg_fs_HalInit.tmp_save
2025-05-13 12:19:42,872 [INFO] CodeEngine:287 - Generated code: /Users/winstonhar/ENCE-3231/Phase A/Projects/2025_STM32F407_ADC/MXTmpFiles/usb_otg_fs_HalInit.tmp
2025-05-13 12:19:42,876 [INFO] CodeEngine:263 - oldGeneratedFile, /Users/winstonhar/ENCE-3231/Phase A/Projects/2025_STM32F407_ADC/MXTmpFiles/usb_otg_fs_Msp.tmp_save
2025-05-13 12:19:42,978 [INFO] CodeEngine:287 - Generated code: /Users/winstonhar/ENCE-3231/Phase A/Projects/2025_STM32F407_ADC/MXTmpFiles/usb_otg_fs_Msp.tmp
2025-05-13 12:19:43,382 [INFO] CodeEngine:263 - oldGeneratedFile, /Users/winstonhar/ENCE-3231/Phase A/Projects/2025_STM32F407_ADC/USB_HOST/App/usb_host.c_save
2025-05-13 12:19:43,469 [INFO] CodeEngine:287 - Generated code: /Users/winstonhar/ENCE-3231/Phase A/Projects/2025_STM32F407_ADC/USB_HOST/App/usb_host.c
2025-05-13 12:19:43,472 [INFO] CodeEngine:263 - oldGeneratedFile, /Users/winstonhar/ENCE-3231/Phase A/Projects/2025_STM32F407_ADC/USB_HOST/App/usb_host.h_save
2025-05-13 12:19:43,540 [INFO] CodeEngine:287 - Generated code: /Users/winstonhar/ENCE-3231/Phase A/Projects/2025_STM32F407_ADC/USB_HOST/App/usb_host.h
2025-05-13 12:19:43,543 [INFO] CodeEngine:263 - oldGeneratedFile, /Users/winstonhar/ENCE-3231/Phase A/Projects/2025_STM32F407_ADC/USB_HOST/Target/usbh_conf.h_save
2025-05-13 12:19:43,616 [INFO] CodeEngine:287 - Generated code: /Users/winstonhar/ENCE-3231/Phase A/Projects/2025_STM32F407_ADC/USB_HOST/Target/usbh_conf.h
2025-05-13 12:19:43,620 [INFO] CodeEngine:263 - oldGeneratedFile, /Users/winstonhar/ENCE-3231/Phase A/Projects/2025_STM32F407_ADC/USB_HOST/Target/usbh_conf.c_save
2025-05-13 12:19:43,689 [INFO] CodeEngine:287 - Generated code: /Users/winstonhar/ENCE-3231/Phase A/Projects/2025_STM32F407_ADC/USB_HOST/Target/usbh_conf.c
2025-05-13 12:19:43,692 [INFO] CodeEngine:263 - oldGeneratedFile, /Users/winstonhar/ENCE-3231/Phase A/Projects/2025_STM32F407_ADC/USB_HOST/Target/usbh_platform.c_save
2025-05-13 12:19:43,761 [INFO] CodeEngine:287 - Generated code: /Users/winstonhar/ENCE-3231/Phase A/Projects/2025_STM32F407_ADC/USB_HOST/Target/usbh_platform.c
2025-05-13 12:19:43,763 [INFO] CodeEngine:263 - oldGeneratedFile, /Users/winstonhar/ENCE-3231/Phase A/Projects/2025_STM32F407_ADC/USB_HOST/Target/usbh_platform.h_save
2025-05-13 12:19:43,844 [INFO] CodeEngine:287 - Generated code: /Users/winstonhar/ENCE-3231/Phase A/Projects/2025_STM32F407_ADC/USB_HOST/Target/usbh_platform.h
2025-05-13 12:19:43,855 [INFO] CodeEngine:263 - oldGeneratedFile, /Users/winstonhar/ENCE-3231/Phase A/Projects/2025_STM32F407_ADC/Core/Src/stm32f4xx_it.c_save
2025-05-13 12:19:43,935 [INFO] CodeEngine:287 - Generated code: /Users/winstonhar/ENCE-3231/Phase A/Projects/2025_STM32F407_ADC/Core/Src/stm32f4xx_it.c
2025-05-13 12:19:43,938 [INFO] CodeEngine:263 - oldGeneratedFile, /Users/winstonhar/ENCE-3231/Phase A/Projects/2025_STM32F407_ADC/Core/Inc/stm32f4xx_it.h_save
2025-05-13 12:19:44,008 [INFO] CodeEngine:287 - Generated code: /Users/winstonhar/ENCE-3231/Phase A/Projects/2025_STM32F407_ADC/Core/Inc/stm32f4xx_it.h
2025-05-13 12:19:44,024 [INFO] CodeEngine:263 - oldGeneratedFile, /Users/winstonhar/ENCE-3231/Phase A/Projects/2025_STM32F407_ADC/Core/Src/stm32f4xx_hal_msp.c_save
2025-05-13 12:19:44,053 [INFO] ThirdPartyModel:316 - End build external matchings
2025-05-13 12:19:44,070 [INFO] CheckServerUpdateThread:120 - End of CheckServer Thread
2025-05-13 12:19:44,132 [INFO] CodeEngine:287 - Generated code: /Users/winstonhar/ENCE-3231/Phase A/Projects/2025_STM32F407_ADC/Core/Src/stm32f4xx_hal_msp.c
2025-05-13 12:19:44,135 [INFO] CodeEngine:263 - oldGeneratedFile, /Users/winstonhar/ENCE-3231/Phase A/Projects/2025_STM32F407_ADC/MXTmpFiles/system.tmp_save
2025-05-13 12:19:44,192 [INFO] CodeEngine:287 - Generated code: /Users/winstonhar/ENCE-3231/Phase A/Projects/2025_STM32F407_ADC/MXTmpFiles/system.tmp
2025-05-13 12:19:44,198 [INFO] CodeEngine:319 - oldGeneratedFile, /Users/winstonhar/ENCE-3231/Phase A/Projects/2025_STM32F407_ADC/Core/Inc/stm32f4xx_hal_conf.h_save
2025-05-13 12:19:44,263 [INFO] CodeEngine:343 - Generated code: /Users/winstonhar/ENCE-3231/Phase A/Projects/2025_STM32F407_ADC/Core/Inc/stm32f4xx_hal_conf.h
2025-05-13 12:19:44,293 [INFO] ApiDbMcu:508 - Load IP Config File for I2C1
2025-05-13 12:19:44,297 [INFO] ApiDbMcu:508 - Load IP Config File for I2S3
2025-05-13 12:19:44,301 [INFO] ApiDbMcu:508 - Load IP Config File for SPI1
2025-05-13 12:19:44,305 [INFO] ApiDbMcu:508 - Load IP Config File for RCC
2025-05-13 12:19:44,313 [INFO] CodeEngine:263 - oldGeneratedFile, /Users/winstonhar/ENCE-3231/Phase A/Projects/2025_STM32F407_ADC/Core/Inc/main.h_save
2025-05-13 12:19:44,379 [INFO] CodeEngine:287 - Generated code: /Users/winstonhar/ENCE-3231/Phase A/Projects/2025_STM32F407_ADC/Core/Inc/main.h
2025-05-13 12:19:44,382 [INFO] CodeEngine:263 - oldGeneratedFile, /Users/winstonhar/ENCE-3231/Phase A/Projects/2025_STM32F407_ADC/Core/Src/main.c_save
2025-05-13 12:19:44,497 [INFO] CodeEngine:287 - Generated code: /Users/winstonhar/ENCE-3231/Phase A/Projects/2025_STM32F407_ADC/Core/Src/main.c
2025-05-13 12:19:44,932 [INFO] ProjectBuilder:3324 - Time for Copy HAL[1] : 168mS.
2025-05-13 12:19:44,936 [INFO] ProjectBuilder:4912 - Project Generator version: 4.6.0.1-B1
2025-05-13 12:19:45,028 [INFO] ConfigFileManager:1590 - The Die is : DIE413
2025-05-13 12:19:45,032 [INFO] ApiDbMcu:508 - Load IP Config File for FATFS
2025-05-13 12:19:45,037 [INFO] ApiDbMcu:508 - Load IP Config File for FREERTOS
2025-05-13 12:19:45,040 [INFO] ApiDbMcu:508 - Load IP Config File for LIBJPEG
2025-05-13 12:19:45,047 [INFO] ApiDbMcu:508 - Load IP Config File for LWIP
2025-05-13 12:19:45,056 [INFO] ApiDbMcu:508 - Load IP Config File for MBEDTLS
2025-05-13 12:19:45,064 [INFO] ApiDbMcu:508 - Load IP Config File for USB_DEVICE
2025-05-13 12:19:46,917 [INFO] ProjectBuilder:5191 - Time for Generating toolchain IDE Files: 1981mS.
2025-05-13 12:19:46,918 [INFO] ProjectBuilder:3181 - Time for Copy CMSIS : 1mS.
2025-05-13 12:19:46,920 [INFO] ProjectBuilder:3181 - Time for Copy CMSIS : 0mS.
2025-05-13 12:19:47,147 [INFO] McuFinderGlobals:76 - Set McuFinderConnectedMode to true
2025-05-13 12:19:47,153 [INFO] ApiDb:448 - Save user favorites file /Users/winstonhar/.stm32cubeide/favorites.mcus.txt: 1 item(s)
2025-05-13 12:19:47,153 [INFO] ApiDb:452 - User favorites MCUs=[STM32F103RCT6]
2025-05-13 12:20:14,994 [WARN] BspModel:444 - BSP dependency skipped because of component: name='IOExpander', api='Unknown'
2025-05-13 12:20:15,184 [INFO] ParamManager:896 - [Generic UI] PropertyChangeEvent: TAB_STATUS_CHANGED , "dont care", "never mind"
2025-05-13 12:20:15,217 [INFO] ParamManager:896 - [Generic UI] PropertyChangeEvent: TAB_STATUS_CHANGED , "dont care", "never mind"
2025-05-13 12:20:15,225 [INFO] ADCParametersView:116 -                Rank 1 : false
2025-05-13 12:20:15,286 [INFO] ADCParametersView:116 -                Rank 1 : false
2025-05-13 12:20:15,286 [INFO] ADCParametersView:116 -                Rank 1 : false
2025-05-13 12:20:15,286 [INFO] ADCParametersView:116 -                Rank 1 : false
2025-05-13 12:20:15,286 [INFO] ADCParametersView:116 -                Rank 1 : false
2025-05-13 12:20:15,287 [INFO] ADCParametersView:116 -                Rank 1 : false
2025-05-13 12:20:15,287 [INFO] ADCParametersView:116 -                Rank 1 : false
2025-05-13 12:20:15,287 [INFO] ADCParametersView:116 -                Rank 1 : false
2025-05-13 12:20:15,287 [INFO] ADCParametersView:116 -                Rank 1 : false
2025-05-13 12:20:15,288 [INFO] ADCParametersView:116 -                Rank 1 : false
2025-05-13 12:20:15,288 [INFO] ADCParametersView:116 -                Rank 1 : false
2025-05-13 12:20:15,288 [INFO] ADCParametersView:116 -                Rank 1 : false
2025-05-13 12:20:15,288 [INFO] ADCParametersView:116 -                Rank 1 : false
2025-05-13 12:20:15,288 [INFO] ADCParametersView:116 -                Rank 1 : false
2025-05-13 12:20:15,288 [INFO] ADCParametersView:116 -                Rank 1 : false
2025-05-13 12:20:15,307 [INFO] ADCParametersView:116 -                Rank 1 : false
2025-05-13 12:20:15,315 [WARN] BspModel:444 - BSP dependency skipped because of component: name='IOExpander', api='Unknown'
2025-05-13 12:20:15,490 [INFO] NvicIntPanel:101 - NVIC parent = com.st.microxplorer.plugins.ip.nvic.MultiNvicIntPanel[,0,0,0x0,invalid,layout=javax.swing.BoxLayout,alignmentX=0.0,alignmentY=0.0,border=,flags=9,maximumSize=,minimumSize=,preferredSize=]
2025-05-13 12:20:15,706 [INFO] NvicIntPanel:101 - NVIC parent = com.st.microxplorer.plugins.ip.nvic.MultiNvicIntPanel[,0,0,0x0,invalid,layout=javax.swing.BoxLayout,alignmentX=0.0,alignmentY=0.0,border=,flags=9,maximumSize=,minimumSize=,preferredSize=]
2025-05-13 12:20:15,796 [INFO] ADCParametersView:116 -                Rank 1 : false
2025-05-13 12:20:15,796 [INFO] ADCParametersView:116 -                Rank 1 : false
2025-05-13 12:20:15,796 [INFO] ADCParametersView:116 -                Rank 1 : false
2025-05-13 12:20:15,797 [INFO] ADCParametersView:116 -                Rank 1 : false
2025-05-13 12:20:15,797 [INFO] ADCParametersView:116 -                Rank 1 : false
2025-05-13 12:20:15,797 [INFO] ADCParametersView:116 -                Rank 1 : false
2025-05-13 12:20:15,797 [INFO] ADCParametersView:116 -                Rank 1 : false
2025-05-13 12:20:15,797 [INFO] ADCParametersView:116 -                Rank 1 : false
2025-05-13 12:20:15,797 [INFO] ADCParametersView:116 -                Rank 1 : false
2025-05-13 12:20:15,797 [INFO] ADCParametersView:116 -                Rank 1 : false
2025-05-13 12:20:15,797 [INFO] ADCParametersView:116 -                Rank 1 : false
2025-05-13 12:20:15,798 [INFO] ADCParametersView:116 -                Rank 1 : false
2025-05-13 12:20:15,798 [INFO] ADCParametersView:116 -                Rank 1 : false
2025-05-13 12:20:15,798 [INFO] ADCParametersView:116 -                Rank 1 : false
2025-05-13 12:20:15,829 [INFO] ADCParametersView:116 -                Rank 1 : false
2025-05-13 12:20:15,876 [INFO] ADCParametersView:116 -                Rank 1 : false
2025-05-13 12:20:15,876 [INFO] ADCParametersView:116 -                Rank 1 : false
2025-05-13 12:20:15,877 [INFO] ADCParametersView:116 -                Rank 1 : false
2025-05-13 12:20:15,877 [INFO] ADCParametersView:116 -                Rank 1 : false
2025-05-13 12:20:15,877 [INFO] ADCParametersView:116 -                Rank 1 : false
2025-05-13 12:20:15,877 [INFO] ADCParametersView:116 -                Rank 1 : false
2025-05-13 12:20:15,877 [INFO] ADCParametersView:116 -                Rank 1 : false
2025-05-13 12:20:15,877 [INFO] ADCParametersView:116 -                Rank 1 : false
2025-05-13 12:20:15,877 [INFO] ADCParametersView:116 -                Rank 1 : false
2025-05-13 12:20:15,877 [INFO] ADCParametersView:116 -                Rank 1 : false
2025-05-13 12:20:15,878 [INFO] ADCParametersView:116 -                Rank 1 : false
2025-05-13 12:20:15,878 [INFO] ADCParametersView:116 -                Rank 1 : false
2025-05-13 12:20:15,878 [INFO] ADCParametersView:116 -                Rank 1 : false
2025-05-13 12:20:15,878 [INFO] ADCParametersView:116 -                Rank 1 : false
2025-05-13 12:20:15,911 [INFO] ADCParametersView:116 -                Rank 1 : false
2025-05-13 12:20:40,623 [INFO] UtilMem:75 - End SaveConfig() Used Memory: 565024016 Bytes (954204160)
2025-05-13 12:20:40,751 [INFO] UtilMem:75 - End SaveConfig() Used Memory: 586519800 Bytes (954204160)
2025-05-13 12:20:41,079 [INFO] UtilMem:75 - End SaveConfig() Used Memory: 614241792 Bytes (954204160)
2025-05-13 12:20:41,393 [INFO] BlockDiagram:2775 - set Specific Code input for plugin: SPI
2025-05-13 12:20:41,393 [INFO] BlockDiagram:2775 - set Specific Code input for plugin: I2S
2025-05-13 12:20:41,393 [INFO] BlockDiagram:2775 - set Specific Code input for plugin: SYS
2025-05-13 12:20:41,393 [INFO] BlockDiagram:2775 - set Specific Code input for plugin: ADC
2025-05-13 12:20:41,393 [INFO] BlockDiagram:2775 - set Specific Code input for plugin: RCC
2025-05-13 12:20:41,393 [INFO] BlockDiagram:2775 - set Specific Code input for plugin: I2C
2025-05-13 12:20:41,393 [INFO] BlockDiagram:2775 - set Specific Code input for plugin: USB_OTG_FS
2025-05-13 12:20:41,393 [INFO] BlockDiagram:2775 - set Specific Code input for plugin: NVIC
2025-05-13 12:20:41,393 [INFO] BlockDiagram:2775 - set Specific Code input for plugin: USB_HOST
2025-05-13 12:20:41,394 [INFO] BlockDiagram:2775 - set Specific Code input for plugin: GPIO
2025-05-13 12:20:41,394 [INFO] CodeGenerator:882 - code generatio: config db path: /Applications/STM32CubeIDE.app/Contents/Eclipse/plugins/com.st.stm32cube.common.mx_6.14.1.202504091515//db/
2025-05-13 12:20:41,407 [WARN] IP:2250 - I2C_Coeff_DF not found: check if there is a RefParameter without a condition.
2025-05-13 12:20:41,407 [WARN] IP:2250 - Analog_Filter not found: check if there is a RefParameter without a condition.
2025-05-13 12:20:41,523 [INFO] CodeEngine:263 - oldGeneratedFile, /Users/winstonhar/ENCE-3231/Phase A/Projects/2025_STM32F407_ADC/MXTmpFiles/license.tmp_save
2025-05-13 12:20:41,607 [INFO] CodeEngine:287 - Generated code: /Users/winstonhar/ENCE-3231/Phase A/Projects/2025_STM32F407_ADC/MXTmpFiles/license.tmp
2025-05-13 12:20:41,653 [INFO] CodeEngine:263 - oldGeneratedFile, /Users/winstonhar/ENCE-3231/Phase A/Projects/2025_STM32F407_ADC/MXTmpFiles/gpio.tmp_save
2025-05-13 12:20:41,724 [INFO] CodeEngine:287 - Generated code: /Users/winstonhar/ENCE-3231/Phase A/Projects/2025_STM32F407_ADC/MXTmpFiles/gpio.tmp
2025-05-13 12:20:41,803 [WARN] IPConfigManager:3217 - Warning: the RefConfig PWREx_EnableUSBVoltageDetector is not available in your config.xml file
2025-05-13 12:20:41,808 [INFO] CodeEngine:263 - oldGeneratedFile, /Users/winstonhar/ENCE-3231/Phase A/Projects/2025_STM32F407_ADC/MXTmpFiles/usb_otg_fs_vars.tmp_save
2025-05-13 12:20:41,864 [INFO] CodeEngine:287 - Generated code: /Users/winstonhar/ENCE-3231/Phase A/Projects/2025_STM32F407_ADC/MXTmpFiles/usb_otg_fs_vars.tmp
2025-05-13 12:20:41,866 [INFO] CodeEngine:263 - oldGeneratedFile, /Users/winstonhar/ENCE-3231/Phase A/Projects/2025_STM32F407_ADC/MXTmpFiles/usb_otg_fs_inc.tmp_save
2025-05-13 12:20:41,920 [INFO] CodeEngine:287 - Generated code: /Users/winstonhar/ENCE-3231/Phase A/Projects/2025_STM32F407_ADC/MXTmpFiles/usb_otg_fs_inc.tmp
2025-05-13 12:20:41,921 [INFO] CodeEngine:263 - oldGeneratedFile, /Users/winstonhar/ENCE-3231/Phase A/Projects/2025_STM32F407_ADC/MXTmpFiles/usb_otg_fs_HalInit.tmp_save
2025-05-13 12:20:41,983 [INFO] CodeEngine:287 - Generated code: /Users/winstonhar/ENCE-3231/Phase A/Projects/2025_STM32F407_ADC/MXTmpFiles/usb_otg_fs_HalInit.tmp
2025-05-13 12:20:41,985 [INFO] CodeEngine:263 - oldGeneratedFile, /Users/winstonhar/ENCE-3231/Phase A/Projects/2025_STM32F407_ADC/MXTmpFiles/usb_otg_fs_Msp.tmp_save
2025-05-13 12:20:42,059 [INFO] CodeEngine:287 - Generated code: /Users/winstonhar/ENCE-3231/Phase A/Projects/2025_STM32F407_ADC/MXTmpFiles/usb_otg_fs_Msp.tmp
2025-05-13 12:20:42,369 [INFO] CodeEngine:263 - oldGeneratedFile, /Users/winstonhar/ENCE-3231/Phase A/Projects/2025_STM32F407_ADC/USB_HOST/App/usb_host.c_save
2025-05-13 12:20:42,440 [INFO] CodeEngine:287 - Generated code: /Users/winstonhar/ENCE-3231/Phase A/Projects/2025_STM32F407_ADC/USB_HOST/App/usb_host.c
2025-05-13 12:20:42,443 [INFO] CodeEngine:263 - oldGeneratedFile, /Users/winstonhar/ENCE-3231/Phase A/Projects/2025_STM32F407_ADC/USB_HOST/App/usb_host.h_save
2025-05-13 12:20:42,499 [INFO] CodeEngine:287 - Generated code: /Users/winstonhar/ENCE-3231/Phase A/Projects/2025_STM32F407_ADC/USB_HOST/App/usb_host.h
2025-05-13 12:20:42,502 [INFO] CodeEngine:263 - oldGeneratedFile, /Users/winstonhar/ENCE-3231/Phase A/Projects/2025_STM32F407_ADC/USB_HOST/Target/usbh_conf.h_save
2025-05-13 12:20:42,566 [INFO] CodeEngine:287 - Generated code: /Users/winstonhar/ENCE-3231/Phase A/Projects/2025_STM32F407_ADC/USB_HOST/Target/usbh_conf.h
2025-05-13 12:20:42,570 [INFO] CodeEngine:263 - oldGeneratedFile, /Users/winstonhar/ENCE-3231/Phase A/Projects/2025_STM32F407_ADC/USB_HOST/Target/usbh_conf.c_save
2025-05-13 12:20:42,636 [INFO] CodeEngine:287 - Generated code: /Users/winstonhar/ENCE-3231/Phase A/Projects/2025_STM32F407_ADC/USB_HOST/Target/usbh_conf.c
2025-05-13 12:20:42,639 [INFO] CodeEngine:263 - oldGeneratedFile, /Users/winstonhar/ENCE-3231/Phase A/Projects/2025_STM32F407_ADC/USB_HOST/Target/usbh_platform.c_save
2025-05-13 12:20:42,694 [INFO] CodeEngine:287 - Generated code: /Users/winstonhar/ENCE-3231/Phase A/Projects/2025_STM32F407_ADC/USB_HOST/Target/usbh_platform.c
2025-05-13 12:20:42,697 [INFO] CodeEngine:263 - oldGeneratedFile, /Users/winstonhar/ENCE-3231/Phase A/Projects/2025_STM32F407_ADC/USB_HOST/Target/usbh_platform.h_save
2025-05-13 12:20:42,748 [INFO] CodeEngine:287 - Generated code: /Users/winstonhar/ENCE-3231/Phase A/Projects/2025_STM32F407_ADC/USB_HOST/Target/usbh_platform.h
2025-05-13 12:20:42,757 [INFO] CodeEngine:263 - oldGeneratedFile, /Users/winstonhar/ENCE-3231/Phase A/Projects/2025_STM32F407_ADC/Core/Src/stm32f4xx_it.c_save
2025-05-13 12:20:42,820 [INFO] CodeEngine:287 - Generated code: /Users/winstonhar/ENCE-3231/Phase A/Projects/2025_STM32F407_ADC/Core/Src/stm32f4xx_it.c
2025-05-13 12:20:42,823 [INFO] CodeEngine:263 - oldGeneratedFile, /Users/winstonhar/ENCE-3231/Phase A/Projects/2025_STM32F407_ADC/Core/Inc/stm32f4xx_it.h_save
2025-05-13 12:20:42,878 [INFO] CodeEngine:287 - Generated code: /Users/winstonhar/ENCE-3231/Phase A/Projects/2025_STM32F407_ADC/Core/Inc/stm32f4xx_it.h
2025-05-13 12:20:42,890 [INFO] CodeEngine:263 - oldGeneratedFile, /Users/winstonhar/ENCE-3231/Phase A/Projects/2025_STM32F407_ADC/Core/Src/stm32f4xx_hal_msp.c_save
2025-05-13 12:20:42,987 [INFO] CodeEngine:287 - Generated code: /Users/winstonhar/ENCE-3231/Phase A/Projects/2025_STM32F407_ADC/Core/Src/stm32f4xx_hal_msp.c
2025-05-13 12:20:42,989 [INFO] CodeEngine:263 - oldGeneratedFile, /Users/winstonhar/ENCE-3231/Phase A/Projects/2025_STM32F407_ADC/MXTmpFiles/system.tmp_save
2025-05-13 12:20:43,039 [INFO] CodeEngine:287 - Generated code: /Users/winstonhar/ENCE-3231/Phase A/Projects/2025_STM32F407_ADC/MXTmpFiles/system.tmp
2025-05-13 12:20:43,044 [INFO] CodeEngine:319 - oldGeneratedFile, /Users/winstonhar/ENCE-3231/Phase A/Projects/2025_STM32F407_ADC/Core/Inc/stm32f4xx_hal_conf.h_save
2025-05-13 12:20:43,105 [INFO] CodeEngine:343 - Generated code: /Users/winstonhar/ENCE-3231/Phase A/Projects/2025_STM32F407_ADC/Core/Inc/stm32f4xx_hal_conf.h
2025-05-13 12:20:43,124 [INFO] ApiDbMcu:508 - Load IP Config File for ADC1
2025-05-13 12:20:43,131 [INFO] CodeEngine:263 - oldGeneratedFile, /Users/winstonhar/ENCE-3231/Phase A/Projects/2025_STM32F407_ADC/Core/Inc/main.h_save
2025-05-13 12:20:43,191 [INFO] CodeEngine:287 - Generated code: /Users/winstonhar/ENCE-3231/Phase A/Projects/2025_STM32F407_ADC/Core/Inc/main.h
2025-05-13 12:20:43,194 [INFO] CodeEngine:263 - oldGeneratedFile, /Users/winstonhar/ENCE-3231/Phase A/Projects/2025_STM32F407_ADC/Core/Src/main.c_save
2025-05-13 12:20:43,284 [INFO] CodeEngine:287 - Generated code: /Users/winstonhar/ENCE-3231/Phase A/Projects/2025_STM32F407_ADC/Core/Src/main.c
2025-05-13 12:20:43,621 [INFO] ProjectBuilder:3324 - Time for Copy HAL[1] : 120mS.
2025-05-13 12:20:43,624 [INFO] ProjectBuilder:4912 - Project Generator version: 4.6.0.1-B1
2025-05-13 12:20:43,703 [INFO] ConfigFileManager:1590 - The Die is : DIE413
2025-05-13 12:20:44,327 [INFO] ProjectBuilder:5191 - Time for Generating toolchain IDE Files: 703mS.
2025-05-13 12:20:44,328 [INFO] ProjectBuilder:3181 - Time for Copy CMSIS : 1mS.
2025-05-13 12:20:44,329 [INFO] ProjectBuilder:3181 - Time for Copy CMSIS : 0mS.
2025-05-13 12:23:36,677 [INFO] ADCParametersView:116 -                Rank 1 : true
2025-05-13 12:23:42,857 [INFO] ADCParametersView:116 -                Rank 1 : true
2025-05-13 12:23:42,860 [INFO] ADCParametersView:116 -                Rank 1 : true
2025-05-13 12:23:42,861 [INFO] ADCParametersView:116 -                Rank 1 : true
2025-05-13 12:23:42,861 [INFO] ADCParametersView:116 -                Rank 1 : true
2025-05-13 12:23:42,861 [INFO] ADCParametersView:116 -                Rank 1 : true
2025-05-13 12:23:42,862 [INFO] ADCParametersView:116 -                Rank 1 : true
2025-05-13 12:23:42,862 [INFO] ADCParametersView:116 -                Rank 1 : true
2025-05-13 12:23:42,862 [INFO] ADCParametersView:116 -                Rank 1 : true
2025-05-13 12:23:42,862 [INFO] ADCParametersView:116 -                Rank 1 : true
2025-05-13 12:23:42,862 [INFO] ADCParametersView:116 -                Rank 1 : true
2025-05-13 12:23:42,862 [INFO] ADCParametersView:116 -                Rank 1 : true
2025-05-13 12:23:42,862 [INFO] ADCParametersView:116 -                Rank 1 : true
2025-05-13 12:23:42,862 [INFO] ADCParametersView:116 -                Rank 1 : true
2025-05-13 12:23:42,863 [INFO] ADCParametersView:116 -                Rank 1 : true
2025-05-13 12:23:42,895 [INFO] ADCParametersView:116 -                Rank 1 : true
2025-05-13 12:23:42,964 [INFO] ADCParametersView:116 -                Rank 1 : true
2025-05-13 12:23:42,967 [INFO] ADCParametersView:116 -                Rank 1 : true
2025-05-13 12:23:42,967 [INFO] ADCParametersView:116 -                Rank 1 : true
2025-05-13 12:23:42,967 [INFO] ADCParametersView:116 -                Rank 1 : true
2025-05-13 12:23:42,967 [INFO] ADCParametersView:116 -                Rank 1 : true
2025-05-13 12:23:42,967 [INFO] ADCParametersView:116 -                Rank 1 : true
2025-05-13 12:23:42,968 [INFO] ADCParametersView:116 -                Rank 1 : true
2025-05-13 12:23:42,968 [INFO] ADCParametersView:116 -                Rank 1 : true
2025-05-13 12:23:42,968 [INFO] ADCParametersView:116 -                Rank 1 : true
2025-05-13 12:23:42,968 [INFO] ADCParametersView:116 -                Rank 1 : true
2025-05-13 12:23:42,968 [INFO] ADCParametersView:116 -                Rank 1 : true
2025-05-13 12:23:42,968 [INFO] ADCParametersView:116 -                Rank 1 : true
2025-05-13 12:23:42,968 [INFO] ADCParametersView:116 -                Rank 1 : true
2025-05-13 12:23:42,969 [INFO] ADCParametersView:116 -                Rank 1 : true
2025-05-13 12:23:42,999 [INFO] ADCParametersView:116 -                Rank 1 : true
2025-05-13 12:23:43,122 [INFO] ADCParametersView:116 -                Rank 1 : true
2025-05-13 12:23:43,125 [INFO] ADCParametersView:116 -                Rank 1 : true
2025-05-13 12:23:43,126 [INFO] ADCParametersView:116 -                Rank 1 : true
2025-05-13 12:23:43,126 [INFO] ADCParametersView:116 -                Rank 1 : true
2025-05-13 12:23:43,126 [INFO] ADCParametersView:116 -                Rank 1 : true
2025-05-13 12:23:43,126 [INFO] ADCParametersView:116 -                Rank 1 : true
2025-05-13 12:23:43,126 [INFO] ADCParametersView:116 -                Rank 1 : true
2025-05-13 12:23:43,127 [INFO] ADCParametersView:116 -                Rank 1 : true
2025-05-13 12:23:43,127 [INFO] ADCParametersView:116 -                Rank 1 : true
2025-05-13 12:23:43,127 [INFO] ADCParametersView:116 -                Rank 1 : true
2025-05-13 12:23:43,127 [INFO] ADCParametersView:116 -                Rank 1 : true
2025-05-13 12:23:43,127 [INFO] ADCParametersView:116 -                Rank 1 : true
2025-05-13 12:23:43,128 [INFO] ADCParametersView:116 -                Rank 1 : true
2025-05-13 12:23:43,128 [INFO] ADCParametersView:116 -                Rank 1 : true
2025-05-13 12:23:43,189 [INFO] ADCParametersView:116 -                Rank 1 : true
2025-05-13 12:24:03,661 [INFO] UtilMem:75 - End SaveConfig() Used Memory: 808560408 Bytes (954204160)
2025-05-13 12:24:04,080 [INFO] UtilMem:75 - End SaveConfig() Used Memory: 829531928 Bytes (954204160)
2025-05-13 12:24:04,641 [INFO] UtilMem:75 - End SaveConfig() Used Memory: 859940632 Bytes (954204160)
2025-05-13 12:24:05,295 [INFO] BlockDiagram:2775 - set Specific Code input for plugin: SPI
2025-05-13 12:24:05,295 [INFO] BlockDiagram:2775 - set Specific Code input for plugin: I2S
2025-05-13 12:24:05,295 [INFO] BlockDiagram:2775 - set Specific Code input for plugin: SYS
2025-05-13 12:24:05,295 [INFO] BlockDiagram:2775 - set Specific Code input for plugin: ADC
2025-05-13 12:24:05,295 [INFO] BlockDiagram:2775 - set Specific Code input for plugin: RCC
2025-05-13 12:24:05,295 [INFO] BlockDiagram:2775 - set Specific Code input for plugin: I2C
2025-05-13 12:24:05,295 [INFO] BlockDiagram:2775 - set Specific Code input for plugin: USB_OTG_FS
2025-05-13 12:24:05,295 [INFO] BlockDiagram:2775 - set Specific Code input for plugin: NVIC
2025-05-13 12:24:05,295 [INFO] BlockDiagram:2775 - set Specific Code input for plugin: USB_HOST
2025-05-13 12:24:05,296 [INFO] BlockDiagram:2775 - set Specific Code input for plugin: GPIO
2025-05-13 12:24:05,298 [INFO] CodeGenerator:882 - code generatio: config db path: /Applications/STM32CubeIDE.app/Contents/Eclipse/plugins/com.st.stm32cube.common.mx_6.14.1.202504091515//db/
2025-05-13 12:24:05,326 [WARN] IP:2250 - I2C_Coeff_DF not found: check if there is a RefParameter without a condition.
2025-05-13 12:24:05,326 [WARN] IP:2250 - Analog_Filter not found: check if there is a RefParameter without a condition.
2025-05-13 12:24:05,550 [INFO] CodeEngine:263 - oldGeneratedFile, /Users/winstonhar/ENCE-3231/Phase A/Projects/2025_STM32F407_ADC/MXTmpFiles/license.tmp_save
2025-05-13 12:24:05,670 [INFO] CodeEngine:287 - Generated code: /Users/winstonhar/ENCE-3231/Phase A/Projects/2025_STM32F407_ADC/MXTmpFiles/license.tmp
2025-05-13 12:24:05,775 [INFO] CodeEngine:263 - oldGeneratedFile, /Users/winstonhar/ENCE-3231/Phase A/Projects/2025_STM32F407_ADC/MXTmpFiles/gpio.tmp_save
2025-05-13 12:24:05,900 [INFO] CodeEngine:287 - Generated code: /Users/winstonhar/ENCE-3231/Phase A/Projects/2025_STM32F407_ADC/MXTmpFiles/gpio.tmp
2025-05-13 12:24:06,105 [WARN] IPConfigManager:3217 - Warning: the RefConfig PWREx_EnableUSBVoltageDetector is not available in your config.xml file
2025-05-13 12:24:06,114 [INFO] CodeEngine:263 - oldGeneratedFile, /Users/winstonhar/ENCE-3231/Phase A/Projects/2025_STM32F407_ADC/MXTmpFiles/usb_otg_fs_vars.tmp_save
2025-05-13 12:24:06,226 [INFO] CodeEngine:287 - Generated code: /Users/winstonhar/ENCE-3231/Phase A/Projects/2025_STM32F407_ADC/MXTmpFiles/usb_otg_fs_vars.tmp
2025-05-13 12:24:06,229 [INFO] CodeEngine:263 - oldGeneratedFile, /Users/winstonhar/ENCE-3231/Phase A/Projects/2025_STM32F407_ADC/MXTmpFiles/usb_otg_fs_inc.tmp_save
2025-05-13 12:24:06,325 [INFO] CodeEngine:287 - Generated code: /Users/winstonhar/ENCE-3231/Phase A/Projects/2025_STM32F407_ADC/MXTmpFiles/usb_otg_fs_inc.tmp
2025-05-13 12:24:06,329 [INFO] CodeEngine:263 - oldGeneratedFile, /Users/winstonhar/ENCE-3231/Phase A/Projects/2025_STM32F407_ADC/MXTmpFiles/usb_otg_fs_HalInit.tmp_save
2025-05-13 12:24:06,452 [INFO] CodeEngine:287 - Generated code: /Users/winstonhar/ENCE-3231/Phase A/Projects/2025_STM32F407_ADC/MXTmpFiles/usb_otg_fs_HalInit.tmp
2025-05-13 12:24:06,456 [INFO] CodeEngine:263 - oldGeneratedFile, /Users/winstonhar/ENCE-3231/Phase A/Projects/2025_STM32F407_ADC/MXTmpFiles/usb_otg_fs_Msp.tmp_save
2025-05-13 12:24:06,592 [INFO] CodeEngine:287 - Generated code: /Users/winstonhar/ENCE-3231/Phase A/Projects/2025_STM32F407_ADC/MXTmpFiles/usb_otg_fs_Msp.tmp
2025-05-13 12:24:07,152 [INFO] CodeEngine:263 - oldGeneratedFile, /Users/winstonhar/ENCE-3231/Phase A/Projects/2025_STM32F407_ADC/USB_HOST/App/usb_host.c_save
2025-05-13 12:24:07,251 [INFO] CodeEngine:287 - Generated code: /Users/winstonhar/ENCE-3231/Phase A/Projects/2025_STM32F407_ADC/USB_HOST/App/usb_host.c
2025-05-13 12:24:07,254 [INFO] CodeEngine:263 - oldGeneratedFile, /Users/winstonhar/ENCE-3231/Phase A/Projects/2025_STM32F407_ADC/USB_HOST/App/usb_host.h_save
2025-05-13 12:24:07,351 [INFO] CodeEngine:287 - Generated code: /Users/winstonhar/ENCE-3231/Phase A/Projects/2025_STM32F407_ADC/USB_HOST/App/usb_host.h
2025-05-13 12:24:07,355 [INFO] CodeEngine:263 - oldGeneratedFile, /Users/winstonhar/ENCE-3231/Phase A/Projects/2025_STM32F407_ADC/USB_HOST/Target/usbh_conf.h_save
2025-05-13 12:24:07,433 [INFO] CodeEngine:287 - Generated code: /Users/winstonhar/ENCE-3231/Phase A/Projects/2025_STM32F407_ADC/USB_HOST/Target/usbh_conf.h
2025-05-13 12:24:07,436 [INFO] CodeEngine:263 - oldGeneratedFile, /Users/winstonhar/ENCE-3231/Phase A/Projects/2025_STM32F407_ADC/USB_HOST/Target/usbh_conf.c_save
2025-05-13 12:24:07,536 [INFO] CodeEngine:287 - Generated code: /Users/winstonhar/ENCE-3231/Phase A/Projects/2025_STM32F407_ADC/USB_HOST/Target/usbh_conf.c
2025-05-13 12:24:07,541 [INFO] CodeEngine:263 - oldGeneratedFile, /Users/winstonhar/ENCE-3231/Phase A/Projects/2025_STM32F407_ADC/USB_HOST/Target/usbh_platform.c_save
2025-05-13 12:24:07,635 [INFO] CodeEngine:287 - Generated code: /Users/winstonhar/ENCE-3231/Phase A/Projects/2025_STM32F407_ADC/USB_HOST/Target/usbh_platform.c
2025-05-13 12:24:07,637 [INFO] CodeEngine:263 - oldGeneratedFile, /Users/winstonhar/ENCE-3231/Phase A/Projects/2025_STM32F407_ADC/USB_HOST/Target/usbh_platform.h_save
2025-05-13 12:24:07,724 [INFO] CodeEngine:287 - Generated code: /Users/winstonhar/ENCE-3231/Phase A/Projects/2025_STM32F407_ADC/USB_HOST/Target/usbh_platform.h
2025-05-13 12:24:07,736 [INFO] CodeEngine:263 - oldGeneratedFile, /Users/winstonhar/ENCE-3231/Phase A/Projects/2025_STM32F407_ADC/Core/Src/stm32f4xx_it.c_save
2025-05-13 12:24:07,831 [INFO] CodeEngine:287 - Generated code: /Users/winstonhar/ENCE-3231/Phase A/Projects/2025_STM32F407_ADC/Core/Src/stm32f4xx_it.c
2025-05-13 12:24:07,835 [INFO] CodeEngine:263 - oldGeneratedFile, /Users/winstonhar/ENCE-3231/Phase A/Projects/2025_STM32F407_ADC/Core/Inc/stm32f4xx_it.h_save
2025-05-13 12:24:07,918 [INFO] CodeEngine:287 - Generated code: /Users/winstonhar/ENCE-3231/Phase A/Projects/2025_STM32F407_ADC/Core/Inc/stm32f4xx_it.h
2025-05-13 12:24:07,931 [INFO] CodeEngine:263 - oldGeneratedFile, /Users/winstonhar/ENCE-3231/Phase A/Projects/2025_STM32F407_ADC/Core/Src/stm32f4xx_hal_msp.c_save
2025-05-13 12:24:08,069 [INFO] CodeEngine:287 - Generated code: /Users/winstonhar/ENCE-3231/Phase A/Projects/2025_STM32F407_ADC/Core/Src/stm32f4xx_hal_msp.c
2025-05-13 12:24:08,074 [INFO] CodeEngine:263 - oldGeneratedFile, /Users/winstonhar/ENCE-3231/Phase A/Projects/2025_STM32F407_ADC/MXTmpFiles/system.tmp_save
2025-05-13 12:24:08,159 [INFO] CodeEngine:287 - Generated code: /Users/winstonhar/ENCE-3231/Phase A/Projects/2025_STM32F407_ADC/MXTmpFiles/system.tmp
2025-05-13 12:24:08,167 [INFO] CodeEngine:319 - oldGeneratedFile, /Users/winstonhar/ENCE-3231/Phase A/Projects/2025_STM32F407_ADC/Core/Inc/stm32f4xx_hal_conf.h_save
2025-05-13 12:24:08,261 [INFO] CodeEngine:343 - Generated code: /Users/winstonhar/ENCE-3231/Phase A/Projects/2025_STM32F407_ADC/Core/Inc/stm32f4xx_hal_conf.h
2025-05-13 12:24:08,298 [INFO] CodeEngine:263 - oldGeneratedFile, /Users/winstonhar/ENCE-3231/Phase A/Projects/2025_STM32F407_ADC/Core/Inc/main.h_save
2025-05-13 12:24:08,381 [INFO] CodeEngine:287 - Generated code: /Users/winstonhar/ENCE-3231/Phase A/Projects/2025_STM32F407_ADC/Core/Inc/main.h
2025-05-13 12:24:08,387 [INFO] CodeEngine:263 - oldGeneratedFile, /Users/winstonhar/ENCE-3231/Phase A/Projects/2025_STM32F407_ADC/Core/Src/main.c_save
2025-05-13 12:24:08,545 [INFO] CodeEngine:287 - Generated code: /Users/winstonhar/ENCE-3231/Phase A/Projects/2025_STM32F407_ADC/Core/Src/main.c
2025-05-13 12:24:09,028 [INFO] ProjectBuilder:3324 - Time for Copy HAL[1] : 190mS.
2025-05-13 12:24:09,033 [INFO] ProjectBuilder:4912 - Project Generator version: 4.6.0.1-B1
2025-05-13 12:24:09,172 [INFO] ConfigFileManager:1590 - The Die is : DIE413
2025-05-13 12:24:10,233 [INFO] ProjectBuilder:5191 - Time for Generating toolchain IDE Files: 1200mS.
2025-05-13 12:24:10,234 [INFO] ProjectBuilder:3181 - Time for Copy CMSIS : 0mS.
2025-05-13 12:24:10,237 [INFO] ProjectBuilder:3181 - Time for Copy CMSIS : 0mS.
2025-05-13 12:41:05,701 [INFO] MainUpdater:2872 - connection check result : 10
2025-05-13 12:41:05,974 [INFO] McuFinderGlobals:76 - Set McuFinderConnectedMode to true
2025-05-13 12:41:05,974 [INFO] MultiScanPanel:200 - Auto-refresh data requested => check proxy status ongoing
2025-05-13 12:41:05,975 [INFO] FinderPluginLoader:95 - Searching for filters in installed packs
2025-05-13 12:41:07,762 [INFO] LoadUrlFilesThread:185 - End of LoadServerUrlFiles without Thread
2025-05-13 12:41:07,762 [INFO] DetailPanel:341 - Set advertising image to /Users/winstonhar/STM32Cube/Repository//en.summit-h1-25-promotion.jpg
2025-05-13 12:41:51,818 [INFO] MainUpdater:2872 - connection check result : 10
2025-05-13 12:41:51,819 [INFO] MainUpdater:2872 - connection check result : 10
2025-05-13 12:41:51,883 [INFO] I2sManager:658 - 9.6E7
2025-05-13 12:41:51,883 [INFO] I2sManager:195 - I2S Clock Value : 9.6E7
2025-05-13 12:41:51,883 [INFO] I2sManager:553 - AudioClock : 93750Divider : 2Odd : 0
2025-05-13 12:41:51,889 [INFO] MicroXplorer:468 - Change Database Path : 
2025-05-13 12:41:51,890 [INFO] MicroXplorer:498 - Change Database Version : DB.6.0.141
2025-05-13 12:41:51,917 [ERROR] ProjectManagerView:395 - 
java.lang.NullPointerException: Cannot invoke "javax.swing.JTextField.getText()" because the return value of "java.util.List.get(int)" is null
	at com.st.microxplorer.plugins.projectmanager.gui.ProjectChoiceTab$9.caretUpdate(ProjectChoiceTab.java:2678) ~[filemanager.jar:?]
	at javax.swing.text.JTextComponent.fireCaretUpdate(JTextComponent.java:408) ~[?:?]
	at javax.swing.text.JTextComponent$MutableCaretEvent.fire(JTextComponent.java:4484) ~[?:?]
	at javax.swing.text.JTextComponent$MutableCaretEvent.stateChanged(JTextComponent.java:4506) ~[?:?]
	at javax.swing.text.DefaultCaret.fireStateChanged(DefaultCaret.java:857) ~[?:?]
	at javax.swing.text.DefaultCaret.changeCaretPosition(DefaultCaret.java:1343) ~[?:?]
	at javax.swing.text.DefaultCaret.handleSetDot(DefaultCaret.java:1242) ~[?:?]
	at javax.swing.text.DefaultCaret.setDot(DefaultCaret.java:1223) ~[?:?]
	at javax.swing.text.DefaultCaret$Handler.insertUpdate(DefaultCaret.java:1819) ~[?:?]
	at javax.swing.text.AbstractDocument.fireInsertUpdate(AbstractDocument.java:227) ~[?:?]
	at javax.swing.text.AbstractDocument.handleInsertString(AbstractDocument.java:781) ~[?:?]
	at javax.swing.text.AbstractDocument.insertString(AbstractDocument.java:740) ~[?:?]
	at javax.swing.text.PlainDocument.insertString(PlainDocument.java:131) ~[?:?]
	at javax.swing.text.AbstractDocument.replace(AbstractDocument.java:699) ~[?:?]
	at javax.swing.text.JTextComponent.setText(JTextComponent.java:1725) ~[?:?]
	at com.st.microxplorer.plugins.projectmanager.gui.ProjectChoiceTab.createHeapStackFields(ProjectChoiceTab.java:979) ~[filemanager.jar:?]
	at com.st.microxplorer.plugins.projectmanager.gui.ProjectChoiceTab.buildLinkSettingsPanel(ProjectChoiceTab.java:3766) ~[filemanager.jar:?]
	at com.st.microxplorer.plugins.projectmanager.gui.ProjectChoiceTab.defineWindowsFields(ProjectChoiceTab.java:1962) ~[filemanager.jar:?]
	at com.st.microxplorer.plugins.projectmanager.gui.ProjectChoiceTab.updateSettings(ProjectChoiceTab.java:555) ~[filemanager.jar:?]
	at com.st.microxplorer.plugins.projectmanager.gui.ProjectSettingsPanel.UpdateDialog(ProjectSettingsPanel.java:245) ~[filemanager.jar:?]
	at com.st.microxplorer.plugins.projectmanager.ProjectManagerView.propertyChange(ProjectManagerView.java:392) ~[filemanager.jar:?]
	at java.beans.PropertyChangeSupport.fire(PropertyChangeSupport.java:343) ~[?:?]
	at java.beans.PropertyChangeSupport.firePropertyChange(PropertyChangeSupport.java:335) ~[?:?]
	at java.beans.PropertyChangeSupport.firePropertyChange(PropertyChangeSupport.java:268) ~[?:?]
	at com.st.microxplorer.util.MXPropertyChangeSupport.firePropertyChange(MXPropertyChangeSupport.java:54) ~[STM32CubeMX.jar:?]
	at com.st.microxplorer.mxsystem.MxSystem.closeConfig(MxSystem.java:899) ~[STM32CubeMX.jar:?]
	at com.st.microxplorer.maingui.MainPanel.closeConfig(MainPanel.java:789) ~[STM32CubeMX.jar:?]
	at com.st.microxplorer.plugins.filemanager.engine.OpenFileManager.loadConfigurationFile(OpenFileManager.java:287) ~[filemanager.jar:?]
	at com.st.microxplorer.plugins.filemanager.engine.MainFileManager.userLoadConfig(MainFileManager.java:341) ~[filemanager.jar:?]
	at com.st.microxplorer.plugins.filemanager.engine.MainFileManager.userLoadConfig(MainFileManager.java:319) ~[filemanager.jar:?]
	at com.st.microxplorer.plugins.filemanager.FileManagerView.getSpecificTask(FileManagerView.java:246) ~[filemanager.jar:?]
	at com.st.stm32cube.common.mx.editor.CubeMxEditor.getMxTabbedPaneInstance(CubeMxEditor.java:1198) ~[com.st.stm32cube.common.mx_6.14.1.202504091515/:?]
	at com.st.stm32cube.common.mx.editor.CubeMxEditor$12$1.createSwingComponent(CubeMxEditor.java:1068) ~[com.st.stm32cube.common.mx_6.14.1.202504091515/:?]
	at com.st.stm32cube.common.mx.oss.core.awtswtbridge.EmbeddedSwingComposite.doComponentCreation(EmbeddedSwingComposite.java:492) ~[com.st.stm32cube.common.mx.oss_6.14.1.202504091515/:?]
	at com.st.stm32cube.common.mx.oss.core.awtswtbridge.EmbeddedSwingComposite$4.run(EmbeddedSwingComposite.java:291) ~[com.st.stm32cube.common.mx.oss_6.14.1.202504091515/:?]
	at com.st.stm32cube.common.mx.oss.core.awtswtbridge.AwtEnvironment$2.run(AwtEnvironment.java:166) ~[com.st.stm32cube.common.mx.oss_6.14.1.202504091515/:?]
	at java.awt.event.InvocationEvent.dispatch(InvocationEvent.java:318) ~[?:?]
	at java.awt.EventQueue.dispatchEventImpl(EventQueue.java:773) ~[?:?]
	at java.awt.EventQueue$4.run(EventQueue.java:720) ~[?:?]
	at java.awt.EventQueue$4.run(EventQueue.java:714) ~[?:?]
	at java.security.AccessController.doPrivileged(AccessController.java:400) ~[?:?]
	at java.security.ProtectionDomain$JavaSecurityAccessImpl.doIntersectionPrivilege(ProtectionDomain.java:87) ~[?:?]
	at java.awt.EventQueue.dispatchEvent(EventQueue.java:742) ~[?:?]
	at java.awt.EventDispatchThread.pumpOneEventForFilters(EventDispatchThread.java:203) ~[?:?]
	at java.awt.EventDispatchThread.pumpEventsForFilter(EventDispatchThread.java:124) ~[?:?]
	at java.awt.EventDispatchThread.pumpEventsForHierarchy(EventDispatchThread.java:113) ~[?:?]
	at java.awt.EventDispatchThread.pumpEvents(EventDispatchThread.java:109) ~[?:?]
	at java.awt.EventDispatchThread.pumpEvents(EventDispatchThread.java:101) ~[?:?]
	at java.awt.EventDispatchThread.run(EventDispatchThread.java:90) ~[?:?]
2025-05-13 12:41:51,918 [WARN] ThirdParty:871 - waiting for thirdparty lock release [close project]
2025-05-13 12:41:51,919 [INFO] ThirdParty:873 - entering critical section [close project]
2025-05-13 12:41:51,919 [INFO] ThirdParty:883 - exiting critical section [close project]
2025-05-13 12:41:51,921 [INFO] PinOutPanel:1589 - setPackage(No Configuration,No Configuration)
2025-05-13 12:41:51,930 [WARN] IpParametersView:155 - Warning: This peripheral hasn't parameters
2025-05-13 12:41:51,936 [WARN] MainPanel:289 - <html><b><center>Warning: This peripheral has no parameters to be configured<br></b></html>
2025-05-13 12:41:51,939 [INFO] UtilMem:75 - Begin LoadConfig() Used Memory: 880286536 Bytes (1019215872)
2025-05-13 12:41:51,940 [INFO] MicroXplorer:468 - Change Database Path : 
2025-05-13 12:41:51,940 [INFO] MicroXplorer:498 - Change Database Version : DB.6.0.141
2025-05-13 12:41:51,940 [INFO] OpenFileManager:354 - Change cursor
2025-05-13 12:41:51,996 [INFO] RulesReader:64 - Compatibility file has been processed (302 Rules)
2025-05-13 12:41:52,014 [INFO] Mcu:2011 - Initializing MCU STM32F407V(E-G)Tx STM32F407VGTx STM32F407VGT6
2025-05-13 12:41:53,650 [INFO] Context:756 - Trying to add GPIOservice into a context  which must be forbidden
2025-05-13 12:41:54,271 [INFO] ImportTextPane:218 - (OptionalMessage_ERROR) Pin36 (VP_RIF_VS_RIF1) cannot be retrieved for this MCU
2025-05-13 12:41:54,622 [INFO] RtosManager:558 - Registered RTOS mode: class=CMSIS, group=RTOS, mode=CMSIS_V1, owner=FREERTOS
2025-05-13 12:41:54,622 [INFO] RtosManager:558 - Registered RTOS mode: class=CMSIS, group=RTOS2, mode=CMSIS_V2, owner=FREERTOS
2025-05-13 12:41:54,622 [INFO] RtosManager:558 - Registered RTOS mode: class=RTOS, group=Core, mode=CMSIS_V1, owner=FREERTOS
2025-05-13 12:41:54,622 [INFO] RtosManager:558 - Registered RTOS mode: class=RTOS, group=Core, mode=CMSIS_V2, owner=FREERTOS
2025-05-13 12:41:54,623 [WARN] ModelIntegratedComponent:184 - Missing modes for component STMicroelectronics:FreeRTOS:0.0.1:STMicroelectronics:RTOS:FreeRTOS:Core:::10.2.0:
2025-05-13 12:41:54,634 [WARN] ModelIntegratedComponent:63 - No mode defined for component null
2025-05-13 12:41:54,635 [WARN] ModelIntegratedComponent:63 - No mode defined for component null
2025-05-13 12:41:54,635 [WARN] ModelIntegratedComponent:63 - No mode defined for component null
2025-05-13 12:41:54,635 [WARN] ModelIntegratedComponent:63 - No mode defined for component null
2025-05-13 12:41:54,635 [WARN] ModelIntegratedComponent:63 - No mode defined for component null
2025-05-13 12:41:54,635 [WARN] ModelIntegratedComponent:63 - No mode defined for component null
2025-05-13 12:41:54,635 [WARN] ModelIntegratedComponent:63 - No mode defined for component null
2025-05-13 12:41:54,635 [WARN] ModelIntegratedComponent:63 - No mode defined for component null
2025-05-13 12:41:54,635 [WARN] ModelIntegratedComponent:63 - No mode defined for component null
2025-05-13 12:41:54,635 [WARN] ModelIntegratedComponent:63 - No mode defined for component null
2025-05-13 12:41:54,635 [WARN] ModelIntegratedComponent:63 - No mode defined for component null
2025-05-13 12:41:54,636 [WARN] ModelIntegratedComponent:63 - No mode defined for component null
2025-05-13 12:41:54,636 [WARN] ModelIntegratedComponent:63 - No mode defined for component null
2025-05-13 12:41:54,636 [WARN] ModelIntegratedComponent:63 - No mode defined for component null
2025-05-13 12:41:54,636 [WARN] ModelIntegratedComponent:63 - No mode defined for component null
2025-05-13 12:41:54,636 [WARN] ModelIntegratedComponent:63 - No mode defined for component null
2025-05-13 12:41:54,636 [WARN] ModelIntegratedComponent:63 - No mode defined for component null
2025-05-13 12:41:54,636 [WARN] ModelIntegratedComponent:63 - No mode defined for component null
2025-05-13 12:41:54,636 [WARN] ModelIntegratedComponent:63 - No mode defined for component null
2025-05-13 12:41:54,636 [WARN] ModelIntegratedComponent:63 - No mode defined for component null
2025-05-13 12:41:54,636 [WARN] ModelIntegratedComponent:63 - No mode defined for component null
2025-05-13 12:41:54,637 [WARN] ModelIntegratedComponent:63 - No mode defined for component null
2025-05-13 12:41:54,637 [WARN] ModelIntegratedComponent:63 - No mode defined for component null
2025-05-13 12:41:54,637 [WARN] ModelIntegratedComponent:63 - No mode defined for component null
2025-05-13 12:41:54,637 [WARN] ModelIntegratedComponent:63 - No mode defined for component null
2025-05-13 12:41:54,637 [WARN] ModelIntegratedComponent:63 - No mode defined for component null
2025-05-13 12:41:54,637 [WARN] ModelIntegratedComponent:63 - No mode defined for component null
2025-05-13 12:41:54,637 [WARN] ModelIntegratedComponent:63 - No mode defined for component null
2025-05-13 12:41:54,637 [WARN] ModelIntegratedComponent:63 - No mode defined for component null
2025-05-13 12:41:54,637 [WARN] ModelIntegratedComponent:63 - No mode defined for component null
2025-05-13 12:41:54,637 [WARN] ModelIntegratedComponent:63 - No mode defined for component null
2025-05-13 12:41:54,637 [WARN] ModelIntegratedComponent:63 - No mode defined for component null
2025-05-13 12:41:54,637 [WARN] ModelIntegratedComponent:63 - No mode defined for component null
2025-05-13 12:41:54,637 [WARN] ModelIntegratedComponent:63 - No mode defined for component null
2025-05-13 12:41:54,637 [WARN] ModelIntegratedComponent:63 - No mode defined for component null
2025-05-13 12:41:54,638 [WARN] ModelPack:524 - Component already loaded: STMicroelectronics:HAL Drivers:0.0.0:STMicroelectronics:Device:STMicro_Driver:XSPI:HAL::0.0.1:HAL_XSPI
2025-05-13 12:41:54,915 [INFO] ThirdPartyModel:298 - Start build external matchings
2025-05-13 12:41:56,001 [INFO] ThirdPartyModel:316 - End build external matchings
2025-05-13 12:41:56,031 [INFO] ImportTextPane:218 - (OptionalMessage_ERROR) IP (RCC) : Parameter (RTCHSEDivFreq_Value) has invalid value (4000000)
2025-05-13 12:41:56,221 [INFO] UtilMem:75 - End LoadConfig() Used Memory: 731868776 Bytes (1019215872)
2025-05-13 12:41:56,261 [WARN] ThirdParty:833 - waiting for thirdparty lock release [change project]
2025-05-13 12:41:56,262 [INFO] ThirdParty:835 - entering critical section [change project]
2025-05-13 12:41:56,262 [INFO] ThirdParty:1030 - CMSIS Pack Vendor :STMicroelectronics USBPD 4.1
2025-05-13 12:41:56,262 [INFO] ThirdParty:1030 - CMSIS Pack Vendor :STMicroelectronics X-CUBE-AZRTOS-H7 3.3.0
2025-05-13 12:41:56,262 [INFO] ThirdParty:1030 - CMSIS Pack Vendor :STMicroelectronics X-CUBE-NFC9 1.0.0
2025-05-13 12:41:56,262 [INFO] ThirdParty:1030 - CMSIS Pack Vendor :STMicroelectronics USB_HOST 2.0.0
2025-05-13 12:41:56,262 [INFO] ThirdParty:1030 - CMSIS Pack Vendor :STMicroelectronics FP-SNS-MOTENVWB1 1.4.0
2025-05-13 12:41:56,262 [INFO] ThirdParty:1030 - CMSIS Pack Vendor :STMicroelectronics X-CUBE-AZRTOS-F4 1.1.0
2025-05-13 12:41:56,262 [INFO] ThirdParty:1030 - CMSIS Pack Vendor :STMicroelectronics LIBJPEG 8.0.0
2025-05-13 12:41:56,262 [INFO] ThirdParty:1030 - CMSIS Pack Vendor :STMicroelectronics FP-ATR-ASTRA1 2.0.2
2025-05-13 12:41:56,262 [INFO] ThirdParty:1030 - CMSIS Pack Vendor :STMicroelectronics X-CUBE-BLE1 7.1.0
2025-05-13 12:41:56,262 [INFO] ThirdParty:1030 - CMSIS Pack Vendor :Avnet-IotConnect X-CUBE-IoTC-DA16k-PMOD 1.0.0
2025-05-13 12:41:56,263 [INFO] ThirdParty:1030 - CMSIS Pack Vendor :STMicroelectronics X-CUBE-SMBUS 2.1.0
2025-05-13 12:41:56,263 [INFO] ThirdParty:1030 - CMSIS Pack Vendor :STMicroelectronics X-CUBE-WB05N 1.1.0
2025-05-13 12:41:56,263 [INFO] ThirdParty:1030 - CMSIS Pack Vendor :wolfSSL I-CUBE-wolfMQTT 1.19.2
2025-05-13 12:41:56,263 [INFO] ThirdParty:1030 - CMSIS Pack Vendor :STMicroelectronics USB_DEVICE 3.0.0
2025-05-13 12:41:56,263 [INFO] ThirdParty:1030 - CMSIS Pack Vendor :STMicroelectronics X-CUBE-ISPU 2.1.0
2025-05-13 12:41:56,263 [INFO] ThirdParty:1030 - CMSIS Pack Vendor :STMicroelectronics X-CUBE-AZRTOS-WB 2.0.0
2025-05-13 12:41:56,263 [INFO] ThirdParty:1030 - CMSIS Pack Vendor :STMicroelectronics X-CUBE-GNSS1 7.0.1
2025-05-13 12:41:56,263 [INFO] ThirdParty:1030 - CMSIS Pack Vendor :STMicroelectronics X-CUBE-AZRTOS-F7 1.1.0
2025-05-13 12:41:56,263 [INFO] ThirdParty:1030 - CMSIS Pack Vendor :STMicroelectronics X-CUBE-AZRTOS-L5 2.0.0
2025-05-13 12:41:56,263 [INFO] ThirdParty:1030 - CMSIS Pack Vendor :STMicroelectronics X-CUBE-TOUCHGFX 4.25.0
2025-05-13 12:41:56,263 [INFO] ThirdParty:1030 - CMSIS Pack Vendor :STMicroelectronics USB_DEVICE 2.0.0
2025-05-13 12:41:56,263 [INFO] ThirdParty:1030 - CMSIS Pack Vendor :STMicroelectronics X-CUBE-NFC6 3.1.0
2025-05-13 12:41:56,263 [INFO] ThirdParty:1030 - CMSIS Pack Vendor :STMicroelectronics FP-SNS-STBOX1 2.0.0
2025-05-13 12:41:56,263 [INFO] ThirdParty:1030 - CMSIS Pack Vendor :STMicroelectronics X-CUBE-MEMS1 11.2.0
2025-05-13 12:41:56,264 [INFO] ThirdParty:1030 - CMSIS Pack Vendor :STMicroelectronics FreeRTOS 0.0.1
2025-05-13 12:41:56,264 [INFO] ThirdParty:1030 - CMSIS Pack Vendor :STMicroelectronics X-CUBE-AZRTOS-G0 1.1.0
2025-05-13 12:41:56,264 [INFO] ThirdParty:1030 - CMSIS Pack Vendor :STMicroelectronics X-CUBE-SAFEA1 1.2.2
2025-05-13 12:41:56,264 [INFO] ThirdParty:1030 - CMSIS Pack Vendor :STMicroelectronics X-CUBE-NFC4 3.0.0
2025-05-13 12:41:56,264 [INFO] ThirdParty:1030 - CMSIS Pack Vendor :STMicroelectronics X-CUBE-SUBG2 5.0.0
2025-05-13 12:41:56,264 [INFO] ThirdParty:1030 - CMSIS Pack Vendor :STMicroelectronics X-CUBE-AZRTOS-H7RS 1.1.0
2025-05-13 12:41:56,264 [INFO] ThirdParty:1030 - CMSIS Pack Vendor :STMicroelectronics STM32_WPAN 1.0.0
2025-05-13 12:41:56,264 [INFO] ThirdParty:1030 - CMSIS Pack Vendor :EmbeddedOffice I-CUBE-FS-RTOS 1.0.1
2025-05-13 12:41:56,264 [INFO] ThirdParty:1030 - CMSIS Pack Vendor :STMicroelectronics lwIP 2.0.3
2025-05-13 12:41:56,264 [INFO] ThirdParty:1030 - CMSIS Pack Vendor :Cesanta I-CUBE-Mongoose 7.13.0
2025-05-13 12:41:56,264 [INFO] ThirdParty:1030 - CMSIS Pack Vendor :STMicroelectronics USB_HOST 1.0.0
2025-05-13 12:41:56,264 [INFO] ThirdParty:1030 - CMSIS Pack Vendor :Infineon AIROC-Wi-Fi-Bluetooth-STM32 1.7.0
2025-05-13 12:41:56,264 [INFO] ThirdParty:1030 - CMSIS Pack Vendor :STMicroelectronics X-CUBE-AZRTOS-G4 2.0.0
2025-05-13 12:41:56,264 [INFO] ThirdParty:1030 - CMSIS Pack Vendor :STMicroelectronics X-CUBE-WB05N 2.0.0
2025-05-13 12:41:56,264 [INFO] ThirdParty:1030 - CMSIS Pack Vendor :STMicroelectronics PDM2PCM 3.1.0
2025-05-13 12:41:56,265 [INFO] ThirdParty:1030 - CMSIS Pack Vendor :STMicroelectronics PDM2PCM 3.3.0
2025-05-13 12:41:56,265 [INFO] ThirdParty:1030 - CMSIS Pack Vendor :wolfSSL I-CUBE-wolfTPM 3.8.0
2025-05-13 12:41:56,265 [INFO] ThirdParty:1030 - CMSIS Pack Vendor :STMicroelectronics X-CUBE-DISPLAY 3.0.0
2025-05-13 12:41:56,265 [INFO] ThirdParty:1030 - CMSIS Pack Vendor :wolfSSL I-CUBE-wolfSSH 1.4.20
2025-05-13 12:41:56,265 [INFO] ThirdParty:1030 - CMSIS Pack Vendor :STMicroelectronics X-CUBE-NFC7 2.0.0
2025-05-13 12:41:56,265 [INFO] ThirdParty:1030 - CMSIS Pack Vendor :STMicroelectronics X-CUBE-TCPP 4.2.0
2025-05-13 12:41:56,265 [INFO] ThirdParty:1030 - CMSIS Pack Vendor :RealThread X-CUBE-RT-Thread_Nano 4.1.1
2025-05-13 12:41:56,265 [INFO] ThirdParty:1030 - CMSIS Pack Vendor :STMicroelectronics FP-ATR-SIGFOX1 3.2.0
2025-05-13 12:41:56,265 [INFO] ThirdParty:1030 - CMSIS Pack Vendor :STMicroelectronics X-CUBE-NFC10 1.0.0
2025-05-13 12:41:56,265 [INFO] ThirdParty:1030 - CMSIS Pack Vendor :STMicroelectronics X-CUBE-BLEMGR 4.0.0
2025-05-13 12:41:56,265 [INFO] ThirdParty:1030 - CMSIS Pack Vendor :STMicroelectronics X-CUBE-EEPRMA1 5.1.0
2025-05-13 12:41:56,266 [INFO] ThirdParty:1030 - CMSIS Pack Vendor :STMicroelectronics X-CUBE-FREERTOS 1.3.1
2025-05-13 12:41:56,266 [INFO] ThirdParty:1030 - CMSIS Pack Vendor :STMicroelectronics HAL Drivers 0.0.0
2025-05-13 12:41:56,266 [INFO] ThirdParty:1030 - CMSIS Pack Vendor :STMicroelectronics MBEDTLS 2.16.2
2025-05-13 12:41:56,266 [INFO] ThirdParty:1030 - CMSIS Pack Vendor :STMicroelectronics X-CUBE-IPS 3.1.0
2025-05-13 12:41:56,266 [INFO] ThirdParty:1030 - CMSIS Pack Vendor :STMicroelectronics X-CUBE-ALS 1.0.2
2025-05-13 12:41:56,266 [INFO] ThirdParty:1030 - CMSIS Pack Vendor :emotas I-CUBE-CANOPEN 1.3.0
2025-05-13 12:41:56,266 [INFO] ThirdParty:1030 - CMSIS Pack Vendor :STMicroelectronics X-CUBE-FREERTOS 1.3.0
2025-05-13 12:41:56,266 [INFO] ThirdParty:1030 - CMSIS Pack Vendor :STMicroelectronics X-CUBE-NFC7 1.0.1
2025-05-13 12:41:56,266 [INFO] ThirdParty:1030 - CMSIS Pack Vendor :STMicroelectronics MBEDTLS 2.14.1
2025-05-13 12:41:56,266 [INFO] ThirdParty:1030 - CMSIS Pack Vendor :wolfSSL I-CUBE-wolfSSL 5.7.6
2025-05-13 12:41:56,266 [INFO] ThirdParty:1030 - CMSIS Pack Vendor :ITTIA_DB I-CUBE-ITTIADB 8.9.0
2025-05-13 12:41:56,266 [INFO] ThirdParty:1030 - CMSIS Pack Vendor :portGmbH I-Cube-SoM-uGOAL 1.1.0
2025-05-13 12:41:56,267 [INFO] ThirdParty:1030 - CMSIS Pack Vendor :quantropi X-CUBE-qispace-sdk-base 2.0.0
2025-05-13 12:41:56,267 [INFO] ThirdParty:1030 - CMSIS Pack Vendor :STMicroelectronics X-CUBE-AI 10.0.0
2025-05-13 12:41:56,267 [INFO] ThirdParty:1030 - CMSIS Pack Vendor :STMicroelectronics ThreadX 1.0.0
2025-05-13 12:41:56,267 [INFO] ThirdParty:1030 - CMSIS Pack Vendor :STMicroelectronics FP-SNS-SMARTAG2 1.2.0
2025-05-13 12:41:56,267 [INFO] ThirdParty:1030 - CMSIS Pack Vendor :STMicroelectronics FP-SNS-FLIGHT1 5.1.0
2025-05-13 12:41:56,267 [INFO] ThirdParty:1030 - CMSIS Pack Vendor :STMicroelectronics X-CUBE-MEMS1 11.1.0
2025-05-13 12:41:56,267 [INFO] ThirdParty:1030 - CMSIS Pack Vendor :STMicroelectronics X-CUBE-AZRTOS-WL 2.0.0
2025-05-13 12:41:56,267 [INFO] ThirdParty:1030 - CMSIS Pack Vendor :SEGGER I-CUBE-embOS 1.3.1
2025-05-13 12:41:56,267 [INFO] ThirdParty:1030 - CMSIS Pack Vendor :STMicroelectronics X-CUBE-ALGOBUILD 1.4.0
2025-05-13 12:41:56,267 [INFO] ThirdParty:1030 - CMSIS Pack Vendor :STMicroelectronics X-CUBE-DPower 1.3.0
2025-05-13 12:41:56,267 [INFO] ThirdParty:1030 - CMSIS Pack Vendor :STMicroelectronics FP-SNS-MOTENV1 5.0.0
2025-05-13 12:41:56,267 [INFO] ThirdParty:1030 - CMSIS Pack Vendor :STMicroelectronics USB_DEVICE 1.0.0
2025-05-13 12:41:56,267 [INFO] ThirdParty:1030 - CMSIS Pack Vendor :STMicroelectronics X-CUBE-AZRTOS-L4 2.0.0
2025-05-13 12:41:56,268 [INFO] ThirdParty:1030 - CMSIS Pack Vendor :STMicroelectronics ThreadX 0.0.2
2025-05-13 12:41:56,268 [INFO] ThirdParty:1030 - CMSIS Pack Vendor :WES I-CUBE-Cesium 1.3.0
2025-05-13 12:41:56,268 [INFO] ThirdParty:1030 - CMSIS Pack Vendor :STMicroelectronics lwIP 2.1.2
2025-05-13 12:41:56,268 [INFO] ThirdParty:1030 - CMSIS Pack Vendor :STMicroelectronics X-CUBE-SFXS2LP1 4.0.0
2025-05-13 12:41:56,268 [INFO] ThirdParty:1030 - CMSIS Pack Vendor :STMicroelectronics X-CUBE-BLE2 3.3.0
2025-05-13 12:41:56,268 [INFO] ThirdParty:1030 - CMSIS Pack Vendor :STMicroelectronics X-CUBE-TOF1 3.4.2
2025-05-13 12:41:56,268 [INFO] ThirdParty:1030 - CMSIS Pack Vendor :STMicroelectronics X-CUBE-TOF1 3.4.3
2025-05-13 12:41:56,268 [INFO] ThirdParty:1030 - CMSIS Pack Vendor :STMicroelectronics PDM2PCM 3.2.0
2025-05-13 12:41:56,268 [INFO] ThirdParty:841 - exiting critical section [change project]
2025-05-13 12:41:56,492 [INFO] PinOutPanel:1589 - setPackage(No Configuration,No Configuration)
2025-05-13 12:41:56,492 [INFO] PinOutPanel:1589 - setPackage(STM32F407VGTx,LQFP100)
2025-05-13 12:41:56,871 [INFO] UtilMem:75 - Before build in PCC Used Memory: 932146792 Bytes (1019215872)
2025-05-13 12:41:57,099 [INFO] UtilMem:75 - After build in PCC Used Memory: 440207912 Bytes (1019215872)
2025-05-13 12:41:57,105 [INFO] ApiDbMcu:508 - Load IP Config File for USB_HOST
2025-05-13 12:41:57,106 [WARN] BspModel:444 - BSP dependency skipped because of component: name='IOExpander', api='Unknown'
2025-05-13 12:41:57,126 [INFO] IPUIPlugin:80 - create IPUIPlugin
2025-05-13 12:41:57,126 [INFO] IPUIPlugin:80 - create IPUIPlugin
2025-05-13 12:41:57,126 [INFO] IPUIPlugin:80 - create IPUIPlugin
2025-05-13 12:41:57,126 [INFO] IPUIPlugin:80 - create IPUIPlugin
2025-05-13 12:41:57,126 [INFO] IPUIPlugin:80 - create IPUIPlugin
2025-05-13 12:41:57,126 [INFO] IPUIPlugin:80 - create IPUIPlugin
2025-05-13 12:41:57,126 [INFO] IPUIPlugin:80 - create IPUIPlugin
2025-05-13 12:41:57,127 [INFO] IPUIPlugin:80 - create IPUIPlugin
2025-05-13 12:41:57,127 [INFO] IPUIPlugin:80 - create IPUIPlugin
2025-05-13 12:41:57,127 [INFO] IPUIPlugin:80 - create IPUIPlugin
2025-05-13 12:41:57,127 [INFO] IPUIPlugin:80 - create IPUIPlugin
2025-05-13 12:41:57,127 [INFO] IPUIPlugin:80 - create IPUIPlugin
2025-05-13 12:41:57,127 [INFO] IPUIPlugin:80 - create IPUIPlugin
2025-05-13 12:41:57,127 [INFO] IPUIPlugin:80 - create IPUIPlugin
2025-05-13 12:41:57,128 [INFO] IPUIPlugin:80 - create IPUIPlugin
2025-05-13 12:41:57,128 [INFO] IPUIPlugin:80 - create IPUIPlugin
2025-05-13 12:41:57,128 [INFO] IPUIPlugin:80 - create IPUIPlugin
2025-05-13 12:41:57,128 [INFO] IPUIPlugin:80 - create IPUIPlugin
2025-05-13 12:41:57,128 [INFO] IPUIPlugin:80 - create IPUIPlugin
2025-05-13 12:41:57,129 [INFO] IPUIPlugin:80 - create IPUIPlugin
2025-05-13 12:41:57,129 [INFO] IPUIPlugin:80 - create IPUIPlugin
2025-05-13 12:41:57,129 [INFO] IPUIPlugin:80 - create IPUIPlugin
2025-05-13 12:41:57,129 [INFO] IPUIPlugin:80 - create IPUIPlugin
2025-05-13 12:41:57,129 [INFO] IPUIPlugin:80 - create IPUIPlugin
2025-05-13 12:41:57,129 [INFO] IPUIPlugin:80 - create IPUIPlugin
2025-05-13 12:41:57,130 [INFO] IPUIPlugin:80 - create IPUIPlugin
2025-05-13 12:41:57,130 [INFO] IPUIPlugin:80 - create IPUIPlugin
2025-05-13 12:41:57,130 [INFO] IPUIPlugin:80 - create IPUIPlugin
2025-05-13 12:41:57,130 [INFO] IPUIPlugin:80 - create IPUIPlugin
2025-05-13 12:41:57,130 [INFO] IPUIPlugin:80 - create IPUIPlugin
2025-05-13 12:41:57,130 [INFO] IPUIPlugin:80 - create IPUIPlugin
2025-05-13 12:41:57,131 [INFO] IPUIPlugin:80 - create IPUIPlugin
2025-05-13 12:41:57,131 [INFO] IPUIPlugin:80 - create IPUIPlugin
2025-05-13 12:41:57,131 [INFO] IPUIPlugin:80 - create IPUIPlugin
2025-05-13 12:41:57,131 [INFO] IPUIPlugin:80 - create IPUIPlugin
2025-05-13 12:41:57,131 [INFO] IPUIPlugin:80 - create IPUIPlugin
2025-05-13 12:41:57,131 [INFO] IPUIPlugin:80 - create IPUIPlugin
2025-05-13 12:41:57,131 [INFO] IPUIPlugin:80 - create IPUIPlugin
2025-05-13 12:41:57,131 [INFO] IPUIPlugin:80 - create IPUIPlugin
2025-05-13 12:41:57,131 [INFO] IPUIPlugin:80 - create IPUIPlugin
2025-05-13 12:41:57,132 [INFO] IPUIPlugin:80 - create IPUIPlugin
2025-05-13 12:41:57,132 [INFO] IPUIPlugin:80 - create IPUIPlugin
2025-05-13 12:41:57,132 [INFO] IPUIPlugin:80 - create IPUIPlugin
2025-05-13 12:41:57,132 [INFO] IPUIPlugin:80 - create IPUIPlugin
2025-05-13 12:41:57,132 [INFO] IPUIPlugin:80 - create IPUIPlugin
2025-05-13 12:41:57,132 [INFO] IPUIPlugin:80 - create IPUIPlugin
2025-05-13 12:41:57,132 [INFO] IPUIPlugin:80 - create IPUIPlugin
2025-05-13 12:41:57,132 [INFO] IPUIPlugin:80 - create IPUIPlugin
2025-05-13 12:41:57,132 [INFO] IPUIPlugin:80 - create IPUIPlugin
2025-05-13 12:41:57,133 [INFO] IPUIPlugin:80 - create IPUIPlugin
2025-05-13 12:41:57,133 [INFO] IPUIPlugin:80 - create IPUIPlugin
2025-05-13 12:41:57,133 [INFO] IPUIPlugin:80 - create IPUIPlugin
2025-05-13 12:41:57,133 [INFO] IPUIPlugin:80 - create IPUIPlugin
2025-05-13 12:41:57,134 [INFO] IPUIPlugin:80 - create IPUIPlugin
2025-05-13 12:41:57,134 [INFO] IPUIPlugin:80 - create IPUIPlugin
2025-05-13 12:41:57,134 [INFO] IPUIPlugin:80 - create IPUIPlugin
2025-05-13 12:41:57,135 [INFO] IPUIPlugin:80 - create IPUIPlugin
2025-05-13 12:41:57,135 [INFO] IPUIPlugin:80 - create IPUIPlugin
2025-05-13 12:41:57,138 [INFO] ApiDbMcu:508 - Load IP Config File for PDM2PCM
2025-05-13 12:41:57,139 [WARN] IP:2250 - I2C_Coeff_DF not found: check if there is a RefParameter without a condition.
2025-05-13 12:41:57,139 [WARN] IP:2250 - Analog_Filter not found: check if there is a RefParameter without a condition.
2025-05-13 12:41:57,141 [INFO] I2sManager:658 - 9.6E7
2025-05-13 12:41:57,141 [INFO] I2sManager:195 - I2S Clock Value : 9.6E7
2025-05-13 12:41:57,142 [INFO] I2sManager:553 - AudioClock : 93750Divider : 2Odd : 0
2025-05-13 12:41:57,197 [INFO] CADModel:165 - CPN selected for project levelSTM32F407VGT6
2025-05-13 12:41:57,197 [INFO] CADModel:114 - Register for checkConnection events
2025-05-13 12:41:57,234 [INFO] OpenFileManager:385 - Restore cursor
2025-05-13 12:41:57,488 [WARN] IP:2250 - I2C_Coeff_DF not found: check if there is a RefParameter without a condition.
2025-05-13 12:41:57,488 [WARN] IP:2250 - Analog_Filter not found: check if there is a RefParameter without a condition.
2025-05-13 12:41:57,488 [WARN] IP:2250 - I2C_Coeff_DF not found: check if there is a RefParameter without a condition.
2025-05-13 12:41:57,488 [WARN] IP:2250 - Analog_Filter not found: check if there is a RefParameter without a condition.
2025-05-13 12:41:57,859 [INFO] UtilMem:75 - End SaveConfig() Used Memory: 596967976 Bytes (1019215872)
2025-05-13 12:41:57,983 [INFO] UtilMem:75 - End SaveConfig() Used Memory: 619514408 Bytes (1019215872)
2025-05-13 12:41:58,458 [INFO] BlockDiagram:2775 - set Specific Code input for plugin: SPI
2025-05-13 12:41:58,458 [INFO] BlockDiagram:2775 - set Specific Code input for plugin: I2S
2025-05-13 12:41:58,458 [INFO] BlockDiagram:2775 - set Specific Code input for plugin: SYS
2025-05-13 12:41:58,458 [INFO] BlockDiagram:2775 - set Specific Code input for plugin: ADC
2025-05-13 12:41:58,458 [INFO] BlockDiagram:2775 - set Specific Code input for plugin: RCC
2025-05-13 12:41:58,458 [INFO] BlockDiagram:2775 - set Specific Code input for plugin: I2C
2025-05-13 12:41:58,458 [INFO] BlockDiagram:2775 - set Specific Code input for plugin: USB_OTG_FS
2025-05-13 12:41:58,458 [INFO] BlockDiagram:2775 - set Specific Code input for plugin: NVIC
2025-05-13 12:41:58,458 [INFO] BlockDiagram:2775 - set Specific Code input for plugin: USB_HOST
2025-05-13 12:41:58,459 [INFO] BlockDiagram:2775 - set Specific Code input for plugin: GPIO
2025-05-13 12:41:58,459 [INFO] CodeGenerator:882 - code generatio: config db path: /Applications/STM32CubeIDE.app/Contents/Eclipse/plugins/com.st.stm32cube.common.mx_6.14.1.202504091515//db/
2025-05-13 12:41:58,467 [WARN] IP:2250 - I2C_Coeff_DF not found: check if there is a RefParameter without a condition.
2025-05-13 12:41:58,467 [WARN] IP:2250 - Analog_Filter not found: check if there is a RefParameter without a condition.
2025-05-13 12:41:58,660 [INFO] CodeEngine:263 - oldGeneratedFile, /Users/winstonhar/ENCE-3231/Phase A/Projects/2025_STM32F407_ADC_SingleInterrupt/MXTmpFiles/license.tmp_save
2025-05-13 12:41:58,810 [INFO] CodeEngine:287 - Generated code: /Users/winstonhar/ENCE-3231/Phase A/Projects/2025_STM32F407_ADC_SingleInterrupt/MXTmpFiles/license.tmp
2025-05-13 12:41:58,853 [INFO] CodeEngine:263 - oldGeneratedFile, /Users/winstonhar/ENCE-3231/Phase A/Projects/2025_STM32F407_ADC_SingleInterrupt/MXTmpFiles/gpio.tmp_save
2025-05-13 12:41:58,943 [INFO] CodeEngine:287 - Generated code: /Users/winstonhar/ENCE-3231/Phase A/Projects/2025_STM32F407_ADC_SingleInterrupt/MXTmpFiles/gpio.tmp
2025-05-13 12:41:59,013 [WARN] IPConfigManager:3217 - Warning: the RefConfig PWREx_EnableUSBVoltageDetector is not available in your config.xml file
2025-05-13 12:41:59,018 [INFO] CodeEngine:263 - oldGeneratedFile, /Users/winstonhar/ENCE-3231/Phase A/Projects/2025_STM32F407_ADC_SingleInterrupt/MXTmpFiles/usb_otg_fs_vars.tmp_save
2025-05-13 12:41:59,101 [INFO] CodeEngine:287 - Generated code: /Users/winstonhar/ENCE-3231/Phase A/Projects/2025_STM32F407_ADC_SingleInterrupt/MXTmpFiles/usb_otg_fs_vars.tmp
2025-05-13 12:41:59,103 [INFO] CodeEngine:263 - oldGeneratedFile, /Users/winstonhar/ENCE-3231/Phase A/Projects/2025_STM32F407_ADC_SingleInterrupt/MXTmpFiles/usb_otg_fs_inc.tmp_save
2025-05-13 12:41:59,164 [INFO] CodeEngine:287 - Generated code: /Users/winstonhar/ENCE-3231/Phase A/Projects/2025_STM32F407_ADC_SingleInterrupt/MXTmpFiles/usb_otg_fs_inc.tmp
2025-05-13 12:41:59,166 [INFO] CodeEngine:263 - oldGeneratedFile, /Users/winstonhar/ENCE-3231/Phase A/Projects/2025_STM32F407_ADC_SingleInterrupt/MXTmpFiles/usb_otg_fs_HalInit.tmp_save
2025-05-13 12:41:59,239 [INFO] CodeEngine:287 - Generated code: /Users/winstonhar/ENCE-3231/Phase A/Projects/2025_STM32F407_ADC_SingleInterrupt/MXTmpFiles/usb_otg_fs_HalInit.tmp
2025-05-13 12:41:59,241 [INFO] CodeEngine:263 - oldGeneratedFile, /Users/winstonhar/ENCE-3231/Phase A/Projects/2025_STM32F407_ADC_SingleInterrupt/MXTmpFiles/usb_otg_fs_Msp.tmp_save
2025-05-13 12:41:59,319 [INFO] CodeEngine:287 - Generated code: /Users/winstonhar/ENCE-3231/Phase A/Projects/2025_STM32F407_ADC_SingleInterrupt/MXTmpFiles/usb_otg_fs_Msp.tmp
2025-05-13 12:41:59,528 [INFO] CodeEngine:263 - oldGeneratedFile, /Users/winstonhar/ENCE-3231/Phase A/Projects/2025_STM32F407_ADC_SingleInterrupt/USB_HOST/App/usb_host.c_save
2025-05-13 12:41:59,596 [INFO] CodeEngine:287 - Generated code: /Users/winstonhar/ENCE-3231/Phase A/Projects/2025_STM32F407_ADC_SingleInterrupt/USB_HOST/App/usb_host.c
2025-05-13 12:41:59,598 [INFO] CodeEngine:263 - oldGeneratedFile, /Users/winstonhar/ENCE-3231/Phase A/Projects/2025_STM32F407_ADC_SingleInterrupt/USB_HOST/App/usb_host.h_save
2025-05-13 12:41:59,654 [INFO] CodeEngine:287 - Generated code: /Users/winstonhar/ENCE-3231/Phase A/Projects/2025_STM32F407_ADC_SingleInterrupt/USB_HOST/App/usb_host.h
2025-05-13 12:41:59,656 [INFO] CodeEngine:263 - oldGeneratedFile, /Users/winstonhar/ENCE-3231/Phase A/Projects/2025_STM32F407_ADC_SingleInterrupt/USB_HOST/Target/usbh_conf.h_save
2025-05-13 12:41:59,711 [INFO] CodeEngine:287 - Generated code: /Users/winstonhar/ENCE-3231/Phase A/Projects/2025_STM32F407_ADC_SingleInterrupt/USB_HOST/Target/usbh_conf.h
2025-05-13 12:41:59,713 [INFO] CodeEngine:263 - oldGeneratedFile, /Users/winstonhar/ENCE-3231/Phase A/Projects/2025_STM32F407_ADC_SingleInterrupt/USB_HOST/Target/usbh_conf.c_save
2025-05-13 12:41:59,769 [INFO] CodeEngine:287 - Generated code: /Users/winstonhar/ENCE-3231/Phase A/Projects/2025_STM32F407_ADC_SingleInterrupt/USB_HOST/Target/usbh_conf.c
2025-05-13 12:41:59,772 [INFO] CodeEngine:263 - oldGeneratedFile, /Users/winstonhar/ENCE-3231/Phase A/Projects/2025_STM32F407_ADC_SingleInterrupt/USB_HOST/Target/usbh_platform.c_save
2025-05-13 12:41:59,823 [INFO] CodeEngine:287 - Generated code: /Users/winstonhar/ENCE-3231/Phase A/Projects/2025_STM32F407_ADC_SingleInterrupt/USB_HOST/Target/usbh_platform.c
2025-05-13 12:41:59,824 [INFO] CodeEngine:263 - oldGeneratedFile, /Users/winstonhar/ENCE-3231/Phase A/Projects/2025_STM32F407_ADC_SingleInterrupt/USB_HOST/Target/usbh_platform.h_save
2025-05-13 12:41:59,874 [INFO] CodeEngine:287 - Generated code: /Users/winstonhar/ENCE-3231/Phase A/Projects/2025_STM32F407_ADC_SingleInterrupt/USB_HOST/Target/usbh_platform.h
2025-05-13 12:41:59,882 [INFO] CodeEngine:263 - oldGeneratedFile, /Users/winstonhar/ENCE-3231/Phase A/Projects/2025_STM32F407_ADC_SingleInterrupt/Core/Src/stm32f4xx_it.c_save
2025-05-13 12:42:00,095 [INFO] CodeEngine:287 - Generated code: /Users/winstonhar/ENCE-3231/Phase A/Projects/2025_STM32F407_ADC_SingleInterrupt/Core/Src/stm32f4xx_it.c
2025-05-13 12:42:00,097 [INFO] CodeEngine:263 - oldGeneratedFile, /Users/winstonhar/ENCE-3231/Phase A/Projects/2025_STM32F407_ADC_SingleInterrupt/Core/Inc/stm32f4xx_it.h_save
2025-05-13 12:42:00,156 [INFO] CodeEngine:287 - Generated code: /Users/winstonhar/ENCE-3231/Phase A/Projects/2025_STM32F407_ADC_SingleInterrupt/Core/Inc/stm32f4xx_it.h
2025-05-13 12:42:00,169 [INFO] CodeEngine:263 - oldGeneratedFile, /Users/winstonhar/ENCE-3231/Phase A/Projects/2025_STM32F407_ADC_SingleInterrupt/Core/Src/stm32f4xx_hal_msp.c_save
2025-05-13 12:42:00,267 [INFO] CodeEngine:287 - Generated code: /Users/winstonhar/ENCE-3231/Phase A/Projects/2025_STM32F407_ADC_SingleInterrupt/Core/Src/stm32f4xx_hal_msp.c
2025-05-13 12:42:00,269 [INFO] CodeEngine:263 - oldGeneratedFile, /Users/winstonhar/ENCE-3231/Phase A/Projects/2025_STM32F407_ADC_SingleInterrupt/MXTmpFiles/system.tmp_save
2025-05-13 12:42:00,335 [INFO] CodeEngine:287 - Generated code: /Users/winstonhar/ENCE-3231/Phase A/Projects/2025_STM32F407_ADC_SingleInterrupt/MXTmpFiles/system.tmp
2025-05-13 12:42:00,340 [INFO] CodeEngine:319 - oldGeneratedFile, /Users/winstonhar/ENCE-3231/Phase A/Projects/2025_STM32F407_ADC_SingleInterrupt/Core/Inc/stm32f4xx_hal_conf.h_save
2025-05-13 12:42:00,406 [INFO] CodeEngine:343 - Generated code: /Users/winstonhar/ENCE-3231/Phase A/Projects/2025_STM32F407_ADC_SingleInterrupt/Core/Inc/stm32f4xx_hal_conf.h
2025-05-13 12:42:00,426 [INFO] ApiDbMcu:508 - Load IP Config File for ADC1
2025-05-13 12:42:00,428 [INFO] ApiDbMcu:508 - Load IP Config File for I2C1
2025-05-13 12:42:00,430 [INFO] ApiDbMcu:508 - Load IP Config File for I2S3
2025-05-13 12:42:00,432 [INFO] ApiDbMcu:508 - Load IP Config File for SPI1
2025-05-13 12:42:00,435 [INFO] ApiDbMcu:508 - Load IP Config File for RCC
2025-05-13 12:42:00,441 [INFO] CodeEngine:263 - oldGeneratedFile, /Users/winstonhar/ENCE-3231/Phase A/Projects/2025_STM32F407_ADC_SingleInterrupt/Core/Inc/main.h_save
2025-05-13 12:42:00,521 [INFO] CodeEngine:287 - Generated code: /Users/winstonhar/ENCE-3231/Phase A/Projects/2025_STM32F407_ADC_SingleInterrupt/Core/Inc/main.h
2025-05-13 12:42:00,524 [INFO] CodeEngine:263 - oldGeneratedFile, /Users/winstonhar/ENCE-3231/Phase A/Projects/2025_STM32F407_ADC_SingleInterrupt/Core/Src/main.c_save
2025-05-13 12:42:00,600 [INFO] CodeEngine:287 - Generated code: /Users/winstonhar/ENCE-3231/Phase A/Projects/2025_STM32F407_ADC_SingleInterrupt/Core/Src/main.c
2025-05-13 12:42:01,004 [INFO] ProjectBuilder:3324 - Time for Copy HAL[1] : 195mS.
2025-05-13 12:42:01,009 [INFO] ProjectBuilder:4912 - Project Generator version: 4.6.0.1-B1
2025-05-13 12:42:01,144 [INFO] ConfigFileManager:1590 - The Die is : DIE413
2025-05-13 12:42:01,149 [INFO] ApiDbMcu:508 - Load IP Config File for FATFS
2025-05-13 12:42:01,155 [INFO] ApiDbMcu:508 - Load IP Config File for FREERTOS
2025-05-13 12:42:01,159 [INFO] ApiDbMcu:508 - Load IP Config File for LIBJPEG
2025-05-13 12:42:01,167 [INFO] ApiDbMcu:508 - Load IP Config File for LWIP
2025-05-13 12:42:01,176 [INFO] ApiDbMcu:508 - Load IP Config File for MBEDTLS
2025-05-13 12:42:01,186 [INFO] ApiDbMcu:508 - Load IP Config File for USB_DEVICE
2025-05-13 12:42:02,782 [INFO] ProjectBuilder:5191 - Time for Generating toolchain IDE Files: 1773mS.
2025-05-13 12:42:02,783 [INFO] ProjectBuilder:3181 - Time for Copy CMSIS : 1mS.
2025-05-13 12:42:02,784 [INFO] ProjectBuilder:3181 - Time for Copy CMSIS : 0mS.
2025-05-13 12:42:03,402 [INFO] McuFinderGlobals:76 - Set McuFinderConnectedMode to true
2025-05-13 12:42:03,408 [INFO] ApiDb:448 - Save user favorites file /Users/winstonhar/.stm32cubeide/favorites.mcus.txt: 1 item(s)
2025-05-13 12:42:03,408 [INFO] ApiDb:452 - User favorites MCUs=[STM32F103RCT6]
2025-05-13 12:42:19,478 [INFO] ADCParametersView:116 -                Rank 1 : false
2025-05-13 12:42:19,552 [INFO] ADCParametersView:116 -                Rank 1 : false
2025-05-13 12:42:19,552 [INFO] ADCParametersView:116 -                Rank 1 : false
2025-05-13 12:42:19,552 [INFO] ADCParametersView:116 -                Rank 1 : false
2025-05-13 12:42:19,552 [INFO] ADCParametersView:116 -                Rank 1 : false
2025-05-13 12:42:19,553 [INFO] ADCParametersView:116 -                Rank 1 : false
2025-05-13 12:42:19,553 [INFO] ADCParametersView:116 -                Rank 1 : false
2025-05-13 12:42:19,553 [INFO] ADCParametersView:116 -                Rank 1 : false
2025-05-13 12:42:19,553 [INFO] ADCParametersView:116 -                Rank 1 : false
2025-05-13 12:42:19,553 [INFO] ADCParametersView:116 -                Rank 1 : false
2025-05-13 12:42:19,553 [INFO] ADCParametersView:116 -                Rank 1 : false
2025-05-13 12:42:19,553 [INFO] ADCParametersView:116 -                Rank 1 : false
2025-05-13 12:42:19,553 [INFO] ADCParametersView:116 -                Rank 1 : false
2025-05-13 12:42:19,553 [INFO] ADCParametersView:116 -                Rank 1 : false
2025-05-13 12:42:19,554 [INFO] ADCParametersView:116 -                Rank 1 : false
2025-05-13 12:42:19,589 [INFO] ADCParametersView:116 -                Rank 1 : false
2025-05-13 12:43:29,654 [INFO] NvicIntPanel:101 - NVIC parent = com.st.microxplorer.plugins.ip.nvic.MultiNvicIntPanel[,0,0,0x0,invalid,layout=javax.swing.BoxLayout,alignmentX=0.0,alignmentY=0.0,border=,flags=9,maximumSize=,minimumSize=,preferredSize=]
2025-05-13 12:43:29,697 [INFO] ADCParametersView:116 -                Rank 1 : false
2025-05-13 12:43:29,716 [INFO] ADCParametersView:116 -                Rank 1 : false
2025-05-13 12:43:29,716 [INFO] ADCParametersView:116 -                Rank 1 : false
2025-05-13 12:43:29,717 [INFO] ADCParametersView:116 -                Rank 1 : false
2025-05-13 12:43:29,717 [INFO] ADCParametersView:116 -                Rank 1 : false
2025-05-13 12:43:29,717 [INFO] ADCParametersView:116 -                Rank 1 : false
2025-05-13 12:43:29,717 [INFO] ADCParametersView:116 -                Rank 1 : false
2025-05-13 12:43:29,717 [INFO] ADCParametersView:116 -                Rank 1 : false
2025-05-13 12:43:29,717 [INFO] ADCParametersView:116 -                Rank 1 : false
2025-05-13 12:43:29,717 [INFO] ADCParametersView:116 -                Rank 1 : false
2025-05-13 12:43:29,717 [INFO] ADCParametersView:116 -                Rank 1 : false
2025-05-13 12:43:29,717 [INFO] ADCParametersView:116 -                Rank 1 : false
2025-05-13 12:43:29,717 [INFO] ADCParametersView:116 -                Rank 1 : false
2025-05-13 12:43:29,717 [INFO] ADCParametersView:116 -                Rank 1 : false
2025-05-13 12:43:29,742 [INFO] ADCParametersView:116 -                Rank 1 : false
2025-05-13 12:43:45,693 [INFO] ADCParametersView:116 -                Rank 1 : true
2025-05-13 12:43:50,946 [INFO] NvicIntPanel:101 - NVIC parent = com.st.microxplorer.plugins.ip.nvic.MultiNvicIntPanel[,0,0,0x0,invalid,layout=javax.swing.BoxLayout,alignmentX=0.0,alignmentY=0.0,border=,flags=9,maximumSize=,minimumSize=,preferredSize=]
2025-05-13 12:44:29,785 [INFO] UtilMem:75 - End SaveConfig() Used Memory: 383554488 Bytes (1019215872)
2025-05-13 12:44:29,896 [INFO] UtilMem:75 - End SaveConfig() Used Memory: 405574584 Bytes (1019215872)
2025-05-13 12:44:30,153 [INFO] UtilMem:75 - End SaveConfig() Used Memory: 433886136 Bytes (1019215872)
2025-05-13 12:44:30,352 [INFO] BlockDiagram:2775 - set Specific Code input for plugin: SPI
2025-05-13 12:44:30,352 [INFO] BlockDiagram:2775 - set Specific Code input for plugin: I2S
2025-05-13 12:44:30,353 [INFO] BlockDiagram:2775 - set Specific Code input for plugin: SYS
2025-05-13 12:44:30,353 [INFO] BlockDiagram:2775 - set Specific Code input for plugin: ADC
2025-05-13 12:44:30,353 [INFO] BlockDiagram:2775 - set Specific Code input for plugin: RCC
2025-05-13 12:44:30,353 [INFO] BlockDiagram:2775 - set Specific Code input for plugin: I2C
2025-05-13 12:44:30,353 [INFO] BlockDiagram:2775 - set Specific Code input for plugin: USB_OTG_FS
2025-05-13 12:44:30,353 [INFO] BlockDiagram:2775 - set Specific Code input for plugin: NVIC
2025-05-13 12:44:30,353 [INFO] BlockDiagram:2775 - set Specific Code input for plugin: USB_HOST
2025-05-13 12:44:30,354 [INFO] BlockDiagram:2775 - set Specific Code input for plugin: GPIO
2025-05-13 12:44:30,354 [INFO] CodeGenerator:882 - code generatio: config db path: /Applications/STM32CubeIDE.app/Contents/Eclipse/plugins/com.st.stm32cube.common.mx_6.14.1.202504091515//db/
2025-05-13 12:44:30,366 [WARN] IP:2250 - I2C_Coeff_DF not found: check if there is a RefParameter without a condition.
2025-05-13 12:44:30,366 [WARN] IP:2250 - Analog_Filter not found: check if there is a RefParameter without a condition.
2025-05-13 12:44:30,543 [INFO] CodeEngine:263 - oldGeneratedFile, /Users/winstonhar/ENCE-3231/Phase A/Projects/2025_STM32F407_ADC_SingleInterrupt/MXTmpFiles/license.tmp_save
2025-05-13 12:44:30,627 [INFO] CodeEngine:287 - Generated code: /Users/winstonhar/ENCE-3231/Phase A/Projects/2025_STM32F407_ADC_SingleInterrupt/MXTmpFiles/license.tmp
2025-05-13 12:44:30,667 [INFO] CodeEngine:263 - oldGeneratedFile, /Users/winstonhar/ENCE-3231/Phase A/Projects/2025_STM32F407_ADC_SingleInterrupt/MXTmpFiles/gpio.tmp_save
2025-05-13 12:44:30,729 [INFO] CodeEngine:287 - Generated code: /Users/winstonhar/ENCE-3231/Phase A/Projects/2025_STM32F407_ADC_SingleInterrupt/MXTmpFiles/gpio.tmp
2025-05-13 12:44:30,801 [WARN] IPConfigManager:3217 - Warning: the RefConfig PWREx_EnableUSBVoltageDetector is not available in your config.xml file
2025-05-13 12:44:30,806 [INFO] CodeEngine:263 - oldGeneratedFile, /Users/winstonhar/ENCE-3231/Phase A/Projects/2025_STM32F407_ADC_SingleInterrupt/MXTmpFiles/usb_otg_fs_vars.tmp_save
2025-05-13 12:44:30,861 [INFO] CodeEngine:287 - Generated code: /Users/winstonhar/ENCE-3231/Phase A/Projects/2025_STM32F407_ADC_SingleInterrupt/MXTmpFiles/usb_otg_fs_vars.tmp
2025-05-13 12:44:30,862 [INFO] CodeEngine:263 - oldGeneratedFile, /Users/winstonhar/ENCE-3231/Phase A/Projects/2025_STM32F407_ADC_SingleInterrupt/MXTmpFiles/usb_otg_fs_inc.tmp_save
2025-05-13 12:44:30,912 [INFO] CodeEngine:287 - Generated code: /Users/winstonhar/ENCE-3231/Phase A/Projects/2025_STM32F407_ADC_SingleInterrupt/MXTmpFiles/usb_otg_fs_inc.tmp
2025-05-13 12:44:30,913 [INFO] CodeEngine:263 - oldGeneratedFile, /Users/winstonhar/ENCE-3231/Phase A/Projects/2025_STM32F407_ADC_SingleInterrupt/MXTmpFiles/usb_otg_fs_HalInit.tmp_save
2025-05-13 12:44:30,964 [INFO] CodeEngine:287 - Generated code: /Users/winstonhar/ENCE-3231/Phase A/Projects/2025_STM32F407_ADC_SingleInterrupt/MXTmpFiles/usb_otg_fs_HalInit.tmp
2025-05-13 12:44:30,966 [INFO] CodeEngine:263 - oldGeneratedFile, /Users/winstonhar/ENCE-3231/Phase A/Projects/2025_STM32F407_ADC_SingleInterrupt/MXTmpFiles/usb_otg_fs_Msp.tmp_save
2025-05-13 12:44:31,020 [INFO] CodeEngine:287 - Generated code: /Users/winstonhar/ENCE-3231/Phase A/Projects/2025_STM32F407_ADC_SingleInterrupt/MXTmpFiles/usb_otg_fs_Msp.tmp
2025-05-13 12:44:31,256 [INFO] CodeEngine:263 - oldGeneratedFile, /Users/winstonhar/ENCE-3231/Phase A/Projects/2025_STM32F407_ADC_SingleInterrupt/USB_HOST/App/usb_host.c_save
2025-05-13 12:44:31,320 [INFO] CodeEngine:287 - Generated code: /Users/winstonhar/ENCE-3231/Phase A/Projects/2025_STM32F407_ADC_SingleInterrupt/USB_HOST/App/usb_host.c
2025-05-13 12:44:31,322 [INFO] CodeEngine:263 - oldGeneratedFile, /Users/winstonhar/ENCE-3231/Phase A/Projects/2025_STM32F407_ADC_SingleInterrupt/USB_HOST/App/usb_host.h_save
2025-05-13 12:44:31,378 [INFO] CodeEngine:287 - Generated code: /Users/winstonhar/ENCE-3231/Phase A/Projects/2025_STM32F407_ADC_SingleInterrupt/USB_HOST/App/usb_host.h
2025-05-13 12:44:31,381 [INFO] CodeEngine:263 - oldGeneratedFile, /Users/winstonhar/ENCE-3231/Phase A/Projects/2025_STM32F407_ADC_SingleInterrupt/USB_HOST/Target/usbh_conf.h_save
2025-05-13 12:44:31,439 [INFO] CodeEngine:287 - Generated code: /Users/winstonhar/ENCE-3231/Phase A/Projects/2025_STM32F407_ADC_SingleInterrupt/USB_HOST/Target/usbh_conf.h
2025-05-13 12:44:31,443 [INFO] CodeEngine:263 - oldGeneratedFile, /Users/winstonhar/ENCE-3231/Phase A/Projects/2025_STM32F407_ADC_SingleInterrupt/USB_HOST/Target/usbh_conf.c_save
2025-05-13 12:44:31,503 [INFO] CodeEngine:287 - Generated code: /Users/winstonhar/ENCE-3231/Phase A/Projects/2025_STM32F407_ADC_SingleInterrupt/USB_HOST/Target/usbh_conf.c
2025-05-13 12:44:31,506 [INFO] CodeEngine:263 - oldGeneratedFile, /Users/winstonhar/ENCE-3231/Phase A/Projects/2025_STM32F407_ADC_SingleInterrupt/USB_HOST/Target/usbh_platform.c_save
2025-05-13 12:44:31,554 [INFO] CodeEngine:287 - Generated code: /Users/winstonhar/ENCE-3231/Phase A/Projects/2025_STM32F407_ADC_SingleInterrupt/USB_HOST/Target/usbh_platform.c
2025-05-13 12:44:31,556 [INFO] CodeEngine:263 - oldGeneratedFile, /Users/winstonhar/ENCE-3231/Phase A/Projects/2025_STM32F407_ADC_SingleInterrupt/USB_HOST/Target/usbh_platform.h_save
2025-05-13 12:44:31,596 [INFO] CodeEngine:287 - Generated code: /Users/winstonhar/ENCE-3231/Phase A/Projects/2025_STM32F407_ADC_SingleInterrupt/USB_HOST/Target/usbh_platform.h
2025-05-13 12:44:31,605 [INFO] CodeEngine:263 - oldGeneratedFile, /Users/winstonhar/ENCE-3231/Phase A/Projects/2025_STM32F407_ADC_SingleInterrupt/Core/Src/stm32f4xx_it.c_save
2025-05-13 12:44:31,662 [INFO] CodeEngine:287 - Generated code: /Users/winstonhar/ENCE-3231/Phase A/Projects/2025_STM32F407_ADC_SingleInterrupt/Core/Src/stm32f4xx_it.c
2025-05-13 12:44:31,665 [INFO] CodeEngine:263 - oldGeneratedFile, /Users/winstonhar/ENCE-3231/Phase A/Projects/2025_STM32F407_ADC_SingleInterrupt/Core/Inc/stm32f4xx_it.h_save
2025-05-13 12:44:31,709 [INFO] CodeEngine:287 - Generated code: /Users/winstonhar/ENCE-3231/Phase A/Projects/2025_STM32F407_ADC_SingleInterrupt/Core/Inc/stm32f4xx_it.h
2025-05-13 12:44:31,718 [INFO] CodeEngine:263 - oldGeneratedFile, /Users/winstonhar/ENCE-3231/Phase A/Projects/2025_STM32F407_ADC_SingleInterrupt/Core/Src/stm32f4xx_hal_msp.c_save
2025-05-13 12:44:31,794 [INFO] CodeEngine:287 - Generated code: /Users/winstonhar/ENCE-3231/Phase A/Projects/2025_STM32F407_ADC_SingleInterrupt/Core/Src/stm32f4xx_hal_msp.c
2025-05-13 12:44:31,796 [INFO] CodeEngine:263 - oldGeneratedFile, /Users/winstonhar/ENCE-3231/Phase A/Projects/2025_STM32F407_ADC_SingleInterrupt/MXTmpFiles/system.tmp_save
2025-05-13 12:44:31,838 [INFO] CodeEngine:287 - Generated code: /Users/winstonhar/ENCE-3231/Phase A/Projects/2025_STM32F407_ADC_SingleInterrupt/MXTmpFiles/system.tmp
2025-05-13 12:44:31,841 [INFO] CodeEngine:319 - oldGeneratedFile, /Users/winstonhar/ENCE-3231/Phase A/Projects/2025_STM32F407_ADC_SingleInterrupt/Core/Inc/stm32f4xx_hal_conf.h_save
2025-05-13 12:44:31,890 [INFO] CodeEngine:343 - Generated code: /Users/winstonhar/ENCE-3231/Phase A/Projects/2025_STM32F407_ADC_SingleInterrupt/Core/Inc/stm32f4xx_hal_conf.h
2025-05-13 12:44:31,912 [INFO] CodeEngine:263 - oldGeneratedFile, /Users/winstonhar/ENCE-3231/Phase A/Projects/2025_STM32F407_ADC_SingleInterrupt/Core/Inc/main.h_save
2025-05-13 12:44:31,960 [INFO] CodeEngine:287 - Generated code: /Users/winstonhar/ENCE-3231/Phase A/Projects/2025_STM32F407_ADC_SingleInterrupt/Core/Inc/main.h
2025-05-13 12:44:31,962 [INFO] CodeEngine:263 - oldGeneratedFile, /Users/winstonhar/ENCE-3231/Phase A/Projects/2025_STM32F407_ADC_SingleInterrupt/Core/Src/main.c_save
2025-05-13 12:44:32,040 [INFO] CodeEngine:287 - Generated code: /Users/winstonhar/ENCE-3231/Phase A/Projects/2025_STM32F407_ADC_SingleInterrupt/Core/Src/main.c
2025-05-13 12:44:32,346 [INFO] ProjectBuilder:3324 - Time for Copy HAL[1] : 148mS.
2025-05-13 12:44:32,349 [INFO] ProjectBuilder:4912 - Project Generator version: 4.6.0.1-B1
2025-05-13 12:44:32,445 [INFO] ConfigFileManager:1590 - The Die is : DIE413
2025-05-13 12:44:32,953 [INFO] ProjectBuilder:5191 - Time for Generating toolchain IDE Files: 604mS.
2025-05-13 12:44:32,954 [INFO] ProjectBuilder:3181 - Time for Copy CMSIS : 1mS.
2025-05-13 12:44:32,956 [INFO] ProjectBuilder:3181 - Time for Copy CMSIS : 0mS.
2025-05-13 12:50:24,208 [INFO] MainUpdater:2872 - connection check result : 10
2025-05-13 12:50:24,389 [INFO] McuFinderGlobals:76 - Set McuFinderConnectedMode to true
2025-05-13 12:50:24,389 [INFO] MultiScanPanel:200 - Auto-refresh data requested => check proxy status ongoing
2025-05-13 12:50:24,389 [INFO] FinderPluginLoader:95 - Searching for filters in installed packs
2025-05-13 12:50:25,856 [INFO] LoadUrlFilesThread:185 - End of LoadServerUrlFiles without Thread
2025-05-13 12:50:25,856 [INFO] DetailPanel:341 - Set advertising image to /Users/winstonhar/STM32Cube/Repository//en.summit-h1-25-promotion.jpg
2025-05-13 12:50:58,342 [INFO] MainUpdater:2872 - connection check result : 10
2025-05-13 12:50:58,343 [INFO] MainUpdater:2872 - connection check result : 10
2025-05-13 12:50:58,399 [INFO] I2sManager:658 - 9.6E7
2025-05-13 12:50:58,399 [INFO] I2sManager:195 - I2S Clock Value : 9.6E7
2025-05-13 12:50:58,399 [INFO] I2sManager:553 - AudioClock : 93750Divider : 2Odd : 0
2025-05-13 12:50:58,400 [INFO] MicroXplorer:468 - Change Database Path : 
2025-05-13 12:50:58,400 [INFO] MicroXplorer:498 - Change Database Version : DB.6.0.141
2025-05-13 12:50:58,413 [ERROR] ProjectManagerView:395 - 
java.lang.NullPointerException: Cannot invoke "javax.swing.JTextField.getText()" because the return value of "java.util.List.get(int)" is null
	at com.st.microxplorer.plugins.projectmanager.gui.ProjectChoiceTab$9.caretUpdate(ProjectChoiceTab.java:2678) ~[filemanager.jar:?]
	at javax.swing.text.JTextComponent.fireCaretUpdate(JTextComponent.java:408) ~[?:?]
	at javax.swing.text.JTextComponent$MutableCaretEvent.fire(JTextComponent.java:4484) ~[?:?]
	at javax.swing.text.JTextComponent$MutableCaretEvent.stateChanged(JTextComponent.java:4506) ~[?:?]
	at javax.swing.text.DefaultCaret.fireStateChanged(DefaultCaret.java:857) ~[?:?]
	at javax.swing.text.DefaultCaret.changeCaretPosition(DefaultCaret.java:1343) ~[?:?]
	at javax.swing.text.DefaultCaret.handleSetDot(DefaultCaret.java:1242) ~[?:?]
	at javax.swing.text.DefaultCaret.setDot(DefaultCaret.java:1223) ~[?:?]
	at javax.swing.text.DefaultCaret$Handler.insertUpdate(DefaultCaret.java:1819) ~[?:?]
	at javax.swing.text.AbstractDocument.fireInsertUpdate(AbstractDocument.java:227) ~[?:?]
	at javax.swing.text.AbstractDocument.handleInsertString(AbstractDocument.java:781) ~[?:?]
	at javax.swing.text.AbstractDocument.insertString(AbstractDocument.java:740) ~[?:?]
	at javax.swing.text.PlainDocument.insertString(PlainDocument.java:131) ~[?:?]
	at javax.swing.text.AbstractDocument.replace(AbstractDocument.java:699) ~[?:?]
	at javax.swing.text.JTextComponent.setText(JTextComponent.java:1725) ~[?:?]
	at com.st.microxplorer.plugins.projectmanager.gui.ProjectChoiceTab.createHeapStackFields(ProjectChoiceTab.java:979) ~[filemanager.jar:?]
	at com.st.microxplorer.plugins.projectmanager.gui.ProjectChoiceTab.buildLinkSettingsPanel(ProjectChoiceTab.java:3766) ~[filemanager.jar:?]
	at com.st.microxplorer.plugins.projectmanager.gui.ProjectChoiceTab.defineWindowsFields(ProjectChoiceTab.java:1962) ~[filemanager.jar:?]
	at com.st.microxplorer.plugins.projectmanager.gui.ProjectChoiceTab.updateSettings(ProjectChoiceTab.java:555) ~[filemanager.jar:?]
	at com.st.microxplorer.plugins.projectmanager.gui.ProjectSettingsPanel.UpdateDialog(ProjectSettingsPanel.java:245) ~[filemanager.jar:?]
	at com.st.microxplorer.plugins.projectmanager.ProjectManagerView.propertyChange(ProjectManagerView.java:392) ~[filemanager.jar:?]
	at java.beans.PropertyChangeSupport.fire(PropertyChangeSupport.java:343) ~[?:?]
	at java.beans.PropertyChangeSupport.firePropertyChange(PropertyChangeSupport.java:335) ~[?:?]
	at java.beans.PropertyChangeSupport.firePropertyChange(PropertyChangeSupport.java:268) ~[?:?]
	at com.st.microxplorer.util.MXPropertyChangeSupport.firePropertyChange(MXPropertyChangeSupport.java:54) ~[STM32CubeMX.jar:?]
	at com.st.microxplorer.mxsystem.MxSystem.closeConfig(MxSystem.java:899) ~[STM32CubeMX.jar:?]
	at com.st.microxplorer.maingui.MainPanel.closeConfig(MainPanel.java:789) ~[STM32CubeMX.jar:?]
	at com.st.microxplorer.plugins.filemanager.engine.OpenFileManager.loadConfigurationFile(OpenFileManager.java:287) ~[filemanager.jar:?]
	at com.st.microxplorer.plugins.filemanager.engine.MainFileManager.userLoadConfig(MainFileManager.java:341) ~[filemanager.jar:?]
	at com.st.microxplorer.plugins.filemanager.engine.MainFileManager.userLoadConfig(MainFileManager.java:319) ~[filemanager.jar:?]
	at com.st.microxplorer.plugins.filemanager.FileManagerView.getSpecificTask(FileManagerView.java:246) ~[filemanager.jar:?]
	at com.st.stm32cube.common.mx.editor.CubeMxEditor.getMxTabbedPaneInstance(CubeMxEditor.java:1198) ~[com.st.stm32cube.common.mx_6.14.1.202504091515/:?]
	at com.st.stm32cube.common.mx.editor.CubeMxEditor$12$1.createSwingComponent(CubeMxEditor.java:1068) ~[com.st.stm32cube.common.mx_6.14.1.202504091515/:?]
	at com.st.stm32cube.common.mx.oss.core.awtswtbridge.EmbeddedSwingComposite.doComponentCreation(EmbeddedSwingComposite.java:492) ~[com.st.stm32cube.common.mx.oss_6.14.1.202504091515/:?]
	at com.st.stm32cube.common.mx.oss.core.awtswtbridge.EmbeddedSwingComposite$4.run(EmbeddedSwingComposite.java:291) ~[com.st.stm32cube.common.mx.oss_6.14.1.202504091515/:?]
	at com.st.stm32cube.common.mx.oss.core.awtswtbridge.AwtEnvironment$2.run(AwtEnvironment.java:166) ~[com.st.stm32cube.common.mx.oss_6.14.1.202504091515/:?]
	at java.awt.event.InvocationEvent.dispatch(InvocationEvent.java:318) ~[?:?]
	at java.awt.EventQueue.dispatchEventImpl(EventQueue.java:773) ~[?:?]
	at java.awt.EventQueue$4.run(EventQueue.java:720) ~[?:?]
	at java.awt.EventQueue$4.run(EventQueue.java:714) ~[?:?]
	at java.security.AccessController.doPrivileged(AccessController.java:400) ~[?:?]
	at java.security.ProtectionDomain$JavaSecurityAccessImpl.doIntersectionPrivilege(ProtectionDomain.java:87) ~[?:?]
	at java.awt.EventQueue.dispatchEvent(EventQueue.java:742) ~[?:?]
	at java.awt.EventDispatchThread.pumpOneEventForFilters(EventDispatchThread.java:203) ~[?:?]
	at java.awt.EventDispatchThread.pumpEventsForFilter(EventDispatchThread.java:124) ~[?:?]
	at java.awt.EventDispatchThread.pumpEventsForHierarchy(EventDispatchThread.java:113) ~[?:?]
	at java.awt.EventDispatchThread.pumpEvents(EventDispatchThread.java:109) ~[?:?]
	at java.awt.EventDispatchThread.pumpEvents(EventDispatchThread.java:101) ~[?:?]
	at java.awt.EventDispatchThread.run(EventDispatchThread.java:90) ~[?:?]
2025-05-13 12:50:58,415 [WARN] ThirdParty:871 - waiting for thirdparty lock release [close project]
2025-05-13 12:50:58,415 [INFO] ThirdParty:873 - entering critical section [close project]
2025-05-13 12:50:58,415 [INFO] ThirdParty:883 - exiting critical section [close project]
2025-05-13 12:50:58,417 [INFO] PinOutPanel:1589 - setPackage(No Configuration,No Configuration)
2025-05-13 12:50:58,422 [WARN] IpParametersView:155 - Warning: This peripheral hasn't parameters
2025-05-13 12:50:58,425 [WARN] MainPanel:289 - <html><b><center>Warning: This peripheral has no parameters to be configured<br></b></html>
2025-05-13 12:50:58,427 [INFO] UtilMem:75 - Begin LoadConfig() Used Memory: 514133576 Bytes (1019215872)
2025-05-13 12:50:58,428 [INFO] MicroXplorer:468 - Change Database Path : 
2025-05-13 12:50:58,428 [INFO] MicroXplorer:498 - Change Database Version : DB.6.0.141
2025-05-13 12:50:58,428 [INFO] OpenFileManager:354 - Change cursor
2025-05-13 12:50:58,442 [INFO] RulesReader:64 - Compatibility file has been processed (302 Rules)
2025-05-13 12:50:58,445 [INFO] Mcu:2011 - Initializing MCU STM32F407V(E-G)Tx STM32F407VGTx STM32F407VGT6
2025-05-13 12:50:59,377 [INFO] Context:756 - Trying to add GPIOservice into a context  which must be forbidden
2025-05-13 12:50:59,945 [INFO] ImportTextPane:218 - (OptionalMessage_ERROR) Pin36 (VP_RIF_VS_RIF1) cannot be retrieved for this MCU
2025-05-13 12:51:00,091 [INFO] RtosManager:558 - Registered RTOS mode: class=CMSIS, group=RTOS, mode=CMSIS_V1, owner=FREERTOS
2025-05-13 12:51:00,091 [INFO] RtosManager:558 - Registered RTOS mode: class=CMSIS, group=RTOS2, mode=CMSIS_V2, owner=FREERTOS
2025-05-13 12:51:00,091 [INFO] RtosManager:558 - Registered RTOS mode: class=RTOS, group=Core, mode=CMSIS_V1, owner=FREERTOS
2025-05-13 12:51:00,091 [INFO] RtosManager:558 - Registered RTOS mode: class=RTOS, group=Core, mode=CMSIS_V2, owner=FREERTOS
2025-05-13 12:51:00,091 [WARN] ModelIntegratedComponent:184 - Missing modes for component STMicroelectronics:FreeRTOS:0.0.1:STMicroelectronics:RTOS:FreeRTOS:Core:::10.2.0:
2025-05-13 12:51:00,098 [WARN] ModelIntegratedComponent:63 - No mode defined for component null
2025-05-13 12:51:00,098 [WARN] ModelIntegratedComponent:63 - No mode defined for component null
2025-05-13 12:51:00,098 [WARN] ModelIntegratedComponent:63 - No mode defined for component null
2025-05-13 12:51:00,099 [WARN] ModelIntegratedComponent:63 - No mode defined for component null
2025-05-13 12:51:00,099 [WARN] ModelIntegratedComponent:63 - No mode defined for component null
2025-05-13 12:51:00,099 [WARN] ModelIntegratedComponent:63 - No mode defined for component null
2025-05-13 12:51:00,099 [WARN] ModelIntegratedComponent:63 - No mode defined for component null
2025-05-13 12:51:00,099 [WARN] ModelIntegratedComponent:63 - No mode defined for component null
2025-05-13 12:51:00,099 [WARN] ModelIntegratedComponent:63 - No mode defined for component null
2025-05-13 12:51:00,099 [WARN] ModelIntegratedComponent:63 - No mode defined for component null
2025-05-13 12:51:00,099 [WARN] ModelIntegratedComponent:63 - No mode defined for component null
2025-05-13 12:51:00,099 [WARN] ModelIntegratedComponent:63 - No mode defined for component null
2025-05-13 12:51:00,099 [WARN] ModelIntegratedComponent:63 - No mode defined for component null
2025-05-13 12:51:00,099 [WARN] ModelIntegratedComponent:63 - No mode defined for component null
2025-05-13 12:51:00,099 [WARN] ModelIntegratedComponent:63 - No mode defined for component null
2025-05-13 12:51:00,099 [WARN] ModelIntegratedComponent:63 - No mode defined for component null
2025-05-13 12:51:00,099 [WARN] ModelIntegratedComponent:63 - No mode defined for component null
2025-05-13 12:51:00,099 [WARN] ModelIntegratedComponent:63 - No mode defined for component null
2025-05-13 12:51:00,099 [WARN] ModelIntegratedComponent:63 - No mode defined for component null
2025-05-13 12:51:00,099 [WARN] ModelIntegratedComponent:63 - No mode defined for component null
2025-05-13 12:51:00,099 [WARN] ModelIntegratedComponent:63 - No mode defined for component null
2025-05-13 12:51:00,099 [WARN] ModelIntegratedComponent:63 - No mode defined for component null
2025-05-13 12:51:00,099 [WARN] ModelIntegratedComponent:63 - No mode defined for component null
2025-05-13 12:51:00,099 [WARN] ModelIntegratedComponent:63 - No mode defined for component null
2025-05-13 12:51:00,099 [WARN] ModelIntegratedComponent:63 - No mode defined for component null
2025-05-13 12:51:00,099 [WARN] ModelIntegratedComponent:63 - No mode defined for component null
2025-05-13 12:51:00,099 [WARN] ModelIntegratedComponent:63 - No mode defined for component null
2025-05-13 12:51:00,099 [WARN] ModelIntegratedComponent:63 - No mode defined for component null
2025-05-13 12:51:00,099 [WARN] ModelIntegratedComponent:63 - No mode defined for component null
2025-05-13 12:51:00,099 [WARN] ModelIntegratedComponent:63 - No mode defined for component null
2025-05-13 12:51:00,099 [WARN] ModelIntegratedComponent:63 - No mode defined for component null
2025-05-13 12:51:00,099 [WARN] ModelIntegratedComponent:63 - No mode defined for component null
2025-05-13 12:51:00,099 [WARN] ModelIntegratedComponent:63 - No mode defined for component null
2025-05-13 12:51:00,099 [WARN] ModelIntegratedComponent:63 - No mode defined for component null
2025-05-13 12:51:00,099 [WARN] ModelIntegratedComponent:63 - No mode defined for component null
2025-05-13 12:51:00,099 [WARN] ModelPack:524 - Component already loaded: STMicroelectronics:HAL Drivers:0.0.0:STMicroelectronics:Device:STMicro_Driver:XSPI:HAL::0.0.1:HAL_XSPI
2025-05-13 12:51:00,196 [INFO] ThirdPartyModel:298 - Start build external matchings
2025-05-13 12:51:01,102 [INFO] ThirdPartyModel:316 - End build external matchings
2025-05-13 12:51:01,121 [INFO] ImportTextPane:218 - (OptionalMessage_ERROR) IP (RCC) : Parameter (RTCHSEDivFreq_Value) has invalid value (4000000)
2025-05-13 12:51:01,336 [INFO] UtilMem:75 - End LoadConfig() Used Memory: 499881744 Bytes (1019215872)
2025-05-13 12:51:01,397 [WARN] ThirdParty:833 - waiting for thirdparty lock release [change project]
2025-05-13 12:51:01,397 [INFO] ThirdParty:835 - entering critical section [change project]
2025-05-13 12:51:01,397 [INFO] ThirdParty:1030 - CMSIS Pack Vendor :STMicroelectronics USBPD 4.1
2025-05-13 12:51:01,397 [INFO] ThirdParty:1030 - CMSIS Pack Vendor :STMicroelectronics X-CUBE-AZRTOS-H7 3.3.0
2025-05-13 12:51:01,397 [INFO] ThirdParty:1030 - CMSIS Pack Vendor :STMicroelectronics X-CUBE-NFC9 1.0.0
2025-05-13 12:51:01,398 [INFO] ThirdParty:1030 - CMSIS Pack Vendor :STMicroelectronics USB_HOST 2.0.0
2025-05-13 12:51:01,398 [INFO] ThirdParty:1030 - CMSIS Pack Vendor :STMicroelectronics FP-SNS-MOTENVWB1 1.4.0
2025-05-13 12:51:01,398 [INFO] ThirdParty:1030 - CMSIS Pack Vendor :STMicroelectronics X-CUBE-AZRTOS-F4 1.1.0
2025-05-13 12:51:01,398 [INFO] ThirdParty:1030 - CMSIS Pack Vendor :STMicroelectronics LIBJPEG 8.0.0
2025-05-13 12:51:01,398 [INFO] ThirdParty:1030 - CMSIS Pack Vendor :STMicroelectronics FP-ATR-ASTRA1 2.0.2
2025-05-13 12:51:01,398 [INFO] ThirdParty:1030 - CMSIS Pack Vendor :STMicroelectronics X-CUBE-BLE1 7.1.0
2025-05-13 12:51:01,398 [INFO] ThirdParty:1030 - CMSIS Pack Vendor :Avnet-IotConnect X-CUBE-IoTC-DA16k-PMOD 1.0.0
2025-05-13 12:51:01,398 [INFO] ThirdParty:1030 - CMSIS Pack Vendor :STMicroelectronics X-CUBE-SMBUS 2.1.0
2025-05-13 12:51:01,398 [INFO] ThirdParty:1030 - CMSIS Pack Vendor :STMicroelectronics X-CUBE-WB05N 1.1.0
2025-05-13 12:51:01,398 [INFO] ThirdParty:1030 - CMSIS Pack Vendor :wolfSSL I-CUBE-wolfMQTT 1.19.2
2025-05-13 12:51:01,398 [INFO] ThirdParty:1030 - CMSIS Pack Vendor :STMicroelectronics USB_DEVICE 3.0.0
2025-05-13 12:51:01,398 [INFO] ThirdParty:1030 - CMSIS Pack Vendor :STMicroelectronics X-CUBE-ISPU 2.1.0
2025-05-13 12:51:01,398 [INFO] ThirdParty:1030 - CMSIS Pack Vendor :STMicroelectronics X-CUBE-AZRTOS-WB 2.0.0
2025-05-13 12:51:01,398 [INFO] ThirdParty:1030 - CMSIS Pack Vendor :STMicroelectronics X-CUBE-GNSS1 7.0.1
2025-05-13 12:51:01,398 [INFO] ThirdParty:1030 - CMSIS Pack Vendor :STMicroelectronics X-CUBE-AZRTOS-F7 1.1.0
2025-05-13 12:51:01,398 [INFO] ThirdParty:1030 - CMSIS Pack Vendor :STMicroelectronics X-CUBE-AZRTOS-L5 2.0.0
2025-05-13 12:51:01,398 [INFO] ThirdParty:1030 - CMSIS Pack Vendor :STMicroelectronics X-CUBE-TOUCHGFX 4.25.0
2025-05-13 12:51:01,398 [INFO] ThirdParty:1030 - CMSIS Pack Vendor :STMicroelectronics USB_DEVICE 2.0.0
2025-05-13 12:51:01,398 [INFO] ThirdParty:1030 - CMSIS Pack Vendor :STMicroelectronics X-CUBE-NFC6 3.1.0
2025-05-13 12:51:01,398 [INFO] ThirdParty:1030 - CMSIS Pack Vendor :STMicroelectronics FP-SNS-STBOX1 2.0.0
2025-05-13 12:51:01,398 [INFO] ThirdParty:1030 - CMSIS Pack Vendor :STMicroelectronics X-CUBE-MEMS1 11.2.0
2025-05-13 12:51:01,398 [INFO] ThirdParty:1030 - CMSIS Pack Vendor :STMicroelectronics FreeRTOS 0.0.1
2025-05-13 12:51:01,398 [INFO] ThirdParty:1030 - CMSIS Pack Vendor :STMicroelectronics X-CUBE-AZRTOS-G0 1.1.0
2025-05-13 12:51:01,398 [INFO] ThirdParty:1030 - CMSIS Pack Vendor :STMicroelectronics X-CUBE-SAFEA1 1.2.2
2025-05-13 12:51:01,398 [INFO] ThirdParty:1030 - CMSIS Pack Vendor :STMicroelectronics X-CUBE-NFC4 3.0.0
2025-05-13 12:51:01,398 [INFO] ThirdParty:1030 - CMSIS Pack Vendor :STMicroelectronics X-CUBE-SUBG2 5.0.0
2025-05-13 12:51:01,398 [INFO] ThirdParty:1030 - CMSIS Pack Vendor :STMicroelectronics X-CUBE-AZRTOS-H7RS 1.1.0
2025-05-13 12:51:01,398 [INFO] ThirdParty:1030 - CMSIS Pack Vendor :STMicroelectronics STM32_WPAN 1.0.0
2025-05-13 12:51:01,398 [INFO] ThirdParty:1030 - CMSIS Pack Vendor :EmbeddedOffice I-CUBE-FS-RTOS 1.0.1
2025-05-13 12:51:01,398 [INFO] ThirdParty:1030 - CMSIS Pack Vendor :STMicroelectronics lwIP 2.0.3
2025-05-13 12:51:01,399 [INFO] ThirdParty:1030 - CMSIS Pack Vendor :Cesanta I-CUBE-Mongoose 7.13.0
2025-05-13 12:51:01,399 [INFO] ThirdParty:1030 - CMSIS Pack Vendor :STMicroelectronics USB_HOST 1.0.0
2025-05-13 12:51:01,399 [INFO] ThirdParty:1030 - CMSIS Pack Vendor :Infineon AIROC-Wi-Fi-Bluetooth-STM32 1.7.0
2025-05-13 12:51:01,399 [INFO] ThirdParty:1030 - CMSIS Pack Vendor :STMicroelectronics X-CUBE-AZRTOS-G4 2.0.0
2025-05-13 12:51:01,399 [INFO] ThirdParty:1030 - CMSIS Pack Vendor :STMicroelectronics X-CUBE-WB05N 2.0.0
2025-05-13 12:51:01,399 [INFO] ThirdParty:1030 - CMSIS Pack Vendor :STMicroelectronics PDM2PCM 3.1.0
2025-05-13 12:51:01,399 [INFO] ThirdParty:1030 - CMSIS Pack Vendor :STMicroelectronics PDM2PCM 3.3.0
2025-05-13 12:51:01,399 [INFO] ThirdParty:1030 - CMSIS Pack Vendor :wolfSSL I-CUBE-wolfTPM 3.8.0
2025-05-13 12:51:01,399 [INFO] ThirdParty:1030 - CMSIS Pack Vendor :STMicroelectronics X-CUBE-DISPLAY 3.0.0
2025-05-13 12:51:01,399 [INFO] ThirdParty:1030 - CMSIS Pack Vendor :wolfSSL I-CUBE-wolfSSH 1.4.20
2025-05-13 12:51:01,399 [INFO] ThirdParty:1030 - CMSIS Pack Vendor :STMicroelectronics X-CUBE-NFC7 2.0.0
2025-05-13 12:51:01,399 [INFO] ThirdParty:1030 - CMSIS Pack Vendor :STMicroelectronics X-CUBE-TCPP 4.2.0
2025-05-13 12:51:01,399 [INFO] ThirdParty:1030 - CMSIS Pack Vendor :RealThread X-CUBE-RT-Thread_Nano 4.1.1
2025-05-13 12:51:01,399 [INFO] ThirdParty:1030 - CMSIS Pack Vendor :STMicroelectronics FP-ATR-SIGFOX1 3.2.0
2025-05-13 12:51:01,399 [INFO] ThirdParty:1030 - CMSIS Pack Vendor :STMicroelectronics X-CUBE-NFC10 1.0.0
2025-05-13 12:51:01,399 [INFO] ThirdParty:1030 - CMSIS Pack Vendor :STMicroelectronics X-CUBE-BLEMGR 4.0.0
2025-05-13 12:51:01,399 [INFO] ThirdParty:1030 - CMSIS Pack Vendor :STMicroelectronics X-CUBE-EEPRMA1 5.1.0
2025-05-13 12:51:01,399 [INFO] ThirdParty:1030 - CMSIS Pack Vendor :STMicroelectronics X-CUBE-FREERTOS 1.3.1
2025-05-13 12:51:01,399 [INFO] ThirdParty:1030 - CMSIS Pack Vendor :STMicroelectronics HAL Drivers 0.0.0
2025-05-13 12:51:01,399 [INFO] ThirdParty:1030 - CMSIS Pack Vendor :STMicroelectronics MBEDTLS 2.16.2
2025-05-13 12:51:01,399 [INFO] ThirdParty:1030 - CMSIS Pack Vendor :STMicroelectronics X-CUBE-IPS 3.1.0
2025-05-13 12:51:01,399 [INFO] ThirdParty:1030 - CMSIS Pack Vendor :STMicroelectronics X-CUBE-ALS 1.0.2
2025-05-13 12:51:01,399 [INFO] ThirdParty:1030 - CMSIS Pack Vendor :emotas I-CUBE-CANOPEN 1.3.0
2025-05-13 12:51:01,399 [INFO] ThirdParty:1030 - CMSIS Pack Vendor :STMicroelectronics X-CUBE-FREERTOS 1.3.0
2025-05-13 12:51:01,399 [INFO] ThirdParty:1030 - CMSIS Pack Vendor :STMicroelectronics X-CUBE-NFC7 1.0.1
2025-05-13 12:51:01,399 [INFO] ThirdParty:1030 - CMSIS Pack Vendor :STMicroelectronics MBEDTLS 2.14.1
2025-05-13 12:51:01,399 [INFO] ThirdParty:1030 - CMSIS Pack Vendor :wolfSSL I-CUBE-wolfSSL 5.7.6
2025-05-13 12:51:01,399 [INFO] ThirdParty:1030 - CMSIS Pack Vendor :ITTIA_DB I-CUBE-ITTIADB 8.9.0
2025-05-13 12:51:01,399 [INFO] ThirdParty:1030 - CMSIS Pack Vendor :portGmbH I-Cube-SoM-uGOAL 1.1.0
2025-05-13 12:51:01,399 [INFO] ThirdParty:1030 - CMSIS Pack Vendor :quantropi X-CUBE-qispace-sdk-base 2.0.0
2025-05-13 12:51:01,399 [INFO] ThirdParty:1030 - CMSIS Pack Vendor :STMicroelectronics X-CUBE-AI 10.0.0
2025-05-13 12:51:01,400 [INFO] ThirdParty:1030 - CMSIS Pack Vendor :STMicroelectronics ThreadX 1.0.0
2025-05-13 12:51:01,400 [INFO] ThirdParty:1030 - CMSIS Pack Vendor :STMicroelectronics FP-SNS-SMARTAG2 1.2.0
2025-05-13 12:51:01,400 [INFO] ThirdParty:1030 - CMSIS Pack Vendor :STMicroelectronics FP-SNS-FLIGHT1 5.1.0
2025-05-13 12:51:01,400 [INFO] ThirdParty:1030 - CMSIS Pack Vendor :STMicroelectronics X-CUBE-MEMS1 11.1.0
2025-05-13 12:51:01,400 [INFO] ThirdParty:1030 - CMSIS Pack Vendor :STMicroelectronics X-CUBE-AZRTOS-WL 2.0.0
2025-05-13 12:51:01,400 [INFO] ThirdParty:1030 - CMSIS Pack Vendor :SEGGER I-CUBE-embOS 1.3.1
2025-05-13 12:51:01,400 [INFO] ThirdParty:1030 - CMSIS Pack Vendor :STMicroelectronics X-CUBE-ALGOBUILD 1.4.0
2025-05-13 12:51:01,400 [INFO] ThirdParty:1030 - CMSIS Pack Vendor :STMicroelectronics X-CUBE-DPower 1.3.0
2025-05-13 12:51:01,400 [INFO] ThirdParty:1030 - CMSIS Pack Vendor :STMicroelectronics FP-SNS-MOTENV1 5.0.0
2025-05-13 12:51:01,400 [INFO] ThirdParty:1030 - CMSIS Pack Vendor :STMicroelectronics USB_DEVICE 1.0.0
2025-05-13 12:51:01,400 [INFO] ThirdParty:1030 - CMSIS Pack Vendor :STMicroelectronics X-CUBE-AZRTOS-L4 2.0.0
2025-05-13 12:51:01,400 [INFO] ThirdParty:1030 - CMSIS Pack Vendor :STMicroelectronics ThreadX 0.0.2
2025-05-13 12:51:01,400 [INFO] ThirdParty:1030 - CMSIS Pack Vendor :WES I-CUBE-Cesium 1.3.0
2025-05-13 12:51:01,400 [INFO] ThirdParty:1030 - CMSIS Pack Vendor :STMicroelectronics lwIP 2.1.2
2025-05-13 12:51:01,400 [INFO] ThirdParty:1030 - CMSIS Pack Vendor :STMicroelectronics X-CUBE-SFXS2LP1 4.0.0
2025-05-13 12:51:01,400 [INFO] ThirdParty:1030 - CMSIS Pack Vendor :STMicroelectronics X-CUBE-BLE2 3.3.0
2025-05-13 12:51:01,400 [INFO] ThirdParty:1030 - CMSIS Pack Vendor :STMicroelectronics X-CUBE-TOF1 3.4.2
2025-05-13 12:51:01,400 [INFO] ThirdParty:1030 - CMSIS Pack Vendor :STMicroelectronics X-CUBE-TOF1 3.4.3
2025-05-13 12:51:01,400 [INFO] ThirdParty:1030 - CMSIS Pack Vendor :STMicroelectronics PDM2PCM 3.2.0
2025-05-13 12:51:01,400 [INFO] ThirdParty:841 - exiting critical section [change project]
2025-05-13 12:51:01,630 [INFO] PinOutPanel:1589 - setPackage(No Configuration,No Configuration)
2025-05-13 12:51:01,631 [INFO] PinOutPanel:1589 - setPackage(STM32F407VGTx,LQFP100)
2025-05-13 12:51:01,846 [INFO] UtilMem:75 - Before build in PCC Used Memory: 700214792 Bytes (1019215872)
2025-05-13 12:51:02,039 [INFO] UtilMem:75 - After build in PCC Used Memory: 745303560 Bytes (1019215872)
2025-05-13 12:51:02,045 [INFO] ApiDbMcu:508 - Load IP Config File for USB_HOST
2025-05-13 12:51:02,045 [WARN] BspModel:444 - BSP dependency skipped because of component: name='IOExpander', api='Unknown'
2025-05-13 12:51:02,068 [INFO] IPUIPlugin:80 - create IPUIPlugin
2025-05-13 12:51:02,068 [INFO] IPUIPlugin:80 - create IPUIPlugin
2025-05-13 12:51:02,068 [INFO] IPUIPlugin:80 - create IPUIPlugin
2025-05-13 12:51:02,069 [INFO] IPUIPlugin:80 - create IPUIPlugin
2025-05-13 12:51:02,069 [INFO] IPUIPlugin:80 - create IPUIPlugin
2025-05-13 12:51:02,069 [INFO] IPUIPlugin:80 - create IPUIPlugin
2025-05-13 12:51:02,069 [INFO] IPUIPlugin:80 - create IPUIPlugin
2025-05-13 12:51:02,069 [INFO] IPUIPlugin:80 - create IPUIPlugin
2025-05-13 12:51:02,069 [INFO] IPUIPlugin:80 - create IPUIPlugin
2025-05-13 12:51:02,070 [INFO] IPUIPlugin:80 - create IPUIPlugin
2025-05-13 12:51:02,070 [INFO] IPUIPlugin:80 - create IPUIPlugin
2025-05-13 12:51:02,070 [INFO] IPUIPlugin:80 - create IPUIPlugin
2025-05-13 12:51:02,070 [INFO] IPUIPlugin:80 - create IPUIPlugin
2025-05-13 12:51:02,070 [INFO] IPUIPlugin:80 - create IPUIPlugin
2025-05-13 12:51:02,070 [INFO] IPUIPlugin:80 - create IPUIPlugin
2025-05-13 12:51:02,070 [INFO] IPUIPlugin:80 - create IPUIPlugin
2025-05-13 12:51:02,070 [INFO] IPUIPlugin:80 - create IPUIPlugin
2025-05-13 12:51:02,071 [INFO] IPUIPlugin:80 - create IPUIPlugin
2025-05-13 12:51:02,071 [INFO] IPUIPlugin:80 - create IPUIPlugin
2025-05-13 12:51:02,071 [INFO] IPUIPlugin:80 - create IPUIPlugin
2025-05-13 12:51:02,071 [INFO] IPUIPlugin:80 - create IPUIPlugin
2025-05-13 12:51:02,071 [INFO] IPUIPlugin:80 - create IPUIPlugin
2025-05-13 12:51:02,072 [INFO] IPUIPlugin:80 - create IPUIPlugin
2025-05-13 12:51:02,072 [INFO] IPUIPlugin:80 - create IPUIPlugin
2025-05-13 12:51:02,072 [INFO] IPUIPlugin:80 - create IPUIPlugin
2025-05-13 12:51:02,072 [INFO] IPUIPlugin:80 - create IPUIPlugin
2025-05-13 12:51:02,072 [INFO] IPUIPlugin:80 - create IPUIPlugin
2025-05-13 12:51:02,073 [INFO] IPUIPlugin:80 - create IPUIPlugin
2025-05-13 12:51:02,073 [INFO] IPUIPlugin:80 - create IPUIPlugin
2025-05-13 12:51:02,073 [INFO] IPUIPlugin:80 - create IPUIPlugin
2025-05-13 12:51:02,073 [INFO] IPUIPlugin:80 - create IPUIPlugin
2025-05-13 12:51:02,073 [INFO] IPUIPlugin:80 - create IPUIPlugin
2025-05-13 12:51:02,074 [INFO] IPUIPlugin:80 - create IPUIPlugin
2025-05-13 12:51:02,074 [INFO] IPUIPlugin:80 - create IPUIPlugin
2025-05-13 12:51:02,074 [INFO] IPUIPlugin:80 - create IPUIPlugin
2025-05-13 12:51:02,074 [INFO] IPUIPlugin:80 - create IPUIPlugin
2025-05-13 12:51:02,074 [INFO] IPUIPlugin:80 - create IPUIPlugin
2025-05-13 12:51:02,074 [INFO] IPUIPlugin:80 - create IPUIPlugin
2025-05-13 12:51:02,074 [INFO] IPUIPlugin:80 - create IPUIPlugin
2025-05-13 12:51:02,074 [INFO] IPUIPlugin:80 - create IPUIPlugin
2025-05-13 12:51:02,074 [INFO] IPUIPlugin:80 - create IPUIPlugin
2025-05-13 12:51:02,074 [INFO] IPUIPlugin:80 - create IPUIPlugin
2025-05-13 12:51:02,074 [INFO] IPUIPlugin:80 - create IPUIPlugin
2025-05-13 12:51:02,075 [INFO] IPUIPlugin:80 - create IPUIPlugin
2025-05-13 12:51:02,075 [INFO] IPUIPlugin:80 - create IPUIPlugin
2025-05-13 12:51:02,075 [INFO] IPUIPlugin:80 - create IPUIPlugin
2025-05-13 12:51:02,075 [INFO] IPUIPlugin:80 - create IPUIPlugin
2025-05-13 12:51:02,075 [INFO] IPUIPlugin:80 - create IPUIPlugin
2025-05-13 12:51:02,075 [INFO] IPUIPlugin:80 - create IPUIPlugin
2025-05-13 12:51:02,075 [INFO] IPUIPlugin:80 - create IPUIPlugin
2025-05-13 12:51:02,076 [INFO] IPUIPlugin:80 - create IPUIPlugin
2025-05-13 12:51:02,076 [INFO] IPUIPlugin:80 - create IPUIPlugin
2025-05-13 12:51:02,076 [INFO] IPUIPlugin:80 - create IPUIPlugin
2025-05-13 12:51:02,076 [INFO] IPUIPlugin:80 - create IPUIPlugin
2025-05-13 12:51:02,077 [INFO] IPUIPlugin:80 - create IPUIPlugin
2025-05-13 12:51:02,077 [INFO] IPUIPlugin:80 - create IPUIPlugin
2025-05-13 12:51:02,077 [INFO] IPUIPlugin:80 - create IPUIPlugin
2025-05-13 12:51:02,078 [INFO] IPUIPlugin:80 - create IPUIPlugin
2025-05-13 12:51:02,081 [INFO] ApiDbMcu:508 - Load IP Config File for PDM2PCM
2025-05-13 12:51:02,082 [WARN] IP:2250 - I2C_Coeff_DF not found: check if there is a RefParameter without a condition.
2025-05-13 12:51:02,082 [WARN] IP:2250 - Analog_Filter not found: check if there is a RefParameter without a condition.
2025-05-13 12:51:02,084 [INFO] I2sManager:658 - 9.6E7
2025-05-13 12:51:02,084 [INFO] I2sManager:195 - I2S Clock Value : 9.6E7
2025-05-13 12:51:02,085 [INFO] I2sManager:553 - AudioClock : 93750Divider : 2Odd : 0
2025-05-13 12:51:02,137 [INFO] CADModel:165 - CPN selected for project levelSTM32F407VGT6
2025-05-13 12:51:02,137 [INFO] CADModel:114 - Register for checkConnection events
2025-05-13 12:51:02,173 [INFO] OpenFileManager:385 - Restore cursor
2025-05-13 12:51:02,402 [WARN] IP:2250 - I2C_Coeff_DF not found: check if there is a RefParameter without a condition.
2025-05-13 12:51:02,402 [WARN] IP:2250 - Analog_Filter not found: check if there is a RefParameter without a condition.
2025-05-13 12:51:02,403 [WARN] IP:2250 - I2C_Coeff_DF not found: check if there is a RefParameter without a condition.
2025-05-13 12:51:02,403 [WARN] IP:2250 - Analog_Filter not found: check if there is a RefParameter without a condition.
2025-05-13 12:51:02,677 [INFO] UtilMem:75 - End SaveConfig() Used Memory: 900492808 Bytes (1019215872)
2025-05-13 12:51:02,822 [INFO] UtilMem:75 - End SaveConfig() Used Memory: 435973640 Bytes (1019215872)
2025-05-13 12:51:03,112 [INFO] BlockDiagram:2775 - set Specific Code input for plugin: SPI
2025-05-13 12:51:03,113 [INFO] BlockDiagram:2775 - set Specific Code input for plugin: I2S
2025-05-13 12:51:03,113 [INFO] BlockDiagram:2775 - set Specific Code input for plugin: SYS
2025-05-13 12:51:03,113 [INFO] BlockDiagram:2775 - set Specific Code input for plugin: ADC
2025-05-13 12:51:03,113 [INFO] BlockDiagram:2775 - set Specific Code input for plugin: RCC
2025-05-13 12:51:03,113 [INFO] BlockDiagram:2775 - set Specific Code input for plugin: I2C
2025-05-13 12:51:03,113 [INFO] BlockDiagram:2775 - set Specific Code input for plugin: USB_OTG_FS
2025-05-13 12:51:03,113 [INFO] BlockDiagram:2775 - set Specific Code input for plugin: NVIC
2025-05-13 12:51:03,113 [INFO] BlockDiagram:2775 - set Specific Code input for plugin: USB_HOST
2025-05-13 12:51:03,113 [INFO] BlockDiagram:2775 - set Specific Code input for plugin: GPIO
2025-05-13 12:51:03,114 [INFO] CodeGenerator:882 - code generatio: config db path: /Applications/STM32CubeIDE.app/Contents/Eclipse/plugins/com.st.stm32cube.common.mx_6.14.1.202504091515//db/
2025-05-13 12:51:03,120 [WARN] IP:2250 - I2C_Coeff_DF not found: check if there is a RefParameter without a condition.
2025-05-13 12:51:03,121 [WARN] IP:2250 - Analog_Filter not found: check if there is a RefParameter without a condition.
2025-05-13 12:51:03,228 [INFO] CodeEngine:263 - oldGeneratedFile, /Users/winstonhar/ENCE-3231/Phase A/Projects/2025_STM32F407_ADC_MultipleDMA/MXTmpFiles/license.tmp_save
2025-05-13 12:51:03,419 [INFO] CodeEngine:287 - Generated code: /Users/winstonhar/ENCE-3231/Phase A/Projects/2025_STM32F407_ADC_MultipleDMA/MXTmpFiles/license.tmp
2025-05-13 12:51:03,463 [INFO] CodeEngine:263 - oldGeneratedFile, /Users/winstonhar/ENCE-3231/Phase A/Projects/2025_STM32F407_ADC_MultipleDMA/MXTmpFiles/gpio.tmp_save
2025-05-13 12:51:03,612 [INFO] CodeEngine:287 - Generated code: /Users/winstonhar/ENCE-3231/Phase A/Projects/2025_STM32F407_ADC_MultipleDMA/MXTmpFiles/gpio.tmp
2025-05-13 12:51:03,667 [WARN] IPConfigManager:3217 - Warning: the RefConfig PWREx_EnableUSBVoltageDetector is not available in your config.xml file
2025-05-13 12:51:03,671 [INFO] CodeEngine:263 - oldGeneratedFile, /Users/winstonhar/ENCE-3231/Phase A/Projects/2025_STM32F407_ADC_MultipleDMA/MXTmpFiles/usb_otg_fs_vars.tmp_save
2025-05-13 12:51:03,765 [INFO] CodeEngine:287 - Generated code: /Users/winstonhar/ENCE-3231/Phase A/Projects/2025_STM32F407_ADC_MultipleDMA/MXTmpFiles/usb_otg_fs_vars.tmp
2025-05-13 12:51:03,766 [INFO] CodeEngine:263 - oldGeneratedFile, /Users/winstonhar/ENCE-3231/Phase A/Projects/2025_STM32F407_ADC_MultipleDMA/MXTmpFiles/usb_otg_fs_inc.tmp_save
2025-05-13 12:51:03,849 [INFO] CodeEngine:287 - Generated code: /Users/winstonhar/ENCE-3231/Phase A/Projects/2025_STM32F407_ADC_MultipleDMA/MXTmpFiles/usb_otg_fs_inc.tmp
2025-05-13 12:51:03,850 [INFO] CodeEngine:263 - oldGeneratedFile, /Users/winstonhar/ENCE-3231/Phase A/Projects/2025_STM32F407_ADC_MultipleDMA/MXTmpFiles/usb_otg_fs_HalInit.tmp_save
2025-05-13 12:51:03,918 [INFO] CodeEngine:287 - Generated code: /Users/winstonhar/ENCE-3231/Phase A/Projects/2025_STM32F407_ADC_MultipleDMA/MXTmpFiles/usb_otg_fs_HalInit.tmp
2025-05-13 12:51:03,920 [INFO] CodeEngine:263 - oldGeneratedFile, /Users/winstonhar/ENCE-3231/Phase A/Projects/2025_STM32F407_ADC_MultipleDMA/MXTmpFiles/usb_otg_fs_Msp.tmp_save
2025-05-13 12:51:03,991 [INFO] CodeEngine:287 - Generated code: /Users/winstonhar/ENCE-3231/Phase A/Projects/2025_STM32F407_ADC_MultipleDMA/MXTmpFiles/usb_otg_fs_Msp.tmp
2025-05-13 12:51:04,194 [INFO] CodeEngine:263 - oldGeneratedFile, /Users/winstonhar/ENCE-3231/Phase A/Projects/2025_STM32F407_ADC_MultipleDMA/USB_HOST/App/usb_host.c_save
2025-05-13 12:51:04,257 [INFO] CodeEngine:287 - Generated code: /Users/winstonhar/ENCE-3231/Phase A/Projects/2025_STM32F407_ADC_MultipleDMA/USB_HOST/App/usb_host.c
2025-05-13 12:51:04,259 [INFO] CodeEngine:263 - oldGeneratedFile, /Users/winstonhar/ENCE-3231/Phase A/Projects/2025_STM32F407_ADC_MultipleDMA/USB_HOST/App/usb_host.h_save
2025-05-13 12:51:04,317 [INFO] CodeEngine:287 - Generated code: /Users/winstonhar/ENCE-3231/Phase A/Projects/2025_STM32F407_ADC_MultipleDMA/USB_HOST/App/usb_host.h
2025-05-13 12:51:04,319 [INFO] CodeEngine:263 - oldGeneratedFile, /Users/winstonhar/ENCE-3231/Phase A/Projects/2025_STM32F407_ADC_MultipleDMA/USB_HOST/Target/usbh_conf.h_save
2025-05-13 12:51:04,375 [INFO] CodeEngine:287 - Generated code: /Users/winstonhar/ENCE-3231/Phase A/Projects/2025_STM32F407_ADC_MultipleDMA/USB_HOST/Target/usbh_conf.h
2025-05-13 12:51:04,377 [INFO] CodeEngine:263 - oldGeneratedFile, /Users/winstonhar/ENCE-3231/Phase A/Projects/2025_STM32F407_ADC_MultipleDMA/USB_HOST/Target/usbh_conf.c_save
2025-05-13 12:51:04,433 [INFO] CodeEngine:287 - Generated code: /Users/winstonhar/ENCE-3231/Phase A/Projects/2025_STM32F407_ADC_MultipleDMA/USB_HOST/Target/usbh_conf.c
2025-05-13 12:51:04,435 [INFO] CodeEngine:263 - oldGeneratedFile, /Users/winstonhar/ENCE-3231/Phase A/Projects/2025_STM32F407_ADC_MultipleDMA/USB_HOST/Target/usbh_platform.c_save
2025-05-13 12:51:04,490 [INFO] CodeEngine:287 - Generated code: /Users/winstonhar/ENCE-3231/Phase A/Projects/2025_STM32F407_ADC_MultipleDMA/USB_HOST/Target/usbh_platform.c
2025-05-13 12:51:04,492 [INFO] CodeEngine:263 - oldGeneratedFile, /Users/winstonhar/ENCE-3231/Phase A/Projects/2025_STM32F407_ADC_MultipleDMA/USB_HOST/Target/usbh_platform.h_save
2025-05-13 12:51:04,548 [INFO] CodeEngine:287 - Generated code: /Users/winstonhar/ENCE-3231/Phase A/Projects/2025_STM32F407_ADC_MultipleDMA/USB_HOST/Target/usbh_platform.h
2025-05-13 12:51:04,555 [INFO] CodeEngine:263 - oldGeneratedFile, /Users/winstonhar/ENCE-3231/Phase A/Projects/2025_STM32F407_ADC_MultipleDMA/Core/Src/stm32f4xx_it.c_save
2025-05-13 12:51:04,615 [INFO] CodeEngine:287 - Generated code: /Users/winstonhar/ENCE-3231/Phase A/Projects/2025_STM32F407_ADC_MultipleDMA/Core/Src/stm32f4xx_it.c
2025-05-13 12:51:04,617 [INFO] CodeEngine:263 - oldGeneratedFile, /Users/winstonhar/ENCE-3231/Phase A/Projects/2025_STM32F407_ADC_MultipleDMA/Core/Inc/stm32f4xx_it.h_save
2025-05-13 12:51:04,672 [INFO] CodeEngine:287 - Generated code: /Users/winstonhar/ENCE-3231/Phase A/Projects/2025_STM32F407_ADC_MultipleDMA/Core/Inc/stm32f4xx_it.h
2025-05-13 12:51:04,682 [INFO] CodeEngine:263 - oldGeneratedFile, /Users/winstonhar/ENCE-3231/Phase A/Projects/2025_STM32F407_ADC_MultipleDMA/Core/Src/stm32f4xx_hal_msp.c_save
2025-05-13 12:51:04,763 [INFO] CodeEngine:287 - Generated code: /Users/winstonhar/ENCE-3231/Phase A/Projects/2025_STM32F407_ADC_MultipleDMA/Core/Src/stm32f4xx_hal_msp.c
2025-05-13 12:51:04,765 [INFO] CodeEngine:263 - oldGeneratedFile, /Users/winstonhar/ENCE-3231/Phase A/Projects/2025_STM32F407_ADC_MultipleDMA/MXTmpFiles/system.tmp_save
2025-05-13 12:51:04,813 [INFO] CodeEngine:287 - Generated code: /Users/winstonhar/ENCE-3231/Phase A/Projects/2025_STM32F407_ADC_MultipleDMA/MXTmpFiles/system.tmp
2025-05-13 12:51:04,817 [INFO] CodeEngine:319 - oldGeneratedFile, /Users/winstonhar/ENCE-3231/Phase A/Projects/2025_STM32F407_ADC_MultipleDMA/Core/Inc/stm32f4xx_hal_conf.h_save
2025-05-13 12:51:04,873 [INFO] CodeEngine:343 - Generated code: /Users/winstonhar/ENCE-3231/Phase A/Projects/2025_STM32F407_ADC_MultipleDMA/Core/Inc/stm32f4xx_hal_conf.h
2025-05-13 12:51:04,899 [INFO] ApiDbMcu:508 - Load IP Config File for ADC1
2025-05-13 12:51:04,901 [INFO] ApiDbMcu:508 - Load IP Config File for I2C1
2025-05-13 12:51:04,903 [INFO] ApiDbMcu:508 - Load IP Config File for I2S3
2025-05-13 12:51:04,905 [INFO] ApiDbMcu:508 - Load IP Config File for SPI1
2025-05-13 12:51:04,907 [INFO] ApiDbMcu:508 - Load IP Config File for RCC
2025-05-13 12:51:04,913 [INFO] CodeEngine:263 - oldGeneratedFile, /Users/winstonhar/ENCE-3231/Phase A/Projects/2025_STM32F407_ADC_MultipleDMA/Core/Inc/main.h_save
2025-05-13 12:51:04,968 [INFO] CodeEngine:287 - Generated code: /Users/winstonhar/ENCE-3231/Phase A/Projects/2025_STM32F407_ADC_MultipleDMA/Core/Inc/main.h
2025-05-13 12:51:04,970 [INFO] CodeEngine:263 - oldGeneratedFile, /Users/winstonhar/ENCE-3231/Phase A/Projects/2025_STM32F407_ADC_MultipleDMA/Core/Src/main.c_save
2025-05-13 12:51:05,063 [INFO] CodeEngine:287 - Generated code: /Users/winstonhar/ENCE-3231/Phase A/Projects/2025_STM32F407_ADC_MultipleDMA/Core/Src/main.c
2025-05-13 12:51:05,458 [INFO] ProjectBuilder:3324 - Time for Copy HAL[1] : 186mS.
2025-05-13 12:51:05,463 [INFO] ProjectBuilder:4912 - Project Generator version: 4.6.0.1-B1
2025-05-13 12:51:05,581 [INFO] ConfigFileManager:1590 - The Die is : DIE413
2025-05-13 12:51:05,585 [INFO] ApiDbMcu:508 - Load IP Config File for FATFS
2025-05-13 12:51:05,591 [INFO] ApiDbMcu:508 - Load IP Config File for FREERTOS
2025-05-13 12:51:05,593 [INFO] ApiDbMcu:508 - Load IP Config File for LIBJPEG
2025-05-13 12:51:05,601 [INFO] ApiDbMcu:508 - Load IP Config File for LWIP
2025-05-13 12:51:05,608 [INFO] ApiDbMcu:508 - Load IP Config File for MBEDTLS
2025-05-13 12:51:05,616 [INFO] ApiDbMcu:508 - Load IP Config File for USB_DEVICE
2025-05-13 12:51:07,241 [INFO] ProjectBuilder:5191 - Time for Generating toolchain IDE Files: 1778mS.
2025-05-13 12:51:07,242 [INFO] ProjectBuilder:3181 - Time for Copy CMSIS : 1mS.
2025-05-13 12:51:07,245 [INFO] ProjectBuilder:3181 - Time for Copy CMSIS : 0mS.
2025-05-13 12:51:07,829 [INFO] McuFinderGlobals:76 - Set McuFinderConnectedMode to true
2025-05-13 12:51:07,833 [INFO] ApiDb:448 - Save user favorites file /Users/winstonhar/.stm32cubeide/favorites.mcus.txt: 1 item(s)
2025-05-13 12:51:07,834 [INFO] ApiDb:452 - User favorites MCUs=[STM32F103RCT6]
2025-05-13 12:51:22,535 [INFO] ADCParametersView:116 -                Rank 1 : false
2025-05-13 12:51:22,587 [INFO] ADCParametersView:116 -                Rank 1 : false
2025-05-13 12:51:22,587 [INFO] ADCParametersView:116 -                Rank 1 : false
2025-05-13 12:51:22,587 [INFO] ADCParametersView:116 -                Rank 1 : false
2025-05-13 12:51:22,587 [INFO] ADCParametersView:116 -                Rank 1 : false
2025-05-13 12:51:22,587 [INFO] ADCParametersView:116 -                Rank 1 : false
2025-05-13 12:51:22,587 [INFO] ADCParametersView:116 -                Rank 1 : false
2025-05-13 12:51:22,587 [INFO] ADCParametersView:116 -                Rank 1 : false
2025-05-13 12:51:22,587 [INFO] ADCParametersView:116 -                Rank 1 : false
2025-05-13 12:51:22,587 [INFO] ADCParametersView:116 -                Rank 1 : false
2025-05-13 12:51:22,587 [INFO] ADCParametersView:116 -                Rank 1 : false
2025-05-13 12:51:22,588 [INFO] ADCParametersView:116 -                Rank 1 : false
2025-05-13 12:51:22,588 [INFO] ADCParametersView:116 -                Rank 1 : false
2025-05-13 12:51:22,588 [INFO] ADCParametersView:116 -                Rank 1 : false
2025-05-13 12:51:22,588 [INFO] ADCParametersView:116 -                Rank 1 : false
2025-05-13 12:51:22,613 [INFO] ADCParametersView:116 -                Rank 1 : false
2025-05-13 12:51:22,621 [INFO] NvicIntPanel:101 - NVIC parent = com.st.microxplorer.plugins.ip.nvic.MultiNvicIntPanel[,0,0,0x0,invalid,layout=javax.swing.BoxLayout,alignmentX=0.0,alignmentY=0.0,border=,flags=9,maximumSize=,minimumSize=,preferredSize=]
2025-05-13 12:51:24,269 [INFO] ADCParametersView:116 -                Rank 1 : false
2025-05-13 12:51:24,270 [INFO] ADCParametersView:116 -                Rank 1 : false
2025-05-13 12:51:24,271 [INFO] ADCParametersView:116 -                Rank 1 : false
2025-05-13 12:51:24,271 [INFO] ADCParametersView:116 -                Rank 1 : false
2025-05-13 12:51:24,271 [INFO] ADCParametersView:116 -                Rank 1 : false
2025-05-13 12:51:24,272 [INFO] ADCParametersView:116 -                Rank 1 : false
2025-05-13 12:51:24,272 [INFO] ADCParametersView:116 -                Rank 1 : false
2025-05-13 12:51:24,272 [INFO] ADCParametersView:116 -                Rank 1 : false
2025-05-13 12:51:24,272 [INFO] ADCParametersView:116 -                Rank 1 : false
2025-05-13 12:51:24,272 [INFO] ADCParametersView:116 -                Rank 1 : false
2025-05-13 12:51:24,272 [INFO] ADCParametersView:116 -                Rank 1 : false
2025-05-13 12:51:24,272 [INFO] ADCParametersView:116 -                Rank 1 : false
2025-05-13 12:51:24,272 [INFO] ADCParametersView:116 -                Rank 1 : false
2025-05-13 12:51:24,272 [INFO] ADCParametersView:116 -                Rank 1 : false
2025-05-13 12:51:24,313 [INFO] ADCParametersView:116 -                Rank 1 : false
2025-05-13 12:51:24,367 [INFO] ADCParametersView:116 -                Rank 1 : false
2025-05-13 12:51:24,368 [INFO] ADCParametersView:116 -                Rank 1 : false
2025-05-13 12:51:24,368 [INFO] ADCParametersView:116 -                Rank 1 : false
2025-05-13 12:51:24,368 [INFO] ADCParametersView:116 -                Rank 1 : false
2025-05-13 12:51:24,368 [INFO] ADCParametersView:116 -                Rank 1 : false
2025-05-13 12:51:24,368 [INFO] ADCParametersView:116 -                Rank 1 : false
2025-05-13 12:51:24,368 [INFO] ADCParametersView:116 -                Rank 1 : false
2025-05-13 12:51:24,368 [INFO] ADCParametersView:116 -                Rank 1 : false
2025-05-13 12:51:24,368 [INFO] ADCParametersView:116 -                Rank 1 : false
2025-05-13 12:51:24,368 [INFO] ADCParametersView:116 -                Rank 1 : false
2025-05-13 12:51:24,368 [INFO] ADCParametersView:116 -                Rank 1 : false
2025-05-13 12:51:24,368 [INFO] ADCParametersView:116 -                Rank 1 : false
2025-05-13 12:51:24,368 [INFO] ADCParametersView:116 -                Rank 1 : false
2025-05-13 12:51:24,368 [INFO] ADCParametersView:116 -                Rank 1 : false
2025-05-13 12:51:24,397 [INFO] ADCParametersView:116 -                Rank 1 : false
2025-05-13 12:51:24,407 [INFO] NvicIntPanel:101 - NVIC parent = com.st.microxplorer.plugins.ip.nvic.MultiNvicIntPanel[,0,0,0x0,invalid,layout=javax.swing.BoxLayout,alignmentX=0.0,alignmentY=0.0,border=,flags=9,maximumSize=,minimumSize=,preferredSize=]
2025-05-13 12:51:24,415 [WARN] BspModel:444 - BSP dependency skipped because of component: name='IOExpander', api='Unknown'
2025-05-13 12:51:24,475 [WARN] BspModel:444 - BSP dependency skipped because of component: name='IOExpander', api='Unknown'
2025-05-13 12:51:24,534 [INFO] ADCParametersView:116 -                Rank 1 : false
2025-05-13 12:51:24,534 [INFO] ADCParametersView:116 -                Rank 1 : false
2025-05-13 12:51:24,534 [INFO] ADCParametersView:116 -                Rank 1 : false
2025-05-13 12:51:24,535 [INFO] ADCParametersView:116 -                Rank 1 : false
2025-05-13 12:51:24,535 [INFO] ADCParametersView:116 -                Rank 1 : false
2025-05-13 12:51:24,535 [INFO] ADCParametersView:116 -                Rank 1 : false
2025-05-13 12:51:24,535 [INFO] ADCParametersView:116 -                Rank 1 : false
2025-05-13 12:51:24,535 [INFO] ADCParametersView:116 -                Rank 1 : false
2025-05-13 12:51:24,535 [INFO] ADCParametersView:116 -                Rank 1 : false
2025-05-13 12:51:24,535 [INFO] ADCParametersView:116 -                Rank 1 : false
2025-05-13 12:51:24,535 [INFO] ADCParametersView:116 -                Rank 1 : false
2025-05-13 12:51:24,535 [INFO] ADCParametersView:116 -                Rank 1 : false
2025-05-13 12:51:24,535 [INFO] ADCParametersView:116 -                Rank 1 : false
2025-05-13 12:51:24,535 [INFO] ADCParametersView:116 -                Rank 1 : false
2025-05-13 12:51:24,562 [INFO] ADCParametersView:116 -                Rank 1 : false
2025-05-13 12:51:24,601 [INFO] ADCParametersView:116 -                Rank 1 : false
2025-05-13 12:51:24,601 [INFO] ADCParametersView:116 -                Rank 1 : false
2025-05-13 12:51:24,601 [INFO] ADCParametersView:116 -                Rank 1 : false
2025-05-13 12:51:24,601 [INFO] ADCParametersView:116 -                Rank 1 : false
2025-05-13 12:51:24,601 [INFO] ADCParametersView:116 -                Rank 1 : false
2025-05-13 12:51:24,601 [INFO] ADCParametersView:116 -                Rank 1 : false
2025-05-13 12:51:24,601 [INFO] ADCParametersView:116 -                Rank 1 : false
2025-05-13 12:51:24,601 [INFO] ADCParametersView:116 -                Rank 1 : false
2025-05-13 12:51:24,601 [INFO] ADCParametersView:116 -                Rank 1 : false
2025-05-13 12:51:24,602 [INFO] ADCParametersView:116 -                Rank 1 : false
2025-05-13 12:51:24,602 [INFO] ADCParametersView:116 -                Rank 1 : false
2025-05-13 12:51:24,602 [INFO] ADCParametersView:116 -                Rank 1 : false
2025-05-13 12:51:24,602 [INFO] ADCParametersView:116 -                Rank 1 : false
2025-05-13 12:51:24,602 [INFO] ADCParametersView:116 -                Rank 1 : false
2025-05-13 12:51:24,627 [INFO] ADCParametersView:116 -                Rank 1 : false
2025-05-13 12:51:24,638 [INFO] NvicIntPanel:101 - NVIC parent = com.st.microxplorer.plugins.ip.nvic.MultiNvicIntPanel[,0,0,0x0,invalid,layout=javax.swing.BoxLayout,alignmentX=0.0,alignmentY=0.0,border=,flags=9,maximumSize=,minimumSize=,preferredSize=]
2025-05-13 12:51:25,079 [INFO] ADCParametersView:116 -                Rank 1 : false
2025-05-13 12:51:25,079 [INFO] ADCParametersView:116 -                Rank 1 : false
2025-05-13 12:51:25,079 [INFO] ADCParametersView:116 -                Rank 1 : false
2025-05-13 12:51:25,079 [INFO] ADCParametersView:116 -                Rank 1 : false
2025-05-13 12:51:25,079 [INFO] ADCParametersView:116 -                Rank 1 : false
2025-05-13 12:51:25,079 [INFO] ADCParametersView:116 -                Rank 1 : false
2025-05-13 12:51:25,079 [INFO] ADCParametersView:116 -                Rank 1 : false
2025-05-13 12:51:25,079 [INFO] ADCParametersView:116 -                Rank 1 : false
2025-05-13 12:51:25,079 [INFO] ADCParametersView:116 -                Rank 1 : false
2025-05-13 12:51:25,079 [INFO] ADCParametersView:116 -                Rank 1 : false
2025-05-13 12:51:25,079 [INFO] ADCParametersView:116 -                Rank 1 : false
2025-05-13 12:51:25,080 [INFO] ADCParametersView:116 -                Rank 1 : false
2025-05-13 12:51:25,080 [INFO] ADCParametersView:116 -                Rank 1 : false
2025-05-13 12:51:25,080 [INFO] ADCParametersView:116 -                Rank 1 : false
2025-05-13 12:51:25,103 [INFO] ADCParametersView:116 -                Rank 1 : false
2025-05-13 12:51:25,136 [INFO] ADCParametersView:116 -                Rank 1 : false
2025-05-13 12:51:25,136 [INFO] ADCParametersView:116 -                Rank 1 : false
2025-05-13 12:51:25,136 [INFO] ADCParametersView:116 -                Rank 1 : false
2025-05-13 12:51:25,137 [INFO] ADCParametersView:116 -                Rank 1 : false
2025-05-13 12:51:25,137 [INFO] ADCParametersView:116 -                Rank 1 : false
2025-05-13 12:51:25,137 [INFO] ADCParametersView:116 -                Rank 1 : false
2025-05-13 12:51:25,137 [INFO] ADCParametersView:116 -                Rank 1 : false
2025-05-13 12:51:25,137 [INFO] ADCParametersView:116 -                Rank 1 : false
2025-05-13 12:51:25,137 [INFO] ADCParametersView:116 -                Rank 1 : false
2025-05-13 12:51:25,137 [INFO] ADCParametersView:116 -                Rank 1 : false
2025-05-13 12:51:25,137 [INFO] ADCParametersView:116 -                Rank 1 : false
2025-05-13 12:51:25,137 [INFO] ADCParametersView:116 -                Rank 1 : false
2025-05-13 12:51:25,137 [INFO] ADCParametersView:116 -                Rank 1 : false
2025-05-13 12:51:25,137 [INFO] ADCParametersView:116 -                Rank 1 : false
2025-05-13 12:51:25,160 [INFO] ADCParametersView:116 -                Rank 1 : false
2025-05-13 12:51:25,169 [INFO] NvicIntPanel:101 - NVIC parent = com.st.microxplorer.plugins.ip.nvic.MultiNvicIntPanel[,0,0,0x0,invalid,layout=javax.swing.BoxLayout,alignmentX=0.0,alignmentY=0.0,border=,flags=9,maximumSize=,minimumSize=,preferredSize=]
2025-05-13 12:51:25,175 [WARN] BspModel:444 - BSP dependency skipped because of component: name='IOExpander', api='Unknown'
2025-05-13 12:51:25,221 [WARN] BspModel:444 - BSP dependency skipped because of component: name='IOExpander', api='Unknown'
2025-05-13 12:51:25,270 [INFO] ADCParametersView:116 -                Rank 1 : false
2025-05-13 12:51:25,270 [INFO] ADCParametersView:116 -                Rank 1 : false
2025-05-13 12:51:25,270 [INFO] ADCParametersView:116 -                Rank 1 : false
2025-05-13 12:51:25,270 [INFO] ADCParametersView:116 -                Rank 1 : false
2025-05-13 12:51:25,270 [INFO] ADCParametersView:116 -                Rank 1 : false
2025-05-13 12:51:25,270 [INFO] ADCParametersView:116 -                Rank 1 : false
2025-05-13 12:51:25,270 [INFO] ADCParametersView:116 -                Rank 1 : false
2025-05-13 12:51:25,270 [INFO] ADCParametersView:116 -                Rank 1 : false
2025-05-13 12:51:25,271 [INFO] ADCParametersView:116 -                Rank 1 : false
2025-05-13 12:51:25,271 [INFO] ADCParametersView:116 -                Rank 1 : false
2025-05-13 12:51:25,271 [INFO] ADCParametersView:116 -                Rank 1 : false
2025-05-13 12:51:25,271 [INFO] ADCParametersView:116 -                Rank 1 : false
2025-05-13 12:51:25,271 [INFO] ADCParametersView:116 -                Rank 1 : false
2025-05-13 12:51:25,271 [INFO] ADCParametersView:116 -                Rank 1 : false
2025-05-13 12:51:25,294 [INFO] ADCParametersView:116 -                Rank 1 : false
2025-05-13 12:51:25,329 [INFO] ADCParametersView:116 -                Rank 1 : false
2025-05-13 12:51:25,329 [INFO] ADCParametersView:116 -                Rank 1 : false
2025-05-13 12:51:25,329 [INFO] ADCParametersView:116 -                Rank 1 : false
2025-05-13 12:51:25,330 [INFO] ADCParametersView:116 -                Rank 1 : false
2025-05-13 12:51:25,330 [INFO] ADCParametersView:116 -                Rank 1 : false
2025-05-13 12:51:25,330 [INFO] ADCParametersView:116 -                Rank 1 : false
2025-05-13 12:51:25,330 [INFO] ADCParametersView:116 -                Rank 1 : false
2025-05-13 12:51:25,330 [INFO] ADCParametersView:116 -                Rank 1 : false
2025-05-13 12:51:25,330 [INFO] ADCParametersView:116 -                Rank 1 : false
2025-05-13 12:51:25,330 [INFO] ADCParametersView:116 -                Rank 1 : false
2025-05-13 12:51:25,330 [INFO] ADCParametersView:116 -                Rank 1 : false
2025-05-13 12:51:25,330 [INFO] ADCParametersView:116 -                Rank 1 : false
2025-05-13 12:51:25,330 [INFO] ADCParametersView:116 -                Rank 1 : false
2025-05-13 12:51:25,330 [INFO] ADCParametersView:116 -                Rank 1 : false
2025-05-13 12:51:25,354 [INFO] ADCParametersView:116 -                Rank 1 : false
2025-05-13 12:51:25,364 [INFO] NvicIntPanel:101 - NVIC parent = com.st.microxplorer.plugins.ip.nvic.MultiNvicIntPanel[,0,0,0x0,invalid,layout=javax.swing.BoxLayout,alignmentX=0.0,alignmentY=0.0,border=,flags=9,maximumSize=,minimumSize=,preferredSize=]
2025-05-13 12:51:28,706 [INFO] ADCParametersView:116 -                Rank 1 : false
2025-05-13 12:51:28,706 [INFO] ADCParametersView:116 -                Rank 1 : false
2025-05-13 12:51:28,706 [INFO] ADCParametersView:116 -                Rank 1 : false
2025-05-13 12:51:28,706 [INFO] ADCParametersView:116 -                Rank 1 : false
2025-05-13 12:51:28,706 [INFO] ADCParametersView:116 -                Rank 1 : false
2025-05-13 12:51:28,706 [INFO] ADCParametersView:116 -                Rank 1 : false
2025-05-13 12:51:28,707 [INFO] ADCParametersView:116 -                Rank 1 : false
2025-05-13 12:51:28,707 [INFO] ADCParametersView:116 -                Rank 1 : false
2025-05-13 12:51:28,707 [INFO] ADCParametersView:116 -                Rank 1 : false
2025-05-13 12:51:28,707 [INFO] ADCParametersView:116 -                Rank 1 : false
2025-05-13 12:51:28,707 [INFO] ADCParametersView:116 -                Rank 1 : false
2025-05-13 12:51:28,707 [INFO] ADCParametersView:116 -                Rank 1 : false
2025-05-13 12:51:28,707 [INFO] ADCParametersView:116 -                Rank 1 : false
2025-05-13 12:51:28,707 [INFO] ADCParametersView:116 -                Rank 1 : false
2025-05-13 12:51:28,736 [INFO] ADCParametersView:116 -                Rank 1 : false
2025-05-13 12:51:28,776 [INFO] ADCParametersView:116 -                Rank 1 : false
2025-05-13 12:51:28,776 [INFO] ADCParametersView:116 -                Rank 1 : false
2025-05-13 12:51:28,777 [INFO] ADCParametersView:116 -                Rank 1 : false
2025-05-13 12:51:28,777 [INFO] ADCParametersView:116 -                Rank 1 : false
2025-05-13 12:51:28,777 [INFO] ADCParametersView:116 -                Rank 1 : false
2025-05-13 12:51:28,777 [INFO] ADCParametersView:116 -                Rank 1 : false
2025-05-13 12:51:28,777 [INFO] ADCParametersView:116 -                Rank 1 : false
2025-05-13 12:51:28,777 [INFO] ADCParametersView:116 -                Rank 1 : false
2025-05-13 12:51:28,777 [INFO] ADCParametersView:116 -                Rank 1 : false
2025-05-13 12:51:28,777 [INFO] ADCParametersView:116 -                Rank 1 : false
2025-05-13 12:51:28,777 [INFO] ADCParametersView:116 -                Rank 1 : false
2025-05-13 12:51:28,777 [INFO] ADCParametersView:116 -                Rank 1 : false
2025-05-13 12:51:28,777 [INFO] ADCParametersView:116 -                Rank 1 : false
2025-05-13 12:51:28,777 [INFO] ADCParametersView:116 -                Rank 1 : false
2025-05-13 12:51:28,800 [INFO] ADCParametersView:116 -                Rank 1 : false
2025-05-13 12:51:28,809 [INFO] NvicIntPanel:101 - NVIC parent = com.st.microxplorer.plugins.ip.nvic.MultiNvicIntPanel[,0,0,0x0,invalid,layout=javax.swing.BoxLayout,alignmentX=0.0,alignmentY=0.0,border=,flags=9,maximumSize=,minimumSize=,preferredSize=]
2025-05-13 12:51:28,815 [WARN] BspModel:444 - BSP dependency skipped because of component: name='IOExpander', api='Unknown'
2025-05-13 12:51:28,863 [WARN] BspModel:444 - BSP dependency skipped because of component: name='IOExpander', api='Unknown'
2025-05-13 12:51:28,915 [INFO] ADCParametersView:116 -                Rank 1 : false
2025-05-13 12:51:28,915 [INFO] ADCParametersView:116 -                Rank 1 : false
2025-05-13 12:51:28,915 [INFO] ADCParametersView:116 -                Rank 1 : false
2025-05-13 12:51:28,915 [INFO] ADCParametersView:116 -                Rank 1 : false
2025-05-13 12:51:28,916 [INFO] ADCParametersView:116 -                Rank 1 : false
2025-05-13 12:51:28,916 [INFO] ADCParametersView:116 -                Rank 1 : false
2025-05-13 12:51:28,916 [INFO] ADCParametersView:116 -                Rank 1 : false
2025-05-13 12:51:28,916 [INFO] ADCParametersView:116 -                Rank 1 : false
2025-05-13 12:51:28,916 [INFO] ADCParametersView:116 -                Rank 1 : false
2025-05-13 12:51:28,916 [INFO] ADCParametersView:116 -                Rank 1 : false
2025-05-13 12:51:28,916 [INFO] ADCParametersView:116 -                Rank 1 : false
2025-05-13 12:51:28,916 [INFO] ADCParametersView:116 -                Rank 1 : false
2025-05-13 12:51:28,916 [INFO] ADCParametersView:116 -                Rank 1 : false
2025-05-13 12:51:28,916 [INFO] ADCParametersView:116 -                Rank 1 : false
2025-05-13 12:51:28,941 [INFO] ADCParametersView:116 -                Rank 1 : false
2025-05-13 12:51:28,975 [INFO] ADCParametersView:116 -                Rank 1 : false
2025-05-13 12:51:28,975 [INFO] ADCParametersView:116 -                Rank 1 : false
2025-05-13 12:51:28,975 [INFO] ADCParametersView:116 -                Rank 1 : false
2025-05-13 12:51:28,975 [INFO] ADCParametersView:116 -                Rank 1 : false
2025-05-13 12:51:28,975 [INFO] ADCParametersView:116 -                Rank 1 : false
2025-05-13 12:51:28,976 [INFO] ADCParametersView:116 -                Rank 1 : false
2025-05-13 12:51:28,976 [INFO] ADCParametersView:116 -                Rank 1 : false
2025-05-13 12:51:28,976 [INFO] ADCParametersView:116 -                Rank 1 : false
2025-05-13 12:51:28,976 [INFO] ADCParametersView:116 -                Rank 1 : false
2025-05-13 12:51:28,976 [INFO] ADCParametersView:116 -                Rank 1 : false
2025-05-13 12:51:28,976 [INFO] ADCParametersView:116 -                Rank 1 : false
2025-05-13 12:51:28,976 [INFO] ADCParametersView:116 -                Rank 1 : false
2025-05-13 12:51:28,976 [INFO] ADCParametersView:116 -                Rank 1 : false
2025-05-13 12:51:28,976 [INFO] ADCParametersView:116 -                Rank 1 : false
2025-05-13 12:51:28,998 [INFO] ADCParametersView:116 -                Rank 1 : false
2025-05-13 12:51:29,007 [INFO] NvicIntPanel:101 - NVIC parent = com.st.microxplorer.plugins.ip.nvic.MultiNvicIntPanel[,0,0,0x0,invalid,layout=javax.swing.BoxLayout,alignmentX=0.0,alignmentY=0.0,border=,flags=9,maximumSize=,minimumSize=,preferredSize=]
2025-05-13 12:51:42,597 [INFO] ADCParametersView:116 -                Rank 1 : false
2025-05-13 12:51:42,597 [INFO] ADCParametersView:116 -                Rank 1 : false
2025-05-13 12:51:42,597 [INFO] ADCParametersView:116 -                Rank 1 : false
2025-05-13 12:51:42,597 [INFO] ADCParametersView:116 -                Rank 1 : false
2025-05-13 12:51:42,597 [INFO] ADCParametersView:116 -                Rank 1 : false
2025-05-13 12:51:42,597 [INFO] ADCParametersView:116 -                Rank 1 : false
2025-05-13 12:51:42,597 [INFO] ADCParametersView:116 -                Rank 1 : false
2025-05-13 12:51:42,597 [INFO] ADCParametersView:116 -                Rank 1 : false
2025-05-13 12:51:42,597 [INFO] ADCParametersView:116 -                Rank 1 : false
2025-05-13 12:51:42,597 [INFO] ADCParametersView:116 -                Rank 1 : false
2025-05-13 12:51:42,598 [INFO] ADCParametersView:116 -                Rank 1 : false
2025-05-13 12:51:42,598 [INFO] ADCParametersView:116 -                Rank 1 : false
2025-05-13 12:51:42,598 [INFO] ADCParametersView:116 -                Rank 1 : false
2025-05-13 12:51:42,598 [INFO] ADCParametersView:116 -                Rank 1 : false
2025-05-13 12:51:42,618 [INFO] ADCParametersView:116 -                Rank 1 : false
2025-05-13 12:51:49,334 [INFO] ADCParametersView:116 -                Rank 1 : false
2025-05-13 12:51:49,336 [INFO] ADCParametersView:116 -                Rank 1 : false
2025-05-13 12:51:49,336 [INFO] ADCParametersView:116 -                Rank 1 : false
2025-05-13 12:51:49,336 [INFO] ADCParametersView:116 -                Rank 1 : false
2025-05-13 12:51:49,336 [INFO] ADCParametersView:116 -                Rank 1 : false
2025-05-13 12:51:49,336 [INFO] ADCParametersView:116 -                Rank 1 : false
2025-05-13 12:51:49,336 [INFO] ADCParametersView:116 -                Rank 1 : false
2025-05-13 12:51:49,336 [INFO] ADCParametersView:116 -                Rank 1 : false
2025-05-13 12:51:49,336 [INFO] ADCParametersView:116 -                Rank 1 : false
2025-05-13 12:51:49,336 [INFO] ADCParametersView:116 -                Rank 1 : false
2025-05-13 12:51:49,336 [INFO] ADCParametersView:116 -                Rank 1 : false
2025-05-13 12:51:49,337 [INFO] ADCParametersView:116 -                Rank 1 : false
2025-05-13 12:51:49,337 [INFO] ADCParametersView:116 -                Rank 1 : false
2025-05-13 12:51:49,337 [INFO] ADCParametersView:116 -                Rank 1 : false
2025-05-13 12:51:49,347 [INFO] ADCParametersView:116 -                Rank 1 : false
2025-05-13 12:51:49,369 [INFO] ADCParametersView:116 -                Rank 1 : false
2025-05-13 12:51:49,370 [INFO] ADCParametersView:116 -                Rank 1 : false
2025-05-13 12:51:49,370 [INFO] ADCParametersView:116 -                Rank 1 : false
2025-05-13 12:51:49,370 [INFO] ADCParametersView:116 -                Rank 1 : false
2025-05-13 12:51:49,370 [INFO] ADCParametersView:116 -                Rank 1 : false
2025-05-13 12:51:49,370 [INFO] ADCParametersView:116 -                Rank 1 : false
2025-05-13 12:51:49,370 [INFO] ADCParametersView:116 -                Rank 1 : false
2025-05-13 12:51:49,371 [INFO] ADCParametersView:116 -                Rank 1 : false
2025-05-13 12:51:49,371 [INFO] ADCParametersView:116 -                Rank 1 : false
2025-05-13 12:51:49,371 [INFO] ADCParametersView:116 -                Rank 1 : false
2025-05-13 12:51:49,371 [INFO] ADCParametersView:116 -                Rank 1 : false
2025-05-13 12:51:49,371 [INFO] ADCParametersView:116 -                Rank 1 : false
2025-05-13 12:51:49,371 [INFO] ADCParametersView:116 -                Rank 1 : false
2025-05-13 12:51:49,371 [INFO] ADCParametersView:116 -                Rank 1 : false
2025-05-13 12:51:49,382 [INFO] ADCParametersView:116 -                Rank 1 : false
2025-05-13 12:51:49,414 [INFO] ADCParametersView:116 -                Rank 1 : false
2025-05-13 12:51:49,415 [INFO] ADCParametersView:116 -                Rank 1 : false
2025-05-13 12:51:49,415 [INFO] ADCParametersView:116 -                Rank 1 : false
2025-05-13 12:51:49,415 [INFO] ADCParametersView:116 -                Rank 1 : false
2025-05-13 12:51:49,415 [INFO] ADCParametersView:116 -                Rank 1 : false
2025-05-13 12:51:49,415 [INFO] ADCParametersView:116 -                Rank 1 : false
2025-05-13 12:51:49,415 [INFO] ADCParametersView:116 -                Rank 1 : false
2025-05-13 12:51:49,415 [INFO] ADCParametersView:116 -                Rank 1 : false
2025-05-13 12:51:49,415 [INFO] ADCParametersView:116 -                Rank 1 : false
2025-05-13 12:51:49,415 [INFO] ADCParametersView:116 -                Rank 1 : false
2025-05-13 12:51:49,415 [INFO] ADCParametersView:116 -                Rank 1 : false
2025-05-13 12:51:49,416 [INFO] ADCParametersView:116 -                Rank 1 : false
2025-05-13 12:51:49,416 [INFO] ADCParametersView:116 -                Rank 1 : false
2025-05-13 12:51:49,416 [INFO] ADCParametersView:116 -                Rank 1 : false
2025-05-13 12:51:49,434 [INFO] ADCParametersView:116 -                Rank 1 : false
2025-05-13 12:52:14,413 [INFO] SpinnerEditorADC:65 - is string kkkk
2025-05-13 12:52:17,010 [INFO] ParamManager:896 - [Generic UI] PropertyChangeEvent: TAB_STATUS_CHANGED , "dont care", "never mind"
2025-05-13 12:52:17,027 [INFO] NvicIntPanel:101 - NVIC parent = com.st.microxplorer.plugins.ip.nvic.MultiNvicIntPanel[,0,0,0x0,invalid,layout=javax.swing.BoxLayout,alignmentX=0.0,alignmentY=0.0,border=,flags=9,maximumSize=,minimumSize=,preferredSize=]
2025-05-13 12:52:17,101 [INFO] ParamManager:896 - [Generic UI] PropertyChangeEvent: TAB_STATUS_CHANGED , "dont care", "never mind"
2025-05-13 12:52:17,113 [INFO] NvicIntPanel:101 - NVIC parent = com.st.microxplorer.plugins.ip.nvic.MultiNvicIntPanel[,0,0,0x0,invalid,layout=javax.swing.BoxLayout,alignmentX=0.0,alignmentY=0.0,border=,flags=9,maximumSize=,minimumSize=,preferredSize=]
2025-05-13 12:52:17,186 [INFO] ParamManager:896 - [Generic UI] PropertyChangeEvent: TAB_STATUS_CHANGED , "dont care", "never mind"
2025-05-13 12:52:17,198 [INFO] NvicIntPanel:101 - NVIC parent = com.st.microxplorer.plugins.ip.nvic.MultiNvicIntPanel[,0,0,0x0,invalid,layout=javax.swing.BoxLayout,alignmentX=0.0,alignmentY=0.0,border=,flags=9,maximumSize=,minimumSize=,preferredSize=]
2025-05-13 12:52:17,263 [INFO] ParamManager:896 - [Generic UI] PropertyChangeEvent: TAB_STATUS_CHANGED , "dont care", "never mind"
2025-05-13 12:52:17,275 [INFO] NvicIntPanel:101 - NVIC parent = com.st.microxplorer.plugins.ip.nvic.MultiNvicIntPanel[,0,0,0x0,invalid,layout=javax.swing.BoxLayout,alignmentX=0.0,alignmentY=0.0,border=,flags=9,maximumSize=,minimumSize=,preferredSize=]
2025-05-13 12:52:17,353 [INFO] ParamManager:896 - [Generic UI] PropertyChangeEvent: TAB_STATUS_CHANGED , "dont care", "never mind"
2025-05-13 12:52:17,365 [INFO] NvicIntPanel:101 - NVIC parent = com.st.microxplorer.plugins.ip.nvic.MultiNvicIntPanel[,0,0,0x0,invalid,layout=javax.swing.BoxLayout,alignmentX=0.0,alignmentY=0.0,border=,flags=9,maximumSize=,minimumSize=,preferredSize=]
2025-05-13 12:52:17,434 [INFO] ParamManager:896 - [Generic UI] PropertyChangeEvent: TAB_STATUS_CHANGED , "dont care", "never mind"
2025-05-13 12:52:17,447 [INFO] NvicIntPanel:101 - NVIC parent = com.st.microxplorer.plugins.ip.nvic.MultiNvicIntPanel[,0,0,0x0,invalid,layout=javax.swing.BoxLayout,alignmentX=0.0,alignmentY=0.0,border=,flags=9,maximumSize=,minimumSize=,preferredSize=]
2025-05-13 12:52:17,543 [INFO] NvicIntPanel:101 - NVIC parent = com.st.microxplorer.plugins.ip.nvic.MultiNvicIntPanel[,0,0,0x0,invalid,layout=javax.swing.BoxLayout,alignmentX=0.0,alignmentY=0.0,border=,flags=9,maximumSize=,minimumSize=,preferredSize=]
2025-05-13 12:52:17,583 [INFO] ADCParametersView:116 -                Rank 1 : false
2025-05-13 12:52:17,584 [INFO] ADCParametersView:116 -                Rank 1 : false
2025-05-13 12:52:17,585 [INFO] ADCParametersView:116 -                Rank 1 : false
2025-05-13 12:52:17,585 [INFO] ADCParametersView:116 -                Rank 1 : false
2025-05-13 12:52:17,585 [INFO] ADCParametersView:116 -                Rank 1 : false
2025-05-13 12:52:17,585 [INFO] ADCParametersView:116 -                Rank 1 : false
2025-05-13 12:52:17,585 [INFO] ADCParametersView:116 -                Rank 1 : false
2025-05-13 12:52:17,585 [INFO] ADCParametersView:116 -                Rank 1 : false
2025-05-13 12:52:17,585 [INFO] ADCParametersView:116 -                Rank 1 : false
2025-05-13 12:52:17,585 [INFO] ADCParametersView:116 -                Rank 1 : false
2025-05-13 12:52:17,585 [INFO] ADCParametersView:116 -                Rank 1 : false
2025-05-13 12:52:17,585 [INFO] ADCParametersView:116 -                Rank 1 : false
2025-05-13 12:52:17,585 [INFO] ADCParametersView:116 -                Rank 1 : false
2025-05-13 12:52:17,585 [INFO] ADCParametersView:116 -                Rank 1 : false
2025-05-13 12:52:17,613 [INFO] ADCParametersView:116 -                Rank 1 : false
2025-05-13 12:52:17,614 [INFO] ADCParametersView:116 -                Rank 1 : false
2025-05-13 12:52:17,614 [INFO] ADCParametersView:116 -        *      Rank 2 : false
2025-05-13 12:52:17,614 [INFO] ADCParametersView:116 -                Rank 1 : false
2025-05-13 12:52:17,614 [INFO] ADCParametersView:116 -        *      Rank 2 : false
2025-05-13 12:52:17,614 [INFO] ADCParametersView:116 -        *      Rank 3 : false
2025-05-13 12:52:17,614 [INFO] ADCParametersView:116 -                Rank 1 : false
2025-05-13 12:52:17,614 [INFO] ADCParametersView:116 -        *      Rank 2 : false
2025-05-13 12:52:17,614 [INFO] ADCParametersView:116 -        *      Rank 3 : false
2025-05-13 12:52:17,614 [INFO] ADCParametersView:116 -        *      Rank 4 : false
2025-05-13 12:52:17,617 [INFO] SpinnerEditorADC:65 - is string kkkk
2025-05-13 12:52:24,181 [INFO] ADCParametersView:116 -                Rank 1 : false
2025-05-13 12:52:24,181 [INFO] ADCParametersView:116 -        *      Rank 2 : false
2025-05-13 12:52:24,181 [INFO] ADCParametersView:116 -        *      Rank 3 : false
2025-05-13 12:52:24,181 [INFO] ADCParametersView:116 -        *      Rank 4 : false
2025-05-13 12:52:24,183 [INFO] ADCParametersView:116 -                Rank 1 : false
2025-05-13 12:52:24,183 [INFO] ADCParametersView:116 -        *      Rank 2 : false
2025-05-13 12:52:24,183 [INFO] ADCParametersView:116 -        *      Rank 3 : false
2025-05-13 12:52:24,183 [INFO] ADCParametersView:116 -        *      Rank 4 : false
2025-05-13 12:52:24,183 [INFO] ADCParametersView:116 -                Rank 1 : false
2025-05-13 12:52:24,183 [INFO] ADCParametersView:116 -        *      Rank 2 : false
2025-05-13 12:52:24,183 [INFO] ADCParametersView:116 -        *      Rank 3 : false
2025-05-13 12:52:24,183 [INFO] ADCParametersView:116 -        *      Rank 4 : false
2025-05-13 12:52:24,183 [INFO] ADCParametersView:116 -                Rank 1 : false
2025-05-13 12:52:24,183 [INFO] ADCParametersView:116 -        *      Rank 2 : false
2025-05-13 12:52:24,183 [INFO] ADCParametersView:116 -        *      Rank 3 : false
2025-05-13 12:52:24,183 [INFO] ADCParametersView:116 -        *      Rank 4 : false
2025-05-13 12:52:24,184 [INFO] ADCParametersView:116 -                Rank 1 : false
2025-05-13 12:52:24,184 [INFO] ADCParametersView:116 -        *      Rank 2 : false
2025-05-13 12:52:24,184 [INFO] ADCParametersView:116 -        *      Rank 3 : false
2025-05-13 12:52:24,184 [INFO] ADCParametersView:116 -        *      Rank 4 : false
2025-05-13 12:52:24,184 [INFO] ADCParametersView:116 -                Rank 1 : false
2025-05-13 12:52:24,184 [INFO] ADCParametersView:116 -        *      Rank 2 : false
2025-05-13 12:52:24,184 [INFO] ADCParametersView:116 -        *      Rank 3 : false
2025-05-13 12:52:24,184 [INFO] ADCParametersView:116 -        *      Rank 4 : false
2025-05-13 12:52:24,184 [INFO] ADCParametersView:116 -                Rank 1 : false
2025-05-13 12:52:24,184 [INFO] ADCParametersView:116 -        *      Rank 2 : false
2025-05-13 12:52:24,184 [INFO] ADCParametersView:116 -        *      Rank 3 : false
2025-05-13 12:52:24,184 [INFO] ADCParametersView:116 -        *      Rank 4 : false
2025-05-13 12:52:24,184 [INFO] ADCParametersView:116 -                Rank 1 : false
2025-05-13 12:52:24,184 [INFO] ADCParametersView:116 -        *      Rank 2 : false
2025-05-13 12:52:24,184 [INFO] ADCParametersView:116 -        *      Rank 3 : false
2025-05-13 12:52:24,184 [INFO] ADCParametersView:116 -        *      Rank 4 : false
2025-05-13 12:52:24,184 [INFO] ADCParametersView:116 -                Rank 1 : false
2025-05-13 12:52:24,184 [INFO] ADCParametersView:116 -        *      Rank 2 : false
2025-05-13 12:52:24,184 [INFO] ADCParametersView:116 -        *      Rank 3 : false
2025-05-13 12:52:24,185 [INFO] ADCParametersView:116 -        *      Rank 4 : false
2025-05-13 12:52:24,185 [INFO] ADCParametersView:116 -                Rank 1 : false
2025-05-13 12:52:24,185 [INFO] ADCParametersView:116 -        *      Rank 2 : false
2025-05-13 12:52:24,185 [INFO] ADCParametersView:116 -        *      Rank 3 : false
2025-05-13 12:52:24,185 [INFO] ADCParametersView:116 -        *      Rank 4 : false
2025-05-13 12:52:24,185 [INFO] ADCParametersView:116 -                Rank 1 : false
2025-05-13 12:52:24,185 [INFO] ADCParametersView:116 -        *      Rank 2 : false
2025-05-13 12:52:24,185 [INFO] ADCParametersView:116 -        *      Rank 3 : false
2025-05-13 12:52:24,185 [INFO] ADCParametersView:116 -        *      Rank 4 : false
2025-05-13 12:52:24,185 [INFO] ADCParametersView:116 -                Rank 1 : false
2025-05-13 12:52:24,185 [INFO] ADCParametersView:116 -        *      Rank 2 : false
2025-05-13 12:52:24,185 [INFO] ADCParametersView:116 -        *      Rank 3 : false
2025-05-13 12:52:24,185 [INFO] ADCParametersView:116 -        *      Rank 4 : false
2025-05-13 12:52:24,185 [INFO] ADCParametersView:116 -                Rank 1 : false
2025-05-13 12:52:24,185 [INFO] ADCParametersView:116 -        *      Rank 2 : false
2025-05-13 12:52:24,185 [INFO] ADCParametersView:116 -        *      Rank 3 : false
2025-05-13 12:52:24,185 [INFO] ADCParametersView:116 -        *      Rank 4 : false
2025-05-13 12:52:24,185 [INFO] ADCParametersView:116 -                Rank 1 : false
2025-05-13 12:52:24,185 [INFO] ADCParametersView:116 -        *      Rank 2 : false
2025-05-13 12:52:24,185 [INFO] ADCParametersView:116 -        *      Rank 3 : false
2025-05-13 12:52:24,185 [INFO] ADCParametersView:116 -        *      Rank 4 : false
2025-05-13 12:52:24,186 [INFO] ADCParametersView:116 -        *      Rank 2 : false
2025-05-13 12:52:24,186 [INFO] ADCParametersView:116 -        *      Rank 3 : false
2025-05-13 12:52:24,186 [INFO] ADCParametersView:116 -        *      Rank 4 : false
2025-05-13 12:52:24,186 [INFO] ADCParametersView:116 -        *      Rank 3 : false
2025-05-13 12:52:24,186 [INFO] ADCParametersView:116 -        *      Rank 4 : false
2025-05-13 12:52:24,186 [INFO] ADCParametersView:116 -        *      Rank 4 : false
2025-05-13 12:52:24,212 [INFO] ADCParametersView:116 -                Rank 1 : false
2025-05-13 12:52:24,212 [INFO] ADCParametersView:116 -                Rank 1 : false
2025-05-13 12:52:24,212 [INFO] ADCParametersView:116 -                Rank 2 : false
2025-05-13 12:52:24,213 [INFO] ADCParametersView:116 -                Rank 1 : false
2025-05-13 12:52:24,213 [INFO] ADCParametersView:116 -                Rank 2 : false
2025-05-13 12:52:24,213 [INFO] ADCParametersView:116 -                Rank 3 : false
2025-05-13 12:52:24,213 [INFO] ADCParametersView:116 -                Rank 1 : false
2025-05-13 12:52:24,213 [INFO] ADCParametersView:116 -                Rank 2 : false
2025-05-13 12:52:24,213 [INFO] ADCParametersView:116 -                Rank 3 : false
2025-05-13 12:52:24,213 [INFO] ADCParametersView:116 -                Rank 4 : false
2025-05-13 12:52:24,297 [INFO] ADCParametersView:116 -                Rank 1 : true
2025-05-13 12:52:24,298 [INFO] ADCParametersView:116 -                Rank 2 : false
2025-05-13 12:52:24,298 [INFO] ADCParametersView:116 -                Rank 3 : false
2025-05-13 12:52:24,298 [INFO] ADCParametersView:116 -                Rank 4 : false
2025-05-13 12:52:25,361 [INFO] ADCParametersView:116 -                Rank 1 : true
2025-05-13 12:52:25,362 [INFO] ADCParametersView:116 -                Rank 2 : true
2025-05-13 12:52:25,362 [INFO] ADCParametersView:116 -                Rank 3 : false
2025-05-13 12:52:25,362 [INFO] ADCParametersView:116 -                Rank 4 : false
2025-05-13 12:52:26,650 [INFO] ADCParametersView:116 -                Rank 1 : true
2025-05-13 12:52:26,650 [INFO] ADCParametersView:116 -                Rank 2 : true
2025-05-13 12:52:26,650 [INFO] ADCParametersView:116 -                Rank 3 : true
2025-05-13 12:52:26,650 [INFO] ADCParametersView:116 -                Rank 4 : false
2025-05-13 12:52:27,963 [INFO] ADCParametersView:116 -                Rank 1 : true
2025-05-13 12:52:27,963 [INFO] ADCParametersView:116 -                Rank 2 : true
2025-05-13 12:52:27,963 [INFO] ADCParametersView:116 -                Rank 3 : true
2025-05-13 12:52:27,963 [INFO] ADCParametersView:116 -                Rank 4 : true
2025-05-13 12:52:30,435 [INFO] ADCParametersView:116 -                Rank 1 : true
2025-05-13 12:52:30,435 [INFO] ADCParametersView:116 -                Rank 2 : false
2025-05-13 12:52:30,435 [INFO] ADCParametersView:116 -                Rank 3 : true
2025-05-13 12:52:30,436 [INFO] ADCParametersView:116 -                Rank 4 : true
2025-05-13 12:52:31,121 [INFO] ADCParametersView:116 -                Rank 1 : true
2025-05-13 12:52:31,122 [INFO] ADCParametersView:116 -                Rank 2 : false
2025-05-13 12:52:31,122 [INFO] ADCParametersView:116 -                Rank 3 : false
2025-05-13 12:52:31,122 [INFO] ADCParametersView:116 -                Rank 4 : true
2025-05-13 12:52:31,925 [INFO] ADCParametersView:116 -                Rank 1 : true
2025-05-13 12:52:31,926 [INFO] ADCParametersView:116 -                Rank 2 : false
2025-05-13 12:52:31,926 [INFO] ADCParametersView:116 -                Rank 3 : false
2025-05-13 12:52:31,926 [INFO] ADCParametersView:116 -                Rank 4 : false
2025-05-13 12:52:33,129 [INFO] ADCParametersView:116 -                Rank 1 : false
2025-05-13 12:52:33,129 [INFO] ADCParametersView:116 -                Rank 2 : false
2025-05-13 12:52:33,129 [INFO] ADCParametersView:116 -                Rank 3 : false
2025-05-13 12:52:33,129 [INFO] ADCParametersView:116 -                Rank 4 : false
2025-05-13 12:52:57,666 [INFO] NvicIntPanel:101 - NVIC parent = com.st.microxplorer.plugins.ip.nvic.MultiNvicIntPanel[,0,0,0x0,invalid,layout=javax.swing.BoxLayout,alignmentX=0.0,alignmentY=0.0,border=,flags=9,maximumSize=,minimumSize=,preferredSize=]
2025-05-13 12:52:57,705 [INFO] ADCParametersView:116 -                Rank 1 : false
2025-05-13 12:52:57,705 [INFO] ADCParametersView:116 -                Rank 2 : false
2025-05-13 12:52:57,705 [INFO] ADCParametersView:116 -                Rank 3 : false
2025-05-13 12:52:57,705 [INFO] ADCParametersView:116 -                Rank 4 : false
2025-05-13 12:52:57,706 [INFO] ADCParametersView:116 -                Rank 1 : false
2025-05-13 12:52:57,706 [INFO] ADCParametersView:116 -                Rank 2 : false
2025-05-13 12:52:57,706 [INFO] ADCParametersView:116 -                Rank 3 : false
2025-05-13 12:52:57,706 [INFO] ADCParametersView:116 -                Rank 4 : false
2025-05-13 12:52:57,706 [INFO] ADCParametersView:116 -                Rank 1 : false
2025-05-13 12:52:57,706 [INFO] ADCParametersView:116 -                Rank 2 : false
2025-05-13 12:52:57,706 [INFO] ADCParametersView:116 -                Rank 3 : false
2025-05-13 12:52:57,706 [INFO] ADCParametersView:116 -                Rank 4 : false
2025-05-13 12:52:57,706 [INFO] ADCParametersView:116 -                Rank 1 : false
2025-05-13 12:52:57,706 [INFO] ADCParametersView:116 -                Rank 2 : false
2025-05-13 12:52:57,706 [INFO] ADCParametersView:116 -                Rank 3 : false
2025-05-13 12:52:57,706 [INFO] ADCParametersView:116 -                Rank 4 : false
2025-05-13 12:52:57,707 [INFO] ADCParametersView:116 -                Rank 1 : false
2025-05-13 12:52:57,707 [INFO] ADCParametersView:116 -                Rank 2 : false
2025-05-13 12:52:57,707 [INFO] ADCParametersView:116 -                Rank 3 : false
2025-05-13 12:52:57,707 [INFO] ADCParametersView:116 -                Rank 4 : false
2025-05-13 12:52:57,707 [INFO] ADCParametersView:116 -                Rank 1 : false
2025-05-13 12:52:57,707 [INFO] ADCParametersView:116 -                Rank 2 : false
2025-05-13 12:52:57,707 [INFO] ADCParametersView:116 -                Rank 3 : false
2025-05-13 12:52:57,707 [INFO] ADCParametersView:116 -                Rank 4 : false
2025-05-13 12:52:57,707 [INFO] ADCParametersView:116 -                Rank 1 : false
2025-05-13 12:52:57,707 [INFO] ADCParametersView:116 -                Rank 2 : false
2025-05-13 12:52:57,707 [INFO] ADCParametersView:116 -                Rank 3 : false
2025-05-13 12:52:57,707 [INFO] ADCParametersView:116 -                Rank 4 : false
2025-05-13 12:52:57,707 [INFO] ADCParametersView:116 -                Rank 1 : false
2025-05-13 12:52:57,707 [INFO] ADCParametersView:116 -                Rank 2 : false
2025-05-13 12:52:57,707 [INFO] ADCParametersView:116 -                Rank 3 : false
2025-05-13 12:52:57,707 [INFO] ADCParametersView:116 -                Rank 4 : false
2025-05-13 12:52:57,707 [INFO] ADCParametersView:116 -                Rank 1 : false
2025-05-13 12:52:57,707 [INFO] ADCParametersView:116 -                Rank 2 : false
2025-05-13 12:52:57,707 [INFO] ADCParametersView:116 -                Rank 3 : false
2025-05-13 12:52:57,707 [INFO] ADCParametersView:116 -                Rank 4 : false
2025-05-13 12:52:57,707 [INFO] ADCParametersView:116 -                Rank 1 : false
2025-05-13 12:52:57,707 [INFO] ADCParametersView:116 -                Rank 2 : false
2025-05-13 12:52:57,708 [INFO] ADCParametersView:116 -                Rank 3 : false
2025-05-13 12:52:57,708 [INFO] ADCParametersView:116 -                Rank 4 : false
2025-05-13 12:52:57,708 [INFO] ADCParametersView:116 -                Rank 1 : false
2025-05-13 12:52:57,708 [INFO] ADCParametersView:116 -                Rank 2 : false
2025-05-13 12:52:57,708 [INFO] ADCParametersView:116 -                Rank 3 : false
2025-05-13 12:52:57,708 [INFO] ADCParametersView:116 -                Rank 4 : false
2025-05-13 12:52:57,708 [INFO] ADCParametersView:116 -                Rank 1 : false
2025-05-13 12:52:57,708 [INFO] ADCParametersView:116 -                Rank 2 : false
2025-05-13 12:52:57,708 [INFO] ADCParametersView:116 -                Rank 3 : false
2025-05-13 12:52:57,708 [INFO] ADCParametersView:116 -                Rank 4 : false
2025-05-13 12:52:57,708 [INFO] ADCParametersView:116 -                Rank 1 : false
2025-05-13 12:52:57,708 [INFO] ADCParametersView:116 -                Rank 2 : false
2025-05-13 12:52:57,708 [INFO] ADCParametersView:116 -                Rank 3 : false
2025-05-13 12:52:57,708 [INFO] ADCParametersView:116 -                Rank 4 : false
2025-05-13 12:52:57,708 [INFO] ADCParametersView:116 -                Rank 1 : false
2025-05-13 12:52:57,708 [INFO] ADCParametersView:116 -                Rank 2 : false
2025-05-13 12:52:57,708 [INFO] ADCParametersView:116 -                Rank 3 : false
2025-05-13 12:52:57,708 [INFO] ADCParametersView:116 -                Rank 4 : false
2025-05-13 12:52:57,708 [INFO] ADCParametersView:116 -                Rank 2 : false
2025-05-13 12:52:57,708 [INFO] ADCParametersView:116 -                Rank 3 : false
2025-05-13 12:52:57,708 [INFO] ADCParametersView:116 -                Rank 4 : false
2025-05-13 12:52:57,708 [INFO] ADCParametersView:116 -                Rank 3 : false
2025-05-13 12:52:57,708 [INFO] ADCParametersView:116 -                Rank 4 : false
2025-05-13 12:52:57,708 [INFO] ADCParametersView:116 -                Rank 4 : false
2025-05-13 12:52:57,732 [INFO] ADCParametersView:116 -                Rank 1 : false
2025-05-13 12:52:57,733 [INFO] ADCParametersView:116 -                Rank 1 : false
2025-05-13 12:52:57,733 [INFO] ADCParametersView:116 -                Rank 2 : false
2025-05-13 12:52:57,733 [INFO] ADCParametersView:116 -                Rank 1 : false
2025-05-13 12:52:57,733 [INFO] ADCParametersView:116 -                Rank 2 : false
2025-05-13 12:52:57,733 [INFO] ADCParametersView:116 -                Rank 3 : false
2025-05-13 12:52:57,733 [INFO] ADCParametersView:116 -                Rank 1 : false
2025-05-13 12:52:57,733 [INFO] ADCParametersView:116 -                Rank 2 : false
2025-05-13 12:52:57,733 [INFO] ADCParametersView:116 -                Rank 3 : false
2025-05-13 12:52:57,733 [INFO] ADCParametersView:116 -                Rank 4 : false
2025-05-13 12:53:50,927 [INFO] ADCParametersView:116 -                Rank 1 : false
2025-05-13 12:53:50,927 [INFO] ADCParametersView:116 -                Rank 2 : false
2025-05-13 12:53:50,927 [INFO] ADCParametersView:116 -                Rank 3 : true
2025-05-13 12:53:50,927 [INFO] ADCParametersView:116 -                Rank 4 : false
2025-05-13 12:53:54,474 [INFO] ADCParametersView:116 -                Rank 1 : false
2025-05-13 12:53:54,474 [INFO] ADCParametersView:116 -                Rank 2 : false
2025-05-13 12:53:54,474 [INFO] ADCParametersView:116 -                Rank 3 : false
2025-05-13 12:53:54,474 [INFO] ADCParametersView:116 -                Rank 4 : false
2025-05-13 12:53:55,406 [INFO] ADCParametersView:116 -                Rank 1 : true
2025-05-13 12:53:55,406 [INFO] ADCParametersView:116 -                Rank 2 : false
2025-05-13 12:53:55,406 [INFO] ADCParametersView:116 -                Rank 3 : false
2025-05-13 12:53:55,406 [INFO] ADCParametersView:116 -                Rank 4 : false
2025-05-13 12:53:58,193 [INFO] ADCParametersView:116 -                Rank 1 : true
2025-05-13 12:53:58,193 [INFO] ADCParametersView:116 -                Rank 2 : true
2025-05-13 12:53:58,193 [INFO] ADCParametersView:116 -                Rank 3 : false
2025-05-13 12:53:58,193 [INFO] ADCParametersView:116 -                Rank 4 : false
2025-05-13 12:54:00,691 [INFO] NvicIntPanel:101 - NVIC parent = com.st.microxplorer.plugins.ip.nvic.MultiNvicIntPanel[,0,0,0x0,invalid,layout=javax.swing.BoxLayout,alignmentX=0.0,alignmentY=0.0,border=,flags=9,maximumSize=,minimumSize=,preferredSize=]
2025-05-13 12:54:00,724 [INFO] ADCParametersView:116 -                Rank 1 : true
2025-05-13 12:54:00,724 [INFO] ADCParametersView:116 -                Rank 2 : true
2025-05-13 12:54:00,724 [INFO] ADCParametersView:116 -                Rank 3 : false
2025-05-13 12:54:00,724 [INFO] ADCParametersView:116 -                Rank 4 : false
2025-05-13 12:54:00,725 [INFO] ADCParametersView:116 -                Rank 1 : true
2025-05-13 12:54:00,725 [INFO] ADCParametersView:116 -                Rank 2 : true
2025-05-13 12:54:00,725 [INFO] ADCParametersView:116 -                Rank 3 : false
2025-05-13 12:54:00,725 [INFO] ADCParametersView:116 -                Rank 4 : false
2025-05-13 12:54:00,725 [INFO] ADCParametersView:116 -                Rank 1 : true
2025-05-13 12:54:00,725 [INFO] ADCParametersView:116 -                Rank 2 : true
2025-05-13 12:54:00,725 [INFO] ADCParametersView:116 -                Rank 3 : false
2025-05-13 12:54:00,725 [INFO] ADCParametersView:116 -                Rank 4 : false
2025-05-13 12:54:00,725 [INFO] ADCParametersView:116 -                Rank 1 : true
2025-05-13 12:54:00,726 [INFO] ADCParametersView:116 -                Rank 2 : true
2025-05-13 12:54:00,726 [INFO] ADCParametersView:116 -                Rank 3 : false
2025-05-13 12:54:00,726 [INFO] ADCParametersView:116 -                Rank 4 : false
2025-05-13 12:54:00,726 [INFO] ADCParametersView:116 -                Rank 1 : true
2025-05-13 12:54:00,726 [INFO] ADCParametersView:116 -                Rank 2 : true
2025-05-13 12:54:00,726 [INFO] ADCParametersView:116 -                Rank 3 : false
2025-05-13 12:54:00,726 [INFO] ADCParametersView:116 -                Rank 4 : false
2025-05-13 12:54:00,726 [INFO] ADCParametersView:116 -                Rank 1 : true
2025-05-13 12:54:00,726 [INFO] ADCParametersView:116 -                Rank 2 : true
2025-05-13 12:54:00,726 [INFO] ADCParametersView:116 -                Rank 3 : false
2025-05-13 12:54:00,726 [INFO] ADCParametersView:116 -                Rank 4 : false
2025-05-13 12:54:00,726 [INFO] ADCParametersView:116 -                Rank 1 : true
2025-05-13 12:54:00,726 [INFO] ADCParametersView:116 -                Rank 2 : true
2025-05-13 12:54:00,726 [INFO] ADCParametersView:116 -                Rank 3 : false
2025-05-13 12:54:00,726 [INFO] ADCParametersView:116 -                Rank 4 : false
2025-05-13 12:54:00,726 [INFO] ADCParametersView:116 -                Rank 1 : true
2025-05-13 12:54:00,726 [INFO] ADCParametersView:116 -                Rank 2 : true
2025-05-13 12:54:00,726 [INFO] ADCParametersView:116 -                Rank 3 : false
2025-05-13 12:54:00,726 [INFO] ADCParametersView:116 -                Rank 4 : false
2025-05-13 12:54:00,726 [INFO] ADCParametersView:116 -                Rank 1 : true
2025-05-13 12:54:00,726 [INFO] ADCParametersView:116 -                Rank 2 : true
2025-05-13 12:54:00,726 [INFO] ADCParametersView:116 -                Rank 3 : false
2025-05-13 12:54:00,726 [INFO] ADCParametersView:116 -                Rank 4 : false
2025-05-13 12:54:00,727 [INFO] ADCParametersView:116 -                Rank 1 : true
2025-05-13 12:54:00,727 [INFO] ADCParametersView:116 -                Rank 2 : true
2025-05-13 12:54:00,727 [INFO] ADCParametersView:116 -                Rank 3 : false
2025-05-13 12:54:00,727 [INFO] ADCParametersView:116 -                Rank 4 : false
2025-05-13 12:54:00,727 [INFO] ADCParametersView:116 -                Rank 1 : true
2025-05-13 12:54:00,727 [INFO] ADCParametersView:116 -                Rank 2 : true
2025-05-13 12:54:00,727 [INFO] ADCParametersView:116 -                Rank 3 : false
2025-05-13 12:54:00,727 [INFO] ADCParametersView:116 -                Rank 4 : false
2025-05-13 12:54:00,727 [INFO] ADCParametersView:116 -                Rank 1 : true
2025-05-13 12:54:00,727 [INFO] ADCParametersView:116 -                Rank 2 : true
2025-05-13 12:54:00,727 [INFO] ADCParametersView:116 -                Rank 3 : false
2025-05-13 12:54:00,727 [INFO] ADCParametersView:116 -                Rank 4 : false
2025-05-13 12:54:00,727 [INFO] ADCParametersView:116 -                Rank 1 : true
2025-05-13 12:54:00,727 [INFO] ADCParametersView:116 -                Rank 2 : true
2025-05-13 12:54:00,727 [INFO] ADCParametersView:116 -                Rank 3 : false
2025-05-13 12:54:00,727 [INFO] ADCParametersView:116 -                Rank 4 : false
2025-05-13 12:54:00,727 [INFO] ADCParametersView:116 -                Rank 1 : true
2025-05-13 12:54:00,727 [INFO] ADCParametersView:116 -                Rank 2 : true
2025-05-13 12:54:00,727 [INFO] ADCParametersView:116 -                Rank 3 : false
2025-05-13 12:54:00,727 [INFO] ADCParametersView:116 -                Rank 4 : false
2025-05-13 12:54:00,727 [INFO] ADCParametersView:116 -                Rank 2 : true
2025-05-13 12:54:00,727 [INFO] ADCParametersView:116 -                Rank 3 : false
2025-05-13 12:54:00,727 [INFO] ADCParametersView:116 -                Rank 4 : false
2025-05-13 12:54:00,728 [INFO] ADCParametersView:116 -                Rank 3 : false
2025-05-13 12:54:00,728 [INFO] ADCParametersView:116 -                Rank 4 : false
2025-05-13 12:54:00,728 [INFO] ADCParametersView:116 -                Rank 4 : false
2025-05-13 12:54:00,748 [INFO] ADCParametersView:116 -                Rank 1 : true
2025-05-13 12:54:00,748 [INFO] ADCParametersView:116 -                Rank 1 : true
2025-05-13 12:54:00,748 [INFO] ADCParametersView:116 -                Rank 2 : true
2025-05-13 12:54:00,748 [INFO] ADCParametersView:116 -                Rank 1 : true
2025-05-13 12:54:00,749 [INFO] ADCParametersView:116 -                Rank 2 : true
2025-05-13 12:54:00,749 [INFO] ADCParametersView:116 -                Rank 3 : false
2025-05-13 12:54:00,749 [INFO] ADCParametersView:116 -                Rank 1 : true
2025-05-13 12:54:00,749 [INFO] ADCParametersView:116 -                Rank 2 : true
2025-05-13 12:54:00,749 [INFO] ADCParametersView:116 -                Rank 3 : false
2025-05-13 12:54:00,749 [INFO] ADCParametersView:116 -                Rank 4 : false
2025-05-13 12:54:05,036 [INFO] NvicIntPanel:101 - NVIC parent = com.st.microxplorer.plugins.ip.nvic.MultiNvicIntPanel[,0,0,0x0,invalid,layout=javax.swing.BoxLayout,alignmentX=0.0,alignmentY=0.0,border=,flags=9,maximumSize=,minimumSize=,preferredSize=]
2025-05-13 12:54:05,071 [INFO] ADCParametersView:116 -                Rank 1 : true
2025-05-13 12:54:05,071 [INFO] ADCParametersView:116 -                Rank 2 : true
2025-05-13 12:54:05,071 [INFO] ADCParametersView:116 -                Rank 3 : false
2025-05-13 12:54:05,071 [INFO] ADCParametersView:116 -                Rank 4 : false
2025-05-13 12:54:05,072 [INFO] ADCParametersView:116 -                Rank 1 : true
2025-05-13 12:54:05,072 [INFO] ADCParametersView:116 -                Rank 2 : true
2025-05-13 12:54:05,072 [INFO] ADCParametersView:116 -                Rank 3 : false
2025-05-13 12:54:05,072 [INFO] ADCParametersView:116 -                Rank 4 : false
2025-05-13 12:54:05,073 [INFO] ADCParametersView:116 -                Rank 1 : true
2025-05-13 12:54:05,073 [INFO] ADCParametersView:116 -                Rank 2 : true
2025-05-13 12:54:05,073 [INFO] ADCParametersView:116 -                Rank 3 : false
2025-05-13 12:54:05,073 [INFO] ADCParametersView:116 -                Rank 4 : false
2025-05-13 12:54:05,073 [INFO] ADCParametersView:116 -                Rank 1 : true
2025-05-13 12:54:05,073 [INFO] ADCParametersView:116 -                Rank 2 : true
2025-05-13 12:54:05,073 [INFO] ADCParametersView:116 -                Rank 3 : false
2025-05-13 12:54:05,073 [INFO] ADCParametersView:116 -                Rank 4 : false
2025-05-13 12:54:05,073 [INFO] ADCParametersView:116 -                Rank 1 : true
2025-05-13 12:54:05,073 [INFO] ADCParametersView:116 -                Rank 2 : true
2025-05-13 12:54:05,073 [INFO] ADCParametersView:116 -                Rank 3 : false
2025-05-13 12:54:05,073 [INFO] ADCParametersView:116 -                Rank 4 : false
2025-05-13 12:54:05,073 [INFO] ADCParametersView:116 -                Rank 1 : true
2025-05-13 12:54:05,073 [INFO] ADCParametersView:116 -                Rank 2 : true
2025-05-13 12:54:05,073 [INFO] ADCParametersView:116 -                Rank 3 : false
2025-05-13 12:54:05,073 [INFO] ADCParametersView:116 -                Rank 4 : false
2025-05-13 12:54:05,073 [INFO] ADCParametersView:116 -                Rank 1 : true
2025-05-13 12:54:05,073 [INFO] ADCParametersView:116 -                Rank 2 : true
2025-05-13 12:54:05,073 [INFO] ADCParametersView:116 -                Rank 3 : false
2025-05-13 12:54:05,073 [INFO] ADCParametersView:116 -                Rank 4 : false
2025-05-13 12:54:05,073 [INFO] ADCParametersView:116 -                Rank 1 : true
2025-05-13 12:54:05,073 [INFO] ADCParametersView:116 -                Rank 2 : true
2025-05-13 12:54:05,073 [INFO] ADCParametersView:116 -                Rank 3 : false
2025-05-13 12:54:05,073 [INFO] ADCParametersView:116 -                Rank 4 : false
2025-05-13 12:54:05,073 [INFO] ADCParametersView:116 -                Rank 1 : true
2025-05-13 12:54:05,074 [INFO] ADCParametersView:116 -                Rank 2 : true
2025-05-13 12:54:05,074 [INFO] ADCParametersView:116 -                Rank 3 : false
2025-05-13 12:54:05,074 [INFO] ADCParametersView:116 -                Rank 4 : false
2025-05-13 12:54:05,074 [INFO] ADCParametersView:116 -                Rank 1 : true
2025-05-13 12:54:05,074 [INFO] ADCParametersView:116 -                Rank 2 : true
2025-05-13 12:54:05,074 [INFO] ADCParametersView:116 -                Rank 3 : false
2025-05-13 12:54:05,074 [INFO] ADCParametersView:116 -                Rank 4 : false
2025-05-13 12:54:05,074 [INFO] ADCParametersView:116 -                Rank 1 : true
2025-05-13 12:54:05,074 [INFO] ADCParametersView:116 -                Rank 2 : true
2025-05-13 12:54:05,074 [INFO] ADCParametersView:116 -                Rank 3 : false
2025-05-13 12:54:05,074 [INFO] ADCParametersView:116 -                Rank 4 : false
2025-05-13 12:54:05,074 [INFO] ADCParametersView:116 -                Rank 1 : true
2025-05-13 12:54:05,074 [INFO] ADCParametersView:116 -                Rank 2 : true
2025-05-13 12:54:05,074 [INFO] ADCParametersView:116 -                Rank 3 : false
2025-05-13 12:54:05,074 [INFO] ADCParametersView:116 -                Rank 4 : false
2025-05-13 12:54:05,074 [INFO] ADCParametersView:116 -                Rank 1 : true
2025-05-13 12:54:05,074 [INFO] ADCParametersView:116 -                Rank 2 : true
2025-05-13 12:54:05,074 [INFO] ADCParametersView:116 -                Rank 3 : false
2025-05-13 12:54:05,074 [INFO] ADCParametersView:116 -                Rank 4 : false
2025-05-13 12:54:05,074 [INFO] ADCParametersView:116 -                Rank 1 : true
2025-05-13 12:54:05,074 [INFO] ADCParametersView:116 -                Rank 2 : true
2025-05-13 12:54:05,074 [INFO] ADCParametersView:116 -                Rank 3 : false
2025-05-13 12:54:05,074 [INFO] ADCParametersView:116 -                Rank 4 : false
2025-05-13 12:54:05,074 [INFO] ADCParametersView:116 -                Rank 2 : true
2025-05-13 12:54:05,074 [INFO] ADCParametersView:116 -                Rank 3 : false
2025-05-13 12:54:05,074 [INFO] ADCParametersView:116 -                Rank 4 : false
2025-05-13 12:54:05,074 [INFO] ADCParametersView:116 -                Rank 3 : false
2025-05-13 12:54:05,074 [INFO] ADCParametersView:116 -                Rank 4 : false
2025-05-13 12:54:05,075 [INFO] ADCParametersView:116 -                Rank 4 : false
2025-05-13 12:54:05,099 [INFO] ADCParametersView:116 -                Rank 1 : true
2025-05-13 12:54:05,099 [INFO] ADCParametersView:116 -                Rank 1 : true
2025-05-13 12:54:05,099 [INFO] ADCParametersView:116 -                Rank 2 : true
2025-05-13 12:54:05,099 [INFO] ADCParametersView:116 -                Rank 1 : true
2025-05-13 12:54:05,099 [INFO] ADCParametersView:116 -                Rank 2 : true
2025-05-13 12:54:05,099 [INFO] ADCParametersView:116 -                Rank 3 : false
2025-05-13 12:54:05,099 [INFO] ADCParametersView:116 -                Rank 1 : true
2025-05-13 12:54:05,099 [INFO] ADCParametersView:116 -                Rank 2 : true
2025-05-13 12:54:05,099 [INFO] ADCParametersView:116 -                Rank 3 : false
2025-05-13 12:54:05,099 [INFO] ADCParametersView:116 -                Rank 4 : false
2025-05-13 12:54:07,034 [INFO] ADCParametersView:116 -                Rank 1 : true
2025-05-13 12:54:07,034 [INFO] ADCParametersView:116 -                Rank 2 : true
2025-05-13 12:54:07,034 [INFO] ADCParametersView:116 -                Rank 3 : true
2025-05-13 12:54:07,034 [INFO] ADCParametersView:116 -                Rank 4 : false
2025-05-13 12:54:08,991 [INFO] NvicIntPanel:101 - NVIC parent = com.st.microxplorer.plugins.ip.nvic.MultiNvicIntPanel[,0,0,0x0,invalid,layout=javax.swing.BoxLayout,alignmentX=0.0,alignmentY=0.0,border=,flags=9,maximumSize=,minimumSize=,preferredSize=]
2025-05-13 12:54:09,024 [INFO] ADCParametersView:116 -                Rank 1 : true
2025-05-13 12:54:09,024 [INFO] ADCParametersView:116 -                Rank 2 : true
2025-05-13 12:54:09,024 [INFO] ADCParametersView:116 -                Rank 3 : true
2025-05-13 12:54:09,024 [INFO] ADCParametersView:116 -                Rank 4 : false
2025-05-13 12:54:09,025 [INFO] ADCParametersView:116 -                Rank 1 : true
2025-05-13 12:54:09,025 [INFO] ADCParametersView:116 -                Rank 2 : true
2025-05-13 12:54:09,025 [INFO] ADCParametersView:116 -                Rank 3 : true
2025-05-13 12:54:09,025 [INFO] ADCParametersView:116 -                Rank 4 : false
2025-05-13 12:54:09,025 [INFO] ADCParametersView:116 -                Rank 1 : true
2025-05-13 12:54:09,025 [INFO] ADCParametersView:116 -                Rank 2 : true
2025-05-13 12:54:09,025 [INFO] ADCParametersView:116 -                Rank 3 : true
2025-05-13 12:54:09,025 [INFO] ADCParametersView:116 -                Rank 4 : false
2025-05-13 12:54:09,025 [INFO] ADCParametersView:116 -                Rank 1 : true
2025-05-13 12:54:09,025 [INFO] ADCParametersView:116 -                Rank 2 : true
2025-05-13 12:54:09,025 [INFO] ADCParametersView:116 -                Rank 3 : true
2025-05-13 12:54:09,025 [INFO] ADCParametersView:116 -                Rank 4 : false
2025-05-13 12:54:09,025 [INFO] ADCParametersView:116 -                Rank 1 : true
2025-05-13 12:54:09,025 [INFO] ADCParametersView:116 -                Rank 2 : true
2025-05-13 12:54:09,025 [INFO] ADCParametersView:116 -                Rank 3 : true
2025-05-13 12:54:09,025 [INFO] ADCParametersView:116 -                Rank 4 : false
2025-05-13 12:54:09,026 [INFO] ADCParametersView:116 -                Rank 1 : true
2025-05-13 12:54:09,026 [INFO] ADCParametersView:116 -                Rank 2 : true
2025-05-13 12:54:09,026 [INFO] ADCParametersView:116 -                Rank 3 : true
2025-05-13 12:54:09,026 [INFO] ADCParametersView:116 -                Rank 4 : false
2025-05-13 12:54:09,026 [INFO] ADCParametersView:116 -                Rank 1 : true
2025-05-13 12:54:09,026 [INFO] ADCParametersView:116 -                Rank 2 : true
2025-05-13 12:54:09,026 [INFO] ADCParametersView:116 -                Rank 3 : true
2025-05-13 12:54:09,026 [INFO] ADCParametersView:116 -                Rank 4 : false
2025-05-13 12:54:09,026 [INFO] ADCParametersView:116 -                Rank 1 : true
2025-05-13 12:54:09,026 [INFO] ADCParametersView:116 -                Rank 2 : true
2025-05-13 12:54:09,026 [INFO] ADCParametersView:116 -                Rank 3 : true
2025-05-13 12:54:09,026 [INFO] ADCParametersView:116 -                Rank 4 : false
2025-05-13 12:54:09,026 [INFO] ADCParametersView:116 -                Rank 1 : true
2025-05-13 12:54:09,026 [INFO] ADCParametersView:116 -                Rank 2 : true
2025-05-13 12:54:09,026 [INFO] ADCParametersView:116 -                Rank 3 : true
2025-05-13 12:54:09,026 [INFO] ADCParametersView:116 -                Rank 4 : false
2025-05-13 12:54:09,026 [INFO] ADCParametersView:116 -                Rank 1 : true
2025-05-13 12:54:09,026 [INFO] ADCParametersView:116 -                Rank 2 : true
2025-05-13 12:54:09,026 [INFO] ADCParametersView:116 -                Rank 3 : true
2025-05-13 12:54:09,026 [INFO] ADCParametersView:116 -                Rank 4 : false
2025-05-13 12:54:09,026 [INFO] ADCParametersView:116 -                Rank 1 : true
2025-05-13 12:54:09,026 [INFO] ADCParametersView:116 -                Rank 2 : true
2025-05-13 12:54:09,026 [INFO] ADCParametersView:116 -                Rank 3 : true
2025-05-13 12:54:09,026 [INFO] ADCParametersView:116 -                Rank 4 : false
2025-05-13 12:54:09,026 [INFO] ADCParametersView:116 -                Rank 1 : true
2025-05-13 12:54:09,026 [INFO] ADCParametersView:116 -                Rank 2 : true
2025-05-13 12:54:09,026 [INFO] ADCParametersView:116 -                Rank 3 : true
2025-05-13 12:54:09,026 [INFO] ADCParametersView:116 -                Rank 4 : false
2025-05-13 12:54:09,027 [INFO] ADCParametersView:116 -                Rank 1 : true
2025-05-13 12:54:09,027 [INFO] ADCParametersView:116 -                Rank 2 : true
2025-05-13 12:54:09,027 [INFO] ADCParametersView:116 -                Rank 3 : true
2025-05-13 12:54:09,027 [INFO] ADCParametersView:116 -                Rank 4 : false
2025-05-13 12:54:09,027 [INFO] ADCParametersView:116 -                Rank 1 : true
2025-05-13 12:54:09,027 [INFO] ADCParametersView:116 -                Rank 2 : true
2025-05-13 12:54:09,027 [INFO] ADCParametersView:116 -                Rank 3 : true
2025-05-13 12:54:09,027 [INFO] ADCParametersView:116 -                Rank 4 : false
2025-05-13 12:54:09,027 [INFO] ADCParametersView:116 -                Rank 2 : true
2025-05-13 12:54:09,027 [INFO] ADCParametersView:116 -                Rank 3 : true
2025-05-13 12:54:09,027 [INFO] ADCParametersView:116 -                Rank 4 : false
2025-05-13 12:54:09,027 [INFO] ADCParametersView:116 -                Rank 3 : true
2025-05-13 12:54:09,027 [INFO] ADCParametersView:116 -                Rank 4 : false
2025-05-13 12:54:09,027 [INFO] ADCParametersView:116 -                Rank 4 : false
2025-05-13 12:54:09,050 [INFO] ADCParametersView:116 -                Rank 1 : true
2025-05-13 12:54:09,051 [INFO] ADCParametersView:116 -                Rank 1 : true
2025-05-13 12:54:09,051 [INFO] ADCParametersView:116 -                Rank 2 : true
2025-05-13 12:54:09,051 [INFO] ADCParametersView:116 -                Rank 1 : true
2025-05-13 12:54:09,051 [INFO] ADCParametersView:116 -                Rank 2 : true
2025-05-13 12:54:09,051 [INFO] ADCParametersView:116 -                Rank 3 : true
2025-05-13 12:54:09,051 [INFO] ADCParametersView:116 -                Rank 1 : true
2025-05-13 12:54:09,051 [INFO] ADCParametersView:116 -                Rank 2 : true
2025-05-13 12:54:09,051 [INFO] ADCParametersView:116 -                Rank 3 : true
2025-05-13 12:54:09,051 [INFO] ADCParametersView:116 -                Rank 4 : false
2025-05-13 12:54:10,977 [INFO] NvicIntPanel:101 - NVIC parent = com.st.microxplorer.plugins.ip.nvic.MultiNvicIntPanel[,0,0,0x0,invalid,layout=javax.swing.BoxLayout,alignmentX=0.0,alignmentY=0.0,border=,flags=9,maximumSize=,minimumSize=,preferredSize=]
2025-05-13 12:54:11,010 [INFO] ADCParametersView:116 -                Rank 1 : true
2025-05-13 12:54:11,010 [INFO] ADCParametersView:116 -                Rank 2 : true
2025-05-13 12:54:11,010 [INFO] ADCParametersView:116 -                Rank 3 : true
2025-05-13 12:54:11,010 [INFO] ADCParametersView:116 -                Rank 4 : false
2025-05-13 12:54:11,011 [INFO] ADCParametersView:116 -                Rank 1 : true
2025-05-13 12:54:11,011 [INFO] ADCParametersView:116 -                Rank 2 : true
2025-05-13 12:54:11,011 [INFO] ADCParametersView:116 -                Rank 3 : true
2025-05-13 12:54:11,011 [INFO] ADCParametersView:116 -                Rank 4 : false
2025-05-13 12:54:11,011 [INFO] ADCParametersView:116 -                Rank 1 : true
2025-05-13 12:54:11,011 [INFO] ADCParametersView:116 -                Rank 2 : true
2025-05-13 12:54:11,012 [INFO] ADCParametersView:116 -                Rank 3 : true
2025-05-13 12:54:11,012 [INFO] ADCParametersView:116 -                Rank 4 : false
2025-05-13 12:54:11,012 [INFO] ADCParametersView:116 -                Rank 1 : true
2025-05-13 12:54:11,012 [INFO] ADCParametersView:116 -                Rank 2 : true
2025-05-13 12:54:11,012 [INFO] ADCParametersView:116 -                Rank 3 : true
2025-05-13 12:54:11,012 [INFO] ADCParametersView:116 -                Rank 4 : false
2025-05-13 12:54:11,012 [INFO] ADCParametersView:116 -                Rank 1 : true
2025-05-13 12:54:11,012 [INFO] ADCParametersView:116 -                Rank 2 : true
2025-05-13 12:54:11,012 [INFO] ADCParametersView:116 -                Rank 3 : true
2025-05-13 12:54:11,012 [INFO] ADCParametersView:116 -                Rank 4 : false
2025-05-13 12:54:11,012 [INFO] ADCParametersView:116 -                Rank 1 : true
2025-05-13 12:54:11,012 [INFO] ADCParametersView:116 -                Rank 2 : true
2025-05-13 12:54:11,012 [INFO] ADCParametersView:116 -                Rank 3 : true
2025-05-13 12:54:11,012 [INFO] ADCParametersView:116 -                Rank 4 : false
2025-05-13 12:54:11,012 [INFO] ADCParametersView:116 -                Rank 1 : true
2025-05-13 12:54:11,012 [INFO] ADCParametersView:116 -                Rank 2 : true
2025-05-13 12:54:11,012 [INFO] ADCParametersView:116 -                Rank 3 : true
2025-05-13 12:54:11,012 [INFO] ADCParametersView:116 -                Rank 4 : false
2025-05-13 12:54:11,012 [INFO] ADCParametersView:116 -                Rank 1 : true
2025-05-13 12:54:11,012 [INFO] ADCParametersView:116 -                Rank 2 : true
2025-05-13 12:54:11,012 [INFO] ADCParametersView:116 -                Rank 3 : true
2025-05-13 12:54:11,012 [INFO] ADCParametersView:116 -                Rank 4 : false
2025-05-13 12:54:11,012 [INFO] ADCParametersView:116 -                Rank 1 : true
2025-05-13 12:54:11,013 [INFO] ADCParametersView:116 -                Rank 2 : true
2025-05-13 12:54:11,013 [INFO] ADCParametersView:116 -                Rank 3 : true
2025-05-13 12:54:11,013 [INFO] ADCParametersView:116 -                Rank 4 : false
2025-05-13 12:54:11,013 [INFO] ADCParametersView:116 -                Rank 1 : true
2025-05-13 12:54:11,013 [INFO] ADCParametersView:116 -                Rank 2 : true
2025-05-13 12:54:11,013 [INFO] ADCParametersView:116 -                Rank 3 : true
2025-05-13 12:54:11,013 [INFO] ADCParametersView:116 -                Rank 4 : false
2025-05-13 12:54:11,013 [INFO] ADCParametersView:116 -                Rank 1 : true
2025-05-13 12:54:11,013 [INFO] ADCParametersView:116 -                Rank 2 : true
2025-05-13 12:54:11,013 [INFO] ADCParametersView:116 -                Rank 3 : true
2025-05-13 12:54:11,013 [INFO] ADCParametersView:116 -                Rank 4 : false
2025-05-13 12:54:11,013 [INFO] ADCParametersView:116 -                Rank 1 : true
2025-05-13 12:54:11,013 [INFO] ADCParametersView:116 -                Rank 2 : true
2025-05-13 12:54:11,013 [INFO] ADCParametersView:116 -                Rank 3 : true
2025-05-13 12:54:11,013 [INFO] ADCParametersView:116 -                Rank 4 : false
2025-05-13 12:54:11,013 [INFO] ADCParametersView:116 -                Rank 1 : true
2025-05-13 12:54:11,013 [INFO] ADCParametersView:116 -                Rank 2 : true
2025-05-13 12:54:11,013 [INFO] ADCParametersView:116 -                Rank 3 : true
2025-05-13 12:54:11,013 [INFO] ADCParametersView:116 -                Rank 4 : false
2025-05-13 12:54:11,013 [INFO] ADCParametersView:116 -                Rank 1 : true
2025-05-13 12:54:11,013 [INFO] ADCParametersView:116 -                Rank 2 : true
2025-05-13 12:54:11,013 [INFO] ADCParametersView:116 -                Rank 3 : true
2025-05-13 12:54:11,013 [INFO] ADCParametersView:116 -                Rank 4 : false
2025-05-13 12:54:11,013 [INFO] ADCParametersView:116 -                Rank 2 : true
2025-05-13 12:54:11,013 [INFO] ADCParametersView:116 -                Rank 3 : true
2025-05-13 12:54:11,014 [INFO] ADCParametersView:116 -                Rank 4 : false
2025-05-13 12:54:11,014 [INFO] ADCParametersView:116 -                Rank 3 : true
2025-05-13 12:54:11,014 [INFO] ADCParametersView:116 -                Rank 4 : false
2025-05-13 12:54:11,014 [INFO] ADCParametersView:116 -                Rank 4 : false
2025-05-13 12:54:11,041 [INFO] ADCParametersView:116 -                Rank 1 : true
2025-05-13 12:54:11,041 [INFO] ADCParametersView:116 -                Rank 1 : true
2025-05-13 12:54:11,041 [INFO] ADCParametersView:116 -                Rank 2 : true
2025-05-13 12:54:11,041 [INFO] ADCParametersView:116 -                Rank 1 : true
2025-05-13 12:54:11,041 [INFO] ADCParametersView:116 -                Rank 2 : true
2025-05-13 12:54:11,041 [INFO] ADCParametersView:116 -                Rank 3 : true
2025-05-13 12:54:11,041 [INFO] ADCParametersView:116 -                Rank 1 : true
2025-05-13 12:54:11,041 [INFO] ADCParametersView:116 -                Rank 2 : true
2025-05-13 12:54:11,041 [INFO] ADCParametersView:116 -                Rank 3 : true
2025-05-13 12:54:11,041 [INFO] ADCParametersView:116 -                Rank 4 : false
2025-05-13 12:54:12,623 [INFO] ADCParametersView:116 -                Rank 1 : true
2025-05-13 12:54:12,624 [INFO] ADCParametersView:116 -                Rank 2 : true
2025-05-13 12:54:12,624 [INFO] ADCParametersView:116 -                Rank 3 : true
2025-05-13 12:54:12,624 [INFO] ADCParametersView:116 -                Rank 4 : true
2025-05-13 12:54:14,780 [INFO] NvicIntPanel:101 - NVIC parent = com.st.microxplorer.plugins.ip.nvic.MultiNvicIntPanel[,0,0,0x0,invalid,layout=javax.swing.BoxLayout,alignmentX=0.0,alignmentY=0.0,border=,flags=9,maximumSize=,minimumSize=,preferredSize=]
2025-05-13 12:54:14,820 [INFO] ADCParametersView:116 -                Rank 1 : true
2025-05-13 12:54:14,820 [INFO] ADCParametersView:116 -                Rank 2 : true
2025-05-13 12:54:14,820 [INFO] ADCParametersView:116 -                Rank 3 : true
2025-05-13 12:54:14,820 [INFO] ADCParametersView:116 -                Rank 4 : true
2025-05-13 12:54:14,821 [INFO] ADCParametersView:116 -                Rank 1 : true
2025-05-13 12:54:14,821 [INFO] ADCParametersView:116 -                Rank 2 : true
2025-05-13 12:54:14,821 [INFO] ADCParametersView:116 -                Rank 3 : true
2025-05-13 12:54:14,821 [INFO] ADCParametersView:116 -                Rank 4 : true
2025-05-13 12:54:14,821 [INFO] ADCParametersView:116 -                Rank 1 : true
2025-05-13 12:54:14,821 [INFO] ADCParametersView:116 -                Rank 2 : true
2025-05-13 12:54:14,821 [INFO] ADCParametersView:116 -                Rank 3 : true
2025-05-13 12:54:14,821 [INFO] ADCParametersView:116 -                Rank 4 : true
2025-05-13 12:54:14,821 [INFO] ADCParametersView:116 -                Rank 1 : true
2025-05-13 12:54:14,821 [INFO] ADCParametersView:116 -                Rank 2 : true
2025-05-13 12:54:14,821 [INFO] ADCParametersView:116 -                Rank 3 : true
2025-05-13 12:54:14,822 [INFO] ADCParametersView:116 -                Rank 4 : true
2025-05-13 12:54:14,822 [INFO] ADCParametersView:116 -                Rank 1 : true
2025-05-13 12:54:14,822 [INFO] ADCParametersView:116 -                Rank 2 : true
2025-05-13 12:54:14,822 [INFO] ADCParametersView:116 -                Rank 3 : true
2025-05-13 12:54:14,822 [INFO] ADCParametersView:116 -                Rank 4 : true
2025-05-13 12:54:14,822 [INFO] ADCParametersView:116 -                Rank 1 : true
2025-05-13 12:54:14,822 [INFO] ADCParametersView:116 -                Rank 2 : true
2025-05-13 12:54:14,822 [INFO] ADCParametersView:116 -                Rank 3 : true
2025-05-13 12:54:14,822 [INFO] ADCParametersView:116 -                Rank 4 : true
2025-05-13 12:54:14,822 [INFO] ADCParametersView:116 -                Rank 1 : true
2025-05-13 12:54:14,822 [INFO] ADCParametersView:116 -                Rank 2 : true
2025-05-13 12:54:14,822 [INFO] ADCParametersView:116 -                Rank 3 : true
2025-05-13 12:54:14,822 [INFO] ADCParametersView:116 -                Rank 4 : true
2025-05-13 12:54:14,822 [INFO] ADCParametersView:116 -                Rank 1 : true
2025-05-13 12:54:14,822 [INFO] ADCParametersView:116 -                Rank 2 : true
2025-05-13 12:54:14,822 [INFO] ADCParametersView:116 -                Rank 3 : true
2025-05-13 12:54:14,822 [INFO] ADCParametersView:116 -                Rank 4 : true
2025-05-13 12:54:14,822 [INFO] ADCParametersView:116 -                Rank 1 : true
2025-05-13 12:54:14,822 [INFO] ADCParametersView:116 -                Rank 2 : true
2025-05-13 12:54:14,822 [INFO] ADCParametersView:116 -                Rank 3 : true
2025-05-13 12:54:14,822 [INFO] ADCParametersView:116 -                Rank 4 : true
2025-05-13 12:54:14,822 [INFO] ADCParametersView:116 -                Rank 1 : true
2025-05-13 12:54:14,822 [INFO] ADCParametersView:116 -                Rank 2 : true
2025-05-13 12:54:14,822 [INFO] ADCParametersView:116 -                Rank 3 : true
2025-05-13 12:54:14,822 [INFO] ADCParametersView:116 -                Rank 4 : true
2025-05-13 12:54:14,822 [INFO] ADCParametersView:116 -                Rank 1 : true
2025-05-13 12:54:14,822 [INFO] ADCParametersView:116 -                Rank 2 : true
2025-05-13 12:54:14,823 [INFO] ADCParametersView:116 -                Rank 3 : true
2025-05-13 12:54:14,823 [INFO] ADCParametersView:116 -                Rank 4 : true
2025-05-13 12:54:14,823 [INFO] ADCParametersView:116 -                Rank 1 : true
2025-05-13 12:54:14,823 [INFO] ADCParametersView:116 -                Rank 2 : true
2025-05-13 12:54:14,823 [INFO] ADCParametersView:116 -                Rank 3 : true
2025-05-13 12:54:14,823 [INFO] ADCParametersView:116 -                Rank 4 : true
2025-05-13 12:54:14,823 [INFO] ADCParametersView:116 -                Rank 1 : true
2025-05-13 12:54:14,823 [INFO] ADCParametersView:116 -                Rank 2 : true
2025-05-13 12:54:14,823 [INFO] ADCParametersView:116 -                Rank 3 : true
2025-05-13 12:54:14,823 [INFO] ADCParametersView:116 -                Rank 4 : true
2025-05-13 12:54:14,823 [INFO] ADCParametersView:116 -                Rank 1 : true
2025-05-13 12:54:14,823 [INFO] ADCParametersView:116 -                Rank 2 : true
2025-05-13 12:54:14,823 [INFO] ADCParametersView:116 -                Rank 3 : true
2025-05-13 12:54:14,823 [INFO] ADCParametersView:116 -                Rank 4 : true
2025-05-13 12:54:14,823 [INFO] ADCParametersView:116 -                Rank 2 : true
2025-05-13 12:54:14,823 [INFO] ADCParametersView:116 -                Rank 3 : true
2025-05-13 12:54:14,823 [INFO] ADCParametersView:116 -                Rank 4 : true
2025-05-13 12:54:14,823 [INFO] ADCParametersView:116 -                Rank 3 : true
2025-05-13 12:54:14,823 [INFO] ADCParametersView:116 -                Rank 4 : true
2025-05-13 12:54:14,823 [INFO] ADCParametersView:116 -                Rank 4 : true
2025-05-13 12:54:14,850 [INFO] ADCParametersView:116 -                Rank 1 : true
2025-05-13 12:54:14,850 [INFO] ADCParametersView:116 -                Rank 1 : true
2025-05-13 12:54:14,850 [INFO] ADCParametersView:116 -                Rank 2 : true
2025-05-13 12:54:14,850 [INFO] ADCParametersView:116 -                Rank 1 : true
2025-05-13 12:54:14,850 [INFO] ADCParametersView:116 -                Rank 2 : true
2025-05-13 12:54:14,850 [INFO] ADCParametersView:116 -                Rank 3 : true
2025-05-13 12:54:14,851 [INFO] ADCParametersView:116 -                Rank 1 : true
2025-05-13 12:54:14,851 [INFO] ADCParametersView:116 -                Rank 2 : true
2025-05-13 12:54:14,851 [INFO] ADCParametersView:116 -                Rank 3 : true
2025-05-13 12:54:14,851 [INFO] ADCParametersView:116 -                Rank 4 : true
2025-05-13 12:54:16,395 [INFO] NvicIntPanel:101 - NVIC parent = com.st.microxplorer.plugins.ip.nvic.MultiNvicIntPanel[,0,0,0x0,invalid,layout=javax.swing.BoxLayout,alignmentX=0.0,alignmentY=0.0,border=,flags=9,maximumSize=,minimumSize=,preferredSize=]
2025-05-13 12:54:16,428 [INFO] ADCParametersView:116 -                Rank 1 : true
2025-05-13 12:54:16,428 [INFO] ADCParametersView:116 -                Rank 2 : true
2025-05-13 12:54:16,428 [INFO] ADCParametersView:116 -                Rank 3 : true
2025-05-13 12:54:16,428 [INFO] ADCParametersView:116 -                Rank 4 : true
2025-05-13 12:54:16,429 [INFO] ADCParametersView:116 -                Rank 1 : true
2025-05-13 12:54:16,429 [INFO] ADCParametersView:116 -                Rank 2 : true
2025-05-13 12:54:16,429 [INFO] ADCParametersView:116 -                Rank 3 : true
2025-05-13 12:54:16,429 [INFO] ADCParametersView:116 -                Rank 4 : true
2025-05-13 12:54:16,429 [INFO] ADCParametersView:116 -                Rank 1 : true
2025-05-13 12:54:16,429 [INFO] ADCParametersView:116 -                Rank 2 : true
2025-05-13 12:54:16,429 [INFO] ADCParametersView:116 -                Rank 3 : true
2025-05-13 12:54:16,429 [INFO] ADCParametersView:116 -                Rank 4 : true
2025-05-13 12:54:16,429 [INFO] ADCParametersView:116 -                Rank 1 : true
2025-05-13 12:54:16,429 [INFO] ADCParametersView:116 -                Rank 2 : true
2025-05-13 12:54:16,430 [INFO] ADCParametersView:116 -                Rank 3 : true
2025-05-13 12:54:16,430 [INFO] ADCParametersView:116 -                Rank 4 : true
2025-05-13 12:54:16,430 [INFO] ADCParametersView:116 -                Rank 1 : true
2025-05-13 12:54:16,430 [INFO] ADCParametersView:116 -                Rank 2 : true
2025-05-13 12:54:16,430 [INFO] ADCParametersView:116 -                Rank 3 : true
2025-05-13 12:54:16,430 [INFO] ADCParametersView:116 -                Rank 4 : true
2025-05-13 12:54:16,430 [INFO] ADCParametersView:116 -                Rank 1 : true
2025-05-13 12:54:16,430 [INFO] ADCParametersView:116 -                Rank 2 : true
2025-05-13 12:54:16,430 [INFO] ADCParametersView:116 -                Rank 3 : true
2025-05-13 12:54:16,430 [INFO] ADCParametersView:116 -                Rank 4 : true
2025-05-13 12:54:16,430 [INFO] ADCParametersView:116 -                Rank 1 : true
2025-05-13 12:54:16,430 [INFO] ADCParametersView:116 -                Rank 2 : true
2025-05-13 12:54:16,430 [INFO] ADCParametersView:116 -                Rank 3 : true
2025-05-13 12:54:16,430 [INFO] ADCParametersView:116 -                Rank 4 : true
2025-05-13 12:54:16,430 [INFO] ADCParametersView:116 -                Rank 1 : true
2025-05-13 12:54:16,430 [INFO] ADCParametersView:116 -                Rank 2 : true
2025-05-13 12:54:16,430 [INFO] ADCParametersView:116 -                Rank 3 : true
2025-05-13 12:54:16,430 [INFO] ADCParametersView:116 -                Rank 4 : true
2025-05-13 12:54:16,430 [INFO] ADCParametersView:116 -                Rank 1 : true
2025-05-13 12:54:16,430 [INFO] ADCParametersView:116 -                Rank 2 : true
2025-05-13 12:54:16,430 [INFO] ADCParametersView:116 -                Rank 3 : true
2025-05-13 12:54:16,430 [INFO] ADCParametersView:116 -                Rank 4 : true
2025-05-13 12:54:16,430 [INFO] ADCParametersView:116 -                Rank 1 : true
2025-05-13 12:54:16,431 [INFO] ADCParametersView:116 -                Rank 2 : true
2025-05-13 12:54:16,431 [INFO] ADCParametersView:116 -                Rank 3 : true
2025-05-13 12:54:16,431 [INFO] ADCParametersView:116 -                Rank 4 : true
2025-05-13 12:54:16,431 [INFO] ADCParametersView:116 -                Rank 1 : true
2025-05-13 12:54:16,431 [INFO] ADCParametersView:116 -                Rank 2 : true
2025-05-13 12:54:16,431 [INFO] ADCParametersView:116 -                Rank 3 : true
2025-05-13 12:54:16,431 [INFO] ADCParametersView:116 -                Rank 4 : true
2025-05-13 12:54:16,431 [INFO] ADCParametersView:116 -                Rank 1 : true
2025-05-13 12:54:16,431 [INFO] ADCParametersView:116 -                Rank 2 : true
2025-05-13 12:54:16,431 [INFO] ADCParametersView:116 -                Rank 3 : true
2025-05-13 12:54:16,431 [INFO] ADCParametersView:116 -                Rank 4 : true
2025-05-13 12:54:16,431 [INFO] ADCParametersView:116 -                Rank 1 : true
2025-05-13 12:54:16,431 [INFO] ADCParametersView:116 -                Rank 2 : true
2025-05-13 12:54:16,431 [INFO] ADCParametersView:116 -                Rank 3 : true
2025-05-13 12:54:16,431 [INFO] ADCParametersView:116 -                Rank 4 : true
2025-05-13 12:54:16,431 [INFO] ADCParametersView:116 -                Rank 1 : true
2025-05-13 12:54:16,431 [INFO] ADCParametersView:116 -                Rank 2 : true
2025-05-13 12:54:16,431 [INFO] ADCParametersView:116 -                Rank 3 : true
2025-05-13 12:54:16,431 [INFO] ADCParametersView:116 -                Rank 4 : true
2025-05-13 12:54:16,431 [INFO] ADCParametersView:116 -                Rank 2 : true
2025-05-13 12:54:16,431 [INFO] ADCParametersView:116 -                Rank 3 : true
2025-05-13 12:54:16,431 [INFO] ADCParametersView:116 -                Rank 4 : true
2025-05-13 12:54:16,431 [INFO] ADCParametersView:116 -                Rank 3 : true
2025-05-13 12:54:16,431 [INFO] ADCParametersView:116 -                Rank 4 : true
2025-05-13 12:54:16,431 [INFO] ADCParametersView:116 -                Rank 4 : true
2025-05-13 12:54:16,455 [INFO] ADCParametersView:116 -                Rank 1 : true
2025-05-13 12:54:16,455 [INFO] ADCParametersView:116 -                Rank 1 : true
2025-05-13 12:54:16,455 [INFO] ADCParametersView:116 -                Rank 2 : true
2025-05-13 12:54:16,455 [INFO] ADCParametersView:116 -                Rank 1 : true
2025-05-13 12:54:16,455 [INFO] ADCParametersView:116 -                Rank 2 : true
2025-05-13 12:54:16,455 [INFO] ADCParametersView:116 -                Rank 3 : true
2025-05-13 12:54:16,455 [INFO] ADCParametersView:116 -                Rank 1 : true
2025-05-13 12:54:16,455 [INFO] ADCParametersView:116 -                Rank 2 : true
2025-05-13 12:54:16,455 [INFO] ADCParametersView:116 -                Rank 3 : true
2025-05-13 12:54:16,455 [INFO] ADCParametersView:116 -                Rank 4 : true
2025-05-13 12:55:23,990 [INFO] ADCParametersView:116 -                Rank 1 : true
2025-05-13 12:55:23,990 [INFO] ADCParametersView:116 -                Rank 2 : true
2025-05-13 12:55:23,991 [INFO] ADCParametersView:116 -                Rank 3 : true
2025-05-13 12:55:23,991 [INFO] ADCParametersView:116 -                Rank 4 : true
2025-05-13 12:55:23,991 [INFO] ADCParametersView:116 -                Rank 1 : true
2025-05-13 12:55:23,991 [INFO] ADCParametersView:116 -                Rank 2 : true
2025-05-13 12:55:23,991 [INFO] ADCParametersView:116 -                Rank 3 : true
2025-05-13 12:55:23,991 [INFO] ADCParametersView:116 -                Rank 4 : true
2025-05-13 12:55:23,991 [INFO] ADCParametersView:116 -                Rank 1 : true
2025-05-13 12:55:23,991 [INFO] ADCParametersView:116 -                Rank 2 : true
2025-05-13 12:55:23,992 [INFO] ADCParametersView:116 -                Rank 3 : true
2025-05-13 12:55:23,992 [INFO] ADCParametersView:116 -                Rank 4 : true
2025-05-13 12:55:23,992 [INFO] ADCParametersView:116 -                Rank 1 : true
2025-05-13 12:55:23,992 [INFO] ADCParametersView:116 -                Rank 2 : true
2025-05-13 12:55:23,992 [INFO] ADCParametersView:116 -                Rank 3 : true
2025-05-13 12:55:23,992 [INFO] ADCParametersView:116 -                Rank 4 : true
2025-05-13 12:55:23,992 [INFO] ADCParametersView:116 -                Rank 1 : true
2025-05-13 12:55:23,992 [INFO] ADCParametersView:116 -                Rank 2 : true
2025-05-13 12:55:23,992 [INFO] ADCParametersView:116 -                Rank 3 : true
2025-05-13 12:55:23,992 [INFO] ADCParametersView:116 -                Rank 4 : true
2025-05-13 12:55:23,992 [INFO] ADCParametersView:116 -                Rank 1 : true
2025-05-13 12:55:23,992 [INFO] ADCParametersView:116 -                Rank 2 : true
2025-05-13 12:55:23,992 [INFO] ADCParametersView:116 -                Rank 3 : true
2025-05-13 12:55:23,992 [INFO] ADCParametersView:116 -                Rank 4 : true
2025-05-13 12:55:23,992 [INFO] ADCParametersView:116 -                Rank 1 : true
2025-05-13 12:55:23,992 [INFO] ADCParametersView:116 -                Rank 2 : true
2025-05-13 12:55:23,992 [INFO] ADCParametersView:116 -                Rank 3 : true
2025-05-13 12:55:23,992 [INFO] ADCParametersView:116 -                Rank 4 : true
2025-05-13 12:55:23,992 [INFO] ADCParametersView:116 -                Rank 1 : true
2025-05-13 12:55:23,992 [INFO] ADCParametersView:116 -                Rank 2 : true
2025-05-13 12:55:23,992 [INFO] ADCParametersView:116 -                Rank 3 : true
2025-05-13 12:55:23,993 [INFO] ADCParametersView:116 -                Rank 4 : true
2025-05-13 12:55:23,993 [INFO] ADCParametersView:116 -                Rank 1 : true
2025-05-13 12:55:23,993 [INFO] ADCParametersView:116 -                Rank 2 : true
2025-05-13 12:55:23,993 [INFO] ADCParametersView:116 -                Rank 3 : true
2025-05-13 12:55:23,993 [INFO] ADCParametersView:116 -                Rank 4 : true
2025-05-13 12:55:23,993 [INFO] ADCParametersView:116 -                Rank 1 : true
2025-05-13 12:55:23,993 [INFO] ADCParametersView:116 -                Rank 2 : true
2025-05-13 12:55:23,993 [INFO] ADCParametersView:116 -                Rank 3 : true
2025-05-13 12:55:23,993 [INFO] ADCParametersView:116 -                Rank 4 : true
2025-05-13 12:55:23,993 [INFO] ADCParametersView:116 -                Rank 1 : true
2025-05-13 12:55:23,993 [INFO] ADCParametersView:116 -                Rank 2 : true
2025-05-13 12:55:23,993 [INFO] ADCParametersView:116 -                Rank 3 : true
2025-05-13 12:55:23,993 [INFO] ADCParametersView:116 -                Rank 4 : true
2025-05-13 12:55:23,993 [INFO] ADCParametersView:116 -                Rank 1 : true
2025-05-13 12:55:23,993 [INFO] ADCParametersView:116 -                Rank 2 : true
2025-05-13 12:55:23,993 [INFO] ADCParametersView:116 -                Rank 3 : true
2025-05-13 12:55:23,993 [INFO] ADCParametersView:116 -                Rank 4 : true
2025-05-13 12:55:23,993 [INFO] ADCParametersView:116 -                Rank 1 : true
2025-05-13 12:55:23,993 [INFO] ADCParametersView:116 -                Rank 2 : true
2025-05-13 12:55:23,993 [INFO] ADCParametersView:116 -                Rank 3 : true
2025-05-13 12:55:23,993 [INFO] ADCParametersView:116 -                Rank 4 : true
2025-05-13 12:55:23,993 [INFO] ADCParametersView:116 -                Rank 1 : true
2025-05-13 12:55:23,994 [INFO] ADCParametersView:116 -                Rank 2 : true
2025-05-13 12:55:23,994 [INFO] ADCParametersView:116 -                Rank 3 : true
2025-05-13 12:55:23,994 [INFO] ADCParametersView:116 -                Rank 4 : true
2025-05-13 12:55:23,994 [INFO] ADCParametersView:116 -                Rank 2 : true
2025-05-13 12:55:23,994 [INFO] ADCParametersView:116 -                Rank 3 : true
2025-05-13 12:55:23,994 [INFO] ADCParametersView:116 -                Rank 4 : true
2025-05-13 12:55:23,994 [INFO] ADCParametersView:116 -                Rank 3 : true
2025-05-13 12:55:23,994 [INFO] ADCParametersView:116 -                Rank 4 : true
2025-05-13 12:55:23,994 [INFO] ADCParametersView:116 -                Rank 4 : true
2025-05-13 12:55:24,023 [INFO] ADCParametersView:116 -                Rank 1 : true
2025-05-13 12:55:24,023 [INFO] ADCParametersView:116 -                Rank 1 : true
2025-05-13 12:55:24,023 [INFO] ADCParametersView:116 -                Rank 2 : true
2025-05-13 12:55:24,023 [INFO] ADCParametersView:116 -                Rank 1 : true
2025-05-13 12:55:24,023 [INFO] ADCParametersView:116 -                Rank 2 : true
2025-05-13 12:55:24,023 [INFO] ADCParametersView:116 -                Rank 3 : true
2025-05-13 12:55:24,024 [INFO] ADCParametersView:116 -                Rank 1 : true
2025-05-13 12:55:24,024 [INFO] ADCParametersView:116 -                Rank 2 : true
2025-05-13 12:55:24,024 [INFO] ADCParametersView:116 -                Rank 3 : true
2025-05-13 12:55:24,024 [INFO] ADCParametersView:116 -                Rank 4 : true
2025-05-13 12:55:24,025 [INFO] ADCParametersView:116 -                Rank 1 : true
2025-05-13 12:55:24,025 [INFO] ADCParametersView:116 -                Rank 2 : true
2025-05-13 12:55:24,025 [INFO] ADCParametersView:116 -                Rank 3 : true
2025-05-13 12:55:24,025 [INFO] ADCParametersView:116 -                Rank 4 : true
2025-05-13 12:55:24,025 [INFO] ADCParametersView:116 -                Rank 1 : true
2025-05-13 12:55:24,025 [INFO] ADCParametersView:116 -                Rank 2 : true
2025-05-13 12:55:24,025 [INFO] ADCParametersView:116 -                Rank 3 : true
2025-05-13 12:55:24,026 [INFO] ADCParametersView:116 -                Rank 4 : true
2025-05-13 12:55:24,026 [INFO] ADCParametersView:116 -                Rank 1 : true
2025-05-13 12:55:24,026 [INFO] ADCParametersView:116 -                Rank 2 : true
2025-05-13 12:55:24,026 [INFO] ADCParametersView:116 -                Rank 3 : true
2025-05-13 12:55:24,026 [INFO] ADCParametersView:116 -                Rank 4 : true
2025-05-13 12:55:24,026 [INFO] ADCParametersView:116 -                Rank 1 : true
2025-05-13 12:55:24,026 [INFO] ADCParametersView:116 -                Rank 2 : true
2025-05-13 12:55:24,026 [INFO] ADCParametersView:116 -                Rank 3 : true
2025-05-13 12:55:24,026 [INFO] ADCParametersView:116 -                Rank 4 : true
2025-05-13 12:55:24,026 [INFO] ADCParametersView:116 -                Rank 1 : true
2025-05-13 12:55:24,026 [INFO] ADCParametersView:116 -                Rank 2 : true
2025-05-13 12:55:24,026 [INFO] ADCParametersView:116 -                Rank 3 : true
2025-05-13 12:55:24,026 [INFO] ADCParametersView:116 -                Rank 4 : true
2025-05-13 12:55:24,026 [INFO] ADCParametersView:116 -                Rank 1 : true
2025-05-13 12:55:24,026 [INFO] ADCParametersView:116 -                Rank 2 : true
2025-05-13 12:55:24,026 [INFO] ADCParametersView:116 -                Rank 3 : true
2025-05-13 12:55:24,026 [INFO] ADCParametersView:116 -                Rank 4 : true
2025-05-13 12:55:24,026 [INFO] ADCParametersView:116 -                Rank 1 : true
2025-05-13 12:55:24,026 [INFO] ADCParametersView:116 -                Rank 2 : true
2025-05-13 12:55:24,026 [INFO] ADCParametersView:116 -                Rank 3 : true
2025-05-13 12:55:24,026 [INFO] ADCParametersView:116 -                Rank 4 : true
2025-05-13 12:55:24,027 [INFO] ADCParametersView:116 -                Rank 1 : true
2025-05-13 12:55:24,027 [INFO] ADCParametersView:116 -                Rank 2 : true
2025-05-13 12:55:24,027 [INFO] ADCParametersView:116 -                Rank 3 : true
2025-05-13 12:55:24,027 [INFO] ADCParametersView:116 -                Rank 4 : true
2025-05-13 12:55:24,027 [INFO] ADCParametersView:116 -                Rank 1 : true
2025-05-13 12:55:24,027 [INFO] ADCParametersView:116 -                Rank 2 : true
2025-05-13 12:55:24,027 [INFO] ADCParametersView:116 -                Rank 3 : true
2025-05-13 12:55:24,027 [INFO] ADCParametersView:116 -                Rank 4 : true
2025-05-13 12:55:24,027 [INFO] ADCParametersView:116 -                Rank 1 : true
2025-05-13 12:55:24,027 [INFO] ADCParametersView:116 -                Rank 2 : true
2025-05-13 12:55:24,027 [INFO] ADCParametersView:116 -                Rank 3 : true
2025-05-13 12:55:24,027 [INFO] ADCParametersView:116 -                Rank 4 : true
2025-05-13 12:55:24,027 [INFO] ADCParametersView:116 -                Rank 1 : true
2025-05-13 12:55:24,027 [INFO] ADCParametersView:116 -                Rank 2 : true
2025-05-13 12:55:24,027 [INFO] ADCParametersView:116 -                Rank 3 : true
2025-05-13 12:55:24,027 [INFO] ADCParametersView:116 -                Rank 4 : true
2025-05-13 12:55:24,027 [INFO] ADCParametersView:116 -                Rank 1 : true
2025-05-13 12:55:24,027 [INFO] ADCParametersView:116 -                Rank 2 : true
2025-05-13 12:55:24,027 [INFO] ADCParametersView:116 -                Rank 3 : true
2025-05-13 12:55:24,027 [INFO] ADCParametersView:116 -                Rank 4 : true
2025-05-13 12:55:24,027 [INFO] ADCParametersView:116 -                Rank 1 : true
2025-05-13 12:55:24,027 [INFO] ADCParametersView:116 -                Rank 2 : true
2025-05-13 12:55:24,027 [INFO] ADCParametersView:116 -                Rank 3 : true
2025-05-13 12:55:24,028 [INFO] ADCParametersView:116 -                Rank 4 : true
2025-05-13 12:55:24,028 [INFO] ADCParametersView:116 -                Rank 1 : true
2025-05-13 12:55:24,028 [INFO] ADCParametersView:116 -                Rank 2 : true
2025-05-13 12:55:24,028 [INFO] ADCParametersView:116 -                Rank 3 : true
2025-05-13 12:55:24,028 [INFO] ADCParametersView:116 -                Rank 4 : true
2025-05-13 12:55:24,028 [INFO] ADCParametersView:116 -                Rank 2 : true
2025-05-13 12:55:24,028 [INFO] ADCParametersView:116 -                Rank 3 : true
2025-05-13 12:55:24,028 [INFO] ADCParametersView:116 -                Rank 4 : true
2025-05-13 12:55:24,028 [INFO] ADCParametersView:116 -                Rank 3 : true
2025-05-13 12:55:24,028 [INFO] ADCParametersView:116 -                Rank 4 : true
2025-05-13 12:55:24,028 [INFO] ADCParametersView:116 -                Rank 4 : true
2025-05-13 12:55:24,054 [INFO] ADCParametersView:116 -                Rank 1 : true
2025-05-13 12:55:24,055 [INFO] ADCParametersView:116 -                Rank 1 : true
2025-05-13 12:55:24,055 [INFO] ADCParametersView:116 -                Rank 2 : true
2025-05-13 12:55:24,055 [INFO] ADCParametersView:116 -                Rank 1 : true
2025-05-13 12:55:24,055 [INFO] ADCParametersView:116 -                Rank 2 : true
2025-05-13 12:55:24,055 [INFO] ADCParametersView:116 -                Rank 3 : true
2025-05-13 12:55:24,055 [INFO] ADCParametersView:116 -                Rank 1 : true
2025-05-13 12:55:24,055 [INFO] ADCParametersView:116 -                Rank 2 : true
2025-05-13 12:55:24,055 [INFO] ADCParametersView:116 -                Rank 3 : true
2025-05-13 12:55:24,055 [INFO] ADCParametersView:116 -                Rank 4 : true
2025-05-13 12:55:24,056 [INFO] ADCParametersView:116 -                Rank 1 : true
2025-05-13 12:55:24,056 [INFO] ADCParametersView:116 -                Rank 2 : true
2025-05-13 12:55:24,056 [INFO] ADCParametersView:116 -                Rank 3 : true
2025-05-13 12:55:24,056 [INFO] ADCParametersView:116 -                Rank 4 : true
2025-05-13 12:55:24,056 [INFO] ADCParametersView:116 -                Rank 1 : true
2025-05-13 12:55:24,057 [INFO] ADCParametersView:116 -                Rank 2 : true
2025-05-13 12:55:24,057 [INFO] ADCParametersView:116 -                Rank 3 : true
2025-05-13 12:55:24,057 [INFO] ADCParametersView:116 -                Rank 4 : true
2025-05-13 12:55:24,057 [INFO] ADCParametersView:116 -                Rank 1 : true
2025-05-13 12:55:24,057 [INFO] ADCParametersView:116 -                Rank 2 : true
2025-05-13 12:55:24,057 [INFO] ADCParametersView:116 -                Rank 3 : true
2025-05-13 12:55:24,057 [INFO] ADCParametersView:116 -                Rank 4 : true
2025-05-13 12:55:24,057 [INFO] ADCParametersView:116 -                Rank 1 : true
2025-05-13 12:55:24,057 [INFO] ADCParametersView:116 -                Rank 2 : true
2025-05-13 12:55:24,057 [INFO] ADCParametersView:116 -                Rank 3 : true
2025-05-13 12:55:24,057 [INFO] ADCParametersView:116 -                Rank 4 : true
2025-05-13 12:55:24,057 [INFO] ADCParametersView:116 -                Rank 1 : true
2025-05-13 12:55:24,057 [INFO] ADCParametersView:116 -                Rank 2 : true
2025-05-13 12:55:24,057 [INFO] ADCParametersView:116 -                Rank 3 : true
2025-05-13 12:55:24,057 [INFO] ADCParametersView:116 -                Rank 4 : true
2025-05-13 12:55:24,057 [INFO] ADCParametersView:116 -                Rank 1 : true
2025-05-13 12:55:24,057 [INFO] ADCParametersView:116 -                Rank 2 : true
2025-05-13 12:55:24,057 [INFO] ADCParametersView:116 -                Rank 3 : true
2025-05-13 12:55:24,057 [INFO] ADCParametersView:116 -                Rank 4 : true
2025-05-13 12:55:24,057 [INFO] ADCParametersView:116 -                Rank 1 : true
2025-05-13 12:55:24,057 [INFO] ADCParametersView:116 -                Rank 2 : true
2025-05-13 12:55:24,057 [INFO] ADCParametersView:116 -                Rank 3 : true
2025-05-13 12:55:24,057 [INFO] ADCParametersView:116 -                Rank 4 : true
2025-05-13 12:55:24,057 [INFO] ADCParametersView:116 -                Rank 1 : true
2025-05-13 12:55:24,058 [INFO] ADCParametersView:116 -                Rank 2 : true
2025-05-13 12:55:24,058 [INFO] ADCParametersView:116 -                Rank 3 : true
2025-05-13 12:55:24,058 [INFO] ADCParametersView:116 -                Rank 4 : true
2025-05-13 12:55:24,058 [INFO] ADCParametersView:116 -                Rank 1 : true
2025-05-13 12:55:24,058 [INFO] ADCParametersView:116 -                Rank 2 : true
2025-05-13 12:55:24,058 [INFO] ADCParametersView:116 -                Rank 3 : true
2025-05-13 12:55:24,058 [INFO] ADCParametersView:116 -                Rank 4 : true
2025-05-13 12:55:24,058 [INFO] ADCParametersView:116 -                Rank 1 : true
2025-05-13 12:55:24,058 [INFO] ADCParametersView:116 -                Rank 2 : true
2025-05-13 12:55:24,058 [INFO] ADCParametersView:116 -                Rank 3 : true
2025-05-13 12:55:24,058 [INFO] ADCParametersView:116 -                Rank 4 : true
2025-05-13 12:55:24,058 [INFO] ADCParametersView:116 -                Rank 1 : true
2025-05-13 12:55:24,058 [INFO] ADCParametersView:116 -                Rank 2 : true
2025-05-13 12:55:24,058 [INFO] ADCParametersView:116 -                Rank 3 : true
2025-05-13 12:55:24,058 [INFO] ADCParametersView:116 -                Rank 4 : true
2025-05-13 12:55:24,058 [INFO] ADCParametersView:116 -                Rank 1 : true
2025-05-13 12:55:24,058 [INFO] ADCParametersView:116 -                Rank 2 : true
2025-05-13 12:55:24,058 [INFO] ADCParametersView:116 -                Rank 3 : true
2025-05-13 12:55:24,058 [INFO] ADCParametersView:116 -                Rank 4 : true
2025-05-13 12:55:24,058 [INFO] ADCParametersView:116 -                Rank 1 : true
2025-05-13 12:55:24,058 [INFO] ADCParametersView:116 -                Rank 2 : true
2025-05-13 12:55:24,058 [INFO] ADCParametersView:116 -                Rank 3 : true
2025-05-13 12:55:24,058 [INFO] ADCParametersView:116 -                Rank 4 : true
2025-05-13 12:55:24,059 [INFO] ADCParametersView:116 -                Rank 1 : true
2025-05-13 12:55:24,059 [INFO] ADCParametersView:116 -                Rank 2 : true
2025-05-13 12:55:24,059 [INFO] ADCParametersView:116 -                Rank 3 : true
2025-05-13 12:55:24,059 [INFO] ADCParametersView:116 -                Rank 4 : true
2025-05-13 12:55:24,059 [INFO] ADCParametersView:116 -                Rank 2 : true
2025-05-13 12:55:24,059 [INFO] ADCParametersView:116 -                Rank 3 : true
2025-05-13 12:55:24,059 [INFO] ADCParametersView:116 -                Rank 4 : true
2025-05-13 12:55:24,059 [INFO] ADCParametersView:116 -                Rank 3 : true
2025-05-13 12:55:24,059 [INFO] ADCParametersView:116 -                Rank 4 : true
2025-05-13 12:55:24,059 [INFO] ADCParametersView:116 -                Rank 4 : true
2025-05-13 12:55:24,082 [INFO] ADCParametersView:116 -                Rank 1 : true
2025-05-13 12:55:24,083 [INFO] ADCParametersView:116 -                Rank 1 : true
2025-05-13 12:55:24,083 [INFO] ADCParametersView:116 -                Rank 2 : true
2025-05-13 12:55:24,083 [INFO] ADCParametersView:116 -                Rank 1 : true
2025-05-13 12:55:24,083 [INFO] ADCParametersView:116 -                Rank 2 : true
2025-05-13 12:55:24,083 [INFO] ADCParametersView:116 -                Rank 3 : true
2025-05-13 12:55:24,083 [INFO] ADCParametersView:116 -                Rank 1 : true
2025-05-13 12:55:24,083 [INFO] ADCParametersView:116 -                Rank 2 : true
2025-05-13 12:55:24,083 [INFO] ADCParametersView:116 -                Rank 3 : true
2025-05-13 12:55:24,083 [INFO] ADCParametersView:116 -                Rank 4 : true
2025-05-13 12:55:24,084 [INFO] ADCParametersView:116 -                Rank 1 : true
2025-05-13 12:55:24,084 [INFO] ADCParametersView:116 -                Rank 2 : true
2025-05-13 12:55:24,084 [INFO] ADCParametersView:116 -                Rank 3 : true
2025-05-13 12:55:24,084 [INFO] ADCParametersView:116 -                Rank 4 : true
2025-05-13 12:55:24,084 [INFO] ADCParametersView:116 -                Rank 1 : true
2025-05-13 12:55:24,084 [INFO] ADCParametersView:116 -                Rank 2 : true
2025-05-13 12:55:24,084 [INFO] ADCParametersView:116 -                Rank 3 : true
2025-05-13 12:55:24,084 [INFO] ADCParametersView:116 -                Rank 4 : true
2025-05-13 12:55:24,084 [INFO] ADCParametersView:116 -                Rank 1 : true
2025-05-13 12:55:24,084 [INFO] ADCParametersView:116 -                Rank 2 : true
2025-05-13 12:55:24,085 [INFO] ADCParametersView:116 -                Rank 3 : true
2025-05-13 12:55:24,085 [INFO] ADCParametersView:116 -                Rank 4 : true
2025-05-13 12:55:24,085 [INFO] ADCParametersView:116 -                Rank 1 : true
2025-05-13 12:55:24,085 [INFO] ADCParametersView:116 -                Rank 2 : true
2025-05-13 12:55:24,085 [INFO] ADCParametersView:116 -                Rank 3 : true
2025-05-13 12:55:24,085 [INFO] ADCParametersView:116 -                Rank 4 : true
2025-05-13 12:55:24,085 [INFO] ADCParametersView:116 -                Rank 1 : true
2025-05-13 12:55:24,085 [INFO] ADCParametersView:116 -                Rank 2 : true
2025-05-13 12:55:24,085 [INFO] ADCParametersView:116 -                Rank 3 : true
2025-05-13 12:55:24,085 [INFO] ADCParametersView:116 -                Rank 4 : true
2025-05-13 12:55:24,085 [INFO] ADCParametersView:116 -                Rank 1 : true
2025-05-13 12:55:24,085 [INFO] ADCParametersView:116 -                Rank 2 : true
2025-05-13 12:55:24,085 [INFO] ADCParametersView:116 -                Rank 3 : true
2025-05-13 12:55:24,085 [INFO] ADCParametersView:116 -                Rank 4 : true
2025-05-13 12:55:24,085 [INFO] ADCParametersView:116 -                Rank 1 : true
2025-05-13 12:55:24,085 [INFO] ADCParametersView:116 -                Rank 2 : true
2025-05-13 12:55:24,085 [INFO] ADCParametersView:116 -                Rank 3 : true
2025-05-13 12:55:24,085 [INFO] ADCParametersView:116 -                Rank 4 : true
2025-05-13 12:55:24,085 [INFO] ADCParametersView:116 -                Rank 1 : true
2025-05-13 12:55:24,085 [INFO] ADCParametersView:116 -                Rank 2 : true
2025-05-13 12:55:24,085 [INFO] ADCParametersView:116 -                Rank 3 : true
2025-05-13 12:55:24,085 [INFO] ADCParametersView:116 -                Rank 4 : true
2025-05-13 12:55:24,085 [INFO] ADCParametersView:116 -                Rank 1 : true
2025-05-13 12:55:24,085 [INFO] ADCParametersView:116 -                Rank 2 : true
2025-05-13 12:55:24,085 [INFO] ADCParametersView:116 -                Rank 3 : true
2025-05-13 12:55:24,085 [INFO] ADCParametersView:116 -                Rank 4 : true
2025-05-13 12:55:24,086 [INFO] ADCParametersView:116 -                Rank 1 : true
2025-05-13 12:55:24,086 [INFO] ADCParametersView:116 -                Rank 2 : true
2025-05-13 12:55:24,086 [INFO] ADCParametersView:116 -                Rank 3 : true
2025-05-13 12:55:24,086 [INFO] ADCParametersView:116 -                Rank 4 : true
2025-05-13 12:55:24,086 [INFO] ADCParametersView:116 -                Rank 1 : true
2025-05-13 12:55:24,086 [INFO] ADCParametersView:116 -                Rank 2 : true
2025-05-13 12:55:24,086 [INFO] ADCParametersView:116 -                Rank 3 : true
2025-05-13 12:55:24,086 [INFO] ADCParametersView:116 -                Rank 4 : true
2025-05-13 12:55:24,086 [INFO] ADCParametersView:116 -                Rank 1 : true
2025-05-13 12:55:24,086 [INFO] ADCParametersView:116 -                Rank 2 : true
2025-05-13 12:55:24,086 [INFO] ADCParametersView:116 -                Rank 3 : true
2025-05-13 12:55:24,086 [INFO] ADCParametersView:116 -                Rank 4 : true
2025-05-13 12:55:24,086 [INFO] ADCParametersView:116 -                Rank 1 : true
2025-05-13 12:55:24,086 [INFO] ADCParametersView:116 -                Rank 2 : true
2025-05-13 12:55:24,086 [INFO] ADCParametersView:116 -                Rank 3 : true
2025-05-13 12:55:24,086 [INFO] ADCParametersView:116 -                Rank 4 : true
2025-05-13 12:55:24,086 [INFO] ADCParametersView:116 -                Rank 1 : true
2025-05-13 12:55:24,086 [INFO] ADCParametersView:116 -                Rank 2 : true
2025-05-13 12:55:24,086 [INFO] ADCParametersView:116 -                Rank 3 : true
2025-05-13 12:55:24,086 [INFO] ADCParametersView:116 -                Rank 4 : true
2025-05-13 12:55:24,086 [INFO] ADCParametersView:116 -                Rank 2 : true
2025-05-13 12:55:24,086 [INFO] ADCParametersView:116 -                Rank 3 : true
2025-05-13 12:55:24,086 [INFO] ADCParametersView:116 -                Rank 4 : true
2025-05-13 12:55:24,086 [INFO] ADCParametersView:116 -                Rank 3 : true
2025-05-13 12:55:24,086 [INFO] ADCParametersView:116 -                Rank 4 : true
2025-05-13 12:55:24,086 [INFO] ADCParametersView:116 -                Rank 4 : true
2025-05-13 12:55:24,108 [INFO] ADCParametersView:116 -                Rank 1 : true
2025-05-13 12:55:24,108 [INFO] ADCParametersView:116 -                Rank 1 : true
2025-05-13 12:55:24,108 [INFO] ADCParametersView:116 -                Rank 2 : true
2025-05-13 12:55:24,108 [INFO] ADCParametersView:116 -                Rank 1 : true
2025-05-13 12:55:24,108 [INFO] ADCParametersView:116 -                Rank 2 : true
2025-05-13 12:55:24,108 [INFO] ADCParametersView:116 -                Rank 3 : true
2025-05-13 12:55:24,109 [INFO] ADCParametersView:116 -                Rank 1 : true
2025-05-13 12:55:24,109 [INFO] ADCParametersView:116 -                Rank 2 : true
2025-05-13 12:55:24,109 [INFO] ADCParametersView:116 -                Rank 3 : true
2025-05-13 12:55:24,109 [INFO] ADCParametersView:116 -                Rank 4 : true
2025-05-13 12:55:24,109 [INFO] ADCParametersView:116 -                Rank 1 : true
2025-05-13 12:55:24,109 [INFO] ADCParametersView:116 -                Rank 2 : true
2025-05-13 12:55:24,109 [INFO] ADCParametersView:116 -                Rank 3 : true
2025-05-13 12:55:24,109 [INFO] ADCParametersView:116 -                Rank 4 : true
2025-05-13 12:55:24,110 [INFO] ADCParametersView:116 -                Rank 1 : true
2025-05-13 12:55:24,110 [INFO] ADCParametersView:116 -                Rank 2 : true
2025-05-13 12:55:24,110 [INFO] ADCParametersView:116 -                Rank 3 : true
2025-05-13 12:55:24,110 [INFO] ADCParametersView:116 -                Rank 4 : true
2025-05-13 12:55:24,110 [INFO] ADCParametersView:116 -                Rank 1 : true
2025-05-13 12:55:24,110 [INFO] ADCParametersView:116 -                Rank 2 : true
2025-05-13 12:55:24,110 [INFO] ADCParametersView:116 -                Rank 3 : true
2025-05-13 12:55:24,110 [INFO] ADCParametersView:116 -                Rank 4 : true
2025-05-13 12:55:24,110 [INFO] ADCParametersView:116 -                Rank 1 : true
2025-05-13 12:55:24,110 [INFO] ADCParametersView:116 -                Rank 2 : true
2025-05-13 12:55:24,110 [INFO] ADCParametersView:116 -                Rank 3 : true
2025-05-13 12:55:24,110 [INFO] ADCParametersView:116 -                Rank 4 : true
2025-05-13 12:55:24,110 [INFO] ADCParametersView:116 -                Rank 1 : true
2025-05-13 12:55:24,110 [INFO] ADCParametersView:116 -                Rank 2 : true
2025-05-13 12:55:24,110 [INFO] ADCParametersView:116 -                Rank 3 : true
2025-05-13 12:55:24,110 [INFO] ADCParametersView:116 -                Rank 4 : true
2025-05-13 12:55:24,110 [INFO] ADCParametersView:116 -                Rank 1 : true
2025-05-13 12:55:24,110 [INFO] ADCParametersView:116 -                Rank 2 : true
2025-05-13 12:55:24,110 [INFO] ADCParametersView:116 -                Rank 3 : true
2025-05-13 12:55:24,110 [INFO] ADCParametersView:116 -                Rank 4 : true
2025-05-13 12:55:24,110 [INFO] ADCParametersView:116 -                Rank 1 : true
2025-05-13 12:55:24,110 [INFO] ADCParametersView:116 -                Rank 2 : true
2025-05-13 12:55:24,110 [INFO] ADCParametersView:116 -                Rank 3 : true
2025-05-13 12:55:24,110 [INFO] ADCParametersView:116 -                Rank 4 : true
2025-05-13 12:55:24,111 [INFO] ADCParametersView:116 -                Rank 1 : true
2025-05-13 12:55:24,111 [INFO] ADCParametersView:116 -                Rank 2 : true
2025-05-13 12:55:24,111 [INFO] ADCParametersView:116 -                Rank 3 : true
2025-05-13 12:55:24,111 [INFO] ADCParametersView:116 -                Rank 4 : true
2025-05-13 12:55:24,111 [INFO] ADCParametersView:116 -                Rank 1 : true
2025-05-13 12:55:24,111 [INFO] ADCParametersView:116 -                Rank 2 : true
2025-05-13 12:55:24,111 [INFO] ADCParametersView:116 -                Rank 3 : true
2025-05-13 12:55:24,111 [INFO] ADCParametersView:116 -                Rank 4 : true
2025-05-13 12:55:24,111 [INFO] ADCParametersView:116 -                Rank 1 : true
2025-05-13 12:55:24,111 [INFO] ADCParametersView:116 -                Rank 2 : true
2025-05-13 12:55:24,111 [INFO] ADCParametersView:116 -                Rank 3 : true
2025-05-13 12:55:24,111 [INFO] ADCParametersView:116 -                Rank 4 : true
2025-05-13 12:55:24,111 [INFO] ADCParametersView:116 -                Rank 1 : true
2025-05-13 12:55:24,111 [INFO] ADCParametersView:116 -                Rank 2 : true
2025-05-13 12:55:24,111 [INFO] ADCParametersView:116 -                Rank 3 : true
2025-05-13 12:55:24,111 [INFO] ADCParametersView:116 -                Rank 4 : true
2025-05-13 12:55:24,111 [INFO] ADCParametersView:116 -                Rank 1 : true
2025-05-13 12:55:24,111 [INFO] ADCParametersView:116 -                Rank 2 : true
2025-05-13 12:55:24,111 [INFO] ADCParametersView:116 -                Rank 3 : true
2025-05-13 12:55:24,111 [INFO] ADCParametersView:116 -                Rank 4 : true
2025-05-13 12:55:24,111 [INFO] ADCParametersView:116 -                Rank 1 : true
2025-05-13 12:55:24,111 [INFO] ADCParametersView:116 -                Rank 2 : true
2025-05-13 12:55:24,111 [INFO] ADCParametersView:116 -                Rank 3 : true
2025-05-13 12:55:24,111 [INFO] ADCParametersView:116 -                Rank 4 : true
2025-05-13 12:55:24,111 [INFO] ADCParametersView:116 -                Rank 1 : true
2025-05-13 12:55:24,111 [INFO] ADCParametersView:116 -                Rank 2 : true
2025-05-13 12:55:24,111 [INFO] ADCParametersView:116 -                Rank 3 : true
2025-05-13 12:55:24,111 [INFO] ADCParametersView:116 -                Rank 4 : true
2025-05-13 12:55:24,112 [INFO] ADCParametersView:116 -                Rank 2 : true
2025-05-13 12:55:24,112 [INFO] ADCParametersView:116 -                Rank 3 : true
2025-05-13 12:55:24,112 [INFO] ADCParametersView:116 -                Rank 4 : true
2025-05-13 12:55:24,112 [INFO] ADCParametersView:116 -                Rank 3 : true
2025-05-13 12:55:24,112 [INFO] ADCParametersView:116 -                Rank 4 : true
2025-05-13 12:55:24,112 [INFO] ADCParametersView:116 -                Rank 4 : true
2025-05-13 12:55:24,130 [INFO] ADCParametersView:116 -                Rank 1 : true
2025-05-13 12:55:24,130 [INFO] ADCParametersView:116 -                Rank 1 : true
2025-05-13 12:55:24,130 [INFO] ADCParametersView:116 -                Rank 2 : true
2025-05-13 12:55:24,130 [INFO] ADCParametersView:116 -                Rank 1 : true
2025-05-13 12:55:24,130 [INFO] ADCParametersView:116 -                Rank 2 : true
2025-05-13 12:55:24,130 [INFO] ADCParametersView:116 -                Rank 3 : true
2025-05-13 12:55:24,130 [INFO] ADCParametersView:116 -                Rank 1 : true
2025-05-13 12:55:24,130 [INFO] ADCParametersView:116 -                Rank 2 : true
2025-05-13 12:55:24,130 [INFO] ADCParametersView:116 -                Rank 3 : true
2025-05-13 12:55:24,130 [INFO] ADCParametersView:116 -                Rank 4 : true
2025-05-13 12:55:24,131 [INFO] ADCParametersView:116 -                Rank 1 : true
2025-05-13 12:55:24,131 [INFO] ADCParametersView:116 -                Rank 2 : true
2025-05-13 12:55:24,131 [INFO] ADCParametersView:116 -                Rank 3 : true
2025-05-13 12:55:24,131 [INFO] ADCParametersView:116 -                Rank 4 : true
2025-05-13 12:55:24,131 [INFO] ADCParametersView:116 -                Rank 1 : true
2025-05-13 12:55:24,131 [INFO] ADCParametersView:116 -                Rank 2 : true
2025-05-13 12:55:24,132 [INFO] ADCParametersView:116 -                Rank 3 : true
2025-05-13 12:55:24,132 [INFO] ADCParametersView:116 -                Rank 4 : true
2025-05-13 12:55:24,132 [INFO] ADCParametersView:116 -                Rank 1 : true
2025-05-13 12:55:24,132 [INFO] ADCParametersView:116 -                Rank 2 : true
2025-05-13 12:55:24,132 [INFO] ADCParametersView:116 -                Rank 3 : true
2025-05-13 12:55:24,132 [INFO] ADCParametersView:116 -                Rank 4 : true
2025-05-13 12:55:24,132 [INFO] ADCParametersView:116 -                Rank 1 : true
2025-05-13 12:55:24,132 [INFO] ADCParametersView:116 -                Rank 2 : true
2025-05-13 12:55:24,132 [INFO] ADCParametersView:116 -                Rank 3 : true
2025-05-13 12:55:24,132 [INFO] ADCParametersView:116 -                Rank 4 : true
2025-05-13 12:55:24,132 [INFO] ADCParametersView:116 -                Rank 1 : true
2025-05-13 12:55:24,132 [INFO] ADCParametersView:116 -                Rank 2 : true
2025-05-13 12:55:24,132 [INFO] ADCParametersView:116 -                Rank 3 : true
2025-05-13 12:55:24,132 [INFO] ADCParametersView:116 -                Rank 4 : true
2025-05-13 12:55:24,132 [INFO] ADCParametersView:116 -                Rank 1 : true
2025-05-13 12:55:24,132 [INFO] ADCParametersView:116 -                Rank 2 : true
2025-05-13 12:55:24,132 [INFO] ADCParametersView:116 -                Rank 3 : true
2025-05-13 12:55:24,132 [INFO] ADCParametersView:116 -                Rank 4 : true
2025-05-13 12:55:24,132 [INFO] ADCParametersView:116 -                Rank 1 : true
2025-05-13 12:55:24,132 [INFO] ADCParametersView:116 -                Rank 2 : true
2025-05-13 12:55:24,132 [INFO] ADCParametersView:116 -                Rank 3 : true
2025-05-13 12:55:24,132 [INFO] ADCParametersView:116 -                Rank 4 : true
2025-05-13 12:55:24,132 [INFO] ADCParametersView:116 -                Rank 1 : true
2025-05-13 12:55:24,132 [INFO] ADCParametersView:116 -                Rank 2 : true
2025-05-13 12:55:24,132 [INFO] ADCParametersView:116 -                Rank 3 : true
2025-05-13 12:55:24,132 [INFO] ADCParametersView:116 -                Rank 4 : true
2025-05-13 12:55:24,132 [INFO] ADCParametersView:116 -                Rank 1 : true
2025-05-13 12:55:24,132 [INFO] ADCParametersView:116 -                Rank 2 : true
2025-05-13 12:55:24,132 [INFO] ADCParametersView:116 -                Rank 3 : true
2025-05-13 12:55:24,132 [INFO] ADCParametersView:116 -                Rank 4 : true
2025-05-13 12:55:24,132 [INFO] ADCParametersView:116 -                Rank 1 : true
2025-05-13 12:55:24,132 [INFO] ADCParametersView:116 -                Rank 2 : true
2025-05-13 12:55:24,132 [INFO] ADCParametersView:116 -                Rank 3 : true
2025-05-13 12:55:24,132 [INFO] ADCParametersView:116 -                Rank 4 : true
2025-05-13 12:55:24,133 [INFO] ADCParametersView:116 -                Rank 1 : true
2025-05-13 12:55:24,133 [INFO] ADCParametersView:116 -                Rank 2 : true
2025-05-13 12:55:24,133 [INFO] ADCParametersView:116 -                Rank 3 : true
2025-05-13 12:55:24,133 [INFO] ADCParametersView:116 -                Rank 4 : true
2025-05-13 12:55:24,133 [INFO] ADCParametersView:116 -                Rank 1 : true
2025-05-13 12:55:24,133 [INFO] ADCParametersView:116 -                Rank 2 : true
2025-05-13 12:55:24,133 [INFO] ADCParametersView:116 -                Rank 3 : true
2025-05-13 12:55:24,133 [INFO] ADCParametersView:116 -                Rank 4 : true
2025-05-13 12:55:24,133 [INFO] ADCParametersView:116 -                Rank 1 : true
2025-05-13 12:55:24,133 [INFO] ADCParametersView:116 -                Rank 2 : true
2025-05-13 12:55:24,133 [INFO] ADCParametersView:116 -                Rank 3 : true
2025-05-13 12:55:24,133 [INFO] ADCParametersView:116 -                Rank 4 : true
2025-05-13 12:55:24,133 [INFO] ADCParametersView:116 -                Rank 1 : true
2025-05-13 12:55:24,133 [INFO] ADCParametersView:116 -                Rank 2 : true
2025-05-13 12:55:24,133 [INFO] ADCParametersView:116 -                Rank 3 : true
2025-05-13 12:55:24,133 [INFO] ADCParametersView:116 -                Rank 4 : true
2025-05-13 12:55:24,133 [INFO] ADCParametersView:116 -                Rank 2 : true
2025-05-13 12:55:24,133 [INFO] ADCParametersView:116 -                Rank 3 : true
2025-05-13 12:55:24,133 [INFO] ADCParametersView:116 -                Rank 4 : true
2025-05-13 12:55:24,133 [INFO] ADCParametersView:116 -                Rank 3 : true
2025-05-13 12:55:24,133 [INFO] ADCParametersView:116 -                Rank 4 : true
2025-05-13 12:55:24,133 [INFO] ADCParametersView:116 -                Rank 4 : true
2025-05-13 12:55:24,152 [INFO] ADCParametersView:116 -                Rank 1 : true
2025-05-13 12:55:24,152 [INFO] ADCParametersView:116 -                Rank 1 : true
2025-05-13 12:55:24,152 [INFO] ADCParametersView:116 -                Rank 2 : true
2025-05-13 12:55:24,152 [INFO] ADCParametersView:116 -                Rank 1 : true
2025-05-13 12:55:24,152 [INFO] ADCParametersView:116 -                Rank 2 : true
2025-05-13 12:55:24,152 [INFO] ADCParametersView:116 -                Rank 3 : true
2025-05-13 12:55:24,152 [INFO] ADCParametersView:116 -                Rank 1 : true
2025-05-13 12:55:24,152 [INFO] ADCParametersView:116 -                Rank 2 : true
2025-05-13 12:55:24,152 [INFO] ADCParametersView:116 -                Rank 3 : true
2025-05-13 12:55:24,152 [INFO] ADCParametersView:116 -                Rank 4 : true
2025-05-13 12:55:24,153 [INFO] ADCParametersView:116 -                Rank 1 : true
2025-05-13 12:55:24,153 [INFO] ADCParametersView:116 -                Rank 2 : true
2025-05-13 12:55:24,153 [INFO] ADCParametersView:116 -                Rank 3 : true
2025-05-13 12:55:24,153 [INFO] ADCParametersView:116 -                Rank 4 : true
2025-05-13 12:55:24,153 [INFO] ADCParametersView:116 -                Rank 1 : true
2025-05-13 12:55:24,153 [INFO] ADCParametersView:116 -                Rank 2 : true
2025-05-13 12:55:24,153 [INFO] ADCParametersView:116 -                Rank 3 : true
2025-05-13 12:55:24,153 [INFO] ADCParametersView:116 -                Rank 4 : true
2025-05-13 12:55:24,153 [INFO] ADCParametersView:116 -                Rank 1 : true
2025-05-13 12:55:24,153 [INFO] ADCParametersView:116 -                Rank 2 : true
2025-05-13 12:55:24,153 [INFO] ADCParametersView:116 -                Rank 3 : true
2025-05-13 12:55:24,153 [INFO] ADCParametersView:116 -                Rank 4 : true
2025-05-13 12:55:24,153 [INFO] ADCParametersView:116 -                Rank 1 : true
2025-05-13 12:55:24,153 [INFO] ADCParametersView:116 -                Rank 2 : true
2025-05-13 12:55:24,153 [INFO] ADCParametersView:116 -                Rank 3 : true
2025-05-13 12:55:24,153 [INFO] ADCParametersView:116 -                Rank 4 : true
2025-05-13 12:55:24,153 [INFO] ADCParametersView:116 -                Rank 1 : true
2025-05-13 12:55:24,153 [INFO] ADCParametersView:116 -                Rank 2 : true
2025-05-13 12:55:24,154 [INFO] ADCParametersView:116 -                Rank 3 : true
2025-05-13 12:55:24,154 [INFO] ADCParametersView:116 -                Rank 4 : true
2025-05-13 12:55:24,154 [INFO] ADCParametersView:116 -                Rank 1 : true
2025-05-13 12:55:24,154 [INFO] ADCParametersView:116 -                Rank 2 : true
2025-05-13 12:55:24,154 [INFO] ADCParametersView:116 -                Rank 3 : true
2025-05-13 12:55:24,154 [INFO] ADCParametersView:116 -                Rank 4 : true
2025-05-13 12:55:24,154 [INFO] ADCParametersView:116 -                Rank 1 : true
2025-05-13 12:55:24,154 [INFO] ADCParametersView:116 -                Rank 2 : true
2025-05-13 12:55:24,154 [INFO] ADCParametersView:116 -                Rank 3 : true
2025-05-13 12:55:24,154 [INFO] ADCParametersView:116 -                Rank 4 : true
2025-05-13 12:55:24,154 [INFO] ADCParametersView:116 -                Rank 1 : true
2025-05-13 12:55:24,154 [INFO] ADCParametersView:116 -                Rank 2 : true
2025-05-13 12:55:24,154 [INFO] ADCParametersView:116 -                Rank 3 : true
2025-05-13 12:55:24,154 [INFO] ADCParametersView:116 -                Rank 4 : true
2025-05-13 12:55:24,154 [INFO] ADCParametersView:116 -                Rank 1 : true
2025-05-13 12:55:24,154 [INFO] ADCParametersView:116 -                Rank 2 : true
2025-05-13 12:55:24,154 [INFO] ADCParametersView:116 -                Rank 3 : true
2025-05-13 12:55:24,154 [INFO] ADCParametersView:116 -                Rank 4 : true
2025-05-13 12:55:24,154 [INFO] ADCParametersView:116 -                Rank 1 : true
2025-05-13 12:55:24,154 [INFO] ADCParametersView:116 -                Rank 2 : true
2025-05-13 12:55:24,154 [INFO] ADCParametersView:116 -                Rank 3 : true
2025-05-13 12:55:24,154 [INFO] ADCParametersView:116 -                Rank 4 : true
2025-05-13 12:55:24,154 [INFO] ADCParametersView:116 -                Rank 1 : true
2025-05-13 12:55:24,154 [INFO] ADCParametersView:116 -                Rank 2 : true
2025-05-13 12:55:24,154 [INFO] ADCParametersView:116 -                Rank 3 : true
2025-05-13 12:55:24,154 [INFO] ADCParametersView:116 -                Rank 4 : true
2025-05-13 12:55:24,154 [INFO] ADCParametersView:116 -                Rank 1 : true
2025-05-13 12:55:24,154 [INFO] ADCParametersView:116 -                Rank 2 : true
2025-05-13 12:55:24,154 [INFO] ADCParametersView:116 -                Rank 3 : true
2025-05-13 12:55:24,154 [INFO] ADCParametersView:116 -                Rank 4 : true
2025-05-13 12:55:24,155 [INFO] ADCParametersView:116 -                Rank 1 : true
2025-05-13 12:55:24,155 [INFO] ADCParametersView:116 -                Rank 2 : true
2025-05-13 12:55:24,155 [INFO] ADCParametersView:116 -                Rank 3 : true
2025-05-13 12:55:24,155 [INFO] ADCParametersView:116 -                Rank 4 : true
2025-05-13 12:55:24,155 [INFO] ADCParametersView:116 -                Rank 1 : true
2025-05-13 12:55:24,155 [INFO] ADCParametersView:116 -                Rank 2 : true
2025-05-13 12:55:24,155 [INFO] ADCParametersView:116 -                Rank 3 : true
2025-05-13 12:55:24,155 [INFO] ADCParametersView:116 -                Rank 4 : true
2025-05-13 12:55:24,155 [INFO] ADCParametersView:116 -                Rank 2 : true
2025-05-13 12:55:24,155 [INFO] ADCParametersView:116 -                Rank 3 : true
2025-05-13 12:55:24,155 [INFO] ADCParametersView:116 -                Rank 4 : true
2025-05-13 12:55:24,155 [INFO] ADCParametersView:116 -                Rank 3 : true
2025-05-13 12:55:24,155 [INFO] ADCParametersView:116 -                Rank 4 : true
2025-05-13 12:55:24,155 [INFO] ADCParametersView:116 -                Rank 4 : true
2025-05-13 12:55:24,173 [INFO] ADCParametersView:116 -                Rank 1 : true
2025-05-13 12:55:24,174 [INFO] ADCParametersView:116 -                Rank 1 : true
2025-05-13 12:55:24,174 [INFO] ADCParametersView:116 -                Rank 2 : true
2025-05-13 12:55:24,174 [INFO] ADCParametersView:116 -                Rank 1 : true
2025-05-13 12:55:24,174 [INFO] ADCParametersView:116 -                Rank 2 : true
2025-05-13 12:55:24,174 [INFO] ADCParametersView:116 -                Rank 3 : true
2025-05-13 12:55:24,174 [INFO] ADCParametersView:116 -                Rank 1 : true
2025-05-13 12:55:24,174 [INFO] ADCParametersView:116 -                Rank 2 : true
2025-05-13 12:55:24,174 [INFO] ADCParametersView:116 -                Rank 3 : true
2025-05-13 12:55:24,174 [INFO] ADCParametersView:116 -                Rank 4 : true
2025-05-13 12:55:24,174 [INFO] ADCParametersView:116 -                Rank 1 : true
2025-05-13 12:55:24,175 [INFO] ADCParametersView:116 -                Rank 2 : true
2025-05-13 12:55:24,175 [INFO] ADCParametersView:116 -                Rank 3 : true
2025-05-13 12:55:24,175 [INFO] ADCParametersView:116 -                Rank 4 : true
2025-05-13 12:55:24,175 [INFO] ADCParametersView:116 -                Rank 1 : true
2025-05-13 12:55:24,175 [INFO] ADCParametersView:116 -                Rank 2 : true
2025-05-13 12:55:24,175 [INFO] ADCParametersView:116 -                Rank 3 : true
2025-05-13 12:55:24,175 [INFO] ADCParametersView:116 -                Rank 4 : true
2025-05-13 12:55:24,175 [INFO] ADCParametersView:116 -                Rank 1 : true
2025-05-13 12:55:24,175 [INFO] ADCParametersView:116 -                Rank 2 : true
2025-05-13 12:55:24,175 [INFO] ADCParametersView:116 -                Rank 3 : true
2025-05-13 12:55:24,175 [INFO] ADCParametersView:116 -                Rank 4 : true
2025-05-13 12:55:24,175 [INFO] ADCParametersView:116 -                Rank 1 : true
2025-05-13 12:55:24,175 [INFO] ADCParametersView:116 -                Rank 2 : true
2025-05-13 12:55:24,175 [INFO] ADCParametersView:116 -                Rank 3 : true
2025-05-13 12:55:24,175 [INFO] ADCParametersView:116 -                Rank 4 : true
2025-05-13 12:55:24,175 [INFO] ADCParametersView:116 -                Rank 1 : true
2025-05-13 12:55:24,175 [INFO] ADCParametersView:116 -                Rank 2 : true
2025-05-13 12:55:24,175 [INFO] ADCParametersView:116 -                Rank 3 : true
2025-05-13 12:55:24,175 [INFO] ADCParametersView:116 -                Rank 4 : true
2025-05-13 12:55:24,175 [INFO] ADCParametersView:116 -                Rank 1 : true
2025-05-13 12:55:24,176 [INFO] ADCParametersView:116 -                Rank 2 : true
2025-05-13 12:55:24,176 [INFO] ADCParametersView:116 -                Rank 3 : true
2025-05-13 12:55:24,176 [INFO] ADCParametersView:116 -                Rank 4 : true
2025-05-13 12:55:24,176 [INFO] ADCParametersView:116 -                Rank 1 : true
2025-05-13 12:55:24,176 [INFO] ADCParametersView:116 -                Rank 2 : true
2025-05-13 12:55:24,176 [INFO] ADCParametersView:116 -                Rank 3 : true
2025-05-13 12:55:24,176 [INFO] ADCParametersView:116 -                Rank 4 : true
2025-05-13 12:55:24,176 [INFO] ADCParametersView:116 -                Rank 1 : true
2025-05-13 12:55:24,176 [INFO] ADCParametersView:116 -                Rank 2 : true
2025-05-13 12:55:24,176 [INFO] ADCParametersView:116 -                Rank 3 : true
2025-05-13 12:55:24,176 [INFO] ADCParametersView:116 -                Rank 4 : true
2025-05-13 12:55:24,176 [INFO] ADCParametersView:116 -                Rank 1 : true
2025-05-13 12:55:24,176 [INFO] ADCParametersView:116 -                Rank 2 : true
2025-05-13 12:55:24,176 [INFO] ADCParametersView:116 -                Rank 3 : true
2025-05-13 12:55:24,176 [INFO] ADCParametersView:116 -                Rank 4 : true
2025-05-13 12:55:24,176 [INFO] ADCParametersView:116 -                Rank 1 : true
2025-05-13 12:55:24,176 [INFO] ADCParametersView:116 -                Rank 2 : true
2025-05-13 12:55:24,176 [INFO] ADCParametersView:116 -                Rank 3 : true
2025-05-13 12:55:24,176 [INFO] ADCParametersView:116 -                Rank 4 : true
2025-05-13 12:55:24,176 [INFO] ADCParametersView:116 -                Rank 1 : true
2025-05-13 12:55:24,176 [INFO] ADCParametersView:116 -                Rank 2 : true
2025-05-13 12:55:24,176 [INFO] ADCParametersView:116 -                Rank 3 : true
2025-05-13 12:55:24,176 [INFO] ADCParametersView:116 -                Rank 4 : true
2025-05-13 12:55:24,176 [INFO] ADCParametersView:116 -                Rank 1 : true
2025-05-13 12:55:24,176 [INFO] ADCParametersView:116 -                Rank 2 : true
2025-05-13 12:55:24,176 [INFO] ADCParametersView:116 -                Rank 3 : true
2025-05-13 12:55:24,176 [INFO] ADCParametersView:116 -                Rank 4 : true
2025-05-13 12:55:24,176 [INFO] ADCParametersView:116 -                Rank 1 : true
2025-05-13 12:55:24,176 [INFO] ADCParametersView:116 -                Rank 2 : true
2025-05-13 12:55:24,176 [INFO] ADCParametersView:116 -                Rank 3 : true
2025-05-13 12:55:24,176 [INFO] ADCParametersView:116 -                Rank 4 : true
2025-05-13 12:55:24,176 [INFO] ADCParametersView:116 -                Rank 1 : true
2025-05-13 12:55:24,176 [INFO] ADCParametersView:116 -                Rank 2 : true
2025-05-13 12:55:24,176 [INFO] ADCParametersView:116 -                Rank 3 : true
2025-05-13 12:55:24,177 [INFO] ADCParametersView:116 -                Rank 4 : true
2025-05-13 12:55:24,177 [INFO] ADCParametersView:116 -                Rank 2 : true
2025-05-13 12:55:24,177 [INFO] ADCParametersView:116 -                Rank 3 : true
2025-05-13 12:55:24,177 [INFO] ADCParametersView:116 -                Rank 4 : true
2025-05-13 12:55:24,177 [INFO] ADCParametersView:116 -                Rank 3 : true
2025-05-13 12:55:24,177 [INFO] ADCParametersView:116 -                Rank 4 : true
2025-05-13 12:55:24,177 [INFO] ADCParametersView:116 -                Rank 4 : true
2025-05-13 12:55:24,195 [INFO] ADCParametersView:116 -                Rank 1 : true
2025-05-13 12:55:24,195 [INFO] ADCParametersView:116 -                Rank 1 : true
2025-05-13 12:55:24,195 [INFO] ADCParametersView:116 -                Rank 2 : true
2025-05-13 12:55:24,196 [INFO] ADCParametersView:116 -                Rank 1 : true
2025-05-13 12:55:24,196 [INFO] ADCParametersView:116 -                Rank 2 : true
2025-05-13 12:55:24,196 [INFO] ADCParametersView:116 -                Rank 3 : true
2025-05-13 12:55:24,196 [INFO] ADCParametersView:116 -                Rank 1 : true
2025-05-13 12:55:24,196 [INFO] ADCParametersView:116 -                Rank 2 : true
2025-05-13 12:55:24,196 [INFO] ADCParametersView:116 -                Rank 3 : true
2025-05-13 12:55:24,196 [INFO] ADCParametersView:116 -                Rank 4 : true
2025-05-13 12:55:24,196 [INFO] ADCParametersView:116 -                Rank 1 : true
2025-05-13 12:55:24,196 [INFO] ADCParametersView:116 -                Rank 2 : true
2025-05-13 12:55:24,196 [INFO] ADCParametersView:116 -                Rank 3 : true
2025-05-13 12:55:24,196 [INFO] ADCParametersView:116 -                Rank 4 : true
2025-05-13 12:55:24,197 [INFO] ADCParametersView:116 -                Rank 1 : true
2025-05-13 12:55:24,197 [INFO] ADCParametersView:116 -                Rank 2 : true
2025-05-13 12:55:24,197 [INFO] ADCParametersView:116 -                Rank 3 : true
2025-05-13 12:55:24,197 [INFO] ADCParametersView:116 -                Rank 4 : true
2025-05-13 12:55:24,197 [INFO] ADCParametersView:116 -                Rank 1 : true
2025-05-13 12:55:24,197 [INFO] ADCParametersView:116 -                Rank 2 : true
2025-05-13 12:55:24,197 [INFO] ADCParametersView:116 -                Rank 3 : true
2025-05-13 12:55:24,197 [INFO] ADCParametersView:116 -                Rank 4 : true
2025-05-13 12:55:24,197 [INFO] ADCParametersView:116 -                Rank 1 : true
2025-05-13 12:55:24,197 [INFO] ADCParametersView:116 -                Rank 2 : true
2025-05-13 12:55:24,197 [INFO] ADCParametersView:116 -                Rank 3 : true
2025-05-13 12:55:24,197 [INFO] ADCParametersView:116 -                Rank 4 : true
2025-05-13 12:55:24,197 [INFO] ADCParametersView:116 -                Rank 1 : true
2025-05-13 12:55:24,197 [INFO] ADCParametersView:116 -                Rank 2 : true
2025-05-13 12:55:24,197 [INFO] ADCParametersView:116 -                Rank 3 : true
2025-05-13 12:55:24,197 [INFO] ADCParametersView:116 -                Rank 4 : true
2025-05-13 12:55:24,197 [INFO] ADCParametersView:116 -                Rank 1 : true
2025-05-13 12:55:24,197 [INFO] ADCParametersView:116 -                Rank 2 : true
2025-05-13 12:55:24,197 [INFO] ADCParametersView:116 -                Rank 3 : true
2025-05-13 12:55:24,197 [INFO] ADCParametersView:116 -                Rank 4 : true
2025-05-13 12:55:24,197 [INFO] ADCParametersView:116 -                Rank 1 : true
2025-05-13 12:55:24,198 [INFO] ADCParametersView:116 -                Rank 2 : true
2025-05-13 12:55:24,198 [INFO] ADCParametersView:116 -                Rank 3 : true
2025-05-13 12:55:24,198 [INFO] ADCParametersView:116 -                Rank 4 : true
2025-05-13 12:55:24,198 [INFO] ADCParametersView:116 -                Rank 1 : true
2025-05-13 12:55:24,198 [INFO] ADCParametersView:116 -                Rank 2 : true
2025-05-13 12:55:24,198 [INFO] ADCParametersView:116 -                Rank 3 : true
2025-05-13 12:55:24,198 [INFO] ADCParametersView:116 -                Rank 4 : true
2025-05-13 12:55:24,198 [INFO] ADCParametersView:116 -                Rank 1 : true
2025-05-13 12:55:24,198 [INFO] ADCParametersView:116 -                Rank 2 : true
2025-05-13 12:55:24,198 [INFO] ADCParametersView:116 -                Rank 3 : true
2025-05-13 12:55:24,198 [INFO] ADCParametersView:116 -                Rank 4 : true
2025-05-13 12:55:24,198 [INFO] ADCParametersView:116 -                Rank 1 : true
2025-05-13 12:55:24,198 [INFO] ADCParametersView:116 -                Rank 2 : true
2025-05-13 12:55:24,198 [INFO] ADCParametersView:116 -                Rank 3 : true
2025-05-13 12:55:24,198 [INFO] ADCParametersView:116 -                Rank 4 : true
2025-05-13 12:55:24,198 [INFO] ADCParametersView:116 -                Rank 1 : true
2025-05-13 12:55:24,198 [INFO] ADCParametersView:116 -                Rank 2 : true
2025-05-13 12:55:24,198 [INFO] ADCParametersView:116 -                Rank 3 : true
2025-05-13 12:55:24,198 [INFO] ADCParametersView:116 -                Rank 4 : true
2025-05-13 12:55:24,198 [INFO] ADCParametersView:116 -                Rank 1 : true
2025-05-13 12:55:24,198 [INFO] ADCParametersView:116 -                Rank 2 : true
2025-05-13 12:55:24,198 [INFO] ADCParametersView:116 -                Rank 3 : true
2025-05-13 12:55:24,198 [INFO] ADCParametersView:116 -                Rank 4 : true
2025-05-13 12:55:24,198 [INFO] ADCParametersView:116 -                Rank 1 : true
2025-05-13 12:55:24,198 [INFO] ADCParametersView:116 -                Rank 2 : true
2025-05-13 12:55:24,198 [INFO] ADCParametersView:116 -                Rank 3 : true
2025-05-13 12:55:24,198 [INFO] ADCParametersView:116 -                Rank 4 : true
2025-05-13 12:55:24,198 [INFO] ADCParametersView:116 -                Rank 1 : true
2025-05-13 12:55:24,198 [INFO] ADCParametersView:116 -                Rank 2 : true
2025-05-13 12:55:24,198 [INFO] ADCParametersView:116 -                Rank 3 : true
2025-05-13 12:55:24,198 [INFO] ADCParametersView:116 -                Rank 4 : true
2025-05-13 12:55:24,198 [INFO] ADCParametersView:116 -                Rank 2 : true
2025-05-13 12:55:24,198 [INFO] ADCParametersView:116 -                Rank 3 : true
2025-05-13 12:55:24,198 [INFO] ADCParametersView:116 -                Rank 4 : true
2025-05-13 12:55:24,198 [INFO] ADCParametersView:116 -                Rank 3 : true
2025-05-13 12:55:24,198 [INFO] ADCParametersView:116 -                Rank 4 : true
2025-05-13 12:55:24,198 [INFO] ADCParametersView:116 -                Rank 4 : true
2025-05-13 12:55:24,217 [INFO] ADCParametersView:116 -                Rank 1 : true
2025-05-13 12:55:24,218 [INFO] ADCParametersView:116 -                Rank 1 : true
2025-05-13 12:55:24,218 [INFO] ADCParametersView:116 -                Rank 2 : true
2025-05-13 12:55:24,218 [INFO] ADCParametersView:116 -                Rank 1 : true
2025-05-13 12:55:24,218 [INFO] ADCParametersView:116 -                Rank 2 : true
2025-05-13 12:55:24,218 [INFO] ADCParametersView:116 -                Rank 3 : true
2025-05-13 12:55:24,218 [INFO] ADCParametersView:116 -                Rank 1 : true
2025-05-13 12:55:24,218 [INFO] ADCParametersView:116 -                Rank 2 : true
2025-05-13 12:55:24,218 [INFO] ADCParametersView:116 -                Rank 3 : true
2025-05-13 12:55:24,218 [INFO] ADCParametersView:116 -                Rank 4 : true
2025-05-13 12:55:24,219 [INFO] ADCParametersView:116 -                Rank 1 : true
2025-05-13 12:55:24,219 [INFO] ADCParametersView:116 -                Rank 2 : true
2025-05-13 12:55:24,219 [INFO] ADCParametersView:116 -                Rank 3 : true
2025-05-13 12:55:24,219 [INFO] ADCParametersView:116 -                Rank 4 : true
2025-05-13 12:55:24,219 [INFO] ADCParametersView:116 -                Rank 1 : true
2025-05-13 12:55:24,219 [INFO] ADCParametersView:116 -                Rank 2 : true
2025-05-13 12:55:24,219 [INFO] ADCParametersView:116 -                Rank 3 : true
2025-05-13 12:55:24,219 [INFO] ADCParametersView:116 -                Rank 4 : true
2025-05-13 12:55:24,219 [INFO] ADCParametersView:116 -                Rank 1 : true
2025-05-13 12:55:24,219 [INFO] ADCParametersView:116 -                Rank 2 : true
2025-05-13 12:55:24,219 [INFO] ADCParametersView:116 -                Rank 3 : true
2025-05-13 12:55:24,219 [INFO] ADCParametersView:116 -                Rank 4 : true
2025-05-13 12:55:24,219 [INFO] ADCParametersView:116 -                Rank 1 : true
2025-05-13 12:55:24,219 [INFO] ADCParametersView:116 -                Rank 2 : true
2025-05-13 12:55:24,219 [INFO] ADCParametersView:116 -                Rank 3 : true
2025-05-13 12:55:24,219 [INFO] ADCParametersView:116 -                Rank 4 : true
2025-05-13 12:55:24,219 [INFO] ADCParametersView:116 -                Rank 1 : true
2025-05-13 12:55:24,219 [INFO] ADCParametersView:116 -                Rank 2 : true
2025-05-13 12:55:24,219 [INFO] ADCParametersView:116 -                Rank 3 : true
2025-05-13 12:55:24,219 [INFO] ADCParametersView:116 -                Rank 4 : true
2025-05-13 12:55:24,219 [INFO] ADCParametersView:116 -                Rank 1 : true
2025-05-13 12:55:24,220 [INFO] ADCParametersView:116 -                Rank 2 : true
2025-05-13 12:55:24,220 [INFO] ADCParametersView:116 -                Rank 3 : true
2025-05-13 12:55:24,220 [INFO] ADCParametersView:116 -                Rank 4 : true
2025-05-13 12:55:24,220 [INFO] ADCParametersView:116 -                Rank 1 : true
2025-05-13 12:55:24,220 [INFO] ADCParametersView:116 -                Rank 2 : true
2025-05-13 12:55:24,220 [INFO] ADCParametersView:116 -                Rank 3 : true
2025-05-13 12:55:24,220 [INFO] ADCParametersView:116 -                Rank 4 : true
2025-05-13 12:55:24,220 [INFO] ADCParametersView:116 -                Rank 1 : true
2025-05-13 12:55:24,220 [INFO] ADCParametersView:116 -                Rank 2 : true
2025-05-13 12:55:24,220 [INFO] ADCParametersView:116 -                Rank 3 : true
2025-05-13 12:55:24,220 [INFO] ADCParametersView:116 -                Rank 4 : true
2025-05-13 12:55:24,220 [INFO] ADCParametersView:116 -                Rank 1 : true
2025-05-13 12:55:24,220 [INFO] ADCParametersView:116 -                Rank 2 : true
2025-05-13 12:55:24,220 [INFO] ADCParametersView:116 -                Rank 3 : true
2025-05-13 12:55:24,220 [INFO] ADCParametersView:116 -                Rank 4 : true
2025-05-13 12:55:24,220 [INFO] ADCParametersView:116 -                Rank 1 : true
2025-05-13 12:55:24,220 [INFO] ADCParametersView:116 -                Rank 2 : true
2025-05-13 12:55:24,220 [INFO] ADCParametersView:116 -                Rank 3 : true
2025-05-13 12:55:24,220 [INFO] ADCParametersView:116 -                Rank 4 : true
2025-05-13 12:55:24,220 [INFO] ADCParametersView:116 -                Rank 1 : true
2025-05-13 12:55:24,220 [INFO] ADCParametersView:116 -                Rank 2 : true
2025-05-13 12:55:24,220 [INFO] ADCParametersView:116 -                Rank 3 : true
2025-05-13 12:55:24,220 [INFO] ADCParametersView:116 -                Rank 4 : true
2025-05-13 12:55:24,220 [INFO] ADCParametersView:116 -                Rank 1 : true
2025-05-13 12:55:24,220 [INFO] ADCParametersView:116 -                Rank 2 : true
2025-05-13 12:55:24,220 [INFO] ADCParametersView:116 -                Rank 3 : true
2025-05-13 12:55:24,220 [INFO] ADCParametersView:116 -                Rank 4 : true
2025-05-13 12:55:24,220 [INFO] ADCParametersView:116 -                Rank 1 : true
2025-05-13 12:55:24,220 [INFO] ADCParametersView:116 -                Rank 2 : true
2025-05-13 12:55:24,220 [INFO] ADCParametersView:116 -                Rank 3 : true
2025-05-13 12:55:24,220 [INFO] ADCParametersView:116 -                Rank 4 : true
2025-05-13 12:55:24,220 [INFO] ADCParametersView:116 -                Rank 1 : true
2025-05-13 12:55:24,220 [INFO] ADCParametersView:116 -                Rank 2 : true
2025-05-13 12:55:24,220 [INFO] ADCParametersView:116 -                Rank 3 : true
2025-05-13 12:55:24,220 [INFO] ADCParametersView:116 -                Rank 4 : true
2025-05-13 12:55:24,220 [INFO] ADCParametersView:116 -                Rank 2 : true
2025-05-13 12:55:24,220 [INFO] ADCParametersView:116 -                Rank 3 : true
2025-05-13 12:55:24,220 [INFO] ADCParametersView:116 -                Rank 4 : true
2025-05-13 12:55:24,221 [INFO] ADCParametersView:116 -                Rank 3 : true
2025-05-13 12:55:24,221 [INFO] ADCParametersView:116 -                Rank 4 : true
2025-05-13 12:55:24,221 [INFO] ADCParametersView:116 -                Rank 4 : true
2025-05-13 12:55:24,240 [INFO] ADCParametersView:116 -                Rank 1 : true
2025-05-13 12:55:24,240 [INFO] ADCParametersView:116 -                Rank 1 : true
2025-05-13 12:55:24,240 [INFO] ADCParametersView:116 -                Rank 2 : true
2025-05-13 12:55:24,240 [INFO] ADCParametersView:116 -                Rank 1 : true
2025-05-13 12:55:24,240 [INFO] ADCParametersView:116 -                Rank 2 : true
2025-05-13 12:55:24,240 [INFO] ADCParametersView:116 -                Rank 3 : true
2025-05-13 12:55:24,240 [INFO] ADCParametersView:116 -                Rank 1 : true
2025-05-13 12:55:24,240 [INFO] ADCParametersView:116 -                Rank 2 : true
2025-05-13 12:55:24,240 [INFO] ADCParametersView:116 -                Rank 3 : true
2025-05-13 12:55:24,240 [INFO] ADCParametersView:116 -                Rank 4 : true
2025-05-13 12:55:24,241 [INFO] ADCParametersView:116 -                Rank 1 : true
2025-05-13 12:55:24,241 [INFO] ADCParametersView:116 -                Rank 2 : true
2025-05-13 12:55:24,241 [INFO] ADCParametersView:116 -                Rank 3 : true
2025-05-13 12:55:24,241 [INFO] ADCParametersView:116 -                Rank 4 : true
2025-05-13 12:55:24,241 [INFO] ADCParametersView:116 -                Rank 1 : true
2025-05-13 12:55:24,241 [INFO] ADCParametersView:116 -                Rank 2 : true
2025-05-13 12:55:24,241 [INFO] ADCParametersView:116 -                Rank 3 : true
2025-05-13 12:55:24,241 [INFO] ADCParametersView:116 -                Rank 4 : true
2025-05-13 12:55:24,242 [INFO] ADCParametersView:116 -                Rank 1 : true
2025-05-13 12:55:24,242 [INFO] ADCParametersView:116 -                Rank 2 : true
2025-05-13 12:55:24,242 [INFO] ADCParametersView:116 -                Rank 3 : true
2025-05-13 12:55:24,242 [INFO] ADCParametersView:116 -                Rank 4 : true
2025-05-13 12:55:24,242 [INFO] ADCParametersView:116 -                Rank 1 : true
2025-05-13 12:55:24,242 [INFO] ADCParametersView:116 -                Rank 2 : true
2025-05-13 12:55:24,242 [INFO] ADCParametersView:116 -                Rank 3 : true
2025-05-13 12:55:24,242 [INFO] ADCParametersView:116 -                Rank 4 : true
2025-05-13 12:55:24,242 [INFO] ADCParametersView:116 -                Rank 1 : true
2025-05-13 12:55:24,242 [INFO] ADCParametersView:116 -                Rank 2 : true
2025-05-13 12:55:24,242 [INFO] ADCParametersView:116 -                Rank 3 : true
2025-05-13 12:55:24,242 [INFO] ADCParametersView:116 -                Rank 4 : true
2025-05-13 12:55:24,242 [INFO] ADCParametersView:116 -                Rank 1 : true
2025-05-13 12:55:24,242 [INFO] ADCParametersView:116 -                Rank 2 : true
2025-05-13 12:55:24,242 [INFO] ADCParametersView:116 -                Rank 3 : true
2025-05-13 12:55:24,242 [INFO] ADCParametersView:116 -                Rank 4 : true
2025-05-13 12:55:24,242 [INFO] ADCParametersView:116 -                Rank 1 : true
2025-05-13 12:55:24,242 [INFO] ADCParametersView:116 -                Rank 2 : true
2025-05-13 12:55:24,242 [INFO] ADCParametersView:116 -                Rank 3 : true
2025-05-13 12:55:24,242 [INFO] ADCParametersView:116 -                Rank 4 : true
2025-05-13 12:55:24,242 [INFO] ADCParametersView:116 -                Rank 1 : true
2025-05-13 12:55:24,242 [INFO] ADCParametersView:116 -                Rank 2 : true
2025-05-13 12:55:24,242 [INFO] ADCParametersView:116 -                Rank 3 : true
2025-05-13 12:55:24,242 [INFO] ADCParametersView:116 -                Rank 4 : true
2025-05-13 12:55:24,242 [INFO] ADCParametersView:116 -                Rank 1 : true
2025-05-13 12:55:24,242 [INFO] ADCParametersView:116 -                Rank 2 : true
2025-05-13 12:55:24,242 [INFO] ADCParametersView:116 -                Rank 3 : true
2025-05-13 12:55:24,242 [INFO] ADCParametersView:116 -                Rank 4 : true
2025-05-13 12:55:24,242 [INFO] ADCParametersView:116 -                Rank 1 : true
2025-05-13 12:55:24,242 [INFO] ADCParametersView:116 -                Rank 2 : true
2025-05-13 12:55:24,242 [INFO] ADCParametersView:116 -                Rank 3 : true
2025-05-13 12:55:24,242 [INFO] ADCParametersView:116 -                Rank 4 : true
2025-05-13 12:55:24,242 [INFO] ADCParametersView:116 -                Rank 1 : true
2025-05-13 12:55:24,242 [INFO] ADCParametersView:116 -                Rank 2 : true
2025-05-13 12:55:24,242 [INFO] ADCParametersView:116 -                Rank 3 : true
2025-05-13 12:55:24,242 [INFO] ADCParametersView:116 -                Rank 4 : true
2025-05-13 12:55:24,242 [INFO] ADCParametersView:116 -                Rank 1 : true
2025-05-13 12:55:24,243 [INFO] ADCParametersView:116 -                Rank 2 : true
2025-05-13 12:55:24,243 [INFO] ADCParametersView:116 -                Rank 3 : true
2025-05-13 12:55:24,243 [INFO] ADCParametersView:116 -                Rank 4 : true
2025-05-13 12:55:24,243 [INFO] ADCParametersView:116 -                Rank 1 : true
2025-05-13 12:55:24,243 [INFO] ADCParametersView:116 -                Rank 2 : true
2025-05-13 12:55:24,243 [INFO] ADCParametersView:116 -                Rank 3 : true
2025-05-13 12:55:24,243 [INFO] ADCParametersView:116 -                Rank 4 : true
2025-05-13 12:55:24,243 [INFO] ADCParametersView:116 -                Rank 1 : true
2025-05-13 12:55:24,243 [INFO] ADCParametersView:116 -                Rank 2 : true
2025-05-13 12:55:24,243 [INFO] ADCParametersView:116 -                Rank 3 : true
2025-05-13 12:55:24,243 [INFO] ADCParametersView:116 -                Rank 4 : true
2025-05-13 12:55:24,243 [INFO] ADCParametersView:116 -                Rank 2 : true
2025-05-13 12:55:24,243 [INFO] ADCParametersView:116 -                Rank 3 : true
2025-05-13 12:55:24,243 [INFO] ADCParametersView:116 -                Rank 4 : true
2025-05-13 12:55:24,243 [INFO] ADCParametersView:116 -                Rank 3 : true
2025-05-13 12:55:24,243 [INFO] ADCParametersView:116 -                Rank 4 : true
2025-05-13 12:55:24,243 [INFO] ADCParametersView:116 -                Rank 4 : true
2025-05-13 12:55:24,263 [INFO] ADCParametersView:116 -                Rank 1 : true
2025-05-13 12:55:24,263 [INFO] ADCParametersView:116 -                Rank 1 : true
2025-05-13 12:55:24,263 [INFO] ADCParametersView:116 -                Rank 2 : true
2025-05-13 12:55:24,263 [INFO] ADCParametersView:116 -                Rank 1 : true
2025-05-13 12:55:24,263 [INFO] ADCParametersView:116 -                Rank 2 : true
2025-05-13 12:55:24,263 [INFO] ADCParametersView:116 -                Rank 3 : true
2025-05-13 12:55:24,263 [INFO] ADCParametersView:116 -                Rank 1 : true
2025-05-13 12:55:24,263 [INFO] ADCParametersView:116 -                Rank 2 : true
2025-05-13 12:55:24,263 [INFO] ADCParametersView:116 -                Rank 3 : true
2025-05-13 12:55:24,263 [INFO] ADCParametersView:116 -                Rank 4 : true
2025-05-13 12:55:24,264 [INFO] ADCParametersView:116 -                Rank 1 : true
2025-05-13 12:55:24,264 [INFO] ADCParametersView:116 -                Rank 2 : true
2025-05-13 12:55:24,264 [INFO] ADCParametersView:116 -                Rank 3 : true
2025-05-13 12:55:24,264 [INFO] ADCParametersView:116 -                Rank 4 : true
2025-05-13 12:55:24,264 [INFO] ADCParametersView:116 -                Rank 1 : true
2025-05-13 12:55:24,264 [INFO] ADCParametersView:116 -                Rank 2 : true
2025-05-13 12:55:24,264 [INFO] ADCParametersView:116 -                Rank 3 : true
2025-05-13 12:55:24,264 [INFO] ADCParametersView:116 -                Rank 4 : true
2025-05-13 12:55:24,264 [INFO] ADCParametersView:116 -                Rank 1 : true
2025-05-13 12:55:24,264 [INFO] ADCParametersView:116 -                Rank 2 : true
2025-05-13 12:55:24,264 [INFO] ADCParametersView:116 -                Rank 3 : true
2025-05-13 12:55:24,264 [INFO] ADCParametersView:116 -                Rank 4 : true
2025-05-13 12:55:24,264 [INFO] ADCParametersView:116 -                Rank 1 : true
2025-05-13 12:55:24,264 [INFO] ADCParametersView:116 -                Rank 2 : true
2025-05-13 12:55:24,264 [INFO] ADCParametersView:116 -                Rank 3 : true
2025-05-13 12:55:24,264 [INFO] ADCParametersView:116 -                Rank 4 : true
2025-05-13 12:55:24,264 [INFO] ADCParametersView:116 -                Rank 1 : true
2025-05-13 12:55:24,265 [INFO] ADCParametersView:116 -                Rank 2 : true
2025-05-13 12:55:24,265 [INFO] ADCParametersView:116 -                Rank 3 : true
2025-05-13 12:55:24,265 [INFO] ADCParametersView:116 -                Rank 4 : true
2025-05-13 12:55:24,265 [INFO] ADCParametersView:116 -                Rank 1 : true
2025-05-13 12:55:24,265 [INFO] ADCParametersView:116 -                Rank 2 : true
2025-05-13 12:55:24,265 [INFO] ADCParametersView:116 -                Rank 3 : true
2025-05-13 12:55:24,265 [INFO] ADCParametersView:116 -                Rank 4 : true
2025-05-13 12:55:24,265 [INFO] ADCParametersView:116 -                Rank 1 : true
2025-05-13 12:55:24,265 [INFO] ADCParametersView:116 -                Rank 2 : true
2025-05-13 12:55:24,265 [INFO] ADCParametersView:116 -                Rank 3 : true
2025-05-13 12:55:24,265 [INFO] ADCParametersView:116 -                Rank 4 : true
2025-05-13 12:55:24,265 [INFO] ADCParametersView:116 -                Rank 1 : true
2025-05-13 12:55:24,265 [INFO] ADCParametersView:116 -                Rank 2 : true
2025-05-13 12:55:24,265 [INFO] ADCParametersView:116 -                Rank 3 : true
2025-05-13 12:55:24,265 [INFO] ADCParametersView:116 -                Rank 4 : true
2025-05-13 12:55:24,265 [INFO] ADCParametersView:116 -                Rank 1 : true
2025-05-13 12:55:24,265 [INFO] ADCParametersView:116 -                Rank 2 : true
2025-05-13 12:55:24,265 [INFO] ADCParametersView:116 -                Rank 3 : true
2025-05-13 12:55:24,265 [INFO] ADCParametersView:116 -                Rank 4 : true
2025-05-13 12:55:24,265 [INFO] ADCParametersView:116 -                Rank 1 : true
2025-05-13 12:55:24,265 [INFO] ADCParametersView:116 -                Rank 2 : true
2025-05-13 12:55:24,265 [INFO] ADCParametersView:116 -                Rank 3 : true
2025-05-13 12:55:24,265 [INFO] ADCParametersView:116 -                Rank 4 : true
2025-05-13 12:55:24,265 [INFO] ADCParametersView:116 -                Rank 1 : true
2025-05-13 12:55:24,265 [INFO] ADCParametersView:116 -                Rank 2 : true
2025-05-13 12:55:24,265 [INFO] ADCParametersView:116 -                Rank 3 : true
2025-05-13 12:55:24,265 [INFO] ADCParametersView:116 -                Rank 4 : true
2025-05-13 12:55:24,265 [INFO] ADCParametersView:116 -                Rank 1 : true
2025-05-13 12:55:24,265 [INFO] ADCParametersView:116 -                Rank 2 : true
2025-05-13 12:55:24,265 [INFO] ADCParametersView:116 -                Rank 3 : true
2025-05-13 12:55:24,265 [INFO] ADCParametersView:116 -                Rank 4 : true
2025-05-13 12:55:24,265 [INFO] ADCParametersView:116 -                Rank 1 : true
2025-05-13 12:55:24,265 [INFO] ADCParametersView:116 -                Rank 2 : true
2025-05-13 12:55:24,265 [INFO] ADCParametersView:116 -                Rank 3 : true
2025-05-13 12:55:24,265 [INFO] ADCParametersView:116 -                Rank 4 : true
2025-05-13 12:55:24,266 [INFO] ADCParametersView:116 -                Rank 1 : true
2025-05-13 12:55:24,266 [INFO] ADCParametersView:116 -                Rank 2 : true
2025-05-13 12:55:24,266 [INFO] ADCParametersView:116 -                Rank 3 : true
2025-05-13 12:55:24,266 [INFO] ADCParametersView:116 -                Rank 4 : true
2025-05-13 12:55:24,266 [INFO] ADCParametersView:116 -                Rank 2 : true
2025-05-13 12:55:24,266 [INFO] ADCParametersView:116 -                Rank 3 : true
2025-05-13 12:55:24,266 [INFO] ADCParametersView:116 -                Rank 4 : true
2025-05-13 12:55:24,266 [INFO] ADCParametersView:116 -                Rank 3 : true
2025-05-13 12:55:24,266 [INFO] ADCParametersView:116 -                Rank 4 : true
2025-05-13 12:55:24,266 [INFO] ADCParametersView:116 -                Rank 4 : true
2025-05-13 12:55:24,289 [INFO] ADCParametersView:116 -                Rank 1 : true
2025-05-13 12:55:24,289 [INFO] ADCParametersView:116 -                Rank 1 : true
2025-05-13 12:55:24,289 [INFO] ADCParametersView:116 -                Rank 2 : true
2025-05-13 12:55:24,289 [INFO] ADCParametersView:116 -                Rank 1 : true
2025-05-13 12:55:24,289 [INFO] ADCParametersView:116 -                Rank 2 : true
2025-05-13 12:55:24,289 [INFO] ADCParametersView:116 -                Rank 3 : true
2025-05-13 12:55:24,289 [INFO] ADCParametersView:116 -                Rank 1 : true
2025-05-13 12:55:24,289 [INFO] ADCParametersView:116 -                Rank 2 : true
2025-05-13 12:55:24,289 [INFO] ADCParametersView:116 -                Rank 3 : true
2025-05-13 12:55:24,289 [INFO] ADCParametersView:116 -                Rank 4 : true
2025-05-13 12:55:24,290 [INFO] ADCParametersView:116 -                Rank 1 : true
2025-05-13 12:55:24,290 [INFO] ADCParametersView:116 -                Rank 2 : true
2025-05-13 12:55:24,290 [INFO] ADCParametersView:116 -                Rank 3 : true
2025-05-13 12:55:24,290 [INFO] ADCParametersView:116 -                Rank 4 : true
2025-05-13 12:55:24,291 [INFO] ADCParametersView:116 -                Rank 1 : true
2025-05-13 12:55:24,291 [INFO] ADCParametersView:116 -                Rank 2 : true
2025-05-13 12:55:24,291 [INFO] ADCParametersView:116 -                Rank 3 : true
2025-05-13 12:55:24,291 [INFO] ADCParametersView:116 -                Rank 4 : true
2025-05-13 12:55:24,291 [INFO] ADCParametersView:116 -                Rank 1 : true
2025-05-13 12:55:24,291 [INFO] ADCParametersView:116 -                Rank 2 : true
2025-05-13 12:55:24,291 [INFO] ADCParametersView:116 -                Rank 3 : true
2025-05-13 12:55:24,291 [INFO] ADCParametersView:116 -                Rank 4 : true
2025-05-13 12:55:24,291 [INFO] ADCParametersView:116 -                Rank 1 : true
2025-05-13 12:55:24,291 [INFO] ADCParametersView:116 -                Rank 2 : true
2025-05-13 12:55:24,291 [INFO] ADCParametersView:116 -                Rank 3 : true
2025-05-13 12:55:24,291 [INFO] ADCParametersView:116 -                Rank 4 : true
2025-05-13 12:55:24,291 [INFO] ADCParametersView:116 -                Rank 1 : true
2025-05-13 12:55:24,291 [INFO] ADCParametersView:116 -                Rank 2 : true
2025-05-13 12:55:24,291 [INFO] ADCParametersView:116 -                Rank 3 : true
2025-05-13 12:55:24,291 [INFO] ADCParametersView:116 -                Rank 4 : true
2025-05-13 12:55:24,291 [INFO] ADCParametersView:116 -                Rank 1 : true
2025-05-13 12:55:24,291 [INFO] ADCParametersView:116 -                Rank 2 : true
2025-05-13 12:55:24,291 [INFO] ADCParametersView:116 -                Rank 3 : true
2025-05-13 12:55:24,291 [INFO] ADCParametersView:116 -                Rank 4 : true
2025-05-13 12:55:24,291 [INFO] ADCParametersView:116 -                Rank 1 : true
2025-05-13 12:55:24,291 [INFO] ADCParametersView:116 -                Rank 2 : true
2025-05-13 12:55:24,291 [INFO] ADCParametersView:116 -                Rank 3 : true
2025-05-13 12:55:24,291 [INFO] ADCParametersView:116 -                Rank 4 : true
2025-05-13 12:55:24,292 [INFO] ADCParametersView:116 -                Rank 1 : true
2025-05-13 12:55:24,292 [INFO] ADCParametersView:116 -                Rank 2 : true
2025-05-13 12:55:24,292 [INFO] ADCParametersView:116 -                Rank 3 : true
2025-05-13 12:55:24,292 [INFO] ADCParametersView:116 -                Rank 4 : true
2025-05-13 12:55:24,292 [INFO] ADCParametersView:116 -                Rank 1 : true
2025-05-13 12:55:24,292 [INFO] ADCParametersView:116 -                Rank 2 : true
2025-05-13 12:55:24,292 [INFO] ADCParametersView:116 -                Rank 3 : true
2025-05-13 12:55:24,292 [INFO] ADCParametersView:116 -                Rank 4 : true
2025-05-13 12:55:24,292 [INFO] ADCParametersView:116 -                Rank 1 : true
2025-05-13 12:55:24,292 [INFO] ADCParametersView:116 -                Rank 2 : true
2025-05-13 12:55:24,292 [INFO] ADCParametersView:116 -                Rank 3 : true
2025-05-13 12:55:24,292 [INFO] ADCParametersView:116 -                Rank 4 : true
2025-05-13 12:55:24,292 [INFO] ADCParametersView:116 -                Rank 1 : true
2025-05-13 12:55:24,292 [INFO] ADCParametersView:116 -                Rank 2 : true
2025-05-13 12:55:24,292 [INFO] ADCParametersView:116 -                Rank 3 : true
2025-05-13 12:55:24,292 [INFO] ADCParametersView:116 -                Rank 4 : true
2025-05-13 12:55:24,292 [INFO] ADCParametersView:116 -                Rank 1 : true
2025-05-13 12:55:24,292 [INFO] ADCParametersView:116 -                Rank 2 : true
2025-05-13 12:55:24,292 [INFO] ADCParametersView:116 -                Rank 3 : true
2025-05-13 12:55:24,292 [INFO] ADCParametersView:116 -                Rank 4 : true
2025-05-13 12:55:24,292 [INFO] ADCParametersView:116 -                Rank 1 : true
2025-05-13 12:55:24,292 [INFO] ADCParametersView:116 -                Rank 2 : true
2025-05-13 12:55:24,292 [INFO] ADCParametersView:116 -                Rank 3 : true
2025-05-13 12:55:24,292 [INFO] ADCParametersView:116 -                Rank 4 : true
2025-05-13 12:55:24,292 [INFO] ADCParametersView:116 -                Rank 1 : true
2025-05-13 12:55:24,292 [INFO] ADCParametersView:116 -                Rank 2 : true
2025-05-13 12:55:24,292 [INFO] ADCParametersView:116 -                Rank 3 : true
2025-05-13 12:55:24,292 [INFO] ADCParametersView:116 -                Rank 4 : true
2025-05-13 12:55:24,292 [INFO] ADCParametersView:116 -                Rank 2 : true
2025-05-13 12:55:24,293 [INFO] ADCParametersView:116 -                Rank 3 : true
2025-05-13 12:55:24,293 [INFO] ADCParametersView:116 -                Rank 4 : true
2025-05-13 12:55:24,293 [INFO] ADCParametersView:116 -                Rank 3 : true
2025-05-13 12:55:24,293 [INFO] ADCParametersView:116 -                Rank 4 : true
2025-05-13 12:55:24,293 [INFO] ADCParametersView:116 -                Rank 4 : true
2025-05-13 12:55:24,316 [INFO] ADCParametersView:116 -                Rank 1 : true
2025-05-13 12:55:24,316 [INFO] ADCParametersView:116 -                Rank 1 : true
2025-05-13 12:55:24,316 [INFO] ADCParametersView:116 -                Rank 2 : true
2025-05-13 12:55:24,316 [INFO] ADCParametersView:116 -                Rank 1 : true
2025-05-13 12:55:24,316 [INFO] ADCParametersView:116 -                Rank 2 : true
2025-05-13 12:55:24,316 [INFO] ADCParametersView:116 -                Rank 3 : true
2025-05-13 12:55:24,316 [INFO] ADCParametersView:116 -                Rank 1 : true
2025-05-13 12:55:24,316 [INFO] ADCParametersView:116 -                Rank 2 : true
2025-05-13 12:55:24,316 [INFO] ADCParametersView:116 -                Rank 3 : true
2025-05-13 12:55:24,316 [INFO] ADCParametersView:116 -                Rank 4 : true
2025-05-13 12:55:24,317 [INFO] ADCParametersView:116 -                Rank 1 : true
2025-05-13 12:55:24,317 [INFO] ADCParametersView:116 -                Rank 2 : true
2025-05-13 12:55:24,317 [INFO] ADCParametersView:116 -                Rank 3 : true
2025-05-13 12:55:24,317 [INFO] ADCParametersView:116 -                Rank 4 : true
2025-05-13 12:55:24,317 [INFO] ADCParametersView:116 -                Rank 1 : true
2025-05-13 12:55:24,317 [INFO] ADCParametersView:116 -                Rank 2 : true
2025-05-13 12:55:24,317 [INFO] ADCParametersView:116 -                Rank 3 : true
2025-05-13 12:55:24,317 [INFO] ADCParametersView:116 -                Rank 4 : true
2025-05-13 12:55:24,317 [INFO] ADCParametersView:116 -                Rank 1 : true
2025-05-13 12:55:24,318 [INFO] ADCParametersView:116 -                Rank 2 : true
2025-05-13 12:55:24,318 [INFO] ADCParametersView:116 -                Rank 3 : true
2025-05-13 12:55:24,318 [INFO] ADCParametersView:116 -                Rank 4 : true
2025-05-13 12:55:24,318 [INFO] ADCParametersView:116 -                Rank 1 : true
2025-05-13 12:55:24,318 [INFO] ADCParametersView:116 -                Rank 2 : true
2025-05-13 12:55:24,318 [INFO] ADCParametersView:116 -                Rank 3 : true
2025-05-13 12:55:24,318 [INFO] ADCParametersView:116 -                Rank 4 : true
2025-05-13 12:55:24,318 [INFO] ADCParametersView:116 -                Rank 1 : true
2025-05-13 12:55:24,318 [INFO] ADCParametersView:116 -                Rank 2 : true
2025-05-13 12:55:24,318 [INFO] ADCParametersView:116 -                Rank 3 : true
2025-05-13 12:55:24,318 [INFO] ADCParametersView:116 -                Rank 4 : true
2025-05-13 12:55:24,318 [INFO] ADCParametersView:116 -                Rank 1 : true
2025-05-13 12:55:24,318 [INFO] ADCParametersView:116 -                Rank 2 : true
2025-05-13 12:55:24,318 [INFO] ADCParametersView:116 -                Rank 3 : true
2025-05-13 12:55:24,318 [INFO] ADCParametersView:116 -                Rank 4 : true
2025-05-13 12:55:24,318 [INFO] ADCParametersView:116 -                Rank 1 : true
2025-05-13 12:55:24,318 [INFO] ADCParametersView:116 -                Rank 2 : true
2025-05-13 12:55:24,318 [INFO] ADCParametersView:116 -                Rank 3 : true
2025-05-13 12:55:24,318 [INFO] ADCParametersView:116 -                Rank 4 : true
2025-05-13 12:55:24,318 [INFO] ADCParametersView:116 -                Rank 1 : true
2025-05-13 12:55:24,318 [INFO] ADCParametersView:116 -                Rank 2 : true
2025-05-13 12:55:24,318 [INFO] ADCParametersView:116 -                Rank 3 : true
2025-05-13 12:55:24,318 [INFO] ADCParametersView:116 -                Rank 4 : true
2025-05-13 12:55:24,318 [INFO] ADCParametersView:116 -                Rank 1 : true
2025-05-13 12:55:24,318 [INFO] ADCParametersView:116 -                Rank 2 : true
2025-05-13 12:55:24,318 [INFO] ADCParametersView:116 -                Rank 3 : true
2025-05-13 12:55:24,318 [INFO] ADCParametersView:116 -                Rank 4 : true
2025-05-13 12:55:24,318 [INFO] ADCParametersView:116 -                Rank 1 : true
2025-05-13 12:55:24,318 [INFO] ADCParametersView:116 -                Rank 2 : true
2025-05-13 12:55:24,319 [INFO] ADCParametersView:116 -                Rank 3 : true
2025-05-13 12:55:24,319 [INFO] ADCParametersView:116 -                Rank 4 : true
2025-05-13 12:55:24,319 [INFO] ADCParametersView:116 -                Rank 1 : true
2025-05-13 12:55:24,319 [INFO] ADCParametersView:116 -                Rank 2 : true
2025-05-13 12:55:24,319 [INFO] ADCParametersView:116 -                Rank 3 : true
2025-05-13 12:55:24,319 [INFO] ADCParametersView:116 -                Rank 4 : true
2025-05-13 12:55:24,319 [INFO] ADCParametersView:116 -                Rank 1 : true
2025-05-13 12:55:24,319 [INFO] ADCParametersView:116 -                Rank 2 : true
2025-05-13 12:55:24,319 [INFO] ADCParametersView:116 -                Rank 3 : true
2025-05-13 12:55:24,319 [INFO] ADCParametersView:116 -                Rank 4 : true
2025-05-13 12:55:24,319 [INFO] ADCParametersView:116 -                Rank 1 : true
2025-05-13 12:55:24,319 [INFO] ADCParametersView:116 -                Rank 2 : true
2025-05-13 12:55:24,319 [INFO] ADCParametersView:116 -                Rank 3 : true
2025-05-13 12:55:24,319 [INFO] ADCParametersView:116 -                Rank 4 : true
2025-05-13 12:55:24,319 [INFO] ADCParametersView:116 -                Rank 1 : true
2025-05-13 12:55:24,319 [INFO] ADCParametersView:116 -                Rank 2 : true
2025-05-13 12:55:24,319 [INFO] ADCParametersView:116 -                Rank 3 : true
2025-05-13 12:55:24,319 [INFO] ADCParametersView:116 -                Rank 4 : true
2025-05-13 12:55:24,319 [INFO] ADCParametersView:116 -                Rank 2 : true
2025-05-13 12:55:24,319 [INFO] ADCParametersView:116 -                Rank 3 : true
2025-05-13 12:55:24,319 [INFO] ADCParametersView:116 -                Rank 4 : true
2025-05-13 12:55:24,319 [INFO] ADCParametersView:116 -                Rank 3 : true
2025-05-13 12:55:24,319 [INFO] ADCParametersView:116 -                Rank 4 : true
2025-05-13 12:55:24,319 [INFO] ADCParametersView:116 -                Rank 4 : true
2025-05-13 12:55:24,339 [INFO] ADCParametersView:116 -                Rank 1 : true
2025-05-13 12:55:24,339 [INFO] ADCParametersView:116 -                Rank 1 : true
2025-05-13 12:55:24,339 [INFO] ADCParametersView:116 -                Rank 2 : true
2025-05-13 12:55:24,339 [INFO] ADCParametersView:116 -                Rank 1 : true
2025-05-13 12:55:24,339 [INFO] ADCParametersView:116 -                Rank 2 : true
2025-05-13 12:55:24,339 [INFO] ADCParametersView:116 -                Rank 3 : true
2025-05-13 12:55:24,339 [INFO] ADCParametersView:116 -                Rank 1 : true
2025-05-13 12:55:24,339 [INFO] ADCParametersView:116 -                Rank 2 : true
2025-05-13 12:55:24,339 [INFO] ADCParametersView:116 -                Rank 3 : true
2025-05-13 12:55:24,339 [INFO] ADCParametersView:116 -                Rank 4 : true
2025-05-13 12:55:24,340 [INFO] ADCParametersView:116 -                Rank 1 : true
2025-05-13 12:55:24,340 [INFO] ADCParametersView:116 -                Rank 2 : true
2025-05-13 12:55:24,340 [INFO] ADCParametersView:116 -                Rank 3 : true
2025-05-13 12:55:24,340 [INFO] ADCParametersView:116 -                Rank 4 : true
2025-05-13 12:55:24,340 [INFO] ADCParametersView:116 -                Rank 1 : true
2025-05-13 12:55:24,340 [INFO] ADCParametersView:116 -                Rank 2 : true
2025-05-13 12:55:24,340 [INFO] ADCParametersView:116 -                Rank 3 : true
2025-05-13 12:55:24,340 [INFO] ADCParametersView:116 -                Rank 4 : true
2025-05-13 12:55:24,341 [INFO] ADCParametersView:116 -                Rank 1 : true
2025-05-13 12:55:24,341 [INFO] ADCParametersView:116 -                Rank 2 : true
2025-05-13 12:55:24,341 [INFO] ADCParametersView:116 -                Rank 3 : true
2025-05-13 12:55:24,341 [INFO] ADCParametersView:116 -                Rank 4 : true
2025-05-13 12:55:24,341 [INFO] ADCParametersView:116 -                Rank 1 : true
2025-05-13 12:55:24,341 [INFO] ADCParametersView:116 -                Rank 2 : true
2025-05-13 12:55:24,341 [INFO] ADCParametersView:116 -                Rank 3 : true
2025-05-13 12:55:24,341 [INFO] ADCParametersView:116 -                Rank 4 : true
2025-05-13 12:55:24,341 [INFO] ADCParametersView:116 -                Rank 1 : true
2025-05-13 12:55:24,341 [INFO] ADCParametersView:116 -                Rank 2 : true
2025-05-13 12:55:24,341 [INFO] ADCParametersView:116 -                Rank 3 : true
2025-05-13 12:55:24,341 [INFO] ADCParametersView:116 -                Rank 4 : true
2025-05-13 12:55:24,341 [INFO] ADCParametersView:116 -                Rank 1 : true
2025-05-13 12:55:24,341 [INFO] ADCParametersView:116 -                Rank 2 : true
2025-05-13 12:55:24,341 [INFO] ADCParametersView:116 -                Rank 3 : true
2025-05-13 12:55:24,341 [INFO] ADCParametersView:116 -                Rank 4 : true
2025-05-13 12:55:24,341 [INFO] ADCParametersView:116 -                Rank 1 : true
2025-05-13 12:55:24,341 [INFO] ADCParametersView:116 -                Rank 2 : true
2025-05-13 12:55:24,341 [INFO] ADCParametersView:116 -                Rank 3 : true
2025-05-13 12:55:24,341 [INFO] ADCParametersView:116 -                Rank 4 : true
2025-05-13 12:55:24,341 [INFO] ADCParametersView:116 -                Rank 1 : true
2025-05-13 12:55:24,341 [INFO] ADCParametersView:116 -                Rank 2 : true
2025-05-13 12:55:24,341 [INFO] ADCParametersView:116 -                Rank 3 : true
2025-05-13 12:55:24,341 [INFO] ADCParametersView:116 -                Rank 4 : true
2025-05-13 12:55:24,342 [INFO] ADCParametersView:116 -                Rank 1 : true
2025-05-13 12:55:24,342 [INFO] ADCParametersView:116 -                Rank 2 : true
2025-05-13 12:55:24,342 [INFO] ADCParametersView:116 -                Rank 3 : true
2025-05-13 12:55:24,342 [INFO] ADCParametersView:116 -                Rank 4 : true
2025-05-13 12:55:24,342 [INFO] ADCParametersView:116 -                Rank 1 : true
2025-05-13 12:55:24,342 [INFO] ADCParametersView:116 -                Rank 2 : true
2025-05-13 12:55:24,342 [INFO] ADCParametersView:116 -                Rank 3 : true
2025-05-13 12:55:24,342 [INFO] ADCParametersView:116 -                Rank 4 : true
2025-05-13 12:55:24,342 [INFO] ADCParametersView:116 -                Rank 1 : true
2025-05-13 12:55:24,342 [INFO] ADCParametersView:116 -                Rank 2 : true
2025-05-13 12:55:24,342 [INFO] ADCParametersView:116 -                Rank 3 : true
2025-05-13 12:55:24,342 [INFO] ADCParametersView:116 -                Rank 4 : true
2025-05-13 12:55:24,342 [INFO] ADCParametersView:116 -                Rank 1 : true
2025-05-13 12:55:24,342 [INFO] ADCParametersView:116 -                Rank 2 : true
2025-05-13 12:55:24,342 [INFO] ADCParametersView:116 -                Rank 3 : true
2025-05-13 12:55:24,342 [INFO] ADCParametersView:116 -                Rank 4 : true
2025-05-13 12:55:24,342 [INFO] ADCParametersView:116 -                Rank 1 : true
2025-05-13 12:55:24,342 [INFO] ADCParametersView:116 -                Rank 2 : true
2025-05-13 12:55:24,342 [INFO] ADCParametersView:116 -                Rank 3 : true
2025-05-13 12:55:24,342 [INFO] ADCParametersView:116 -                Rank 4 : true
2025-05-13 12:55:24,342 [INFO] ADCParametersView:116 -                Rank 1 : true
2025-05-13 12:55:24,342 [INFO] ADCParametersView:116 -                Rank 2 : true
2025-05-13 12:55:24,342 [INFO] ADCParametersView:116 -                Rank 3 : true
2025-05-13 12:55:24,343 [INFO] ADCParametersView:116 -                Rank 4 : true
2025-05-13 12:55:24,343 [INFO] ADCParametersView:116 -                Rank 2 : true
2025-05-13 12:55:24,343 [INFO] ADCParametersView:116 -                Rank 3 : true
2025-05-13 12:55:24,343 [INFO] ADCParametersView:116 -                Rank 4 : true
2025-05-13 12:55:24,343 [INFO] ADCParametersView:116 -                Rank 3 : true
2025-05-13 12:55:24,343 [INFO] ADCParametersView:116 -                Rank 4 : true
2025-05-13 12:55:24,343 [INFO] ADCParametersView:116 -                Rank 4 : true
2025-05-13 12:55:24,364 [INFO] ADCParametersView:116 -                Rank 1 : true
2025-05-13 12:55:24,364 [INFO] ADCParametersView:116 -                Rank 1 : true
2025-05-13 12:55:24,364 [INFO] ADCParametersView:116 -                Rank 2 : true
2025-05-13 12:55:24,364 [INFO] ADCParametersView:116 -                Rank 1 : true
2025-05-13 12:55:24,364 [INFO] ADCParametersView:116 -                Rank 2 : true
2025-05-13 12:55:24,364 [INFO] ADCParametersView:116 -                Rank 3 : true
2025-05-13 12:55:24,364 [INFO] ADCParametersView:116 -                Rank 1 : true
2025-05-13 12:55:24,364 [INFO] ADCParametersView:116 -                Rank 2 : true
2025-05-13 12:55:24,364 [INFO] ADCParametersView:116 -                Rank 3 : true
2025-05-13 12:55:24,364 [INFO] ADCParametersView:116 -                Rank 4 : true
2025-05-13 12:55:25,443 [INFO] ADCParametersView:116 -                Rank 1 : true
2025-05-13 12:55:25,443 [INFO] ADCParametersView:116 -                Rank 2 : true
2025-05-13 12:55:25,443 [INFO] ADCParametersView:116 -                Rank 3 : true
2025-05-13 12:55:25,443 [INFO] ADCParametersView:116 -                Rank 4 : true
2025-05-13 12:55:25,444 [INFO] ADCParametersView:116 -                Rank 1 : true
2025-05-13 12:55:25,444 [INFO] ADCParametersView:116 -                Rank 2 : true
2025-05-13 12:55:25,444 [INFO] ADCParametersView:116 -                Rank 3 : true
2025-05-13 12:55:25,444 [INFO] ADCParametersView:116 -                Rank 4 : true
2025-05-13 12:55:25,444 [INFO] ADCParametersView:116 -                Rank 1 : true
2025-05-13 12:55:25,444 [INFO] ADCParametersView:116 -                Rank 2 : true
2025-05-13 12:55:25,444 [INFO] ADCParametersView:116 -                Rank 3 : true
2025-05-13 12:55:25,444 [INFO] ADCParametersView:116 -                Rank 4 : true
2025-05-13 12:55:25,444 [INFO] ADCParametersView:116 -                Rank 1 : true
2025-05-13 12:55:25,444 [INFO] ADCParametersView:116 -                Rank 2 : true
2025-05-13 12:55:25,444 [INFO] ADCParametersView:116 -                Rank 3 : true
2025-05-13 12:55:25,444 [INFO] ADCParametersView:116 -                Rank 4 : true
2025-05-13 12:55:25,444 [INFO] ADCParametersView:116 -                Rank 1 : true
2025-05-13 12:55:25,444 [INFO] ADCParametersView:116 -                Rank 2 : true
2025-05-13 12:55:25,444 [INFO] ADCParametersView:116 -                Rank 3 : true
2025-05-13 12:55:25,444 [INFO] ADCParametersView:116 -                Rank 4 : true
2025-05-13 12:55:25,444 [INFO] ADCParametersView:116 -                Rank 1 : true
2025-05-13 12:55:25,445 [INFO] ADCParametersView:116 -                Rank 2 : true
2025-05-13 12:55:25,445 [INFO] ADCParametersView:116 -                Rank 3 : true
2025-05-13 12:55:25,445 [INFO] ADCParametersView:116 -                Rank 4 : true
2025-05-13 12:55:25,445 [INFO] ADCParametersView:116 -                Rank 1 : true
2025-05-13 12:55:25,445 [INFO] ADCParametersView:116 -                Rank 2 : true
2025-05-13 12:55:25,445 [INFO] ADCParametersView:116 -                Rank 3 : true
2025-05-13 12:55:25,445 [INFO] ADCParametersView:116 -                Rank 4 : true
2025-05-13 12:55:25,445 [INFO] ADCParametersView:116 -                Rank 1 : true
2025-05-13 12:55:25,445 [INFO] ADCParametersView:116 -                Rank 2 : true
2025-05-13 12:55:25,445 [INFO] ADCParametersView:116 -                Rank 3 : true
2025-05-13 12:55:25,445 [INFO] ADCParametersView:116 -                Rank 4 : true
2025-05-13 12:55:25,445 [INFO] ADCParametersView:116 -                Rank 1 : true
2025-05-13 12:55:25,445 [INFO] ADCParametersView:116 -                Rank 2 : true
2025-05-13 12:55:25,445 [INFO] ADCParametersView:116 -                Rank 3 : true
2025-05-13 12:55:25,445 [INFO] ADCParametersView:116 -                Rank 4 : true
2025-05-13 12:55:25,445 [INFO] ADCParametersView:116 -                Rank 1 : true
2025-05-13 12:55:25,445 [INFO] ADCParametersView:116 -                Rank 2 : true
2025-05-13 12:55:25,445 [INFO] ADCParametersView:116 -                Rank 3 : true
2025-05-13 12:55:25,445 [INFO] ADCParametersView:116 -                Rank 4 : true
2025-05-13 12:55:25,445 [INFO] ADCParametersView:116 -                Rank 1 : true
2025-05-13 12:55:25,445 [INFO] ADCParametersView:116 -                Rank 2 : true
2025-05-13 12:55:25,445 [INFO] ADCParametersView:116 -                Rank 3 : true
2025-05-13 12:55:25,445 [INFO] ADCParametersView:116 -                Rank 4 : true
2025-05-13 12:55:25,445 [INFO] ADCParametersView:116 -                Rank 1 : true
2025-05-13 12:55:25,445 [INFO] ADCParametersView:116 -                Rank 2 : true
2025-05-13 12:55:25,445 [INFO] ADCParametersView:116 -                Rank 3 : true
2025-05-13 12:55:25,446 [INFO] ADCParametersView:116 -                Rank 4 : true
2025-05-13 12:55:25,446 [INFO] ADCParametersView:116 -                Rank 1 : true
2025-05-13 12:55:25,446 [INFO] ADCParametersView:116 -                Rank 2 : true
2025-05-13 12:55:25,446 [INFO] ADCParametersView:116 -                Rank 3 : true
2025-05-13 12:55:25,446 [INFO] ADCParametersView:116 -                Rank 4 : true
2025-05-13 12:55:25,446 [INFO] ADCParametersView:116 -                Rank 1 : true
2025-05-13 12:55:25,446 [INFO] ADCParametersView:116 -                Rank 2 : true
2025-05-13 12:55:25,446 [INFO] ADCParametersView:116 -                Rank 3 : true
2025-05-13 12:55:25,446 [INFO] ADCParametersView:116 -                Rank 4 : true
2025-05-13 12:55:25,446 [INFO] ADCParametersView:116 -                Rank 2 : true
2025-05-13 12:55:25,446 [INFO] ADCParametersView:116 -                Rank 3 : true
2025-05-13 12:55:25,446 [INFO] ADCParametersView:116 -                Rank 4 : true
2025-05-13 12:55:25,446 [INFO] ADCParametersView:116 -                Rank 3 : true
2025-05-13 12:55:25,446 [INFO] ADCParametersView:116 -                Rank 4 : true
2025-05-13 12:55:25,446 [INFO] ADCParametersView:116 -                Rank 4 : true
2025-05-13 12:55:25,472 [INFO] ADCParametersView:116 -                Rank 1 : true
2025-05-13 12:55:25,472 [INFO] ADCParametersView:116 -                Rank 1 : true
2025-05-13 12:55:25,472 [INFO] ADCParametersView:116 -                Rank 2 : true
2025-05-13 12:55:25,472 [INFO] ADCParametersView:116 -                Rank 1 : true
2025-05-13 12:55:25,472 [INFO] ADCParametersView:116 -                Rank 2 : true
2025-05-13 12:55:25,472 [INFO] ADCParametersView:116 -                Rank 3 : true
2025-05-13 12:55:25,472 [INFO] ADCParametersView:116 -                Rank 1 : true
2025-05-13 12:55:25,472 [INFO] ADCParametersView:116 -                Rank 2 : true
2025-05-13 12:55:25,472 [INFO] ADCParametersView:116 -                Rank 3 : true
2025-05-13 12:55:25,472 [INFO] ADCParametersView:116 -                Rank 4 : true
2025-05-13 12:55:25,473 [INFO] ADCParametersView:116 -                Rank 1 : true
2025-05-13 12:55:25,473 [INFO] ADCParametersView:116 -                Rank 2 : true
2025-05-13 12:55:25,473 [INFO] ADCParametersView:116 -                Rank 3 : true
2025-05-13 12:55:25,473 [INFO] ADCParametersView:116 -                Rank 4 : true
2025-05-13 12:55:25,474 [INFO] ADCParametersView:116 -                Rank 1 : true
2025-05-13 12:55:25,474 [INFO] ADCParametersView:116 -                Rank 2 : true
2025-05-13 12:55:25,474 [INFO] ADCParametersView:116 -                Rank 3 : true
2025-05-13 12:55:25,474 [INFO] ADCParametersView:116 -                Rank 4 : true
2025-05-13 12:55:25,474 [INFO] ADCParametersView:116 -                Rank 1 : true
2025-05-13 12:55:25,474 [INFO] ADCParametersView:116 -                Rank 2 : true
2025-05-13 12:55:25,474 [INFO] ADCParametersView:116 -                Rank 3 : true
2025-05-13 12:55:25,474 [INFO] ADCParametersView:116 -                Rank 4 : true
2025-05-13 12:55:25,474 [INFO] ADCParametersView:116 -                Rank 1 : true
2025-05-13 12:55:25,474 [INFO] ADCParametersView:116 -                Rank 2 : true
2025-05-13 12:55:25,474 [INFO] ADCParametersView:116 -                Rank 3 : true
2025-05-13 12:55:25,474 [INFO] ADCParametersView:116 -                Rank 4 : true
2025-05-13 12:55:25,474 [INFO] ADCParametersView:116 -                Rank 1 : true
2025-05-13 12:55:25,474 [INFO] ADCParametersView:116 -                Rank 2 : true
2025-05-13 12:55:25,474 [INFO] ADCParametersView:116 -                Rank 3 : true
2025-05-13 12:55:25,474 [INFO] ADCParametersView:116 -                Rank 4 : true
2025-05-13 12:55:25,474 [INFO] ADCParametersView:116 -                Rank 1 : true
2025-05-13 12:55:25,474 [INFO] ADCParametersView:116 -                Rank 2 : true
2025-05-13 12:55:25,474 [INFO] ADCParametersView:116 -                Rank 3 : true
2025-05-13 12:55:25,474 [INFO] ADCParametersView:116 -                Rank 4 : true
2025-05-13 12:55:25,474 [INFO] ADCParametersView:116 -                Rank 1 : true
2025-05-13 12:55:25,475 [INFO] ADCParametersView:116 -                Rank 2 : true
2025-05-13 12:55:25,475 [INFO] ADCParametersView:116 -                Rank 3 : true
2025-05-13 12:55:25,475 [INFO] ADCParametersView:116 -                Rank 4 : true
2025-05-13 12:55:25,475 [INFO] ADCParametersView:116 -                Rank 1 : true
2025-05-13 12:55:25,475 [INFO] ADCParametersView:116 -                Rank 2 : true
2025-05-13 12:55:25,475 [INFO] ADCParametersView:116 -                Rank 3 : true
2025-05-13 12:55:25,475 [INFO] ADCParametersView:116 -                Rank 4 : true
2025-05-13 12:55:25,475 [INFO] ADCParametersView:116 -                Rank 1 : true
2025-05-13 12:55:25,475 [INFO] ADCParametersView:116 -                Rank 2 : true
2025-05-13 12:55:25,475 [INFO] ADCParametersView:116 -                Rank 3 : true
2025-05-13 12:55:25,475 [INFO] ADCParametersView:116 -                Rank 4 : true
2025-05-13 12:55:25,475 [INFO] ADCParametersView:116 -                Rank 1 : true
2025-05-13 12:55:25,475 [INFO] ADCParametersView:116 -                Rank 2 : true
2025-05-13 12:55:25,475 [INFO] ADCParametersView:116 -                Rank 3 : true
2025-05-13 12:55:25,475 [INFO] ADCParametersView:116 -                Rank 4 : true
2025-05-13 12:55:25,475 [INFO] ADCParametersView:116 -                Rank 1 : true
2025-05-13 12:55:25,475 [INFO] ADCParametersView:116 -                Rank 2 : true
2025-05-13 12:55:25,475 [INFO] ADCParametersView:116 -                Rank 3 : true
2025-05-13 12:55:25,475 [INFO] ADCParametersView:116 -                Rank 4 : true
2025-05-13 12:55:25,475 [INFO] ADCParametersView:116 -                Rank 1 : true
2025-05-13 12:55:25,475 [INFO] ADCParametersView:116 -                Rank 2 : true
2025-05-13 12:55:25,475 [INFO] ADCParametersView:116 -                Rank 3 : true
2025-05-13 12:55:25,475 [INFO] ADCParametersView:116 -                Rank 4 : true
2025-05-13 12:55:25,475 [INFO] ADCParametersView:116 -                Rank 1 : true
2025-05-13 12:55:25,475 [INFO] ADCParametersView:116 -                Rank 2 : true
2025-05-13 12:55:25,475 [INFO] ADCParametersView:116 -                Rank 3 : true
2025-05-13 12:55:25,475 [INFO] ADCParametersView:116 -                Rank 4 : true
2025-05-13 12:55:25,476 [INFO] ADCParametersView:116 -                Rank 1 : true
2025-05-13 12:55:25,476 [INFO] ADCParametersView:116 -                Rank 2 : true
2025-05-13 12:55:25,476 [INFO] ADCParametersView:116 -                Rank 3 : true
2025-05-13 12:55:25,476 [INFO] ADCParametersView:116 -                Rank 4 : true
2025-05-13 12:55:25,476 [INFO] ADCParametersView:116 -                Rank 2 : true
2025-05-13 12:55:25,476 [INFO] ADCParametersView:116 -                Rank 3 : true
2025-05-13 12:55:25,476 [INFO] ADCParametersView:116 -                Rank 4 : true
2025-05-13 12:55:25,476 [INFO] ADCParametersView:116 -                Rank 3 : true
2025-05-13 12:55:25,476 [INFO] ADCParametersView:116 -                Rank 4 : true
2025-05-13 12:55:25,476 [INFO] ADCParametersView:116 -                Rank 4 : true
2025-05-13 12:55:25,499 [INFO] ADCParametersView:116 -                Rank 1 : true
2025-05-13 12:55:25,499 [INFO] ADCParametersView:116 -                Rank 1 : true
2025-05-13 12:55:25,499 [INFO] ADCParametersView:116 -                Rank 2 : true
2025-05-13 12:55:25,500 [INFO] ADCParametersView:116 -                Rank 1 : true
2025-05-13 12:55:25,500 [INFO] ADCParametersView:116 -                Rank 2 : true
2025-05-13 12:55:25,500 [INFO] ADCParametersView:116 -                Rank 3 : true
2025-05-13 12:55:25,500 [INFO] ADCParametersView:116 -                Rank 1 : true
2025-05-13 12:55:25,500 [INFO] ADCParametersView:116 -                Rank 2 : true
2025-05-13 12:55:25,500 [INFO] ADCParametersView:116 -                Rank 3 : true
2025-05-13 12:55:25,500 [INFO] ADCParametersView:116 -                Rank 4 : true
2025-05-13 12:55:25,501 [INFO] ADCParametersView:116 -                Rank 1 : true
2025-05-13 12:55:25,501 [INFO] ADCParametersView:116 -                Rank 2 : true
2025-05-13 12:55:25,501 [INFO] ADCParametersView:116 -                Rank 3 : true
2025-05-13 12:55:25,501 [INFO] ADCParametersView:116 -                Rank 4 : true
2025-05-13 12:55:25,501 [INFO] ADCParametersView:116 -                Rank 1 : true
2025-05-13 12:55:25,501 [INFO] ADCParametersView:116 -                Rank 2 : true
2025-05-13 12:55:25,501 [INFO] ADCParametersView:116 -                Rank 3 : true
2025-05-13 12:55:25,501 [INFO] ADCParametersView:116 -                Rank 4 : true
2025-05-13 12:55:25,501 [INFO] ADCParametersView:116 -                Rank 1 : true
2025-05-13 12:55:25,501 [INFO] ADCParametersView:116 -                Rank 2 : true
2025-05-13 12:55:25,501 [INFO] ADCParametersView:116 -                Rank 3 : true
2025-05-13 12:55:25,501 [INFO] ADCParametersView:116 -                Rank 4 : true
2025-05-13 12:55:25,501 [INFO] ADCParametersView:116 -                Rank 1 : true
2025-05-13 12:55:25,502 [INFO] ADCParametersView:116 -                Rank 2 : true
2025-05-13 12:55:25,502 [INFO] ADCParametersView:116 -                Rank 3 : true
2025-05-13 12:55:25,502 [INFO] ADCParametersView:116 -                Rank 4 : true
2025-05-13 12:55:25,502 [INFO] ADCParametersView:116 -                Rank 1 : true
2025-05-13 12:55:25,502 [INFO] ADCParametersView:116 -                Rank 2 : true
2025-05-13 12:55:25,502 [INFO] ADCParametersView:116 -                Rank 3 : true
2025-05-13 12:55:25,502 [INFO] ADCParametersView:116 -                Rank 4 : true
2025-05-13 12:55:25,502 [INFO] ADCParametersView:116 -                Rank 1 : true
2025-05-13 12:55:25,502 [INFO] ADCParametersView:116 -                Rank 2 : true
2025-05-13 12:55:25,502 [INFO] ADCParametersView:116 -                Rank 3 : true
2025-05-13 12:55:25,502 [INFO] ADCParametersView:116 -                Rank 4 : true
2025-05-13 12:55:25,502 [INFO] ADCParametersView:116 -                Rank 1 : true
2025-05-13 12:55:25,502 [INFO] ADCParametersView:116 -                Rank 2 : true
2025-05-13 12:55:25,502 [INFO] ADCParametersView:116 -                Rank 3 : true
2025-05-13 12:55:25,502 [INFO] ADCParametersView:116 -                Rank 4 : true
2025-05-13 12:55:25,502 [INFO] ADCParametersView:116 -                Rank 1 : true
2025-05-13 12:55:25,502 [INFO] ADCParametersView:116 -                Rank 2 : true
2025-05-13 12:55:25,502 [INFO] ADCParametersView:116 -                Rank 3 : true
2025-05-13 12:55:25,502 [INFO] ADCParametersView:116 -                Rank 4 : true
2025-05-13 12:55:25,502 [INFO] ADCParametersView:116 -                Rank 1 : true
2025-05-13 12:55:25,502 [INFO] ADCParametersView:116 -                Rank 2 : true
2025-05-13 12:55:25,502 [INFO] ADCParametersView:116 -                Rank 3 : true
2025-05-13 12:55:25,502 [INFO] ADCParametersView:116 -                Rank 4 : true
2025-05-13 12:55:25,502 [INFO] ADCParametersView:116 -                Rank 1 : true
2025-05-13 12:55:25,502 [INFO] ADCParametersView:116 -                Rank 2 : true
2025-05-13 12:55:25,502 [INFO] ADCParametersView:116 -                Rank 3 : true
2025-05-13 12:55:25,502 [INFO] ADCParametersView:116 -                Rank 4 : true
2025-05-13 12:55:25,502 [INFO] ADCParametersView:116 -                Rank 1 : true
2025-05-13 12:55:25,502 [INFO] ADCParametersView:116 -                Rank 2 : true
2025-05-13 12:55:25,503 [INFO] ADCParametersView:116 -                Rank 3 : true
2025-05-13 12:55:25,503 [INFO] ADCParametersView:116 -                Rank 4 : true
2025-05-13 12:55:25,503 [INFO] ADCParametersView:116 -                Rank 1 : true
2025-05-13 12:55:25,503 [INFO] ADCParametersView:116 -                Rank 2 : true
2025-05-13 12:55:25,503 [INFO] ADCParametersView:116 -                Rank 3 : true
2025-05-13 12:55:25,503 [INFO] ADCParametersView:116 -                Rank 4 : true
2025-05-13 12:55:25,503 [INFO] ADCParametersView:116 -                Rank 1 : true
2025-05-13 12:55:25,503 [INFO] ADCParametersView:116 -                Rank 2 : true
2025-05-13 12:55:25,503 [INFO] ADCParametersView:116 -                Rank 3 : true
2025-05-13 12:55:25,503 [INFO] ADCParametersView:116 -                Rank 4 : true
2025-05-13 12:55:25,503 [INFO] ADCParametersView:116 -                Rank 1 : true
2025-05-13 12:55:25,503 [INFO] ADCParametersView:116 -                Rank 2 : true
2025-05-13 12:55:25,503 [INFO] ADCParametersView:116 -                Rank 3 : true
2025-05-13 12:55:25,503 [INFO] ADCParametersView:116 -                Rank 4 : true
2025-05-13 12:55:25,503 [INFO] ADCParametersView:116 -                Rank 2 : true
2025-05-13 12:55:25,503 [INFO] ADCParametersView:116 -                Rank 3 : true
2025-05-13 12:55:25,503 [INFO] ADCParametersView:116 -                Rank 4 : true
2025-05-13 12:55:25,503 [INFO] ADCParametersView:116 -                Rank 3 : true
2025-05-13 12:55:25,503 [INFO] ADCParametersView:116 -                Rank 4 : true
2025-05-13 12:55:25,503 [INFO] ADCParametersView:116 -                Rank 4 : true
2025-05-13 12:55:25,526 [INFO] ADCParametersView:116 -                Rank 1 : true
2025-05-13 12:55:25,526 [INFO] ADCParametersView:116 -                Rank 1 : true
2025-05-13 12:55:25,526 [INFO] ADCParametersView:116 -                Rank 2 : true
2025-05-13 12:55:25,526 [INFO] ADCParametersView:116 -                Rank 1 : true
2025-05-13 12:55:25,526 [INFO] ADCParametersView:116 -                Rank 2 : true
2025-05-13 12:55:25,526 [INFO] ADCParametersView:116 -                Rank 3 : true
2025-05-13 12:55:25,526 [INFO] ADCParametersView:116 -                Rank 1 : true
2025-05-13 12:55:25,526 [INFO] ADCParametersView:116 -                Rank 2 : true
2025-05-13 12:55:25,526 [INFO] ADCParametersView:116 -                Rank 3 : true
2025-05-13 12:55:25,526 [INFO] ADCParametersView:116 -                Rank 4 : true
2025-05-13 12:55:25,527 [INFO] ADCParametersView:116 -                Rank 1 : true
2025-05-13 12:55:25,527 [INFO] ADCParametersView:116 -                Rank 2 : true
2025-05-13 12:55:25,527 [INFO] ADCParametersView:116 -                Rank 3 : true
2025-05-13 12:55:25,527 [INFO] ADCParametersView:116 -                Rank 4 : true
2025-05-13 12:55:25,527 [INFO] ADCParametersView:116 -                Rank 1 : true
2025-05-13 12:55:25,527 [INFO] ADCParametersView:116 -                Rank 2 : true
2025-05-13 12:55:25,527 [INFO] ADCParametersView:116 -                Rank 3 : true
2025-05-13 12:55:25,528 [INFO] ADCParametersView:116 -                Rank 4 : true
2025-05-13 12:55:25,528 [INFO] ADCParametersView:116 -                Rank 1 : true
2025-05-13 12:55:25,528 [INFO] ADCParametersView:116 -                Rank 2 : true
2025-05-13 12:55:25,528 [INFO] ADCParametersView:116 -                Rank 3 : true
2025-05-13 12:55:25,528 [INFO] ADCParametersView:116 -                Rank 4 : true
2025-05-13 12:55:25,528 [INFO] ADCParametersView:116 -                Rank 1 : true
2025-05-13 12:55:25,528 [INFO] ADCParametersView:116 -                Rank 2 : true
2025-05-13 12:55:25,528 [INFO] ADCParametersView:116 -                Rank 3 : true
2025-05-13 12:55:25,528 [INFO] ADCParametersView:116 -                Rank 4 : true
2025-05-13 12:55:25,528 [INFO] ADCParametersView:116 -                Rank 1 : true
2025-05-13 12:55:25,528 [INFO] ADCParametersView:116 -                Rank 2 : true
2025-05-13 12:55:25,528 [INFO] ADCParametersView:116 -                Rank 3 : true
2025-05-13 12:55:25,528 [INFO] ADCParametersView:116 -                Rank 4 : true
2025-05-13 12:55:25,528 [INFO] ADCParametersView:116 -                Rank 1 : true
2025-05-13 12:55:25,528 [INFO] ADCParametersView:116 -                Rank 2 : true
2025-05-13 12:55:25,528 [INFO] ADCParametersView:116 -                Rank 3 : true
2025-05-13 12:55:25,528 [INFO] ADCParametersView:116 -                Rank 4 : true
2025-05-13 12:55:25,528 [INFO] ADCParametersView:116 -                Rank 1 : true
2025-05-13 12:55:25,528 [INFO] ADCParametersView:116 -                Rank 2 : true
2025-05-13 12:55:25,528 [INFO] ADCParametersView:116 -                Rank 3 : true
2025-05-13 12:55:25,528 [INFO] ADCParametersView:116 -                Rank 4 : true
2025-05-13 12:55:25,528 [INFO] ADCParametersView:116 -                Rank 1 : true
2025-05-13 12:55:25,528 [INFO] ADCParametersView:116 -                Rank 2 : true
2025-05-13 12:55:25,528 [INFO] ADCParametersView:116 -                Rank 3 : true
2025-05-13 12:55:25,528 [INFO] ADCParametersView:116 -                Rank 4 : true
2025-05-13 12:55:25,528 [INFO] ADCParametersView:116 -                Rank 1 : true
2025-05-13 12:55:25,528 [INFO] ADCParametersView:116 -                Rank 2 : true
2025-05-13 12:55:25,528 [INFO] ADCParametersView:116 -                Rank 3 : true
2025-05-13 12:55:25,528 [INFO] ADCParametersView:116 -                Rank 4 : true
2025-05-13 12:55:25,529 [INFO] ADCParametersView:116 -                Rank 1 : true
2025-05-13 12:55:25,529 [INFO] ADCParametersView:116 -                Rank 2 : true
2025-05-13 12:55:25,529 [INFO] ADCParametersView:116 -                Rank 3 : true
2025-05-13 12:55:25,529 [INFO] ADCParametersView:116 -                Rank 4 : true
2025-05-13 12:55:25,529 [INFO] ADCParametersView:116 -                Rank 1 : true
2025-05-13 12:55:25,529 [INFO] ADCParametersView:116 -                Rank 2 : true
2025-05-13 12:55:25,529 [INFO] ADCParametersView:116 -                Rank 3 : true
2025-05-13 12:55:25,529 [INFO] ADCParametersView:116 -                Rank 4 : true
2025-05-13 12:55:25,529 [INFO] ADCParametersView:116 -                Rank 1 : true
2025-05-13 12:55:25,529 [INFO] ADCParametersView:116 -                Rank 2 : true
2025-05-13 12:55:25,529 [INFO] ADCParametersView:116 -                Rank 3 : true
2025-05-13 12:55:25,529 [INFO] ADCParametersView:116 -                Rank 4 : true
2025-05-13 12:55:25,529 [INFO] ADCParametersView:116 -                Rank 1 : true
2025-05-13 12:55:25,529 [INFO] ADCParametersView:116 -                Rank 2 : true
2025-05-13 12:55:25,529 [INFO] ADCParametersView:116 -                Rank 3 : true
2025-05-13 12:55:25,529 [INFO] ADCParametersView:116 -                Rank 4 : true
2025-05-13 12:55:25,529 [INFO] ADCParametersView:116 -                Rank 1 : true
2025-05-13 12:55:25,529 [INFO] ADCParametersView:116 -                Rank 2 : true
2025-05-13 12:55:25,529 [INFO] ADCParametersView:116 -                Rank 3 : true
2025-05-13 12:55:25,529 [INFO] ADCParametersView:116 -                Rank 4 : true
2025-05-13 12:55:25,529 [INFO] ADCParametersView:116 -                Rank 2 : true
2025-05-13 12:55:25,529 [INFO] ADCParametersView:116 -                Rank 3 : true
2025-05-13 12:55:25,529 [INFO] ADCParametersView:116 -                Rank 4 : true
2025-05-13 12:55:25,529 [INFO] ADCParametersView:116 -                Rank 3 : true
2025-05-13 12:55:25,529 [INFO] ADCParametersView:116 -                Rank 4 : true
2025-05-13 12:55:25,529 [INFO] ADCParametersView:116 -                Rank 4 : true
2025-05-13 12:55:25,549 [INFO] ADCParametersView:116 -                Rank 1 : true
2025-05-13 12:55:25,549 [INFO] ADCParametersView:116 -                Rank 1 : true
2025-05-13 12:55:25,549 [INFO] ADCParametersView:116 -                Rank 2 : true
2025-05-13 12:55:25,549 [INFO] ADCParametersView:116 -                Rank 1 : true
2025-05-13 12:55:25,549 [INFO] ADCParametersView:116 -                Rank 2 : true
2025-05-13 12:55:25,549 [INFO] ADCParametersView:116 -                Rank 3 : true
2025-05-13 12:55:25,549 [INFO] ADCParametersView:116 -                Rank 1 : true
2025-05-13 12:55:25,549 [INFO] ADCParametersView:116 -                Rank 2 : true
2025-05-13 12:55:25,549 [INFO] ADCParametersView:116 -                Rank 3 : true
2025-05-13 12:55:25,549 [INFO] ADCParametersView:116 -                Rank 4 : true
2025-05-13 12:55:25,550 [INFO] ADCParametersView:116 -                Rank 1 : true
2025-05-13 12:55:25,550 [INFO] ADCParametersView:116 -                Rank 2 : true
2025-05-13 12:55:25,550 [INFO] ADCParametersView:116 -                Rank 3 : true
2025-05-13 12:55:25,550 [INFO] ADCParametersView:116 -                Rank 4 : true
2025-05-13 12:55:25,550 [INFO] ADCParametersView:116 -                Rank 1 : true
2025-05-13 12:55:25,550 [INFO] ADCParametersView:116 -                Rank 2 : true
2025-05-13 12:55:25,550 [INFO] ADCParametersView:116 -                Rank 3 : true
2025-05-13 12:55:25,551 [INFO] ADCParametersView:116 -                Rank 4 : true
2025-05-13 12:55:25,551 [INFO] ADCParametersView:116 -                Rank 1 : true
2025-05-13 12:55:25,551 [INFO] ADCParametersView:116 -                Rank 2 : true
2025-05-13 12:55:25,551 [INFO] ADCParametersView:116 -                Rank 3 : true
2025-05-13 12:55:25,551 [INFO] ADCParametersView:116 -                Rank 4 : true
2025-05-13 12:55:25,551 [INFO] ADCParametersView:116 -                Rank 1 : true
2025-05-13 12:55:25,551 [INFO] ADCParametersView:116 -                Rank 2 : true
2025-05-13 12:55:25,551 [INFO] ADCParametersView:116 -                Rank 3 : true
2025-05-13 12:55:25,551 [INFO] ADCParametersView:116 -                Rank 4 : true
2025-05-13 12:55:25,551 [INFO] ADCParametersView:116 -                Rank 1 : true
2025-05-13 12:55:25,551 [INFO] ADCParametersView:116 -                Rank 2 : true
2025-05-13 12:55:25,551 [INFO] ADCParametersView:116 -                Rank 3 : true
2025-05-13 12:55:25,551 [INFO] ADCParametersView:116 -                Rank 4 : true
2025-05-13 12:55:25,551 [INFO] ADCParametersView:116 -                Rank 1 : true
2025-05-13 12:55:25,551 [INFO] ADCParametersView:116 -                Rank 2 : true
2025-05-13 12:55:25,551 [INFO] ADCParametersView:116 -                Rank 3 : true
2025-05-13 12:55:25,551 [INFO] ADCParametersView:116 -                Rank 4 : true
2025-05-13 12:55:25,551 [INFO] ADCParametersView:116 -                Rank 1 : true
2025-05-13 12:55:25,551 [INFO] ADCParametersView:116 -                Rank 2 : true
2025-05-13 12:55:25,551 [INFO] ADCParametersView:116 -                Rank 3 : true
2025-05-13 12:55:25,551 [INFO] ADCParametersView:116 -                Rank 4 : true
2025-05-13 12:55:25,551 [INFO] ADCParametersView:116 -                Rank 1 : true
2025-05-13 12:55:25,551 [INFO] ADCParametersView:116 -                Rank 2 : true
2025-05-13 12:55:25,551 [INFO] ADCParametersView:116 -                Rank 3 : true
2025-05-13 12:55:25,551 [INFO] ADCParametersView:116 -                Rank 4 : true
2025-05-13 12:55:25,551 [INFO] ADCParametersView:116 -                Rank 1 : true
2025-05-13 12:55:25,551 [INFO] ADCParametersView:116 -                Rank 2 : true
2025-05-13 12:55:25,551 [INFO] ADCParametersView:116 -                Rank 3 : true
2025-05-13 12:55:25,551 [INFO] ADCParametersView:116 -                Rank 4 : true
2025-05-13 12:55:25,551 [INFO] ADCParametersView:116 -                Rank 1 : true
2025-05-13 12:55:25,551 [INFO] ADCParametersView:116 -                Rank 2 : true
2025-05-13 12:55:25,552 [INFO] ADCParametersView:116 -                Rank 3 : true
2025-05-13 12:55:25,552 [INFO] ADCParametersView:116 -                Rank 4 : true
2025-05-13 12:55:25,552 [INFO] ADCParametersView:116 -                Rank 1 : true
2025-05-13 12:55:25,552 [INFO] ADCParametersView:116 -                Rank 2 : true
2025-05-13 12:55:25,552 [INFO] ADCParametersView:116 -                Rank 3 : true
2025-05-13 12:55:25,552 [INFO] ADCParametersView:116 -                Rank 4 : true
2025-05-13 12:55:25,552 [INFO] ADCParametersView:116 -                Rank 1 : true
2025-05-13 12:55:25,552 [INFO] ADCParametersView:116 -                Rank 2 : true
2025-05-13 12:55:25,552 [INFO] ADCParametersView:116 -                Rank 3 : true
2025-05-13 12:55:25,552 [INFO] ADCParametersView:116 -                Rank 4 : true
2025-05-13 12:55:25,552 [INFO] ADCParametersView:116 -                Rank 1 : true
2025-05-13 12:55:25,552 [INFO] ADCParametersView:116 -                Rank 2 : true
2025-05-13 12:55:25,552 [INFO] ADCParametersView:116 -                Rank 3 : true
2025-05-13 12:55:25,552 [INFO] ADCParametersView:116 -                Rank 4 : true
2025-05-13 12:55:25,552 [INFO] ADCParametersView:116 -                Rank 1 : true
2025-05-13 12:55:25,552 [INFO] ADCParametersView:116 -                Rank 2 : true
2025-05-13 12:55:25,552 [INFO] ADCParametersView:116 -                Rank 3 : true
2025-05-13 12:55:25,552 [INFO] ADCParametersView:116 -                Rank 4 : true
2025-05-13 12:55:25,552 [INFO] ADCParametersView:116 -                Rank 2 : true
2025-05-13 12:55:25,552 [INFO] ADCParametersView:116 -                Rank 3 : true
2025-05-13 12:55:25,552 [INFO] ADCParametersView:116 -                Rank 4 : true
2025-05-13 12:55:25,552 [INFO] ADCParametersView:116 -                Rank 3 : true
2025-05-13 12:55:25,552 [INFO] ADCParametersView:116 -                Rank 4 : true
2025-05-13 12:55:25,552 [INFO] ADCParametersView:116 -                Rank 4 : true
2025-05-13 12:55:25,571 [INFO] ADCParametersView:116 -                Rank 1 : true
2025-05-13 12:55:25,571 [INFO] ADCParametersView:116 -                Rank 1 : true
2025-05-13 12:55:25,571 [INFO] ADCParametersView:116 -                Rank 2 : true
2025-05-13 12:55:25,572 [INFO] ADCParametersView:116 -                Rank 1 : true
2025-05-13 12:55:25,572 [INFO] ADCParametersView:116 -                Rank 2 : true
2025-05-13 12:55:25,572 [INFO] ADCParametersView:116 -                Rank 3 : true
2025-05-13 12:55:25,572 [INFO] ADCParametersView:116 -                Rank 1 : true
2025-05-13 12:55:25,572 [INFO] ADCParametersView:116 -                Rank 2 : true
2025-05-13 12:55:25,572 [INFO] ADCParametersView:116 -                Rank 3 : true
2025-05-13 12:55:25,572 [INFO] ADCParametersView:116 -                Rank 4 : true
2025-05-13 12:55:25,572 [INFO] ADCParametersView:116 -                Rank 1 : true
2025-05-13 12:55:25,572 [INFO] ADCParametersView:116 -                Rank 2 : true
2025-05-13 12:55:25,572 [INFO] ADCParametersView:116 -                Rank 3 : true
2025-05-13 12:55:25,572 [INFO] ADCParametersView:116 -                Rank 4 : true
2025-05-13 12:55:25,573 [INFO] ADCParametersView:116 -                Rank 1 : true
2025-05-13 12:55:25,573 [INFO] ADCParametersView:116 -                Rank 2 : true
2025-05-13 12:55:25,573 [INFO] ADCParametersView:116 -                Rank 3 : true
2025-05-13 12:55:25,573 [INFO] ADCParametersView:116 -                Rank 4 : true
2025-05-13 12:55:25,573 [INFO] ADCParametersView:116 -                Rank 1 : true
2025-05-13 12:55:25,573 [INFO] ADCParametersView:116 -                Rank 2 : true
2025-05-13 12:55:25,573 [INFO] ADCParametersView:116 -                Rank 3 : true
2025-05-13 12:55:25,573 [INFO] ADCParametersView:116 -                Rank 4 : true
2025-05-13 12:55:25,573 [INFO] ADCParametersView:116 -                Rank 1 : true
2025-05-13 12:55:25,573 [INFO] ADCParametersView:116 -                Rank 2 : true
2025-05-13 12:55:25,573 [INFO] ADCParametersView:116 -                Rank 3 : true
2025-05-13 12:55:25,573 [INFO] ADCParametersView:116 -                Rank 4 : true
2025-05-13 12:55:25,573 [INFO] ADCParametersView:116 -                Rank 1 : true
2025-05-13 12:55:25,573 [INFO] ADCParametersView:116 -                Rank 2 : true
2025-05-13 12:55:25,573 [INFO] ADCParametersView:116 -                Rank 3 : true
2025-05-13 12:55:25,573 [INFO] ADCParametersView:116 -                Rank 4 : true
2025-05-13 12:55:25,573 [INFO] ADCParametersView:116 -                Rank 1 : true
2025-05-13 12:55:25,573 [INFO] ADCParametersView:116 -                Rank 2 : true
2025-05-13 12:55:25,573 [INFO] ADCParametersView:116 -                Rank 3 : true
2025-05-13 12:55:25,573 [INFO] ADCParametersView:116 -                Rank 4 : true
2025-05-13 12:55:25,573 [INFO] ADCParametersView:116 -                Rank 1 : true
2025-05-13 12:55:25,573 [INFO] ADCParametersView:116 -                Rank 2 : true
2025-05-13 12:55:25,573 [INFO] ADCParametersView:116 -                Rank 3 : true
2025-05-13 12:55:25,573 [INFO] ADCParametersView:116 -                Rank 4 : true
2025-05-13 12:55:25,573 [INFO] ADCParametersView:116 -                Rank 1 : true
2025-05-13 12:55:25,573 [INFO] ADCParametersView:116 -                Rank 2 : true
2025-05-13 12:55:25,573 [INFO] ADCParametersView:116 -                Rank 3 : true
2025-05-13 12:55:25,573 [INFO] ADCParametersView:116 -                Rank 4 : true
2025-05-13 12:55:25,574 [INFO] ADCParametersView:116 -                Rank 1 : true
2025-05-13 12:55:25,574 [INFO] ADCParametersView:116 -                Rank 2 : true
2025-05-13 12:55:25,574 [INFO] ADCParametersView:116 -                Rank 3 : true
2025-05-13 12:55:25,574 [INFO] ADCParametersView:116 -                Rank 4 : true
2025-05-13 12:55:25,574 [INFO] ADCParametersView:116 -                Rank 1 : true
2025-05-13 12:55:25,574 [INFO] ADCParametersView:116 -                Rank 2 : true
2025-05-13 12:55:25,574 [INFO] ADCParametersView:116 -                Rank 3 : true
2025-05-13 12:55:25,574 [INFO] ADCParametersView:116 -                Rank 4 : true
2025-05-13 12:55:25,574 [INFO] ADCParametersView:116 -                Rank 1 : true
2025-05-13 12:55:25,574 [INFO] ADCParametersView:116 -                Rank 2 : true
2025-05-13 12:55:25,574 [INFO] ADCParametersView:116 -                Rank 3 : true
2025-05-13 12:55:25,574 [INFO] ADCParametersView:116 -                Rank 4 : true
2025-05-13 12:55:25,574 [INFO] ADCParametersView:116 -                Rank 1 : true
2025-05-13 12:55:25,574 [INFO] ADCParametersView:116 -                Rank 2 : true
2025-05-13 12:55:25,574 [INFO] ADCParametersView:116 -                Rank 3 : true
2025-05-13 12:55:25,574 [INFO] ADCParametersView:116 -                Rank 4 : true
2025-05-13 12:55:25,574 [INFO] ADCParametersView:116 -                Rank 1 : true
2025-05-13 12:55:25,574 [INFO] ADCParametersView:116 -                Rank 2 : true
2025-05-13 12:55:25,574 [INFO] ADCParametersView:116 -                Rank 3 : true
2025-05-13 12:55:25,574 [INFO] ADCParametersView:116 -                Rank 4 : true
2025-05-13 12:55:25,574 [INFO] ADCParametersView:116 -                Rank 1 : true
2025-05-13 12:55:25,574 [INFO] ADCParametersView:116 -                Rank 2 : true
2025-05-13 12:55:25,574 [INFO] ADCParametersView:116 -                Rank 3 : true
2025-05-13 12:55:25,574 [INFO] ADCParametersView:116 -                Rank 4 : true
2025-05-13 12:55:25,574 [INFO] ADCParametersView:116 -                Rank 2 : true
2025-05-13 12:55:25,574 [INFO] ADCParametersView:116 -                Rank 3 : true
2025-05-13 12:55:25,574 [INFO] ADCParametersView:116 -                Rank 4 : true
2025-05-13 12:55:25,574 [INFO] ADCParametersView:116 -                Rank 3 : true
2025-05-13 12:55:25,574 [INFO] ADCParametersView:116 -                Rank 4 : true
2025-05-13 12:55:25,574 [INFO] ADCParametersView:116 -                Rank 4 : true
2025-05-13 12:55:25,603 [INFO] ADCParametersView:116 -                Rank 1 : true
2025-05-13 12:55:25,603 [INFO] ADCParametersView:116 -                Rank 1 : true
2025-05-13 12:55:25,603 [INFO] ADCParametersView:116 -                Rank 2 : true
2025-05-13 12:55:25,603 [INFO] ADCParametersView:116 -                Rank 1 : true
2025-05-13 12:55:25,603 [INFO] ADCParametersView:116 -                Rank 2 : true
2025-05-13 12:55:25,603 [INFO] ADCParametersView:116 -                Rank 3 : true
2025-05-13 12:55:25,603 [INFO] ADCParametersView:116 -                Rank 1 : true
2025-05-13 12:55:25,603 [INFO] ADCParametersView:116 -                Rank 2 : true
2025-05-13 12:55:25,603 [INFO] ADCParametersView:116 -                Rank 3 : true
2025-05-13 12:55:25,603 [INFO] ADCParametersView:116 -                Rank 4 : true
2025-05-13 12:55:25,604 [INFO] ADCParametersView:116 -                Rank 1 : true
2025-05-13 12:55:25,604 [INFO] ADCParametersView:116 -                Rank 2 : true
2025-05-13 12:55:25,604 [INFO] ADCParametersView:116 -                Rank 3 : true
2025-05-13 12:55:25,604 [INFO] ADCParametersView:116 -                Rank 4 : true
2025-05-13 12:55:25,605 [INFO] ADCParametersView:116 -                Rank 1 : true
2025-05-13 12:55:25,605 [INFO] ADCParametersView:116 -                Rank 2 : true
2025-05-13 12:55:25,605 [INFO] ADCParametersView:116 -                Rank 3 : true
2025-05-13 12:55:25,605 [INFO] ADCParametersView:116 -                Rank 4 : true
2025-05-13 12:55:25,605 [INFO] ADCParametersView:116 -                Rank 1 : true
2025-05-13 12:55:25,605 [INFO] ADCParametersView:116 -                Rank 2 : true
2025-05-13 12:55:25,605 [INFO] ADCParametersView:116 -                Rank 3 : true
2025-05-13 12:55:25,605 [INFO] ADCParametersView:116 -                Rank 4 : true
2025-05-13 12:55:25,605 [INFO] ADCParametersView:116 -                Rank 1 : true
2025-05-13 12:55:25,605 [INFO] ADCParametersView:116 -                Rank 2 : true
2025-05-13 12:55:25,605 [INFO] ADCParametersView:116 -                Rank 3 : true
2025-05-13 12:55:25,605 [INFO] ADCParametersView:116 -                Rank 4 : true
2025-05-13 12:55:25,605 [INFO] ADCParametersView:116 -                Rank 1 : true
2025-05-13 12:55:25,605 [INFO] ADCParametersView:116 -                Rank 2 : true
2025-05-13 12:55:25,605 [INFO] ADCParametersView:116 -                Rank 3 : true
2025-05-13 12:55:25,605 [INFO] ADCParametersView:116 -                Rank 4 : true
2025-05-13 12:55:25,605 [INFO] ADCParametersView:116 -                Rank 1 : true
2025-05-13 12:55:25,605 [INFO] ADCParametersView:116 -                Rank 2 : true
2025-05-13 12:55:25,605 [INFO] ADCParametersView:116 -                Rank 3 : true
2025-05-13 12:55:25,605 [INFO] ADCParametersView:116 -                Rank 4 : true
2025-05-13 12:55:25,606 [INFO] ADCParametersView:116 -                Rank 1 : true
2025-05-13 12:55:25,606 [INFO] ADCParametersView:116 -                Rank 2 : true
2025-05-13 12:55:25,606 [INFO] ADCParametersView:116 -                Rank 3 : true
2025-05-13 12:55:25,606 [INFO] ADCParametersView:116 -                Rank 4 : true
2025-05-13 12:55:25,606 [INFO] ADCParametersView:116 -                Rank 1 : true
2025-05-13 12:55:25,606 [INFO] ADCParametersView:116 -                Rank 2 : true
2025-05-13 12:55:25,606 [INFO] ADCParametersView:116 -                Rank 3 : true
2025-05-13 12:55:25,606 [INFO] ADCParametersView:116 -                Rank 4 : true
2025-05-13 12:55:25,606 [INFO] ADCParametersView:116 -                Rank 1 : true
2025-05-13 12:55:25,606 [INFO] ADCParametersView:116 -                Rank 2 : true
2025-05-13 12:55:25,606 [INFO] ADCParametersView:116 -                Rank 3 : true
2025-05-13 12:55:25,606 [INFO] ADCParametersView:116 -                Rank 4 : true
2025-05-13 12:55:25,606 [INFO] ADCParametersView:116 -                Rank 1 : true
2025-05-13 12:55:25,606 [INFO] ADCParametersView:116 -                Rank 2 : true
2025-05-13 12:55:25,606 [INFO] ADCParametersView:116 -                Rank 3 : true
2025-05-13 12:55:25,606 [INFO] ADCParametersView:116 -                Rank 4 : true
2025-05-13 12:55:25,606 [INFO] ADCParametersView:116 -                Rank 1 : true
2025-05-13 12:55:25,606 [INFO] ADCParametersView:116 -                Rank 2 : true
2025-05-13 12:55:25,606 [INFO] ADCParametersView:116 -                Rank 3 : true
2025-05-13 12:55:25,606 [INFO] ADCParametersView:116 -                Rank 4 : true
2025-05-13 12:55:25,606 [INFO] ADCParametersView:116 -                Rank 1 : true
2025-05-13 12:55:25,606 [INFO] ADCParametersView:116 -                Rank 2 : true
2025-05-13 12:55:25,606 [INFO] ADCParametersView:116 -                Rank 3 : true
2025-05-13 12:55:25,606 [INFO] ADCParametersView:116 -                Rank 4 : true
2025-05-13 12:55:25,606 [INFO] ADCParametersView:116 -                Rank 1 : true
2025-05-13 12:55:25,606 [INFO] ADCParametersView:116 -                Rank 2 : true
2025-05-13 12:55:25,606 [INFO] ADCParametersView:116 -                Rank 3 : true
2025-05-13 12:55:25,606 [INFO] ADCParametersView:116 -                Rank 4 : true
2025-05-13 12:55:25,606 [INFO] ADCParametersView:116 -                Rank 1 : true
2025-05-13 12:55:25,606 [INFO] ADCParametersView:116 -                Rank 2 : true
2025-05-13 12:55:25,606 [INFO] ADCParametersView:116 -                Rank 3 : true
2025-05-13 12:55:25,606 [INFO] ADCParametersView:116 -                Rank 4 : true
2025-05-13 12:55:25,606 [INFO] ADCParametersView:116 -                Rank 2 : true
2025-05-13 12:55:25,606 [INFO] ADCParametersView:116 -                Rank 3 : true
2025-05-13 12:55:25,606 [INFO] ADCParametersView:116 -                Rank 4 : true
2025-05-13 12:55:25,606 [INFO] ADCParametersView:116 -                Rank 3 : true
2025-05-13 12:55:25,606 [INFO] ADCParametersView:116 -                Rank 4 : true
2025-05-13 12:55:25,607 [INFO] ADCParametersView:116 -                Rank 4 : true
2025-05-13 12:55:25,625 [INFO] ADCParametersView:116 -                Rank 1 : true
2025-05-13 12:55:25,625 [INFO] ADCParametersView:116 -                Rank 1 : true
2025-05-13 12:55:25,625 [INFO] ADCParametersView:116 -                Rank 2 : true
2025-05-13 12:55:25,625 [INFO] ADCParametersView:116 -                Rank 1 : true
2025-05-13 12:55:25,626 [INFO] ADCParametersView:116 -                Rank 2 : true
2025-05-13 12:55:25,626 [INFO] ADCParametersView:116 -                Rank 3 : true
2025-05-13 12:55:25,626 [INFO] ADCParametersView:116 -                Rank 1 : true
2025-05-13 12:55:25,626 [INFO] ADCParametersView:116 -                Rank 2 : true
2025-05-13 12:55:25,626 [INFO] ADCParametersView:116 -                Rank 3 : true
2025-05-13 12:55:25,626 [INFO] ADCParametersView:116 -                Rank 4 : true
2025-05-13 12:55:25,626 [INFO] ADCParametersView:116 -                Rank 1 : true
2025-05-13 12:55:25,626 [INFO] ADCParametersView:116 -                Rank 2 : true
2025-05-13 12:55:25,626 [INFO] ADCParametersView:116 -                Rank 3 : true
2025-05-13 12:55:25,626 [INFO] ADCParametersView:116 -                Rank 4 : true
2025-05-13 12:55:25,627 [INFO] ADCParametersView:116 -                Rank 1 : true
2025-05-13 12:55:25,627 [INFO] ADCParametersView:116 -                Rank 2 : true
2025-05-13 12:55:25,627 [INFO] ADCParametersView:116 -                Rank 3 : true
2025-05-13 12:55:25,627 [INFO] ADCParametersView:116 -                Rank 4 : true
2025-05-13 12:55:25,627 [INFO] ADCParametersView:116 -                Rank 1 : true
2025-05-13 12:55:25,627 [INFO] ADCParametersView:116 -                Rank 2 : true
2025-05-13 12:55:25,627 [INFO] ADCParametersView:116 -                Rank 3 : true
2025-05-13 12:55:25,627 [INFO] ADCParametersView:116 -                Rank 4 : true
2025-05-13 12:55:25,627 [INFO] ADCParametersView:116 -                Rank 1 : true
2025-05-13 12:55:25,627 [INFO] ADCParametersView:116 -                Rank 2 : true
2025-05-13 12:55:25,627 [INFO] ADCParametersView:116 -                Rank 3 : true
2025-05-13 12:55:25,627 [INFO] ADCParametersView:116 -                Rank 4 : true
2025-05-13 12:55:25,627 [INFO] ADCParametersView:116 -                Rank 1 : true
2025-05-13 12:55:25,627 [INFO] ADCParametersView:116 -                Rank 2 : true
2025-05-13 12:55:25,627 [INFO] ADCParametersView:116 -                Rank 3 : true
2025-05-13 12:55:25,627 [INFO] ADCParametersView:116 -                Rank 4 : true
2025-05-13 12:55:25,627 [INFO] ADCParametersView:116 -                Rank 1 : true
2025-05-13 12:55:25,627 [INFO] ADCParametersView:116 -                Rank 2 : true
2025-05-13 12:55:25,627 [INFO] ADCParametersView:116 -                Rank 3 : true
2025-05-13 12:55:25,627 [INFO] ADCParametersView:116 -                Rank 4 : true
2025-05-13 12:55:25,627 [INFO] ADCParametersView:116 -                Rank 1 : true
2025-05-13 12:55:25,627 [INFO] ADCParametersView:116 -                Rank 2 : true
2025-05-13 12:55:25,627 [INFO] ADCParametersView:116 -                Rank 3 : true
2025-05-13 12:55:25,627 [INFO] ADCParametersView:116 -                Rank 4 : true
2025-05-13 12:55:25,627 [INFO] ADCParametersView:116 -                Rank 1 : true
2025-05-13 12:55:25,627 [INFO] ADCParametersView:116 -                Rank 2 : true
2025-05-13 12:55:25,627 [INFO] ADCParametersView:116 -                Rank 3 : true
2025-05-13 12:55:25,627 [INFO] ADCParametersView:116 -                Rank 4 : true
2025-05-13 12:55:25,627 [INFO] ADCParametersView:116 -                Rank 1 : true
2025-05-13 12:55:25,628 [INFO] ADCParametersView:116 -                Rank 2 : true
2025-05-13 12:55:25,628 [INFO] ADCParametersView:116 -                Rank 3 : true
2025-05-13 12:55:25,628 [INFO] ADCParametersView:116 -                Rank 4 : true
2025-05-13 12:55:25,628 [INFO] ADCParametersView:116 -                Rank 1 : true
2025-05-13 12:55:25,628 [INFO] ADCParametersView:116 -                Rank 2 : true
2025-05-13 12:55:25,628 [INFO] ADCParametersView:116 -                Rank 3 : true
2025-05-13 12:55:25,628 [INFO] ADCParametersView:116 -                Rank 4 : true
2025-05-13 12:55:25,628 [INFO] ADCParametersView:116 -                Rank 1 : true
2025-05-13 12:55:25,628 [INFO] ADCParametersView:116 -                Rank 2 : true
2025-05-13 12:55:25,628 [INFO] ADCParametersView:116 -                Rank 3 : true
2025-05-13 12:55:25,628 [INFO] ADCParametersView:116 -                Rank 4 : true
2025-05-13 12:55:25,628 [INFO] ADCParametersView:116 -                Rank 1 : true
2025-05-13 12:55:25,628 [INFO] ADCParametersView:116 -                Rank 2 : true
2025-05-13 12:55:25,628 [INFO] ADCParametersView:116 -                Rank 3 : true
2025-05-13 12:55:25,628 [INFO] ADCParametersView:116 -                Rank 4 : true
2025-05-13 12:55:25,628 [INFO] ADCParametersView:116 -                Rank 1 : true
2025-05-13 12:55:25,628 [INFO] ADCParametersView:116 -                Rank 2 : true
2025-05-13 12:55:25,628 [INFO] ADCParametersView:116 -                Rank 3 : true
2025-05-13 12:55:25,628 [INFO] ADCParametersView:116 -                Rank 4 : true
2025-05-13 12:55:25,628 [INFO] ADCParametersView:116 -                Rank 1 : true
2025-05-13 12:55:25,628 [INFO] ADCParametersView:116 -                Rank 2 : true
2025-05-13 12:55:25,628 [INFO] ADCParametersView:116 -                Rank 3 : true
2025-05-13 12:55:25,628 [INFO] ADCParametersView:116 -                Rank 4 : true
2025-05-13 12:55:25,628 [INFO] ADCParametersView:116 -                Rank 2 : true
2025-05-13 12:55:25,628 [INFO] ADCParametersView:116 -                Rank 3 : true
2025-05-13 12:55:25,628 [INFO] ADCParametersView:116 -                Rank 4 : true
2025-05-13 12:55:25,628 [INFO] ADCParametersView:116 -                Rank 3 : true
2025-05-13 12:55:25,628 [INFO] ADCParametersView:116 -                Rank 4 : true
2025-05-13 12:55:25,628 [INFO] ADCParametersView:116 -                Rank 4 : true
2025-05-13 12:55:25,647 [INFO] ADCParametersView:116 -                Rank 1 : true
2025-05-13 12:55:25,648 [INFO] ADCParametersView:116 -                Rank 1 : true
2025-05-13 12:55:25,648 [INFO] ADCParametersView:116 -                Rank 2 : true
2025-05-13 12:55:25,648 [INFO] ADCParametersView:116 -                Rank 1 : true
2025-05-13 12:55:25,648 [INFO] ADCParametersView:116 -                Rank 2 : true
2025-05-13 12:55:25,648 [INFO] ADCParametersView:116 -                Rank 3 : true
2025-05-13 12:55:25,648 [INFO] ADCParametersView:116 -                Rank 1 : true
2025-05-13 12:55:25,648 [INFO] ADCParametersView:116 -                Rank 2 : true
2025-05-13 12:55:25,648 [INFO] ADCParametersView:116 -                Rank 3 : true
2025-05-13 12:55:25,648 [INFO] ADCParametersView:116 -                Rank 4 : true
2025-05-13 12:55:25,649 [INFO] ADCParametersView:116 -                Rank 1 : true
2025-05-13 12:55:25,649 [INFO] ADCParametersView:116 -                Rank 2 : true
2025-05-13 12:55:25,649 [INFO] ADCParametersView:116 -                Rank 3 : true
2025-05-13 12:55:25,649 [INFO] ADCParametersView:116 -                Rank 4 : true
2025-05-13 12:55:25,649 [INFO] ADCParametersView:116 -                Rank 1 : true
2025-05-13 12:55:25,649 [INFO] ADCParametersView:116 -                Rank 2 : true
2025-05-13 12:55:25,649 [INFO] ADCParametersView:116 -                Rank 3 : true
2025-05-13 12:55:25,649 [INFO] ADCParametersView:116 -                Rank 4 : true
2025-05-13 12:55:25,649 [INFO] ADCParametersView:116 -                Rank 1 : true
2025-05-13 12:55:25,649 [INFO] ADCParametersView:116 -                Rank 2 : true
2025-05-13 12:55:25,649 [INFO] ADCParametersView:116 -                Rank 3 : true
2025-05-13 12:55:25,649 [INFO] ADCParametersView:116 -                Rank 4 : true
2025-05-13 12:55:25,649 [INFO] ADCParametersView:116 -                Rank 1 : true
2025-05-13 12:55:25,649 [INFO] ADCParametersView:116 -                Rank 2 : true
2025-05-13 12:55:25,649 [INFO] ADCParametersView:116 -                Rank 3 : true
2025-05-13 12:55:25,649 [INFO] ADCParametersView:116 -                Rank 4 : true
2025-05-13 12:55:25,650 [INFO] ADCParametersView:116 -                Rank 1 : true
2025-05-13 12:55:25,650 [INFO] ADCParametersView:116 -                Rank 2 : true
2025-05-13 12:55:25,650 [INFO] ADCParametersView:116 -                Rank 3 : true
2025-05-13 12:55:25,650 [INFO] ADCParametersView:116 -                Rank 4 : true
2025-05-13 12:55:25,650 [INFO] ADCParametersView:116 -                Rank 1 : true
2025-05-13 12:55:25,650 [INFO] ADCParametersView:116 -                Rank 2 : true
2025-05-13 12:55:25,650 [INFO] ADCParametersView:116 -                Rank 3 : true
2025-05-13 12:55:25,650 [INFO] ADCParametersView:116 -                Rank 4 : true
2025-05-13 12:55:25,650 [INFO] ADCParametersView:116 -                Rank 1 : true
2025-05-13 12:55:25,650 [INFO] ADCParametersView:116 -                Rank 2 : true
2025-05-13 12:55:25,650 [INFO] ADCParametersView:116 -                Rank 3 : true
2025-05-13 12:55:25,650 [INFO] ADCParametersView:116 -                Rank 4 : true
2025-05-13 12:55:25,650 [INFO] ADCParametersView:116 -                Rank 1 : true
2025-05-13 12:55:25,650 [INFO] ADCParametersView:116 -                Rank 2 : true
2025-05-13 12:55:25,650 [INFO] ADCParametersView:116 -                Rank 3 : true
2025-05-13 12:55:25,650 [INFO] ADCParametersView:116 -                Rank 4 : true
2025-05-13 12:55:25,650 [INFO] ADCParametersView:116 -                Rank 1 : true
2025-05-13 12:55:25,650 [INFO] ADCParametersView:116 -                Rank 2 : true
2025-05-13 12:55:25,650 [INFO] ADCParametersView:116 -                Rank 3 : true
2025-05-13 12:55:25,650 [INFO] ADCParametersView:116 -                Rank 4 : true
2025-05-13 12:55:25,650 [INFO] ADCParametersView:116 -                Rank 1 : true
2025-05-13 12:55:25,650 [INFO] ADCParametersView:116 -                Rank 2 : true
2025-05-13 12:55:25,650 [INFO] ADCParametersView:116 -                Rank 3 : true
2025-05-13 12:55:25,650 [INFO] ADCParametersView:116 -                Rank 4 : true
2025-05-13 12:55:25,650 [INFO] ADCParametersView:116 -                Rank 1 : true
2025-05-13 12:55:25,650 [INFO] ADCParametersView:116 -                Rank 2 : true
2025-05-13 12:55:25,650 [INFO] ADCParametersView:116 -                Rank 3 : true
2025-05-13 12:55:25,650 [INFO] ADCParametersView:116 -                Rank 4 : true
2025-05-13 12:55:25,650 [INFO] ADCParametersView:116 -                Rank 1 : true
2025-05-13 12:55:25,650 [INFO] ADCParametersView:116 -                Rank 2 : true
2025-05-13 12:55:25,650 [INFO] ADCParametersView:116 -                Rank 3 : true
2025-05-13 12:55:25,650 [INFO] ADCParametersView:116 -                Rank 4 : true
2025-05-13 12:55:25,650 [INFO] ADCParametersView:116 -                Rank 1 : true
2025-05-13 12:55:25,650 [INFO] ADCParametersView:116 -                Rank 2 : true
2025-05-13 12:55:25,650 [INFO] ADCParametersView:116 -                Rank 3 : true
2025-05-13 12:55:25,651 [INFO] ADCParametersView:116 -                Rank 4 : true
2025-05-13 12:55:25,651 [INFO] ADCParametersView:116 -                Rank 1 : true
2025-05-13 12:55:25,651 [INFO] ADCParametersView:116 -                Rank 2 : true
2025-05-13 12:55:25,651 [INFO] ADCParametersView:116 -                Rank 3 : true
2025-05-13 12:55:25,651 [INFO] ADCParametersView:116 -                Rank 4 : true
2025-05-13 12:55:25,651 [INFO] ADCParametersView:116 -                Rank 2 : true
2025-05-13 12:55:25,651 [INFO] ADCParametersView:116 -                Rank 3 : true
2025-05-13 12:55:25,651 [INFO] ADCParametersView:116 -                Rank 4 : true
2025-05-13 12:55:25,651 [INFO] ADCParametersView:116 -                Rank 3 : true
2025-05-13 12:55:25,651 [INFO] ADCParametersView:116 -                Rank 4 : true
2025-05-13 12:55:25,651 [INFO] ADCParametersView:116 -                Rank 4 : true
2025-05-13 12:55:25,670 [INFO] ADCParametersView:116 -                Rank 1 : true
2025-05-13 12:55:25,670 [INFO] ADCParametersView:116 -                Rank 1 : true
2025-05-13 12:55:25,670 [INFO] ADCParametersView:116 -                Rank 2 : true
2025-05-13 12:55:25,670 [INFO] ADCParametersView:116 -                Rank 1 : true
2025-05-13 12:55:25,670 [INFO] ADCParametersView:116 -                Rank 2 : true
2025-05-13 12:55:25,670 [INFO] ADCParametersView:116 -                Rank 3 : true
2025-05-13 12:55:25,670 [INFO] ADCParametersView:116 -                Rank 1 : true
2025-05-13 12:55:25,670 [INFO] ADCParametersView:116 -                Rank 2 : true
2025-05-13 12:55:25,670 [INFO] ADCParametersView:116 -                Rank 3 : true
2025-05-13 12:55:25,670 [INFO] ADCParametersView:116 -                Rank 4 : true
2025-05-13 12:55:25,671 [INFO] ADCParametersView:116 -                Rank 1 : true
2025-05-13 12:55:25,671 [INFO] ADCParametersView:116 -                Rank 2 : true
2025-05-13 12:55:25,671 [INFO] ADCParametersView:116 -                Rank 3 : true
2025-05-13 12:55:25,671 [INFO] ADCParametersView:116 -                Rank 4 : true
2025-05-13 12:55:25,671 [INFO] ADCParametersView:116 -                Rank 1 : true
2025-05-13 12:55:25,671 [INFO] ADCParametersView:116 -                Rank 2 : true
2025-05-13 12:55:25,671 [INFO] ADCParametersView:116 -                Rank 3 : true
2025-05-13 12:55:25,671 [INFO] ADCParametersView:116 -                Rank 4 : true
2025-05-13 12:55:25,671 [INFO] ADCParametersView:116 -                Rank 1 : true
2025-05-13 12:55:25,672 [INFO] ADCParametersView:116 -                Rank 2 : true
2025-05-13 12:55:25,672 [INFO] ADCParametersView:116 -                Rank 3 : true
2025-05-13 12:55:25,672 [INFO] ADCParametersView:116 -                Rank 4 : true
2025-05-13 12:55:25,672 [INFO] ADCParametersView:116 -                Rank 1 : true
2025-05-13 12:55:25,672 [INFO] ADCParametersView:116 -                Rank 2 : true
2025-05-13 12:55:25,672 [INFO] ADCParametersView:116 -                Rank 3 : true
2025-05-13 12:55:25,672 [INFO] ADCParametersView:116 -                Rank 4 : true
2025-05-13 12:55:25,672 [INFO] ADCParametersView:116 -                Rank 1 : true
2025-05-13 12:55:25,672 [INFO] ADCParametersView:116 -                Rank 2 : true
2025-05-13 12:55:25,672 [INFO] ADCParametersView:116 -                Rank 3 : true
2025-05-13 12:55:25,672 [INFO] ADCParametersView:116 -                Rank 4 : true
2025-05-13 12:55:25,672 [INFO] ADCParametersView:116 -                Rank 1 : true
2025-05-13 12:55:25,672 [INFO] ADCParametersView:116 -                Rank 2 : true
2025-05-13 12:55:25,672 [INFO] ADCParametersView:116 -                Rank 3 : true
2025-05-13 12:55:25,672 [INFO] ADCParametersView:116 -                Rank 4 : true
2025-05-13 12:55:25,672 [INFO] ADCParametersView:116 -                Rank 1 : true
2025-05-13 12:55:25,672 [INFO] ADCParametersView:116 -                Rank 2 : true
2025-05-13 12:55:25,672 [INFO] ADCParametersView:116 -                Rank 3 : true
2025-05-13 12:55:25,672 [INFO] ADCParametersView:116 -                Rank 4 : true
2025-05-13 12:55:25,672 [INFO] ADCParametersView:116 -                Rank 1 : true
2025-05-13 12:55:25,672 [INFO] ADCParametersView:116 -                Rank 2 : true
2025-05-13 12:55:25,672 [INFO] ADCParametersView:116 -                Rank 3 : true
2025-05-13 12:55:25,672 [INFO] ADCParametersView:116 -                Rank 4 : true
2025-05-13 12:55:25,672 [INFO] ADCParametersView:116 -                Rank 1 : true
2025-05-13 12:55:25,672 [INFO] ADCParametersView:116 -                Rank 2 : true
2025-05-13 12:55:25,672 [INFO] ADCParametersView:116 -                Rank 3 : true
2025-05-13 12:55:25,672 [INFO] ADCParametersView:116 -                Rank 4 : true
2025-05-13 12:55:25,672 [INFO] ADCParametersView:116 -                Rank 1 : true
2025-05-13 12:55:25,672 [INFO] ADCParametersView:116 -                Rank 2 : true
2025-05-13 12:55:25,672 [INFO] ADCParametersView:116 -                Rank 3 : true
2025-05-13 12:55:25,672 [INFO] ADCParametersView:116 -                Rank 4 : true
2025-05-13 12:55:25,672 [INFO] ADCParametersView:116 -                Rank 1 : true
2025-05-13 12:55:25,672 [INFO] ADCParametersView:116 -                Rank 2 : true
2025-05-13 12:55:25,672 [INFO] ADCParametersView:116 -                Rank 3 : true
2025-05-13 12:55:25,672 [INFO] ADCParametersView:116 -                Rank 4 : true
2025-05-13 12:55:25,672 [INFO] ADCParametersView:116 -                Rank 1 : true
2025-05-13 12:55:25,672 [INFO] ADCParametersView:116 -                Rank 2 : true
2025-05-13 12:55:25,672 [INFO] ADCParametersView:116 -                Rank 3 : true
2025-05-13 12:55:25,672 [INFO] ADCParametersView:116 -                Rank 4 : true
2025-05-13 12:55:25,673 [INFO] ADCParametersView:116 -                Rank 1 : true
2025-05-13 12:55:25,673 [INFO] ADCParametersView:116 -                Rank 2 : true
2025-05-13 12:55:25,673 [INFO] ADCParametersView:116 -                Rank 3 : true
2025-05-13 12:55:25,673 [INFO] ADCParametersView:116 -                Rank 4 : true
2025-05-13 12:55:25,673 [INFO] ADCParametersView:116 -                Rank 1 : true
2025-05-13 12:55:25,673 [INFO] ADCParametersView:116 -                Rank 2 : true
2025-05-13 12:55:25,673 [INFO] ADCParametersView:116 -                Rank 3 : true
2025-05-13 12:55:25,673 [INFO] ADCParametersView:116 -                Rank 4 : true
2025-05-13 12:55:25,673 [INFO] ADCParametersView:116 -                Rank 2 : true
2025-05-13 12:55:25,673 [INFO] ADCParametersView:116 -                Rank 3 : true
2025-05-13 12:55:25,673 [INFO] ADCParametersView:116 -                Rank 4 : true
2025-05-13 12:55:25,673 [INFO] ADCParametersView:116 -                Rank 3 : true
2025-05-13 12:55:25,673 [INFO] ADCParametersView:116 -                Rank 4 : true
2025-05-13 12:55:25,673 [INFO] ADCParametersView:116 -                Rank 4 : true
2025-05-13 12:55:25,691 [INFO] ADCParametersView:116 -                Rank 1 : true
2025-05-13 12:55:25,691 [INFO] ADCParametersView:116 -                Rank 1 : true
2025-05-13 12:55:25,691 [INFO] ADCParametersView:116 -                Rank 2 : true
2025-05-13 12:55:25,691 [INFO] ADCParametersView:116 -                Rank 1 : true
2025-05-13 12:55:25,691 [INFO] ADCParametersView:116 -                Rank 2 : true
2025-05-13 12:55:25,691 [INFO] ADCParametersView:116 -                Rank 3 : true
2025-05-13 12:55:25,691 [INFO] ADCParametersView:116 -                Rank 1 : true
2025-05-13 12:55:25,691 [INFO] ADCParametersView:116 -                Rank 2 : true
2025-05-13 12:55:25,691 [INFO] ADCParametersView:116 -                Rank 3 : true
2025-05-13 12:55:25,691 [INFO] ADCParametersView:116 -                Rank 4 : true
2025-05-13 12:55:25,692 [INFO] ADCParametersView:116 -                Rank 1 : true
2025-05-13 12:55:25,692 [INFO] ADCParametersView:116 -                Rank 2 : true
2025-05-13 12:55:25,692 [INFO] ADCParametersView:116 -                Rank 3 : true
2025-05-13 12:55:25,692 [INFO] ADCParametersView:116 -                Rank 4 : true
2025-05-13 12:55:25,692 [INFO] ADCParametersView:116 -                Rank 1 : true
2025-05-13 12:55:25,692 [INFO] ADCParametersView:116 -                Rank 2 : true
2025-05-13 12:55:25,692 [INFO] ADCParametersView:116 -                Rank 3 : true
2025-05-13 12:55:25,692 [INFO] ADCParametersView:116 -                Rank 4 : true
2025-05-13 12:55:25,692 [INFO] ADCParametersView:116 -                Rank 1 : true
2025-05-13 12:55:25,692 [INFO] ADCParametersView:116 -                Rank 2 : true
2025-05-13 12:55:25,692 [INFO] ADCParametersView:116 -                Rank 3 : true
2025-05-13 12:55:25,692 [INFO] ADCParametersView:116 -                Rank 4 : true
2025-05-13 12:55:25,692 [INFO] ADCParametersView:116 -                Rank 1 : true
2025-05-13 12:55:25,692 [INFO] ADCParametersView:116 -                Rank 2 : true
2025-05-13 12:55:25,692 [INFO] ADCParametersView:116 -                Rank 3 : true
2025-05-13 12:55:25,692 [INFO] ADCParametersView:116 -                Rank 4 : true
2025-05-13 12:55:25,693 [INFO] ADCParametersView:116 -                Rank 1 : true
2025-05-13 12:55:25,693 [INFO] ADCParametersView:116 -                Rank 2 : true
2025-05-13 12:55:25,693 [INFO] ADCParametersView:116 -                Rank 3 : true
2025-05-13 12:55:25,693 [INFO] ADCParametersView:116 -                Rank 4 : true
2025-05-13 12:55:25,693 [INFO] ADCParametersView:116 -                Rank 1 : true
2025-05-13 12:55:25,693 [INFO] ADCParametersView:116 -                Rank 2 : true
2025-05-13 12:55:25,693 [INFO] ADCParametersView:116 -                Rank 3 : true
2025-05-13 12:55:25,693 [INFO] ADCParametersView:116 -                Rank 4 : true
2025-05-13 12:55:25,693 [INFO] ADCParametersView:116 -                Rank 1 : true
2025-05-13 12:55:25,693 [INFO] ADCParametersView:116 -                Rank 2 : true
2025-05-13 12:55:25,693 [INFO] ADCParametersView:116 -                Rank 3 : true
2025-05-13 12:55:25,693 [INFO] ADCParametersView:116 -                Rank 4 : true
2025-05-13 12:55:25,693 [INFO] ADCParametersView:116 -                Rank 1 : true
2025-05-13 12:55:25,693 [INFO] ADCParametersView:116 -                Rank 2 : true
2025-05-13 12:55:25,693 [INFO] ADCParametersView:116 -                Rank 3 : true
2025-05-13 12:55:25,693 [INFO] ADCParametersView:116 -                Rank 4 : true
2025-05-13 12:55:25,693 [INFO] ADCParametersView:116 -                Rank 1 : true
2025-05-13 12:55:25,693 [INFO] ADCParametersView:116 -                Rank 2 : true
2025-05-13 12:55:25,693 [INFO] ADCParametersView:116 -                Rank 3 : true
2025-05-13 12:55:25,693 [INFO] ADCParametersView:116 -                Rank 4 : true
2025-05-13 12:55:25,693 [INFO] ADCParametersView:116 -                Rank 1 : true
2025-05-13 12:55:25,693 [INFO] ADCParametersView:116 -                Rank 2 : true
2025-05-13 12:55:25,693 [INFO] ADCParametersView:116 -                Rank 3 : true
2025-05-13 12:55:25,693 [INFO] ADCParametersView:116 -                Rank 4 : true
2025-05-13 12:55:25,693 [INFO] ADCParametersView:116 -                Rank 1 : true
2025-05-13 12:55:25,693 [INFO] ADCParametersView:116 -                Rank 2 : true
2025-05-13 12:55:25,693 [INFO] ADCParametersView:116 -                Rank 3 : true
2025-05-13 12:55:25,693 [INFO] ADCParametersView:116 -                Rank 4 : true
2025-05-13 12:55:25,693 [INFO] ADCParametersView:116 -                Rank 1 : true
2025-05-13 12:55:25,693 [INFO] ADCParametersView:116 -                Rank 2 : true
2025-05-13 12:55:25,693 [INFO] ADCParametersView:116 -                Rank 3 : true
2025-05-13 12:55:25,693 [INFO] ADCParametersView:116 -                Rank 4 : true
2025-05-13 12:55:25,693 [INFO] ADCParametersView:116 -                Rank 1 : true
2025-05-13 12:55:25,693 [INFO] ADCParametersView:116 -                Rank 2 : true
2025-05-13 12:55:25,693 [INFO] ADCParametersView:116 -                Rank 3 : true
2025-05-13 12:55:25,693 [INFO] ADCParametersView:116 -                Rank 4 : true
2025-05-13 12:55:25,694 [INFO] ADCParametersView:116 -                Rank 1 : true
2025-05-13 12:55:25,694 [INFO] ADCParametersView:116 -                Rank 2 : true
2025-05-13 12:55:25,694 [INFO] ADCParametersView:116 -                Rank 3 : true
2025-05-13 12:55:25,694 [INFO] ADCParametersView:116 -                Rank 4 : true
2025-05-13 12:55:25,694 [INFO] ADCParametersView:116 -                Rank 2 : true
2025-05-13 12:55:25,694 [INFO] ADCParametersView:116 -                Rank 3 : true
2025-05-13 12:55:25,694 [INFO] ADCParametersView:116 -                Rank 4 : true
2025-05-13 12:55:25,694 [INFO] ADCParametersView:116 -                Rank 3 : true
2025-05-13 12:55:25,694 [INFO] ADCParametersView:116 -                Rank 4 : true
2025-05-13 12:55:25,694 [INFO] ADCParametersView:116 -                Rank 4 : true
2025-05-13 12:55:25,712 [INFO] ADCParametersView:116 -                Rank 1 : true
2025-05-13 12:55:25,712 [INFO] ADCParametersView:116 -                Rank 1 : true
2025-05-13 12:55:25,712 [INFO] ADCParametersView:116 -                Rank 2 : true
2025-05-13 12:55:25,712 [INFO] ADCParametersView:116 -                Rank 1 : true
2025-05-13 12:55:25,712 [INFO] ADCParametersView:116 -                Rank 2 : true
2025-05-13 12:55:25,712 [INFO] ADCParametersView:116 -                Rank 3 : true
2025-05-13 12:55:25,712 [INFO] ADCParametersView:116 -                Rank 1 : true
2025-05-13 12:55:25,712 [INFO] ADCParametersView:116 -                Rank 2 : true
2025-05-13 12:55:25,712 [INFO] ADCParametersView:116 -                Rank 3 : true
2025-05-13 12:55:25,712 [INFO] ADCParametersView:116 -                Rank 4 : true
2025-05-13 12:55:25,712 [INFO] ADCParametersView:116 -                Rank 1 : true
2025-05-13 12:55:25,713 [INFO] ADCParametersView:116 -                Rank 2 : true
2025-05-13 12:55:25,713 [INFO] ADCParametersView:116 -                Rank 3 : true
2025-05-13 12:55:25,713 [INFO] ADCParametersView:116 -                Rank 4 : true
2025-05-13 12:55:25,713 [INFO] ADCParametersView:116 -                Rank 1 : true
2025-05-13 12:55:25,713 [INFO] ADCParametersView:116 -                Rank 2 : true
2025-05-13 12:55:25,713 [INFO] ADCParametersView:116 -                Rank 3 : true
2025-05-13 12:55:25,713 [INFO] ADCParametersView:116 -                Rank 4 : true
2025-05-13 12:55:25,713 [INFO] ADCParametersView:116 -                Rank 1 : true
2025-05-13 12:55:25,713 [INFO] ADCParametersView:116 -                Rank 2 : true
2025-05-13 12:55:25,713 [INFO] ADCParametersView:116 -                Rank 3 : true
2025-05-13 12:55:25,713 [INFO] ADCParametersView:116 -                Rank 4 : true
2025-05-13 12:55:25,713 [INFO] ADCParametersView:116 -                Rank 1 : true
2025-05-13 12:55:25,713 [INFO] ADCParametersView:116 -                Rank 2 : true
2025-05-13 12:55:25,713 [INFO] ADCParametersView:116 -                Rank 3 : true
2025-05-13 12:55:25,713 [INFO] ADCParametersView:116 -                Rank 4 : true
2025-05-13 12:55:25,713 [INFO] ADCParametersView:116 -                Rank 1 : true
2025-05-13 12:55:25,713 [INFO] ADCParametersView:116 -                Rank 2 : true
2025-05-13 12:55:25,713 [INFO] ADCParametersView:116 -                Rank 3 : true
2025-05-13 12:55:25,713 [INFO] ADCParametersView:116 -                Rank 4 : true
2025-05-13 12:55:25,713 [INFO] ADCParametersView:116 -                Rank 1 : true
2025-05-13 12:55:25,713 [INFO] ADCParametersView:116 -                Rank 2 : true
2025-05-13 12:55:25,713 [INFO] ADCParametersView:116 -                Rank 3 : true
2025-05-13 12:55:25,713 [INFO] ADCParametersView:116 -                Rank 4 : true
2025-05-13 12:55:25,713 [INFO] ADCParametersView:116 -                Rank 1 : true
2025-05-13 12:55:25,714 [INFO] ADCParametersView:116 -                Rank 2 : true
2025-05-13 12:55:25,714 [INFO] ADCParametersView:116 -                Rank 3 : true
2025-05-13 12:55:25,714 [INFO] ADCParametersView:116 -                Rank 4 : true
2025-05-13 12:55:25,714 [INFO] ADCParametersView:116 -                Rank 1 : true
2025-05-13 12:55:25,714 [INFO] ADCParametersView:116 -                Rank 2 : true
2025-05-13 12:55:25,714 [INFO] ADCParametersView:116 -                Rank 3 : true
2025-05-13 12:55:25,714 [INFO] ADCParametersView:116 -                Rank 4 : true
2025-05-13 12:55:25,714 [INFO] ADCParametersView:116 -                Rank 1 : true
2025-05-13 12:55:25,714 [INFO] ADCParametersView:116 -                Rank 2 : true
2025-05-13 12:55:25,714 [INFO] ADCParametersView:116 -                Rank 3 : true
2025-05-13 12:55:25,714 [INFO] ADCParametersView:116 -                Rank 4 : true
2025-05-13 12:55:25,714 [INFO] ADCParametersView:116 -                Rank 1 : true
2025-05-13 12:55:25,714 [INFO] ADCParametersView:116 -                Rank 2 : true
2025-05-13 12:55:25,714 [INFO] ADCParametersView:116 -                Rank 3 : true
2025-05-13 12:55:25,714 [INFO] ADCParametersView:116 -                Rank 4 : true
2025-05-13 12:55:25,714 [INFO] ADCParametersView:116 -                Rank 1 : true
2025-05-13 12:55:25,714 [INFO] ADCParametersView:116 -                Rank 2 : true
2025-05-13 12:55:25,714 [INFO] ADCParametersView:116 -                Rank 3 : true
2025-05-13 12:55:25,714 [INFO] ADCParametersView:116 -                Rank 4 : true
2025-05-13 12:55:25,714 [INFO] ADCParametersView:116 -                Rank 1 : true
2025-05-13 12:55:25,714 [INFO] ADCParametersView:116 -                Rank 2 : true
2025-05-13 12:55:25,714 [INFO] ADCParametersView:116 -                Rank 3 : true
2025-05-13 12:55:25,714 [INFO] ADCParametersView:116 -                Rank 4 : true
2025-05-13 12:55:25,714 [INFO] ADCParametersView:116 -                Rank 1 : true
2025-05-13 12:55:25,714 [INFO] ADCParametersView:116 -                Rank 2 : true
2025-05-13 12:55:25,714 [INFO] ADCParametersView:116 -                Rank 3 : true
2025-05-13 12:55:25,714 [INFO] ADCParametersView:116 -                Rank 4 : true
2025-05-13 12:55:25,714 [INFO] ADCParametersView:116 -                Rank 1 : true
2025-05-13 12:55:25,714 [INFO] ADCParametersView:116 -                Rank 2 : true
2025-05-13 12:55:25,714 [INFO] ADCParametersView:116 -                Rank 3 : true
2025-05-13 12:55:25,714 [INFO] ADCParametersView:116 -                Rank 4 : true
2025-05-13 12:55:25,714 [INFO] ADCParametersView:116 -                Rank 2 : true
2025-05-13 12:55:25,714 [INFO] ADCParametersView:116 -                Rank 3 : true
2025-05-13 12:55:25,714 [INFO] ADCParametersView:116 -                Rank 4 : true
2025-05-13 12:55:25,714 [INFO] ADCParametersView:116 -                Rank 3 : true
2025-05-13 12:55:25,714 [INFO] ADCParametersView:116 -                Rank 4 : true
2025-05-13 12:55:25,714 [INFO] ADCParametersView:116 -                Rank 4 : true
2025-05-13 12:55:25,732 [INFO] ADCParametersView:116 -                Rank 1 : true
2025-05-13 12:55:25,732 [INFO] ADCParametersView:116 -                Rank 1 : true
2025-05-13 12:55:25,732 [INFO] ADCParametersView:116 -                Rank 2 : true
2025-05-13 12:55:25,732 [INFO] ADCParametersView:116 -                Rank 1 : true
2025-05-13 12:55:25,732 [INFO] ADCParametersView:116 -                Rank 2 : true
2025-05-13 12:55:25,732 [INFO] ADCParametersView:116 -                Rank 3 : true
2025-05-13 12:55:25,732 [INFO] ADCParametersView:116 -                Rank 1 : true
2025-05-13 12:55:25,732 [INFO] ADCParametersView:116 -                Rank 2 : true
2025-05-13 12:55:25,732 [INFO] ADCParametersView:116 -                Rank 3 : true
2025-05-13 12:55:25,732 [INFO] ADCParametersView:116 -                Rank 4 : true
2025-05-13 12:55:25,733 [INFO] ADCParametersView:116 -                Rank 1 : true
2025-05-13 12:55:25,733 [INFO] ADCParametersView:116 -                Rank 2 : true
2025-05-13 12:55:25,733 [INFO] ADCParametersView:116 -                Rank 3 : true
2025-05-13 12:55:25,733 [INFO] ADCParametersView:116 -                Rank 4 : true
2025-05-13 12:55:25,733 [INFO] ADCParametersView:116 -                Rank 1 : true
2025-05-13 12:55:25,733 [INFO] ADCParametersView:116 -                Rank 2 : true
2025-05-13 12:55:25,733 [INFO] ADCParametersView:116 -                Rank 3 : true
2025-05-13 12:55:25,734 [INFO] ADCParametersView:116 -                Rank 4 : true
2025-05-13 12:55:25,734 [INFO] ADCParametersView:116 -                Rank 1 : true
2025-05-13 12:55:25,734 [INFO] ADCParametersView:116 -                Rank 2 : true
2025-05-13 12:55:25,734 [INFO] ADCParametersView:116 -                Rank 3 : true
2025-05-13 12:55:25,734 [INFO] ADCParametersView:116 -                Rank 4 : true
2025-05-13 12:55:25,734 [INFO] ADCParametersView:116 -                Rank 1 : true
2025-05-13 12:55:25,734 [INFO] ADCParametersView:116 -                Rank 2 : true
2025-05-13 12:55:25,734 [INFO] ADCParametersView:116 -                Rank 3 : true
2025-05-13 12:55:25,734 [INFO] ADCParametersView:116 -                Rank 4 : true
2025-05-13 12:55:25,734 [INFO] ADCParametersView:116 -                Rank 1 : true
2025-05-13 12:55:25,734 [INFO] ADCParametersView:116 -                Rank 2 : true
2025-05-13 12:55:25,734 [INFO] ADCParametersView:116 -                Rank 3 : true
2025-05-13 12:55:25,734 [INFO] ADCParametersView:116 -                Rank 4 : true
2025-05-13 12:55:25,734 [INFO] ADCParametersView:116 -                Rank 1 : true
2025-05-13 12:55:25,734 [INFO] ADCParametersView:116 -                Rank 2 : true
2025-05-13 12:55:25,734 [INFO] ADCParametersView:116 -                Rank 3 : true
2025-05-13 12:55:25,734 [INFO] ADCParametersView:116 -                Rank 4 : true
2025-05-13 12:55:25,734 [INFO] ADCParametersView:116 -                Rank 1 : true
2025-05-13 12:55:25,734 [INFO] ADCParametersView:116 -                Rank 2 : true
2025-05-13 12:55:25,734 [INFO] ADCParametersView:116 -                Rank 3 : true
2025-05-13 12:55:25,734 [INFO] ADCParametersView:116 -                Rank 4 : true
2025-05-13 12:55:25,734 [INFO] ADCParametersView:116 -                Rank 1 : true
2025-05-13 12:55:25,734 [INFO] ADCParametersView:116 -                Rank 2 : true
2025-05-13 12:55:25,734 [INFO] ADCParametersView:116 -                Rank 3 : true
2025-05-13 12:55:25,734 [INFO] ADCParametersView:116 -                Rank 4 : true
2025-05-13 12:55:25,734 [INFO] ADCParametersView:116 -                Rank 1 : true
2025-05-13 12:55:25,734 [INFO] ADCParametersView:116 -                Rank 2 : true
2025-05-13 12:55:25,734 [INFO] ADCParametersView:116 -                Rank 3 : true
2025-05-13 12:55:25,734 [INFO] ADCParametersView:116 -                Rank 4 : true
2025-05-13 12:55:25,734 [INFO] ADCParametersView:116 -                Rank 1 : true
2025-05-13 12:55:25,734 [INFO] ADCParametersView:116 -                Rank 2 : true
2025-05-13 12:55:25,734 [INFO] ADCParametersView:116 -                Rank 3 : true
2025-05-13 12:55:25,734 [INFO] ADCParametersView:116 -                Rank 4 : true
2025-05-13 12:55:25,734 [INFO] ADCParametersView:116 -                Rank 1 : true
2025-05-13 12:55:25,734 [INFO] ADCParametersView:116 -                Rank 2 : true
2025-05-13 12:55:25,734 [INFO] ADCParametersView:116 -                Rank 3 : true
2025-05-13 12:55:25,734 [INFO] ADCParametersView:116 -                Rank 4 : true
2025-05-13 12:55:25,734 [INFO] ADCParametersView:116 -                Rank 1 : true
2025-05-13 12:55:25,735 [INFO] ADCParametersView:116 -                Rank 2 : true
2025-05-13 12:55:25,735 [INFO] ADCParametersView:116 -                Rank 3 : true
2025-05-13 12:55:25,735 [INFO] ADCParametersView:116 -                Rank 4 : true
2025-05-13 12:55:25,735 [INFO] ADCParametersView:116 -                Rank 1 : true
2025-05-13 12:55:25,735 [INFO] ADCParametersView:116 -                Rank 2 : true
2025-05-13 12:55:25,735 [INFO] ADCParametersView:116 -                Rank 3 : true
2025-05-13 12:55:25,735 [INFO] ADCParametersView:116 -                Rank 4 : true
2025-05-13 12:55:25,735 [INFO] ADCParametersView:116 -                Rank 1 : true
2025-05-13 12:55:25,735 [INFO] ADCParametersView:116 -                Rank 2 : true
2025-05-13 12:55:25,735 [INFO] ADCParametersView:116 -                Rank 3 : true
2025-05-13 12:55:25,735 [INFO] ADCParametersView:116 -                Rank 4 : true
2025-05-13 12:55:25,735 [INFO] ADCParametersView:116 -                Rank 2 : true
2025-05-13 12:55:25,735 [INFO] ADCParametersView:116 -                Rank 3 : true
2025-05-13 12:55:25,735 [INFO] ADCParametersView:116 -                Rank 4 : true
2025-05-13 12:55:25,735 [INFO] ADCParametersView:116 -                Rank 3 : true
2025-05-13 12:55:25,735 [INFO] ADCParametersView:116 -                Rank 4 : true
2025-05-13 12:55:25,735 [INFO] ADCParametersView:116 -                Rank 4 : true
2025-05-13 12:55:25,753 [INFO] ADCParametersView:116 -                Rank 1 : true
2025-05-13 12:55:25,753 [INFO] ADCParametersView:116 -                Rank 1 : true
2025-05-13 12:55:25,753 [INFO] ADCParametersView:116 -                Rank 2 : true
2025-05-13 12:55:25,753 [INFO] ADCParametersView:116 -                Rank 1 : true
2025-05-13 12:55:25,753 [INFO] ADCParametersView:116 -                Rank 2 : true
2025-05-13 12:55:25,753 [INFO] ADCParametersView:116 -                Rank 3 : true
2025-05-13 12:55:25,753 [INFO] ADCParametersView:116 -                Rank 1 : true
2025-05-13 12:55:25,753 [INFO] ADCParametersView:116 -                Rank 2 : true
2025-05-13 12:55:25,753 [INFO] ADCParametersView:116 -                Rank 3 : true
2025-05-13 12:55:25,753 [INFO] ADCParametersView:116 -                Rank 4 : true
2025-05-13 12:55:25,754 [INFO] ADCParametersView:116 -                Rank 1 : true
2025-05-13 12:55:25,754 [INFO] ADCParametersView:116 -                Rank 2 : true
2025-05-13 12:55:25,754 [INFO] ADCParametersView:116 -                Rank 3 : true
2025-05-13 12:55:25,754 [INFO] ADCParametersView:116 -                Rank 4 : true
2025-05-13 12:55:25,754 [INFO] ADCParametersView:116 -                Rank 1 : true
2025-05-13 12:55:25,754 [INFO] ADCParametersView:116 -                Rank 2 : true
2025-05-13 12:55:25,754 [INFO] ADCParametersView:116 -                Rank 3 : true
2025-05-13 12:55:25,754 [INFO] ADCParametersView:116 -                Rank 4 : true
2025-05-13 12:55:25,754 [INFO] ADCParametersView:116 -                Rank 1 : true
2025-05-13 12:55:25,754 [INFO] ADCParametersView:116 -                Rank 2 : true
2025-05-13 12:55:25,754 [INFO] ADCParametersView:116 -                Rank 3 : true
2025-05-13 12:55:25,754 [INFO] ADCParametersView:116 -                Rank 4 : true
2025-05-13 12:55:25,755 [INFO] ADCParametersView:116 -                Rank 1 : true
2025-05-13 12:55:25,755 [INFO] ADCParametersView:116 -                Rank 2 : true
2025-05-13 12:55:25,755 [INFO] ADCParametersView:116 -                Rank 3 : true
2025-05-13 12:55:25,755 [INFO] ADCParametersView:116 -                Rank 4 : true
2025-05-13 12:55:25,755 [INFO] ADCParametersView:116 -                Rank 1 : true
2025-05-13 12:55:25,755 [INFO] ADCParametersView:116 -                Rank 2 : true
2025-05-13 12:55:25,755 [INFO] ADCParametersView:116 -                Rank 3 : true
2025-05-13 12:55:25,755 [INFO] ADCParametersView:116 -                Rank 4 : true
2025-05-13 12:55:25,755 [INFO] ADCParametersView:116 -                Rank 1 : true
2025-05-13 12:55:25,755 [INFO] ADCParametersView:116 -                Rank 2 : true
2025-05-13 12:55:25,755 [INFO] ADCParametersView:116 -                Rank 3 : true
2025-05-13 12:55:25,755 [INFO] ADCParametersView:116 -                Rank 4 : true
2025-05-13 12:55:25,755 [INFO] ADCParametersView:116 -                Rank 1 : true
2025-05-13 12:55:25,755 [INFO] ADCParametersView:116 -                Rank 2 : true
2025-05-13 12:55:25,755 [INFO] ADCParametersView:116 -                Rank 3 : true
2025-05-13 12:55:25,755 [INFO] ADCParametersView:116 -                Rank 4 : true
2025-05-13 12:55:25,755 [INFO] ADCParametersView:116 -                Rank 1 : true
2025-05-13 12:55:25,755 [INFO] ADCParametersView:116 -                Rank 2 : true
2025-05-13 12:55:25,755 [INFO] ADCParametersView:116 -                Rank 3 : true
2025-05-13 12:55:25,755 [INFO] ADCParametersView:116 -                Rank 4 : true
2025-05-13 12:55:25,755 [INFO] ADCParametersView:116 -                Rank 1 : true
2025-05-13 12:55:25,755 [INFO] ADCParametersView:116 -                Rank 2 : true
2025-05-13 12:55:25,755 [INFO] ADCParametersView:116 -                Rank 3 : true
2025-05-13 12:55:25,755 [INFO] ADCParametersView:116 -                Rank 4 : true
2025-05-13 12:55:25,755 [INFO] ADCParametersView:116 -                Rank 1 : true
2025-05-13 12:55:25,755 [INFO] ADCParametersView:116 -                Rank 2 : true
2025-05-13 12:55:25,755 [INFO] ADCParametersView:116 -                Rank 3 : true
2025-05-13 12:55:25,755 [INFO] ADCParametersView:116 -                Rank 4 : true
2025-05-13 12:55:25,755 [INFO] ADCParametersView:116 -                Rank 1 : true
2025-05-13 12:55:25,755 [INFO] ADCParametersView:116 -                Rank 2 : true
2025-05-13 12:55:25,755 [INFO] ADCParametersView:116 -                Rank 3 : true
2025-05-13 12:55:25,755 [INFO] ADCParametersView:116 -                Rank 4 : true
2025-05-13 12:55:25,755 [INFO] ADCParametersView:116 -                Rank 1 : true
2025-05-13 12:55:25,755 [INFO] ADCParametersView:116 -                Rank 2 : true
2025-05-13 12:55:25,755 [INFO] ADCParametersView:116 -                Rank 3 : true
2025-05-13 12:55:25,755 [INFO] ADCParametersView:116 -                Rank 4 : true
2025-05-13 12:55:25,755 [INFO] ADCParametersView:116 -                Rank 1 : true
2025-05-13 12:55:25,755 [INFO] ADCParametersView:116 -                Rank 2 : true
2025-05-13 12:55:25,755 [INFO] ADCParametersView:116 -                Rank 3 : true
2025-05-13 12:55:25,756 [INFO] ADCParametersView:116 -                Rank 4 : true
2025-05-13 12:55:25,756 [INFO] ADCParametersView:116 -                Rank 1 : true
2025-05-13 12:55:25,756 [INFO] ADCParametersView:116 -                Rank 2 : true
2025-05-13 12:55:25,756 [INFO] ADCParametersView:116 -                Rank 3 : true
2025-05-13 12:55:25,756 [INFO] ADCParametersView:116 -                Rank 4 : true
2025-05-13 12:55:25,756 [INFO] ADCParametersView:116 -                Rank 2 : true
2025-05-13 12:55:25,756 [INFO] ADCParametersView:116 -                Rank 3 : true
2025-05-13 12:55:25,756 [INFO] ADCParametersView:116 -                Rank 4 : true
2025-05-13 12:55:25,756 [INFO] ADCParametersView:116 -                Rank 3 : true
2025-05-13 12:55:25,756 [INFO] ADCParametersView:116 -                Rank 4 : true
2025-05-13 12:55:25,756 [INFO] ADCParametersView:116 -                Rank 4 : true
2025-05-13 12:55:25,774 [INFO] ADCParametersView:116 -                Rank 1 : true
2025-05-13 12:55:25,774 [INFO] ADCParametersView:116 -                Rank 1 : true
2025-05-13 12:55:25,775 [INFO] ADCParametersView:116 -                Rank 2 : true
2025-05-13 12:55:25,775 [INFO] ADCParametersView:116 -                Rank 1 : true
2025-05-13 12:55:25,775 [INFO] ADCParametersView:116 -                Rank 2 : true
2025-05-13 12:55:25,775 [INFO] ADCParametersView:116 -                Rank 3 : true
2025-05-13 12:55:25,775 [INFO] ADCParametersView:116 -                Rank 1 : true
2025-05-13 12:55:25,775 [INFO] ADCParametersView:116 -                Rank 2 : true
2025-05-13 12:55:25,775 [INFO] ADCParametersView:116 -                Rank 3 : true
2025-05-13 12:55:25,775 [INFO] ADCParametersView:116 -                Rank 4 : true
2025-05-13 12:55:25,775 [INFO] ADCParametersView:116 -                Rank 1 : true
2025-05-13 12:55:25,775 [INFO] ADCParametersView:116 -                Rank 2 : true
2025-05-13 12:55:25,776 [INFO] ADCParametersView:116 -                Rank 3 : true
2025-05-13 12:55:25,776 [INFO] ADCParametersView:116 -                Rank 4 : true
2025-05-13 12:55:25,776 [INFO] ADCParametersView:116 -                Rank 1 : true
2025-05-13 12:55:25,776 [INFO] ADCParametersView:116 -                Rank 2 : true
2025-05-13 12:55:25,776 [INFO] ADCParametersView:116 -                Rank 3 : true
2025-05-13 12:55:25,776 [INFO] ADCParametersView:116 -                Rank 4 : true
2025-05-13 12:55:25,776 [INFO] ADCParametersView:116 -                Rank 1 : true
2025-05-13 12:55:25,776 [INFO] ADCParametersView:116 -                Rank 2 : true
2025-05-13 12:55:25,776 [INFO] ADCParametersView:116 -                Rank 3 : true
2025-05-13 12:55:25,776 [INFO] ADCParametersView:116 -                Rank 4 : true
2025-05-13 12:55:25,776 [INFO] ADCParametersView:116 -                Rank 1 : true
2025-05-13 12:55:25,776 [INFO] ADCParametersView:116 -                Rank 2 : true
2025-05-13 12:55:25,776 [INFO] ADCParametersView:116 -                Rank 3 : true
2025-05-13 12:55:25,776 [INFO] ADCParametersView:116 -                Rank 4 : true
2025-05-13 12:55:25,777 [INFO] ADCParametersView:116 -                Rank 1 : true
2025-05-13 12:55:25,777 [INFO] ADCParametersView:116 -                Rank 2 : true
2025-05-13 12:55:25,777 [INFO] ADCParametersView:116 -                Rank 3 : true
2025-05-13 12:55:25,777 [INFO] ADCParametersView:116 -                Rank 4 : true
2025-05-13 12:55:25,777 [INFO] ADCParametersView:116 -                Rank 1 : true
2025-05-13 12:55:25,777 [INFO] ADCParametersView:116 -                Rank 2 : true
2025-05-13 12:55:25,777 [INFO] ADCParametersView:116 -                Rank 3 : true
2025-05-13 12:55:25,777 [INFO] ADCParametersView:116 -                Rank 4 : true
2025-05-13 12:55:25,777 [INFO] ADCParametersView:116 -                Rank 1 : true
2025-05-13 12:55:25,777 [INFO] ADCParametersView:116 -                Rank 2 : true
2025-05-13 12:55:25,777 [INFO] ADCParametersView:116 -                Rank 3 : true
2025-05-13 12:55:25,777 [INFO] ADCParametersView:116 -                Rank 4 : true
2025-05-13 12:55:25,777 [INFO] ADCParametersView:116 -                Rank 1 : true
2025-05-13 12:55:25,777 [INFO] ADCParametersView:116 -                Rank 2 : true
2025-05-13 12:55:25,777 [INFO] ADCParametersView:116 -                Rank 3 : true
2025-05-13 12:55:25,777 [INFO] ADCParametersView:116 -                Rank 4 : true
2025-05-13 12:55:25,777 [INFO] ADCParametersView:116 -                Rank 1 : true
2025-05-13 12:55:25,777 [INFO] ADCParametersView:116 -                Rank 2 : true
2025-05-13 12:55:25,777 [INFO] ADCParametersView:116 -                Rank 3 : true
2025-05-13 12:55:25,777 [INFO] ADCParametersView:116 -                Rank 4 : true
2025-05-13 12:55:25,777 [INFO] ADCParametersView:116 -                Rank 1 : true
2025-05-13 12:55:25,777 [INFO] ADCParametersView:116 -                Rank 2 : true
2025-05-13 12:55:25,777 [INFO] ADCParametersView:116 -                Rank 3 : true
2025-05-13 12:55:25,777 [INFO] ADCParametersView:116 -                Rank 4 : true
2025-05-13 12:55:25,777 [INFO] ADCParametersView:116 -                Rank 1 : true
2025-05-13 12:55:25,777 [INFO] ADCParametersView:116 -                Rank 2 : true
2025-05-13 12:55:25,777 [INFO] ADCParametersView:116 -                Rank 3 : true
2025-05-13 12:55:25,777 [INFO] ADCParametersView:116 -                Rank 4 : true
2025-05-13 12:55:25,777 [INFO] ADCParametersView:116 -                Rank 1 : true
2025-05-13 12:55:25,777 [INFO] ADCParametersView:116 -                Rank 2 : true
2025-05-13 12:55:25,777 [INFO] ADCParametersView:116 -                Rank 3 : true
2025-05-13 12:55:25,777 [INFO] ADCParametersView:116 -                Rank 4 : true
2025-05-13 12:55:25,777 [INFO] ADCParametersView:116 -                Rank 1 : true
2025-05-13 12:55:25,777 [INFO] ADCParametersView:116 -                Rank 2 : true
2025-05-13 12:55:25,777 [INFO] ADCParametersView:116 -                Rank 3 : true
2025-05-13 12:55:25,778 [INFO] ADCParametersView:116 -                Rank 4 : true
2025-05-13 12:55:25,778 [INFO] ADCParametersView:116 -                Rank 1 : true
2025-05-13 12:55:25,778 [INFO] ADCParametersView:116 -                Rank 2 : true
2025-05-13 12:55:25,778 [INFO] ADCParametersView:116 -                Rank 3 : true
2025-05-13 12:55:25,778 [INFO] ADCParametersView:116 -                Rank 4 : true
2025-05-13 12:55:25,778 [INFO] ADCParametersView:116 -                Rank 2 : true
2025-05-13 12:55:25,778 [INFO] ADCParametersView:116 -                Rank 3 : true
2025-05-13 12:55:25,778 [INFO] ADCParametersView:116 -                Rank 4 : true
2025-05-13 12:55:25,778 [INFO] ADCParametersView:116 -                Rank 3 : true
2025-05-13 12:55:25,778 [INFO] ADCParametersView:116 -                Rank 4 : true
2025-05-13 12:55:25,778 [INFO] ADCParametersView:116 -                Rank 4 : true
2025-05-13 12:55:25,796 [INFO] ADCParametersView:116 -                Rank 1 : true
2025-05-13 12:55:25,796 [INFO] ADCParametersView:116 -                Rank 1 : true
2025-05-13 12:55:25,796 [INFO] ADCParametersView:116 -                Rank 2 : true
2025-05-13 12:55:25,796 [INFO] ADCParametersView:116 -                Rank 1 : true
2025-05-13 12:55:25,796 [INFO] ADCParametersView:116 -                Rank 2 : true
2025-05-13 12:55:25,797 [INFO] ADCParametersView:116 -                Rank 3 : true
2025-05-13 12:55:25,797 [INFO] ADCParametersView:116 -                Rank 1 : true
2025-05-13 12:55:25,797 [INFO] ADCParametersView:116 -                Rank 2 : true
2025-05-13 12:55:25,797 [INFO] ADCParametersView:116 -                Rank 3 : true
2025-05-13 12:55:25,797 [INFO] ADCParametersView:116 -                Rank 4 : true
2025-05-13 12:55:43,945 [INFO] NvicIntPanel:101 - NVIC parent = com.st.microxplorer.plugins.ip.nvic.MultiNvicIntPanel[,0,0,0x0,invalid,layout=javax.swing.BoxLayout,alignmentX=0.0,alignmentY=0.0,border=,flags=9,maximumSize=,minimumSize=,preferredSize=]
2025-05-13 13:01:05,900 [INFO] UtilMem:75 - End SaveConfig() Used Memory: 474980320 Bytes (1019215872)
2025-05-13 13:01:06,059 [INFO] UtilMem:75 - End SaveConfig() Used Memory: 496474080 Bytes (1019215872)
2025-05-13 13:01:12,206 [INFO] UtilMem:75 - End SaveConfig() Used Memory: 575117280 Bytes (1019215872)
2025-05-13 13:01:12,579 [INFO] BlockDiagram:2775 - set Specific Code input for plugin: SPI
2025-05-13 13:01:12,579 [INFO] BlockDiagram:2775 - set Specific Code input for plugin: I2S
2025-05-13 13:01:12,579 [INFO] BlockDiagram:2775 - set Specific Code input for plugin: SYS
2025-05-13 13:01:12,579 [INFO] BlockDiagram:2775 - set Specific Code input for plugin: ADC
2025-05-13 13:01:12,579 [INFO] BlockDiagram:2775 - set Specific Code input for plugin: RCC
2025-05-13 13:01:12,579 [INFO] BlockDiagram:2775 - set Specific Code input for plugin: I2C
2025-05-13 13:01:12,579 [INFO] BlockDiagram:2775 - set Specific Code input for plugin: USB_OTG_FS
2025-05-13 13:01:12,579 [INFO] BlockDiagram:2775 - set Specific Code input for plugin: NVIC
2025-05-13 13:01:12,579 [INFO] BlockDiagram:2775 - set Specific Code input for plugin: USB_HOST
2025-05-13 13:01:12,579 [INFO] BlockDiagram:2775 - set Specific Code input for plugin: DMA
2025-05-13 13:01:12,579 [INFO] BlockDiagram:2775 - set Specific Code input for plugin: GPIO
2025-05-13 13:01:12,580 [INFO] CodeGenerator:882 - code generatio: config db path: /Applications/STM32CubeIDE.app/Contents/Eclipse/plugins/com.st.stm32cube.common.mx_6.14.1.202504091515//db/
2025-05-13 13:01:12,590 [WARN] IP:2250 - I2C_Coeff_DF not found: check if there is a RefParameter without a condition.
2025-05-13 13:01:12,590 [WARN] IP:2250 - Analog_Filter not found: check if there is a RefParameter without a condition.
2025-05-13 13:01:12,723 [INFO] CodeEngine:263 - oldGeneratedFile, /Users/winstonhar/ENCE-3231/Phase A/Projects/2025_STM32F407_ADC_MultipleDMA/MXTmpFiles/license.tmp_save
2025-05-13 13:01:12,986 [INFO] CodeEngine:287 - Generated code: /Users/winstonhar/ENCE-3231/Phase A/Projects/2025_STM32F407_ADC_MultipleDMA/MXTmpFiles/license.tmp
2025-05-13 13:01:13,041 [INFO] CodeEngine:263 - oldGeneratedFile, /Users/winstonhar/ENCE-3231/Phase A/Projects/2025_STM32F407_ADC_MultipleDMA/MXTmpFiles/gpio.tmp_save
2025-05-13 13:01:13,189 [INFO] CodeEngine:287 - Generated code: /Users/winstonhar/ENCE-3231/Phase A/Projects/2025_STM32F407_ADC_MultipleDMA/MXTmpFiles/gpio.tmp
2025-05-13 13:01:13,265 [WARN] IPConfigManager:3217 - Warning: the RefConfig PWREx_EnableUSBVoltageDetector is not available in your config.xml file
2025-05-13 13:01:13,270 [INFO] CodeEngine:263 - oldGeneratedFile, /Users/winstonhar/ENCE-3231/Phase A/Projects/2025_STM32F407_ADC_MultipleDMA/MXTmpFiles/usb_otg_fs_vars.tmp_save
2025-05-13 13:01:13,388 [INFO] CodeEngine:287 - Generated code: /Users/winstonhar/ENCE-3231/Phase A/Projects/2025_STM32F407_ADC_MultipleDMA/MXTmpFiles/usb_otg_fs_vars.tmp
2025-05-13 13:01:13,389 [INFO] CodeEngine:263 - oldGeneratedFile, /Users/winstonhar/ENCE-3231/Phase A/Projects/2025_STM32F407_ADC_MultipleDMA/MXTmpFiles/usb_otg_fs_inc.tmp_save
2025-05-13 13:01:13,509 [INFO] CodeEngine:287 - Generated code: /Users/winstonhar/ENCE-3231/Phase A/Projects/2025_STM32F407_ADC_MultipleDMA/MXTmpFiles/usb_otg_fs_inc.tmp
2025-05-13 13:01:13,511 [INFO] CodeEngine:263 - oldGeneratedFile, /Users/winstonhar/ENCE-3231/Phase A/Projects/2025_STM32F407_ADC_MultipleDMA/MXTmpFiles/usb_otg_fs_HalInit.tmp_save
2025-05-13 13:01:13,647 [INFO] CodeEngine:287 - Generated code: /Users/winstonhar/ENCE-3231/Phase A/Projects/2025_STM32F407_ADC_MultipleDMA/MXTmpFiles/usb_otg_fs_HalInit.tmp
2025-05-13 13:01:13,649 [INFO] CodeEngine:263 - oldGeneratedFile, /Users/winstonhar/ENCE-3231/Phase A/Projects/2025_STM32F407_ADC_MultipleDMA/MXTmpFiles/usb_otg_fs_Msp.tmp_save
2025-05-13 13:01:13,787 [INFO] CodeEngine:287 - Generated code: /Users/winstonhar/ENCE-3231/Phase A/Projects/2025_STM32F407_ADC_MultipleDMA/MXTmpFiles/usb_otg_fs_Msp.tmp
2025-05-13 13:01:14,065 [INFO] CodeEngine:263 - oldGeneratedFile, /Users/winstonhar/ENCE-3231/Phase A/Projects/2025_STM32F407_ADC_MultipleDMA/MXTmpFiles/dma.tmp_save
2025-05-13 13:01:14,175 [INFO] CodeEngine:287 - Generated code: /Users/winstonhar/ENCE-3231/Phase A/Projects/2025_STM32F407_ADC_MultipleDMA/MXTmpFiles/dma.tmp
2025-05-13 13:01:14,177 [INFO] CodeEngine:263 - oldGeneratedFile, /Users/winstonhar/ENCE-3231/Phase A/Projects/2025_STM32F407_ADC_MultipleDMA/MXTmpFiles/dma_GV.tmp_save
2025-05-13 13:01:14,261 [INFO] CodeEngine:287 - Generated code: /Users/winstonhar/ENCE-3231/Phase A/Projects/2025_STM32F407_ADC_MultipleDMA/MXTmpFiles/dma_GV.tmp
2025-05-13 13:01:14,272 [INFO] CodeEngine:263 - oldGeneratedFile, /Users/winstonhar/ENCE-3231/Phase A/Projects/2025_STM32F407_ADC_MultipleDMA/USB_HOST/App/usb_host.c_save
2025-05-13 13:01:14,375 [INFO] CodeEngine:287 - Generated code: /Users/winstonhar/ENCE-3231/Phase A/Projects/2025_STM32F407_ADC_MultipleDMA/USB_HOST/App/usb_host.c
2025-05-13 13:01:14,377 [INFO] CodeEngine:263 - oldGeneratedFile, /Users/winstonhar/ENCE-3231/Phase A/Projects/2025_STM32F407_ADC_MultipleDMA/USB_HOST/App/usb_host.h_save
2025-05-13 13:01:14,476 [INFO] CodeEngine:287 - Generated code: /Users/winstonhar/ENCE-3231/Phase A/Projects/2025_STM32F407_ADC_MultipleDMA/USB_HOST/App/usb_host.h
2025-05-13 13:01:14,478 [INFO] CodeEngine:263 - oldGeneratedFile, /Users/winstonhar/ENCE-3231/Phase A/Projects/2025_STM32F407_ADC_MultipleDMA/USB_HOST/Target/usbh_conf.h_save
2025-05-13 13:01:14,565 [INFO] CodeEngine:287 - Generated code: /Users/winstonhar/ENCE-3231/Phase A/Projects/2025_STM32F407_ADC_MultipleDMA/USB_HOST/Target/usbh_conf.h
2025-05-13 13:01:14,567 [INFO] CodeEngine:263 - oldGeneratedFile, /Users/winstonhar/ENCE-3231/Phase A/Projects/2025_STM32F407_ADC_MultipleDMA/USB_HOST/Target/usbh_conf.c_save
2025-05-13 13:01:14,638 [INFO] CodeEngine:287 - Generated code: /Users/winstonhar/ENCE-3231/Phase A/Projects/2025_STM32F407_ADC_MultipleDMA/USB_HOST/Target/usbh_conf.c
2025-05-13 13:01:14,642 [INFO] CodeEngine:263 - oldGeneratedFile, /Users/winstonhar/ENCE-3231/Phase A/Projects/2025_STM32F407_ADC_MultipleDMA/USB_HOST/Target/usbh_platform.c_save
2025-05-13 13:01:14,713 [INFO] CodeEngine:287 - Generated code: /Users/winstonhar/ENCE-3231/Phase A/Projects/2025_STM32F407_ADC_MultipleDMA/USB_HOST/Target/usbh_platform.c
2025-05-13 13:01:14,716 [INFO] CodeEngine:263 - oldGeneratedFile, /Users/winstonhar/ENCE-3231/Phase A/Projects/2025_STM32F407_ADC_MultipleDMA/USB_HOST/Target/usbh_platform.h_save
2025-05-13 13:01:14,775 [INFO] CodeEngine:287 - Generated code: /Users/winstonhar/ENCE-3231/Phase A/Projects/2025_STM32F407_ADC_MultipleDMA/USB_HOST/Target/usbh_platform.h
2025-05-13 13:01:14,783 [INFO] CodeEngine:263 - oldGeneratedFile, /Users/winstonhar/ENCE-3231/Phase A/Projects/2025_STM32F407_ADC_MultipleDMA/Core/Src/stm32f4xx_it.c_save
2025-05-13 13:01:14,857 [INFO] CodeEngine:287 - Generated code: /Users/winstonhar/ENCE-3231/Phase A/Projects/2025_STM32F407_ADC_MultipleDMA/Core/Src/stm32f4xx_it.c
2025-05-13 13:01:14,859 [INFO] CodeEngine:263 - oldGeneratedFile, /Users/winstonhar/ENCE-3231/Phase A/Projects/2025_STM32F407_ADC_MultipleDMA/Core/Inc/stm32f4xx_it.h_save
2025-05-13 13:01:14,910 [INFO] CodeEngine:287 - Generated code: /Users/winstonhar/ENCE-3231/Phase A/Projects/2025_STM32F407_ADC_MultipleDMA/Core/Inc/stm32f4xx_it.h
2025-05-13 13:01:14,918 [INFO] CodeEngine:263 - oldGeneratedFile, /Users/winstonhar/ENCE-3231/Phase A/Projects/2025_STM32F407_ADC_MultipleDMA/Core/Src/stm32f4xx_hal_msp.c_save
2025-05-13 13:01:15,011 [INFO] CodeEngine:287 - Generated code: /Users/winstonhar/ENCE-3231/Phase A/Projects/2025_STM32F407_ADC_MultipleDMA/Core/Src/stm32f4xx_hal_msp.c
2025-05-13 13:01:15,013 [INFO] CodeEngine:263 - oldGeneratedFile, /Users/winstonhar/ENCE-3231/Phase A/Projects/2025_STM32F407_ADC_MultipleDMA/MXTmpFiles/system.tmp_save
2025-05-13 13:01:15,060 [INFO] CodeEngine:287 - Generated code: /Users/winstonhar/ENCE-3231/Phase A/Projects/2025_STM32F407_ADC_MultipleDMA/MXTmpFiles/system.tmp
2025-05-13 13:01:15,064 [INFO] CodeEngine:319 - oldGeneratedFile, /Users/winstonhar/ENCE-3231/Phase A/Projects/2025_STM32F407_ADC_MultipleDMA/Core/Inc/stm32f4xx_hal_conf.h_save
2025-05-13 13:01:15,116 [INFO] CodeEngine:343 - Generated code: /Users/winstonhar/ENCE-3231/Phase A/Projects/2025_STM32F407_ADC_MultipleDMA/Core/Inc/stm32f4xx_hal_conf.h
2025-05-13 13:01:15,140 [INFO] CodeEngine:263 - oldGeneratedFile, /Users/winstonhar/ENCE-3231/Phase A/Projects/2025_STM32F407_ADC_MultipleDMA/Core/Inc/main.h_save
2025-05-13 13:01:15,192 [INFO] CodeEngine:287 - Generated code: /Users/winstonhar/ENCE-3231/Phase A/Projects/2025_STM32F407_ADC_MultipleDMA/Core/Inc/main.h
2025-05-13 13:01:15,194 [INFO] CodeEngine:263 - oldGeneratedFile, /Users/winstonhar/ENCE-3231/Phase A/Projects/2025_STM32F407_ADC_MultipleDMA/Core/Src/main.c_save
2025-05-13 13:01:15,284 [INFO] CodeEngine:287 - Generated code: /Users/winstonhar/ENCE-3231/Phase A/Projects/2025_STM32F407_ADC_MultipleDMA/Core/Src/main.c
2025-05-13 13:01:15,591 [INFO] ProjectBuilder:3324 - Time for Copy HAL[1] : 141mS.
2025-05-13 13:01:15,596 [INFO] ProjectBuilder:4912 - Project Generator version: 4.6.0.1-B1
2025-05-13 13:01:15,738 [INFO] ConfigFileManager:1590 - The Die is : DIE413
2025-05-13 13:01:16,551 [INFO] ProjectBuilder:5191 - Time for Generating toolchain IDE Files: 955mS.
2025-05-13 13:01:16,551 [INFO] ProjectBuilder:3181 - Time for Copy CMSIS : 0mS.
2025-05-13 13:01:16,553 [INFO] ProjectBuilder:3181 - Time for Copy CMSIS : 0mS.
2025-05-13 13:34:10,230 [INFO] MainUpdater:2872 - connection check result : 10
2025-05-13 13:34:10,461 [INFO] McuFinderGlobals:76 - Set McuFinderConnectedMode to true
2025-05-13 13:34:10,462 [INFO] MultiScanPanel:200 - Auto-refresh data requested => check proxy status ongoing
2025-05-13 13:34:10,462 [INFO] FinderPluginLoader:95 - Searching for filters in installed packs
2025-05-13 13:34:12,298 [INFO] LoadUrlFilesThread:185 - End of LoadServerUrlFiles without Thread
2025-05-13 13:34:12,299 [INFO] DetailPanel:341 - Set advertising image to /Users/winstonhar/STM32Cube/Repository//en.summit-h1-25-promotion.jpg
2025-05-13 13:34:41,764 [INFO] MainUpdater:2872 - connection check result : 10
2025-05-13 13:34:41,765 [INFO] MainUpdater:2872 - connection check result : 10
2025-05-13 13:34:41,809 [INFO] I2sManager:658 - 9.6E7
2025-05-13 13:34:41,809 [INFO] I2sManager:195 - I2S Clock Value : 9.6E7
2025-05-13 13:34:41,810 [INFO] I2sManager:553 - AudioClock : 93750Divider : 2Odd : 0
2025-05-13 13:34:41,813 [INFO] MicroXplorer:468 - Change Database Path : 
2025-05-13 13:34:41,813 [INFO] MicroXplorer:498 - Change Database Version : DB.6.0.141
2025-05-13 13:34:41,831 [ERROR] ProjectManagerView:395 - 
java.lang.NullPointerException: Cannot invoke "javax.swing.JTextField.getText()" because the return value of "java.util.List.get(int)" is null
	at com.st.microxplorer.plugins.projectmanager.gui.ProjectChoiceTab$9.caretUpdate(ProjectChoiceTab.java:2678) ~[filemanager.jar:?]
	at javax.swing.text.JTextComponent.fireCaretUpdate(JTextComponent.java:408) ~[?:?]
	at javax.swing.text.JTextComponent$MutableCaretEvent.fire(JTextComponent.java:4484) ~[?:?]
	at javax.swing.text.JTextComponent$MutableCaretEvent.stateChanged(JTextComponent.java:4506) ~[?:?]
	at javax.swing.text.DefaultCaret.fireStateChanged(DefaultCaret.java:857) ~[?:?]
	at javax.swing.text.DefaultCaret.changeCaretPosition(DefaultCaret.java:1343) ~[?:?]
	at javax.swing.text.DefaultCaret.handleSetDot(DefaultCaret.java:1242) ~[?:?]
	at javax.swing.text.DefaultCaret.setDot(DefaultCaret.java:1223) ~[?:?]
	at javax.swing.text.DefaultCaret$Handler.insertUpdate(DefaultCaret.java:1819) ~[?:?]
	at javax.swing.text.AbstractDocument.fireInsertUpdate(AbstractDocument.java:227) ~[?:?]
	at javax.swing.text.AbstractDocument.handleInsertString(AbstractDocument.java:781) ~[?:?]
	at javax.swing.text.AbstractDocument.insertString(AbstractDocument.java:740) ~[?:?]
	at javax.swing.text.PlainDocument.insertString(PlainDocument.java:131) ~[?:?]
	at javax.swing.text.AbstractDocument.replace(AbstractDocument.java:699) ~[?:?]
	at javax.swing.text.JTextComponent.setText(JTextComponent.java:1725) ~[?:?]
	at com.st.microxplorer.plugins.projectmanager.gui.ProjectChoiceTab.createHeapStackFields(ProjectChoiceTab.java:979) ~[filemanager.jar:?]
	at com.st.microxplorer.plugins.projectmanager.gui.ProjectChoiceTab.buildLinkSettingsPanel(ProjectChoiceTab.java:3766) ~[filemanager.jar:?]
	at com.st.microxplorer.plugins.projectmanager.gui.ProjectChoiceTab.defineWindowsFields(ProjectChoiceTab.java:1962) ~[filemanager.jar:?]
	at com.st.microxplorer.plugins.projectmanager.gui.ProjectChoiceTab.updateSettings(ProjectChoiceTab.java:555) ~[filemanager.jar:?]
	at com.st.microxplorer.plugins.projectmanager.gui.ProjectSettingsPanel.UpdateDialog(ProjectSettingsPanel.java:245) ~[filemanager.jar:?]
	at com.st.microxplorer.plugins.projectmanager.ProjectManagerView.propertyChange(ProjectManagerView.java:392) ~[filemanager.jar:?]
	at java.beans.PropertyChangeSupport.fire(PropertyChangeSupport.java:343) ~[?:?]
	at java.beans.PropertyChangeSupport.firePropertyChange(PropertyChangeSupport.java:335) ~[?:?]
	at java.beans.PropertyChangeSupport.firePropertyChange(PropertyChangeSupport.java:268) ~[?:?]
	at com.st.microxplorer.util.MXPropertyChangeSupport.firePropertyChange(MXPropertyChangeSupport.java:54) ~[STM32CubeMX.jar:?]
	at com.st.microxplorer.mxsystem.MxSystem.closeConfig(MxSystem.java:899) ~[STM32CubeMX.jar:?]
	at com.st.microxplorer.maingui.MainPanel.closeConfig(MainPanel.java:789) ~[STM32CubeMX.jar:?]
	at com.st.microxplorer.plugins.filemanager.engine.OpenFileManager.loadConfigurationFile(OpenFileManager.java:287) ~[filemanager.jar:?]
	at com.st.microxplorer.plugins.filemanager.engine.MainFileManager.userLoadConfig(MainFileManager.java:341) ~[filemanager.jar:?]
	at com.st.microxplorer.plugins.filemanager.engine.MainFileManager.userLoadConfig(MainFileManager.java:319) ~[filemanager.jar:?]
	at com.st.microxplorer.plugins.filemanager.FileManagerView.getSpecificTask(FileManagerView.java:246) ~[filemanager.jar:?]
	at com.st.stm32cube.common.mx.editor.CubeMxEditor.getMxTabbedPaneInstance(CubeMxEditor.java:1198) ~[com.st.stm32cube.common.mx_6.14.1.202504091515/:?]
	at com.st.stm32cube.common.mx.editor.CubeMxEditor$12$1.createSwingComponent(CubeMxEditor.java:1068) ~[com.st.stm32cube.common.mx_6.14.1.202504091515/:?]
	at com.st.stm32cube.common.mx.oss.core.awtswtbridge.EmbeddedSwingComposite.doComponentCreation(EmbeddedSwingComposite.java:492) ~[com.st.stm32cube.common.mx.oss_6.14.1.202504091515/:?]
	at com.st.stm32cube.common.mx.oss.core.awtswtbridge.EmbeddedSwingComposite$4.run(EmbeddedSwingComposite.java:291) ~[com.st.stm32cube.common.mx.oss_6.14.1.202504091515/:?]
	at com.st.stm32cube.common.mx.oss.core.awtswtbridge.AwtEnvironment$2.run(AwtEnvironment.java:166) ~[com.st.stm32cube.common.mx.oss_6.14.1.202504091515/:?]
	at java.awt.event.InvocationEvent.dispatch(InvocationEvent.java:318) ~[?:?]
	at java.awt.EventQueue.dispatchEventImpl(EventQueue.java:773) ~[?:?]
	at java.awt.EventQueue$4.run(EventQueue.java:720) ~[?:?]
	at java.awt.EventQueue$4.run(EventQueue.java:714) ~[?:?]
	at java.security.AccessController.doPrivileged(AccessController.java:400) ~[?:?]
	at java.security.ProtectionDomain$JavaSecurityAccessImpl.doIntersectionPrivilege(ProtectionDomain.java:87) ~[?:?]
	at java.awt.EventQueue.dispatchEvent(EventQueue.java:742) ~[?:?]
	at java.awt.EventDispatchThread.pumpOneEventForFilters(EventDispatchThread.java:203) ~[?:?]
	at java.awt.EventDispatchThread.pumpEventsForFilter(EventDispatchThread.java:124) ~[?:?]
	at java.awt.EventDispatchThread.pumpEventsForHierarchy(EventDispatchThread.java:113) ~[?:?]
	at java.awt.EventDispatchThread.pumpEvents(EventDispatchThread.java:109) ~[?:?]
	at java.awt.EventDispatchThread.pumpEvents(EventDispatchThread.java:101) ~[?:?]
	at java.awt.EventDispatchThread.run(EventDispatchThread.java:90) ~[?:?]
2025-05-13 13:34:41,832 [WARN] ThirdParty:871 - waiting for thirdparty lock release [close project]
2025-05-13 13:34:41,833 [INFO] ThirdParty:873 - entering critical section [close project]
2025-05-13 13:34:41,833 [INFO] ThirdParty:883 - exiting critical section [close project]
2025-05-13 13:34:41,834 [INFO] PinOutPanel:1589 - setPackage(No Configuration,No Configuration)
2025-05-13 13:34:41,839 [WARN] IpParametersView:155 - Warning: This peripheral hasn't parameters
2025-05-13 13:34:41,844 [WARN] MainPanel:289 - <html><b><center>Warning: This peripheral has no parameters to be configured<br></b></html>
2025-05-13 13:34:41,847 [INFO] UtilMem:75 - Begin LoadConfig() Used Memory: 658935824 Bytes (1030750208)
2025-05-13 13:34:41,848 [INFO] MicroXplorer:468 - Change Database Path : 
2025-05-13 13:34:41,848 [INFO] MicroXplorer:498 - Change Database Version : DB.6.0.141
2025-05-13 13:34:41,848 [INFO] OpenFileManager:354 - Change cursor
2025-05-13 13:34:41,901 [INFO] RulesReader:64 - Compatibility file has been processed (302 Rules)
2025-05-13 13:34:41,925 [INFO] Mcu:2011 - Initializing MCU STM32F407V(E-G)Tx STM32F407VGTx STM32F407VGT6
2025-05-13 13:34:43,589 [INFO] Context:756 - Trying to add GPIOservice into a context  which must be forbidden
2025-05-13 13:34:44,198 [INFO] ImportTextPane:218 - (OptionalMessage_ERROR) Pin36 (VP_RIF_VS_RIF1) cannot be retrieved for this MCU
2025-05-13 13:34:44,608 [INFO] RtosManager:558 - Registered RTOS mode: class=CMSIS, group=RTOS, mode=CMSIS_V1, owner=FREERTOS
2025-05-13 13:34:44,609 [INFO] RtosManager:558 - Registered RTOS mode: class=CMSIS, group=RTOS2, mode=CMSIS_V2, owner=FREERTOS
2025-05-13 13:34:44,609 [INFO] RtosManager:558 - Registered RTOS mode: class=RTOS, group=Core, mode=CMSIS_V1, owner=FREERTOS
2025-05-13 13:34:44,609 [INFO] RtosManager:558 - Registered RTOS mode: class=RTOS, group=Core, mode=CMSIS_V2, owner=FREERTOS
2025-05-13 13:34:44,609 [WARN] ModelIntegratedComponent:184 - Missing modes for component STMicroelectronics:FreeRTOS:0.0.1:STMicroelectronics:RTOS:FreeRTOS:Core:::10.2.0:
2025-05-13 13:34:44,621 [WARN] ModelIntegratedComponent:63 - No mode defined for component null
2025-05-13 13:34:44,621 [WARN] ModelIntegratedComponent:63 - No mode defined for component null
2025-05-13 13:34:44,621 [WARN] ModelIntegratedComponent:63 - No mode defined for component null
2025-05-13 13:34:44,621 [WARN] ModelIntegratedComponent:63 - No mode defined for component null
2025-05-13 13:34:44,621 [WARN] ModelIntegratedComponent:63 - No mode defined for component null
2025-05-13 13:34:44,621 [WARN] ModelIntegratedComponent:63 - No mode defined for component null
2025-05-13 13:34:44,621 [WARN] ModelIntegratedComponent:63 - No mode defined for component null
2025-05-13 13:34:44,621 [WARN] ModelIntegratedComponent:63 - No mode defined for component null
2025-05-13 13:34:44,621 [WARN] ModelIntegratedComponent:63 - No mode defined for component null
2025-05-13 13:34:44,621 [WARN] ModelIntegratedComponent:63 - No mode defined for component null
2025-05-13 13:34:44,622 [WARN] ModelIntegratedComponent:63 - No mode defined for component null
2025-05-13 13:34:44,622 [WARN] ModelIntegratedComponent:63 - No mode defined for component null
2025-05-13 13:34:44,622 [WARN] ModelIntegratedComponent:63 - No mode defined for component null
2025-05-13 13:34:44,622 [WARN] ModelIntegratedComponent:63 - No mode defined for component null
2025-05-13 13:34:44,622 [WARN] ModelIntegratedComponent:63 - No mode defined for component null
2025-05-13 13:34:44,622 [WARN] ModelIntegratedComponent:63 - No mode defined for component null
2025-05-13 13:34:44,622 [WARN] ModelIntegratedComponent:63 - No mode defined for component null
2025-05-13 13:34:44,622 [WARN] ModelIntegratedComponent:63 - No mode defined for component null
2025-05-13 13:34:44,622 [WARN] ModelIntegratedComponent:63 - No mode defined for component null
2025-05-13 13:34:44,622 [WARN] ModelIntegratedComponent:63 - No mode defined for component null
2025-05-13 13:34:44,622 [WARN] ModelIntegratedComponent:63 - No mode defined for component null
2025-05-13 13:34:44,623 [WARN] ModelIntegratedComponent:63 - No mode defined for component null
2025-05-13 13:34:44,623 [WARN] ModelIntegratedComponent:63 - No mode defined for component null
2025-05-13 13:34:44,623 [WARN] ModelIntegratedComponent:63 - No mode defined for component null
2025-05-13 13:34:44,623 [WARN] ModelIntegratedComponent:63 - No mode defined for component null
2025-05-13 13:34:44,623 [WARN] ModelIntegratedComponent:63 - No mode defined for component null
2025-05-13 13:34:44,623 [WARN] ModelIntegratedComponent:63 - No mode defined for component null
2025-05-13 13:34:44,623 [WARN] ModelIntegratedComponent:63 - No mode defined for component null
2025-05-13 13:34:44,623 [WARN] ModelIntegratedComponent:63 - No mode defined for component null
2025-05-13 13:34:44,623 [WARN] ModelIntegratedComponent:63 - No mode defined for component null
2025-05-13 13:34:44,623 [WARN] ModelIntegratedComponent:63 - No mode defined for component null
2025-05-13 13:34:44,623 [WARN] ModelIntegratedComponent:63 - No mode defined for component null
2025-05-13 13:34:44,623 [WARN] ModelIntegratedComponent:63 - No mode defined for component null
2025-05-13 13:34:44,623 [WARN] ModelIntegratedComponent:63 - No mode defined for component null
2025-05-13 13:34:44,623 [WARN] ModelIntegratedComponent:63 - No mode defined for component null
2025-05-13 13:34:44,624 [WARN] ModelPack:524 - Component already loaded: STMicroelectronics:HAL Drivers:0.0.0:STMicroelectronics:Device:STMicro_Driver:XSPI:HAL::0.0.1:HAL_XSPI
2025-05-13 13:34:44,916 [INFO] ThirdPartyModel:298 - Start build external matchings
2025-05-13 13:34:47,152 [INFO] ThirdPartyModel:316 - End build external matchings
2025-05-13 13:34:47,180 [INFO] ImportTextPane:218 - (OptionalMessage_ERROR) IP (RCC) : Parameter (RTCHSEDivFreq_Value) has invalid value (4000000)
2025-05-13 13:34:47,537 [INFO] UtilMem:75 - End LoadConfig() Used Memory: 491779568 Bytes (1030750208)
2025-05-13 13:34:47,566 [WARN] ThirdParty:833 - waiting for thirdparty lock release [change project]
2025-05-13 13:34:47,567 [INFO] ThirdParty:835 - entering critical section [change project]
2025-05-13 13:34:47,567 [INFO] ThirdParty:1030 - CMSIS Pack Vendor :STMicroelectronics USBPD 4.1
2025-05-13 13:34:47,567 [INFO] ThirdParty:1030 - CMSIS Pack Vendor :STMicroelectronics X-CUBE-AZRTOS-H7 3.3.0
2025-05-13 13:34:47,567 [INFO] ThirdParty:1030 - CMSIS Pack Vendor :STMicroelectronics X-CUBE-NFC9 1.0.0
2025-05-13 13:34:47,567 [INFO] ThirdParty:1030 - CMSIS Pack Vendor :STMicroelectronics USB_HOST 2.0.0
2025-05-13 13:34:47,567 [INFO] ThirdParty:1030 - CMSIS Pack Vendor :STMicroelectronics FP-SNS-MOTENVWB1 1.4.0
2025-05-13 13:34:47,568 [INFO] ThirdParty:1030 - CMSIS Pack Vendor :STMicroelectronics X-CUBE-AZRTOS-F4 1.1.0
2025-05-13 13:34:47,568 [INFO] ThirdParty:1030 - CMSIS Pack Vendor :STMicroelectronics LIBJPEG 8.0.0
2025-05-13 13:34:47,568 [INFO] ThirdParty:1030 - CMSIS Pack Vendor :STMicroelectronics FP-ATR-ASTRA1 2.0.2
2025-05-13 13:34:47,568 [INFO] ThirdParty:1030 - CMSIS Pack Vendor :STMicroelectronics X-CUBE-BLE1 7.1.0
2025-05-13 13:34:47,568 [INFO] ThirdParty:1030 - CMSIS Pack Vendor :Avnet-IotConnect X-CUBE-IoTC-DA16k-PMOD 1.0.0
2025-05-13 13:34:47,568 [INFO] ThirdParty:1030 - CMSIS Pack Vendor :STMicroelectronics X-CUBE-SMBUS 2.1.0
2025-05-13 13:34:47,568 [INFO] ThirdParty:1030 - CMSIS Pack Vendor :STMicroelectronics X-CUBE-WB05N 1.1.0
2025-05-13 13:34:47,568 [INFO] ThirdParty:1030 - CMSIS Pack Vendor :wolfSSL I-CUBE-wolfMQTT 1.19.2
2025-05-13 13:34:47,568 [INFO] ThirdParty:1030 - CMSIS Pack Vendor :STMicroelectronics USB_DEVICE 3.0.0
2025-05-13 13:34:47,568 [INFO] ThirdParty:1030 - CMSIS Pack Vendor :STMicroelectronics X-CUBE-ISPU 2.1.0
2025-05-13 13:34:47,568 [INFO] ThirdParty:1030 - CMSIS Pack Vendor :STMicroelectronics X-CUBE-AZRTOS-WB 2.0.0
2025-05-13 13:34:47,568 [INFO] ThirdParty:1030 - CMSIS Pack Vendor :STMicroelectronics X-CUBE-GNSS1 7.0.1
2025-05-13 13:34:47,569 [INFO] ThirdParty:1030 - CMSIS Pack Vendor :STMicroelectronics X-CUBE-AZRTOS-F7 1.1.0
2025-05-13 13:34:47,569 [INFO] ThirdParty:1030 - CMSIS Pack Vendor :STMicroelectronics X-CUBE-AZRTOS-L5 2.0.0
2025-05-13 13:34:47,569 [INFO] ThirdParty:1030 - CMSIS Pack Vendor :STMicroelectronics X-CUBE-TOUCHGFX 4.25.0
2025-05-13 13:34:47,569 [INFO] ThirdParty:1030 - CMSIS Pack Vendor :STMicroelectronics USB_DEVICE 2.0.0
2025-05-13 13:34:47,569 [INFO] ThirdParty:1030 - CMSIS Pack Vendor :STMicroelectronics X-CUBE-NFC6 3.1.0
2025-05-13 13:34:47,569 [INFO] ThirdParty:1030 - CMSIS Pack Vendor :STMicroelectronics FP-SNS-STBOX1 2.0.0
2025-05-13 13:34:47,569 [INFO] ThirdParty:1030 - CMSIS Pack Vendor :STMicroelectronics X-CUBE-MEMS1 11.2.0
2025-05-13 13:34:47,569 [INFO] ThirdParty:1030 - CMSIS Pack Vendor :STMicroelectronics FreeRTOS 0.0.1
2025-05-13 13:34:47,569 [INFO] ThirdParty:1030 - CMSIS Pack Vendor :STMicroelectronics X-CUBE-AZRTOS-G0 1.1.0
2025-05-13 13:34:47,569 [INFO] ThirdParty:1030 - CMSIS Pack Vendor :STMicroelectronics X-CUBE-SAFEA1 1.2.2
2025-05-13 13:34:47,569 [INFO] ThirdParty:1030 - CMSIS Pack Vendor :STMicroelectronics X-CUBE-NFC4 3.0.0
2025-05-13 13:34:47,570 [INFO] ThirdParty:1030 - CMSIS Pack Vendor :STMicroelectronics X-CUBE-SUBG2 5.0.0
2025-05-13 13:34:47,570 [INFO] ThirdParty:1030 - CMSIS Pack Vendor :STMicroelectronics X-CUBE-AZRTOS-H7RS 1.1.0
2025-05-13 13:34:47,570 [INFO] ThirdParty:1030 - CMSIS Pack Vendor :STMicroelectronics STM32_WPAN 1.0.0
2025-05-13 13:34:47,570 [INFO] ThirdParty:1030 - CMSIS Pack Vendor :EmbeddedOffice I-CUBE-FS-RTOS 1.0.1
2025-05-13 13:34:47,570 [INFO] ThirdParty:1030 - CMSIS Pack Vendor :STMicroelectronics lwIP 2.0.3
2025-05-13 13:34:47,570 [INFO] ThirdParty:1030 - CMSIS Pack Vendor :Cesanta I-CUBE-Mongoose 7.13.0
2025-05-13 13:34:47,570 [INFO] ThirdParty:1030 - CMSIS Pack Vendor :STMicroelectronics USB_HOST 1.0.0
2025-05-13 13:34:47,570 [INFO] ThirdParty:1030 - CMSIS Pack Vendor :Infineon AIROC-Wi-Fi-Bluetooth-STM32 1.7.0
2025-05-13 13:34:47,570 [INFO] ThirdParty:1030 - CMSIS Pack Vendor :STMicroelectronics X-CUBE-AZRTOS-G4 2.0.0
2025-05-13 13:34:47,570 [INFO] ThirdParty:1030 - CMSIS Pack Vendor :STMicroelectronics X-CUBE-WB05N 2.0.0
2025-05-13 13:34:47,570 [INFO] ThirdParty:1030 - CMSIS Pack Vendor :STMicroelectronics PDM2PCM 3.1.0
2025-05-13 13:34:47,571 [INFO] ThirdParty:1030 - CMSIS Pack Vendor :STMicroelectronics PDM2PCM 3.3.0
2025-05-13 13:34:47,571 [INFO] ThirdParty:1030 - CMSIS Pack Vendor :wolfSSL I-CUBE-wolfTPM 3.8.0
2025-05-13 13:34:47,571 [INFO] ThirdParty:1030 - CMSIS Pack Vendor :STMicroelectronics X-CUBE-DISPLAY 3.0.0
2025-05-13 13:34:47,571 [INFO] ThirdParty:1030 - CMSIS Pack Vendor :wolfSSL I-CUBE-wolfSSH 1.4.20
2025-05-13 13:34:47,571 [INFO] ThirdParty:1030 - CMSIS Pack Vendor :STMicroelectronics X-CUBE-NFC7 2.0.0
2025-05-13 13:34:47,571 [INFO] ThirdParty:1030 - CMSIS Pack Vendor :STMicroelectronics X-CUBE-TCPP 4.2.0
2025-05-13 13:34:47,571 [INFO] ThirdParty:1030 - CMSIS Pack Vendor :RealThread X-CUBE-RT-Thread_Nano 4.1.1
2025-05-13 13:34:47,571 [INFO] ThirdParty:1030 - CMSIS Pack Vendor :STMicroelectronics FP-ATR-SIGFOX1 3.2.0
2025-05-13 13:34:47,571 [INFO] ThirdParty:1030 - CMSIS Pack Vendor :STMicroelectronics X-CUBE-NFC10 1.0.0
2025-05-13 13:34:47,571 [INFO] ThirdParty:1030 - CMSIS Pack Vendor :STMicroelectronics X-CUBE-BLEMGR 4.0.0
2025-05-13 13:34:47,572 [INFO] ThirdParty:1030 - CMSIS Pack Vendor :STMicroelectronics X-CUBE-EEPRMA1 5.1.0
2025-05-13 13:34:47,572 [INFO] ThirdParty:1030 - CMSIS Pack Vendor :STMicroelectronics X-CUBE-FREERTOS 1.3.1
2025-05-13 13:34:47,572 [INFO] ThirdParty:1030 - CMSIS Pack Vendor :STMicroelectronics HAL Drivers 0.0.0
2025-05-13 13:34:47,572 [INFO] ThirdParty:1030 - CMSIS Pack Vendor :STMicroelectronics MBEDTLS 2.16.2
2025-05-13 13:34:47,572 [INFO] ThirdParty:1030 - CMSIS Pack Vendor :STMicroelectronics X-CUBE-IPS 3.1.0
2025-05-13 13:34:47,572 [INFO] ThirdParty:1030 - CMSIS Pack Vendor :STMicroelectronics X-CUBE-ALS 1.0.2
2025-05-13 13:34:47,572 [INFO] ThirdParty:1030 - CMSIS Pack Vendor :emotas I-CUBE-CANOPEN 1.3.0
2025-05-13 13:34:47,572 [INFO] ThirdParty:1030 - CMSIS Pack Vendor :STMicroelectronics X-CUBE-FREERTOS 1.3.0
2025-05-13 13:34:47,572 [INFO] ThirdParty:1030 - CMSIS Pack Vendor :STMicroelectronics X-CUBE-NFC7 1.0.1
2025-05-13 13:34:47,572 [INFO] ThirdParty:1030 - CMSIS Pack Vendor :STMicroelectronics MBEDTLS 2.14.1
2025-05-13 13:34:47,573 [INFO] ThirdParty:1030 - CMSIS Pack Vendor :wolfSSL I-CUBE-wolfSSL 5.7.6
2025-05-13 13:34:47,573 [INFO] ThirdParty:1030 - CMSIS Pack Vendor :ITTIA_DB I-CUBE-ITTIADB 8.9.0
2025-05-13 13:34:47,573 [INFO] ThirdParty:1030 - CMSIS Pack Vendor :portGmbH I-Cube-SoM-uGOAL 1.1.0
2025-05-13 13:34:47,573 [INFO] ThirdParty:1030 - CMSIS Pack Vendor :quantropi X-CUBE-qispace-sdk-base 2.0.0
2025-05-13 13:34:47,573 [INFO] ThirdParty:1030 - CMSIS Pack Vendor :STMicroelectronics X-CUBE-AI 10.0.0
2025-05-13 13:34:47,573 [INFO] ThirdParty:1030 - CMSIS Pack Vendor :STMicroelectronics ThreadX 1.0.0
2025-05-13 13:34:47,573 [INFO] ThirdParty:1030 - CMSIS Pack Vendor :STMicroelectronics FP-SNS-SMARTAG2 1.2.0
2025-05-13 13:34:47,573 [INFO] ThirdParty:1030 - CMSIS Pack Vendor :STMicroelectronics FP-SNS-FLIGHT1 5.1.0
2025-05-13 13:34:47,573 [INFO] ThirdParty:1030 - CMSIS Pack Vendor :STMicroelectronics X-CUBE-MEMS1 11.1.0
2025-05-13 13:34:47,573 [INFO] ThirdParty:1030 - CMSIS Pack Vendor :STMicroelectronics X-CUBE-AZRTOS-WL 2.0.0
2025-05-13 13:34:47,573 [INFO] ThirdParty:1030 - CMSIS Pack Vendor :SEGGER I-CUBE-embOS 1.3.1
2025-05-13 13:34:47,573 [INFO] ThirdParty:1030 - CMSIS Pack Vendor :STMicroelectronics X-CUBE-ALGOBUILD 1.4.0
2025-05-13 13:34:47,573 [INFO] ThirdParty:1030 - CMSIS Pack Vendor :STMicroelectronics X-CUBE-DPower 1.3.0
2025-05-13 13:34:47,574 [INFO] ThirdParty:1030 - CMSIS Pack Vendor :STMicroelectronics FP-SNS-MOTENV1 5.0.0
2025-05-13 13:34:47,574 [INFO] ThirdParty:1030 - CMSIS Pack Vendor :STMicroelectronics USB_DEVICE 1.0.0
2025-05-13 13:34:47,574 [INFO] ThirdParty:1030 - CMSIS Pack Vendor :STMicroelectronics X-CUBE-AZRTOS-L4 2.0.0
2025-05-13 13:34:47,574 [INFO] ThirdParty:1030 - CMSIS Pack Vendor :STMicroelectronics ThreadX 0.0.2
2025-05-13 13:34:47,574 [INFO] ThirdParty:1030 - CMSIS Pack Vendor :WES I-CUBE-Cesium 1.3.0
2025-05-13 13:34:47,574 [INFO] ThirdParty:1030 - CMSIS Pack Vendor :STMicroelectronics lwIP 2.1.2
2025-05-13 13:34:47,574 [INFO] ThirdParty:1030 - CMSIS Pack Vendor :STMicroelectronics X-CUBE-SFXS2LP1 4.0.0
2025-05-13 13:34:47,574 [INFO] ThirdParty:1030 - CMSIS Pack Vendor :STMicroelectronics X-CUBE-BLE2 3.3.0
2025-05-13 13:34:47,574 [INFO] ThirdParty:1030 - CMSIS Pack Vendor :STMicroelectronics X-CUBE-TOF1 3.4.2
2025-05-13 13:34:47,574 [INFO] ThirdParty:1030 - CMSIS Pack Vendor :STMicroelectronics X-CUBE-TOF1 3.4.3
2025-05-13 13:34:47,574 [INFO] ThirdParty:1030 - CMSIS Pack Vendor :STMicroelectronics PDM2PCM 3.2.0
2025-05-13 13:34:47,575 [INFO] ThirdParty:841 - exiting critical section [change project]
2025-05-13 13:34:47,833 [INFO] PinOutPanel:1589 - setPackage(No Configuration,No Configuration)
2025-05-13 13:34:47,834 [INFO] PinOutPanel:1589 - setPackage(STM32F407VGTx,LQFP100)
2025-05-13 13:34:48,575 [INFO] UtilMem:75 - Before build in PCC Used Memory: 689434096 Bytes (1030750208)
2025-05-13 13:34:48,811 [INFO] UtilMem:75 - After build in PCC Used Memory: 737146352 Bytes (1030750208)
2025-05-13 13:34:48,823 [INFO] ApiDbMcu:508 - Load IP Config File for USB_HOST
2025-05-13 13:34:48,823 [WARN] BspModel:444 - BSP dependency skipped because of component: name='IOExpander', api='Unknown'
2025-05-13 13:34:48,851 [INFO] IPUIPlugin:80 - create IPUIPlugin
2025-05-13 13:34:48,852 [INFO] IPUIPlugin:80 - create IPUIPlugin
2025-05-13 13:34:48,852 [INFO] IPUIPlugin:80 - create IPUIPlugin
2025-05-13 13:34:48,852 [INFO] IPUIPlugin:80 - create IPUIPlugin
2025-05-13 13:34:48,852 [INFO] IPUIPlugin:80 - create IPUIPlugin
2025-05-13 13:34:48,852 [INFO] IPUIPlugin:80 - create IPUIPlugin
2025-05-13 13:34:48,852 [INFO] IPUIPlugin:80 - create IPUIPlugin
2025-05-13 13:34:48,853 [INFO] IPUIPlugin:80 - create IPUIPlugin
2025-05-13 13:34:48,853 [INFO] IPUIPlugin:80 - create IPUIPlugin
2025-05-13 13:34:48,853 [INFO] IPUIPlugin:80 - create IPUIPlugin
2025-05-13 13:34:48,853 [INFO] IPUIPlugin:80 - create IPUIPlugin
2025-05-13 13:34:48,853 [INFO] IPUIPlugin:80 - create IPUIPlugin
2025-05-13 13:34:48,853 [INFO] IPUIPlugin:80 - create IPUIPlugin
2025-05-13 13:34:48,854 [INFO] IPUIPlugin:80 - create IPUIPlugin
2025-05-13 13:34:48,854 [INFO] IPUIPlugin:80 - create IPUIPlugin
2025-05-13 13:34:48,854 [INFO] IPUIPlugin:80 - create IPUIPlugin
2025-05-13 13:34:48,854 [INFO] IPUIPlugin:80 - create IPUIPlugin
2025-05-13 13:34:48,854 [INFO] IPUIPlugin:80 - create IPUIPlugin
2025-05-13 13:34:48,855 [INFO] IPUIPlugin:80 - create IPUIPlugin
2025-05-13 13:34:48,855 [INFO] IPUIPlugin:80 - create IPUIPlugin
2025-05-13 13:34:48,855 [INFO] IPUIPlugin:80 - create IPUIPlugin
2025-05-13 13:34:48,855 [INFO] IPUIPlugin:80 - create IPUIPlugin
2025-05-13 13:34:48,855 [INFO] IPUIPlugin:80 - create IPUIPlugin
2025-05-13 13:34:48,856 [INFO] IPUIPlugin:80 - create IPUIPlugin
2025-05-13 13:34:48,856 [INFO] IPUIPlugin:80 - create IPUIPlugin
2025-05-13 13:34:48,856 [INFO] IPUIPlugin:80 - create IPUIPlugin
2025-05-13 13:34:48,857 [INFO] IPUIPlugin:80 - create IPUIPlugin
2025-05-13 13:34:48,857 [INFO] IPUIPlugin:80 - create IPUIPlugin
2025-05-13 13:34:48,857 [INFO] IPUIPlugin:80 - create IPUIPlugin
2025-05-13 13:34:48,857 [INFO] IPUIPlugin:80 - create IPUIPlugin
2025-05-13 13:34:48,857 [INFO] IPUIPlugin:80 - create IPUIPlugin
2025-05-13 13:34:48,857 [INFO] IPUIPlugin:80 - create IPUIPlugin
2025-05-13 13:34:48,858 [INFO] IPUIPlugin:80 - create IPUIPlugin
2025-05-13 13:34:48,858 [INFO] IPUIPlugin:80 - create IPUIPlugin
2025-05-13 13:34:48,858 [INFO] IPUIPlugin:80 - create IPUIPlugin
2025-05-13 13:34:48,858 [INFO] IPUIPlugin:80 - create IPUIPlugin
2025-05-13 13:34:48,858 [INFO] IPUIPlugin:80 - create IPUIPlugin
2025-05-13 13:34:48,858 [INFO] IPUIPlugin:80 - create IPUIPlugin
2025-05-13 13:34:48,858 [INFO] IPUIPlugin:80 - create IPUIPlugin
2025-05-13 13:34:48,858 [INFO] IPUIPlugin:80 - create IPUIPlugin
2025-05-13 13:34:48,858 [INFO] IPUIPlugin:80 - create IPUIPlugin
2025-05-13 13:34:48,858 [INFO] IPUIPlugin:80 - create IPUIPlugin
2025-05-13 13:34:48,859 [INFO] IPUIPlugin:80 - create IPUIPlugin
2025-05-13 13:34:48,859 [INFO] IPUIPlugin:80 - create IPUIPlugin
2025-05-13 13:34:48,859 [INFO] IPUIPlugin:80 - create IPUIPlugin
2025-05-13 13:34:48,859 [INFO] IPUIPlugin:80 - create IPUIPlugin
2025-05-13 13:34:48,859 [INFO] IPUIPlugin:80 - create IPUIPlugin
2025-05-13 13:34:48,859 [INFO] IPUIPlugin:80 - create IPUIPlugin
2025-05-13 13:34:48,859 [INFO] IPUIPlugin:80 - create IPUIPlugin
2025-05-13 13:34:48,860 [INFO] IPUIPlugin:80 - create IPUIPlugin
2025-05-13 13:34:48,860 [INFO] IPUIPlugin:80 - create IPUIPlugin
2025-05-13 13:34:48,860 [INFO] IPUIPlugin:80 - create IPUIPlugin
2025-05-13 13:34:48,860 [INFO] IPUIPlugin:80 - create IPUIPlugin
2025-05-13 13:34:48,861 [INFO] IPUIPlugin:80 - create IPUIPlugin
2025-05-13 13:34:48,861 [INFO] IPUIPlugin:80 - create IPUIPlugin
2025-05-13 13:34:48,861 [INFO] IPUIPlugin:80 - create IPUIPlugin
2025-05-13 13:34:48,862 [INFO] IPUIPlugin:80 - create IPUIPlugin
2025-05-13 13:34:48,862 [INFO] IPUIPlugin:80 - create IPUIPlugin
2025-05-13 13:34:48,865 [INFO] ApiDbMcu:508 - Load IP Config File for PDM2PCM
2025-05-13 13:34:48,866 [WARN] IP:2250 - I2C_Coeff_DF not found: check if there is a RefParameter without a condition.
2025-05-13 13:34:48,866 [WARN] IP:2250 - Analog_Filter not found: check if there is a RefParameter without a condition.
2025-05-13 13:34:48,871 [INFO] I2sManager:658 - 9.6E7
2025-05-13 13:34:48,871 [INFO] I2sManager:195 - I2S Clock Value : 9.6E7
2025-05-13 13:34:48,872 [INFO] I2sManager:553 - AudioClock : 93750Divider : 2Odd : 0
2025-05-13 13:34:48,932 [INFO] CADModel:165 - CPN selected for project levelSTM32F407VGT6
2025-05-13 13:34:48,933 [INFO] CADModel:114 - Register for checkConnection events
2025-05-13 13:34:48,974 [INFO] OpenFileManager:385 - Restore cursor
2025-05-13 13:34:49,387 [WARN] IP:2250 - I2C_Coeff_DF not found: check if there is a RefParameter without a condition.
2025-05-13 13:34:49,387 [WARN] IP:2250 - Analog_Filter not found: check if there is a RefParameter without a condition.
2025-05-13 13:34:49,388 [WARN] IP:2250 - I2C_Coeff_DF not found: check if there is a RefParameter without a condition.
2025-05-13 13:34:49,388 [WARN] IP:2250 - Analog_Filter not found: check if there is a RefParameter without a condition.
2025-05-13 13:34:49,587 [INFO] UtilMem:75 - End SaveConfig() Used Memory: 891809264 Bytes (1030750208)
2025-05-13 13:34:49,724 [INFO] UtilMem:75 - End SaveConfig() Used Memory: 913829360 Bytes (1030750208)
2025-05-13 13:34:50,291 [INFO] BlockDiagram:2775 - set Specific Code input for plugin: SPI
2025-05-13 13:34:50,291 [INFO] BlockDiagram:2775 - set Specific Code input for plugin: I2S
2025-05-13 13:34:50,291 [INFO] BlockDiagram:2775 - set Specific Code input for plugin: SYS
2025-05-13 13:34:50,291 [INFO] BlockDiagram:2775 - set Specific Code input for plugin: ADC
2025-05-13 13:34:50,291 [INFO] BlockDiagram:2775 - set Specific Code input for plugin: RCC
2025-05-13 13:34:50,291 [INFO] BlockDiagram:2775 - set Specific Code input for plugin: I2C
2025-05-13 13:34:50,292 [INFO] BlockDiagram:2775 - set Specific Code input for plugin: USB_OTG_FS
2025-05-13 13:34:50,292 [INFO] BlockDiagram:2775 - set Specific Code input for plugin: NVIC
2025-05-13 13:34:50,292 [INFO] BlockDiagram:2775 - set Specific Code input for plugin: USB_HOST
2025-05-13 13:34:50,292 [INFO] BlockDiagram:2775 - set Specific Code input for plugin: GPIO
2025-05-13 13:34:50,292 [INFO] CodeGenerator:882 - code generatio: config db path: /Applications/STM32CubeIDE.app/Contents/Eclipse/plugins/com.st.stm32cube.common.mx_6.14.1.202504091515//db/
2025-05-13 13:34:50,319 [WARN] IP:2250 - I2C_Coeff_DF not found: check if there is a RefParameter without a condition.
2025-05-13 13:34:50,319 [WARN] IP:2250 - Analog_Filter not found: check if there is a RefParameter without a condition.
2025-05-13 13:34:50,743 [INFO] CodeEngine:263 - oldGeneratedFile, /Users/winstonhar/ENCE-3231/Phase A/Projects/2025_STM32F407_ADC_Challenge/MXTmpFiles/license.tmp_save
2025-05-13 13:34:50,922 [INFO] CodeEngine:287 - Generated code: /Users/winstonhar/ENCE-3231/Phase A/Projects/2025_STM32F407_ADC_Challenge/MXTmpFiles/license.tmp
2025-05-13 13:34:50,975 [INFO] CodeEngine:263 - oldGeneratedFile, /Users/winstonhar/ENCE-3231/Phase A/Projects/2025_STM32F407_ADC_Challenge/MXTmpFiles/gpio.tmp_save
2025-05-13 13:34:51,099 [INFO] CodeEngine:287 - Generated code: /Users/winstonhar/ENCE-3231/Phase A/Projects/2025_STM32F407_ADC_Challenge/MXTmpFiles/gpio.tmp
2025-05-13 13:34:51,175 [WARN] IPConfigManager:3217 - Warning: the RefConfig PWREx_EnableUSBVoltageDetector is not available in your config.xml file
2025-05-13 13:34:51,180 [INFO] CodeEngine:263 - oldGeneratedFile, /Users/winstonhar/ENCE-3231/Phase A/Projects/2025_STM32F407_ADC_Challenge/MXTmpFiles/usb_otg_fs_vars.tmp_save
2025-05-13 13:34:51,293 [INFO] CodeEngine:287 - Generated code: /Users/winstonhar/ENCE-3231/Phase A/Projects/2025_STM32F407_ADC_Challenge/MXTmpFiles/usb_otg_fs_vars.tmp
2025-05-13 13:34:51,295 [INFO] CodeEngine:263 - oldGeneratedFile, /Users/winstonhar/ENCE-3231/Phase A/Projects/2025_STM32F407_ADC_Challenge/MXTmpFiles/usb_otg_fs_inc.tmp_save
2025-05-13 13:34:51,380 [INFO] CodeEngine:287 - Generated code: /Users/winstonhar/ENCE-3231/Phase A/Projects/2025_STM32F407_ADC_Challenge/MXTmpFiles/usb_otg_fs_inc.tmp
2025-05-13 13:34:51,382 [INFO] CodeEngine:263 - oldGeneratedFile, /Users/winstonhar/ENCE-3231/Phase A/Projects/2025_STM32F407_ADC_Challenge/MXTmpFiles/usb_otg_fs_HalInit.tmp_save
2025-05-13 13:34:51,480 [INFO] CodeEngine:287 - Generated code: /Users/winstonhar/ENCE-3231/Phase A/Projects/2025_STM32F407_ADC_Challenge/MXTmpFiles/usb_otg_fs_HalInit.tmp
2025-05-13 13:34:51,482 [INFO] CodeEngine:263 - oldGeneratedFile, /Users/winstonhar/ENCE-3231/Phase A/Projects/2025_STM32F407_ADC_Challenge/MXTmpFiles/usb_otg_fs_Msp.tmp_save
2025-05-13 13:34:51,584 [INFO] CodeEngine:287 - Generated code: /Users/winstonhar/ENCE-3231/Phase A/Projects/2025_STM32F407_ADC_Challenge/MXTmpFiles/usb_otg_fs_Msp.tmp
2025-05-13 13:34:51,826 [INFO] CodeEngine:263 - oldGeneratedFile, /Users/winstonhar/ENCE-3231/Phase A/Projects/2025_STM32F407_ADC_Challenge/USB_HOST/App/usb_host.c_save
2025-05-13 13:34:51,935 [INFO] CodeEngine:287 - Generated code: /Users/winstonhar/ENCE-3231/Phase A/Projects/2025_STM32F407_ADC_Challenge/USB_HOST/App/usb_host.c
2025-05-13 13:34:51,937 [INFO] CodeEngine:263 - oldGeneratedFile, /Users/winstonhar/ENCE-3231/Phase A/Projects/2025_STM32F407_ADC_Challenge/USB_HOST/App/usb_host.h_save
2025-05-13 13:34:52,027 [INFO] CodeEngine:287 - Generated code: /Users/winstonhar/ENCE-3231/Phase A/Projects/2025_STM32F407_ADC_Challenge/USB_HOST/App/usb_host.h
2025-05-13 13:34:52,029 [INFO] CodeEngine:263 - oldGeneratedFile, /Users/winstonhar/ENCE-3231/Phase A/Projects/2025_STM32F407_ADC_Challenge/USB_HOST/Target/usbh_conf.h_save
2025-05-13 13:34:52,108 [INFO] CodeEngine:287 - Generated code: /Users/winstonhar/ENCE-3231/Phase A/Projects/2025_STM32F407_ADC_Challenge/USB_HOST/Target/usbh_conf.h
2025-05-13 13:34:52,110 [INFO] CodeEngine:263 - oldGeneratedFile, /Users/winstonhar/ENCE-3231/Phase A/Projects/2025_STM32F407_ADC_Challenge/USB_HOST/Target/usbh_conf.c_save
2025-05-13 13:34:52,194 [INFO] CodeEngine:287 - Generated code: /Users/winstonhar/ENCE-3231/Phase A/Projects/2025_STM32F407_ADC_Challenge/USB_HOST/Target/usbh_conf.c
2025-05-13 13:34:52,197 [INFO] CodeEngine:263 - oldGeneratedFile, /Users/winstonhar/ENCE-3231/Phase A/Projects/2025_STM32F407_ADC_Challenge/USB_HOST/Target/usbh_platform.c_save
2025-05-13 13:34:52,273 [INFO] CodeEngine:287 - Generated code: /Users/winstonhar/ENCE-3231/Phase A/Projects/2025_STM32F407_ADC_Challenge/USB_HOST/Target/usbh_platform.c
2025-05-13 13:34:52,275 [INFO] CodeEngine:263 - oldGeneratedFile, /Users/winstonhar/ENCE-3231/Phase A/Projects/2025_STM32F407_ADC_Challenge/USB_HOST/Target/usbh_platform.h_save
2025-05-13 13:34:52,367 [INFO] CodeEngine:287 - Generated code: /Users/winstonhar/ENCE-3231/Phase A/Projects/2025_STM32F407_ADC_Challenge/USB_HOST/Target/usbh_platform.h
2025-05-13 13:34:52,379 [INFO] CodeEngine:263 - oldGeneratedFile, /Users/winstonhar/ENCE-3231/Phase A/Projects/2025_STM32F407_ADC_Challenge/Core/Src/stm32f4xx_it.c_save
2025-05-13 13:34:52,650 [INFO] CodeEngine:287 - Generated code: /Users/winstonhar/ENCE-3231/Phase A/Projects/2025_STM32F407_ADC_Challenge/Core/Src/stm32f4xx_it.c
2025-05-13 13:34:52,653 [INFO] CodeEngine:263 - oldGeneratedFile, /Users/winstonhar/ENCE-3231/Phase A/Projects/2025_STM32F407_ADC_Challenge/Core/Inc/stm32f4xx_it.h_save
2025-05-13 13:34:52,751 [INFO] CodeEngine:287 - Generated code: /Users/winstonhar/ENCE-3231/Phase A/Projects/2025_STM32F407_ADC_Challenge/Core/Inc/stm32f4xx_it.h
2025-05-13 13:34:52,764 [INFO] CodeEngine:263 - oldGeneratedFile, /Users/winstonhar/ENCE-3231/Phase A/Projects/2025_STM32F407_ADC_Challenge/Core/Src/stm32f4xx_hal_msp.c_save
2025-05-13 13:34:52,919 [INFO] CodeEngine:287 - Generated code: /Users/winstonhar/ENCE-3231/Phase A/Projects/2025_STM32F407_ADC_Challenge/Core/Src/stm32f4xx_hal_msp.c
2025-05-13 13:34:52,922 [INFO] CodeEngine:263 - oldGeneratedFile, /Users/winstonhar/ENCE-3231/Phase A/Projects/2025_STM32F407_ADC_Challenge/MXTmpFiles/system.tmp_save
2025-05-13 13:34:53,010 [INFO] CodeEngine:287 - Generated code: /Users/winstonhar/ENCE-3231/Phase A/Projects/2025_STM32F407_ADC_Challenge/MXTmpFiles/system.tmp
2025-05-13 13:34:53,016 [INFO] CodeEngine:319 - oldGeneratedFile, /Users/winstonhar/ENCE-3231/Phase A/Projects/2025_STM32F407_ADC_Challenge/Core/Inc/stm32f4xx_hal_conf.h_save
2025-05-13 13:34:53,122 [INFO] CodeEngine:343 - Generated code: /Users/winstonhar/ENCE-3231/Phase A/Projects/2025_STM32F407_ADC_Challenge/Core/Inc/stm32f4xx_hal_conf.h
2025-05-13 13:34:53,169 [INFO] ApiDbMcu:508 - Load IP Config File for ADC1
2025-05-13 13:34:53,173 [INFO] ApiDbMcu:508 - Load IP Config File for I2C1
2025-05-13 13:34:53,177 [INFO] ApiDbMcu:508 - Load IP Config File for I2S3
2025-05-13 13:34:53,180 [INFO] ApiDbMcu:508 - Load IP Config File for SPI1
2025-05-13 13:34:53,186 [INFO] ApiDbMcu:508 - Load IP Config File for RCC
2025-05-13 13:34:53,195 [INFO] CodeEngine:263 - oldGeneratedFile, /Users/winstonhar/ENCE-3231/Phase A/Projects/2025_STM32F407_ADC_Challenge/Core/Inc/main.h_save
2025-05-13 13:34:53,312 [INFO] CodeEngine:287 - Generated code: /Users/winstonhar/ENCE-3231/Phase A/Projects/2025_STM32F407_ADC_Challenge/Core/Inc/main.h
2025-05-13 13:34:53,314 [INFO] CodeEngine:263 - oldGeneratedFile, /Users/winstonhar/ENCE-3231/Phase A/Projects/2025_STM32F407_ADC_Challenge/Core/Src/main.c_save
2025-05-13 13:34:53,418 [INFO] CodeEngine:287 - Generated code: /Users/winstonhar/ENCE-3231/Phase A/Projects/2025_STM32F407_ADC_Challenge/Core/Src/main.c
2025-05-13 13:34:54,594 [INFO] ProjectBuilder:3324 - Time for Copy HAL[1] : 157mS.
2025-05-13 13:34:54,597 [INFO] ProjectBuilder:4912 - Project Generator version: 4.6.0.1-B1
2025-05-13 13:34:55,070 [INFO] ConfigFileManager:1590 - The Die is : DIE413
2025-05-13 13:34:55,075 [INFO] ApiDbMcu:508 - Load IP Config File for FATFS
2025-05-13 13:34:55,085 [INFO] ApiDbMcu:508 - Load IP Config File for FREERTOS
2025-05-13 13:34:55,087 [INFO] ApiDbMcu:508 - Load IP Config File for LIBJPEG
2025-05-13 13:34:55,094 [INFO] ApiDbMcu:508 - Load IP Config File for LWIP
2025-05-13 13:34:55,100 [INFO] ApiDbMcu:508 - Load IP Config File for MBEDTLS
2025-05-13 13:34:55,111 [INFO] ApiDbMcu:508 - Load IP Config File for USB_DEVICE
2025-05-13 13:34:57,138 [INFO] ProjectBuilder:5191 - Time for Generating toolchain IDE Files: 2541mS.
2025-05-13 13:34:57,138 [INFO] ProjectBuilder:3181 - Time for Copy CMSIS : 0mS.
2025-05-13 13:34:57,140 [INFO] ProjectBuilder:3181 - Time for Copy CMSIS : 0mS.
2025-05-13 13:34:57,437 [INFO] McuFinderGlobals:76 - Set McuFinderConnectedMode to true
2025-05-13 13:34:57,441 [INFO] ApiDb:448 - Save user favorites file /Users/winstonhar/.stm32cubeide/favorites.mcus.txt: 1 item(s)
2025-05-13 13:34:57,441 [INFO] ApiDb:452 - User favorites MCUs=[STM32F103RCT6]
2025-05-13 13:45:00,756 [INFO] WebApp:194 - Connection lost
2025-05-13 13:45:05,779 [INFO] WebApp:191 - Connection restablished
2025-05-13 13:46:14,022 [INFO] WebApp:194 - Connection lost
2025-05-13 13:46:19,645 [INFO] WebApp:191 - Connection restablished
2025-05-13 13:49:15,211 [INFO] WebApp:194 - Connection lost
2025-05-13 13:49:16,431 [INFO] WebApp:191 - Connection restablished
2025-05-13 13:49:17,629 [INFO] WebApp:194 - Connection lost
2025-05-13 13:49:17,751 [INFO] WebApp:191 - Connection restablished
2025-05-13 15:06:32,441 [INFO] WebApp:194 - Connection lost
2025-05-13 15:06:33,101 [INFO] WebApp:191 - Connection restablished
2025-05-13 15:06:41,143 [INFO] WebApp:194 - Connection lost
2025-05-13 15:06:41,341 [INFO] WebApp:191 - Connection restablished
2025-05-13 15:57:29,389 [INFO] WebApp:194 - Connection lost
2025-05-13 15:57:29,887 [INFO] WebApp:191 - Connection restablished
2025-05-13 15:57:32,223 [INFO] WebApp:194 - Connection lost
2025-05-13 15:57:32,338 [INFO] WebApp:191 - Connection restablished
2025-05-13 16:15:35,470 [INFO] WebApp:194 - Connection lost
2025-05-13 16:15:36,325 [INFO] WebApp:191 - Connection restablished
2025-05-13 16:54:03,480 [INFO] WebApp:194 - Connection lost
2025-05-13 16:54:04,318 [INFO] WebApp:191 - Connection restablished
2025-05-13 16:54:04,707 [INFO] WebApp:194 - Connection lost
2025-05-13 16:54:04,962 [INFO] WebApp:191 - Connection restablished
2025-05-13 17:38:05,464 [INFO] WebApp:194 - Connection lost
2025-05-13 17:38:06,183 [INFO] WebApp:191 - Connection restablished
2025-05-13 17:38:06,704 [INFO] WebApp:194 - Connection lost
2025-05-13 17:38:06,933 [INFO] WebApp:191 - Connection restablished
2025-05-13 17:58:16,601 [INFO] WebApp:194 - Connection lost
2025-05-13 17:58:17,954 [INFO] WebApp:191 - Connection restablished
2025-05-13 18:27:20,570 [INFO] WebApp:194 - Connection lost
2025-05-13 18:27:21,986 [INFO] WebApp:191 - Connection restablished
2025-05-13 18:59:17,567 [INFO] WebApp:194 - Connection lost
2025-05-13 18:59:18,600 [INFO] WebApp:191 - Connection restablished
2025-05-13 18:59:18,661 [INFO] WebApp:194 - Connection lost
2025-05-13 18:59:18,892 [INFO] WebApp:191 - Connection restablished
2025-05-13 19:15:14,548 [INFO] WebApp:194 - Connection lost
2025-05-13 19:15:15,267 [INFO] WebApp:191 - Connection restablished
2025-05-13 19:15:15,784 [INFO] WebApp:194 - Connection lost
2025-05-13 19:15:16,013 [INFO] WebApp:191 - Connection restablished
2025-05-13 19:32:22,582 [INFO] WebApp:194 - Connection lost
2025-05-13 19:32:23,406 [INFO] WebApp:191 - Connection restablished
2025-05-13 19:32:23,718 [INFO] WebApp:194 - Connection lost
2025-05-13 19:32:24,022 [INFO] WebApp:191 - Connection restablished
2025-05-13 20:00:18,586 [INFO] WebApp:194 - Connection lost
2025-05-13 20:00:19,751 [INFO] WebApp:191 - Connection restablished
2025-05-13 20:00:19,806 [INFO] WebApp:194 - Connection lost
2025-05-13 20:00:20,126 [INFO] WebApp:191 - Connection restablished
2025-05-13 20:18:16,625 [INFO] WebApp:194 - Connection lost
2025-05-13 20:18:17,610 [INFO] WebApp:191 - Connection restablished
2025-05-13 21:01:19,679 [INFO] WebApp:194 - Connection lost
2025-05-13 21:01:20,506 [INFO] WebApp:191 - Connection restablished
2025-05-13 21:01:20,863 [INFO] WebApp:194 - Connection lost
2025-05-13 21:01:21,216 [INFO] WebApp:191 - Connection restablished
2025-05-13 21:19:26,631 [INFO] WebApp:194 - Connection lost
2025-05-13 21:19:27,523 [INFO] WebApp:191 - Connection restablished
2025-05-13 21:19:27,711 [INFO] WebApp:194 - Connection lost
2025-05-13 21:19:27,827 [INFO] WebApp:191 - Connection restablished
2025-05-13 22:02:21,564 [INFO] WebApp:194 - Connection lost
2025-05-13 22:02:22,406 [INFO] WebApp:191 - Connection restablished
2025-05-13 22:02:22,785 [INFO] WebApp:194 - Connection lost
2025-05-13 22:02:23,104 [INFO] WebApp:191 - Connection restablished
2025-05-13 22:04:13,934 [INFO] WebApp:194 - Connection lost
2025-05-13 22:04:14,959 [INFO] WebApp:191 - Connection restablished
2025-05-13 23:00:19,896 [INFO] WebApp:194 - Connection lost
2025-05-13 23:00:20,129 [INFO] WebApp:191 - Connection restablished
2025-05-13 23:00:22,700 [INFO] WebApp:194 - Connection lost
2025-05-13 23:00:22,810 [INFO] WebApp:191 - Connection restablished
2025-05-13 23:15:43,410 [INFO] WebApp:194 - Connection lost
2025-05-13 23:15:44,260 [INFO] WebApp:191 - Connection restablished
2025-05-13 23:15:44,632 [INFO] WebApp:194 - Connection lost
2025-05-13 23:15:44,911 [INFO] WebApp:191 - Connection restablished
2025-05-13 23:48:05,817 [INFO] WebApp:194 - Connection lost
2025-05-13 23:48:06,571 [INFO] WebApp:191 - Connection restablished
2025-05-13 23:48:07,044 [INFO] WebApp:194 - Connection lost
2025-05-13 23:48:07,454 [INFO] WebApp:191 - Connection restablished
