2025-05-15 11:55:07,176 [INFO] Activator:176 - 


2025-05-15 11:55:07,186 [INFO] Activator:177 - !SESSION log4j initialized
2025-05-15 11:55:11,593 [INFO] LogOutputStream:77 - [STDOUT_REDIRECT] 
2025-05-15 11:55:13,518 [INFO] LogOutputStream:77 - [STDOUT_REDIRECT] 
2025-05-15 11:55:14,489 [ERROR] LogOutputStream:75 - [STDERR_REDIRECT] java.net.URISyntaxException: Illegal character in path at index 38: file:/Users/winstonhar/ENCE-3231/Phase A/Projects/.metadata/.log4j2.xml
2025-05-15 11:55:14,490 [ERROR] LogOutputStream:75 - [STDERR_REDIRECT] 	at java.base/java.net.URI$Parser.fail(URI.java:2995)
2025-05-15 11:55:14,490 [ERROR] LogOutputStream:75 - [STDERR_REDIRECT] 	at java.base/java.net.URI$Parser.checkChars(URI.java:3166)
2025-05-15 11:55:14,490 [ERROR] LogOutputStream:75 - [STDERR_REDIRECT] 	at java.base/java.net.URI$Parser.parseHierarchical(URI.java:3248)
2025-05-15 11:55:14,491 [ERROR] LogOutputStream:75 - [STDERR_REDIRECT] 	at java.base/java.net.URI$Parser.parse(URI.java:3196)
2025-05-15 11:55:14,491 [ERROR] LogOutputStream:75 - [STDERR_REDIRECT] 	at java.base/java.net.URI.<init>(URI.java:645)
2025-05-15 11:55:14,491 [ERROR] LogOutputStream:75 - [STDERR_REDIRECT] 	at java.base/java.net.URL.toURI(URL.java:1220)
2025-05-15 11:55:14,491 [ERROR] LogOutputStream:75 - [STDERR_REDIRECT] 	at com.st.stm32cube.common.mx.core.CubeMxInstance.getInstance(CubeMxInstance.java:81)
2025-05-15 11:55:14,492 [ERROR] LogOutputStream:75 - [STDERR_REDIRECT] 	at com.st.stm32cube.common.mx.userauth.UserAuthAdapter.<init>(UserAuthAdapter.java:25)
2025-05-15 11:55:14,492 [ERROR] LogOutputStream:75 - [STDERR_REDIRECT] 	at com.st.stm32cube.common.mx.userauth.UserAuthProvider.getUserAuthAdapter(UserAuthProvider.java:16)
2025-05-15 11:55:14,493 [ERROR] LogOutputStream:75 - [STDERR_REDIRECT] 	at com.st.stm32cube.common.ecosystemintegration.ui.core.MCUEcoSystemIntegrationUiHelper.getUserAuth(MCUEcoSystemIntegrationUiHelper.java:100)
2025-05-15 11:55:14,493 [ERROR] LogOutputStream:75 - [STDERR_REDIRECT] 	at com.st.stm32cube.ide.mcu.userauth.UserAuthStartup.earlyStartup(UserAuthStartup.java:32)
2025-05-15 11:55:14,493 [ERROR] LogOutputStream:75 - [STDERR_REDIRECT] 	at org.eclipse.ui.internal.EarlyStartupRunnable.runEarlyStartup(EarlyStartupRunnable.java:79)
2025-05-15 11:55:14,494 [ERROR] LogOutputStream:75 - [STDERR_REDIRECT] 	at org.eclipse.ui.internal.EarlyStartupRunnable.run(EarlyStartupRunnable.java:55)
2025-05-15 11:55:14,494 [ERROR] LogOutputStream:75 - [STDERR_REDIRECT] 	at org.eclipse.core.runtime.SafeRunner.run(SafeRunner.java:47)
2025-05-15 11:55:14,494 [ERROR] LogOutputStream:75 - [STDERR_REDIRECT] 	at org.eclipse.ui.internal.Workbench$39.run(Workbench.java:2733)
2025-05-15 11:55:14,494 [ERROR] LogOutputStream:75 - [STDERR_REDIRECT] 	at org.eclipse.core.internal.jobs.Worker.run(Worker.java:63)
2025-05-15 11:55:14,616 [ERROR] LogOutputStream:75 - [STDERR_REDIRECT] 
2025-05-15 11:55:15,197 [INFO] ApplicationProperties:184 - Using Application install path: /Applications/STM32CubeIDE.app/Contents/Eclipse/plugins/com.st.stm32cube.common.mx_6.14.1.202504091515
2025-05-15 11:55:15,230 [INFO] DbMcusXml:78 - Set database path to: /Applications/STM32CubeIDE.app/Contents/Eclipse/plugins/com.st.stm32cube.common.mx_6.14.1.202504091515//db//mcu/
2025-05-15 11:55:15,231 [INFO] ApiDb:274 - Set plugin database path to: /Applications/STM32CubeIDE.app/Contents/Eclipse/plugins/com.st.stm32cube.common.mx_6.14.1.202504091515//db//plugins/boardmanager/
2025-05-15 11:55:15,232 [WARN] ApiDb:259 - Overriding images path with different value:  => /Applications/STM32CubeIDE.app/Contents/Eclipse/plugins/com.st.stm32cube.common.mx_6.14.1.202504091515//db//plugins/mcufinder/images/
2025-05-15 11:55:15,250 [INFO] ApiDb:250 - Set database path to: /Users/winstonhar/.stmcufinder/plugins/mcufinder//mcu/
2025-05-15 11:55:15,253 [INFO] DbMcusAds:125 - Set database path to: /Users/winstonhar/.stmcufinder/plugins/mcufinder//mcu/
2025-05-15 11:55:15,260 [INFO] CrossReferenceDbSqlite:203 - Set database path to: /Users/winstonhar/.stmcufinder/plugins/mcufinder//mcu/cs/
2025-05-15 11:55:15,450 [INFO] RulesReader:64 - Compatibility file has been processed (302 Rules)
2025-05-15 11:55:15,590 [INFO] DbMcusXml:78 - Set database path to: /Applications/STM32CubeIDE.app/Contents/Eclipse/plugins/com.st.stm32cube.common.mx_6.14.1.202504091515//db//mcu/
2025-05-15 11:55:15,590 [INFO] ApiDb:274 - Set plugin database path to: /Applications/STM32CubeIDE.app/Contents/Eclipse/plugins/com.st.stm32cube.common.mx_6.14.1.202504091515//db//plugins/boardmanager/
2025-05-15 11:55:15,590 [INFO] ApiDb:261 - Set plugin images path to: /Applications/STM32CubeIDE.app/Contents/Eclipse/plugins/com.st.stm32cube.common.mx_6.14.1.202504091515//db//plugins/mcufinder/images/
2025-05-15 11:55:15,591 [WARN] DbFile:41 - Overriding database path with different value: /Users/winstonhar/.stmcufinder/plugins/mcufinder/ => /Users/winstonhar/.stmcufinder/plugins/mcufinder
2025-05-15 11:55:15,591 [INFO] ApiDb:250 - Set database path to: /Users/winstonhar/.stmcufinder/plugins/mcufinder//mcu/
2025-05-15 11:55:15,591 [WARN] DbFile:41 - Overriding database path with different value: /Users/winstonhar/.stmcufinder/plugins/mcufinder/ => /Users/winstonhar/.stmcufinder/plugins/mcufinder
2025-05-15 11:55:15,591 [INFO] DbMcusAds:125 - Set database path to: /Users/winstonhar/.stmcufinder/plugins/mcufinder//mcu/
2025-05-15 11:55:15,591 [WARN] DbFile:41 - Overriding database path with different value: /Users/winstonhar/.stmcufinder/plugins/mcufinder/ => /Users/winstonhar/.stmcufinder/plugins/mcufinder
2025-05-15 11:55:15,591 [WARN] DbFile:41 - Overriding database path with different value: /Users/winstonhar/.stmcufinder/plugins/mcufinder/ => /Users/winstonhar/.stmcufinder/plugins/mcufinder
2025-05-15 11:55:15,591 [INFO] CrossReferenceDbSqlite:203 - Set database path to: /Users/winstonhar/.stmcufinder/plugins/mcufinder//mcu/cs/
2025-05-15 11:55:15,716 [INFO] MainPanel:272 - HeapMemory: 268435456
2025-05-15 11:55:16,498 [INFO] DbMcusXml:78 - Set database path to: /Applications/STM32CubeIDE.app/Contents/Eclipse/plugins/com.st.stm32cube.common.mx_6.14.1.202504091515//db//mcu/
2025-05-15 11:55:16,498 [INFO] ApiDb:274 - Set plugin database path to: /Applications/STM32CubeIDE.app/Contents/Eclipse/plugins/com.st.stm32cube.common.mx_6.14.1.202504091515//db//plugins/boardmanager/
2025-05-15 11:55:16,498 [INFO] ApiDb:261 - Set plugin images path to: /Applications/STM32CubeIDE.app/Contents/Eclipse/plugins/com.st.stm32cube.common.mx_6.14.1.202504091515//db//plugins/mcufinder/images/
2025-05-15 11:55:16,499 [WARN] DbFile:41 - Overriding database path with different value: /Users/winstonhar/.stmcufinder/plugins/mcufinder/ => /Users/winstonhar/.stmcufinder/plugins/mcufinder
2025-05-15 11:55:16,499 [INFO] ApiDb:250 - Set database path to: /Users/winstonhar/.stmcufinder/plugins/mcufinder//mcu/
2025-05-15 11:55:16,499 [WARN] DbFile:41 - Overriding database path with different value: /Users/winstonhar/.stmcufinder/plugins/mcufinder/ => /Users/winstonhar/.stmcufinder/plugins/mcufinder
2025-05-15 11:55:16,499 [INFO] DbMcusAds:125 - Set database path to: /Users/winstonhar/.stmcufinder/plugins/mcufinder//mcu/
2025-05-15 11:55:16,499 [WARN] DbFile:41 - Overriding database path with different value: /Users/winstonhar/.stmcufinder/plugins/mcufinder/ => /Users/winstonhar/.stmcufinder/plugins/mcufinder
2025-05-15 11:55:16,499 [WARN] DbFile:41 - Overriding database path with different value: /Users/winstonhar/.stmcufinder/plugins/mcufinder/ => /Users/winstonhar/.stmcufinder/plugins/mcufinder
2025-05-15 11:55:16,499 [INFO] CrossReferenceDbSqlite:203 - Set database path to: /Users/winstonhar/.stmcufinder/plugins/mcufinder//mcu/cs/
2025-05-15 11:55:16,529 [INFO] ApplicationProperties:184 - Using Application install path: /Applications/STM32CubeIDE.app/Contents/Eclipse/plugins/com.st.stm32cube.common.mx_6.14.1.202504091515
2025-05-15 11:55:16,530 [INFO] PluginManage:196 - Search for loadable plugins [exclusion list=, ]
2025-05-15 11:55:16,532 [INFO] PluginManage:310 - Check plugin analytics
2025-05-15 11:55:16,749 [INFO] AnalyticsPlugin:253 - Accepted Software Licenses: 
2025-05-15 11:55:16,750 [INFO] AnalyticsPlugin:255 - Accepted CMSIS Pack Licenses: 
2025-05-15 11:55:16,750 [INFO] AnalyticsPlugin:257 - Accepted Firmware Licenses: FW.F4.1.28.0
2025-05-15 11:55:16,754 [INFO] PluginManage:359 - Loaded plugin analytics (category:tool,tabindex:-1)
2025-05-15 11:55:16,754 [INFO] PluginManage:310 - Check plugin cadmodel
2025-05-15 11:55:16,760 [INFO] CADModel:105 - Init CAD model plugin
2025-05-15 11:55:16,761 [INFO] PluginManage:359 - Loaded plugin cadmodel (category:power,tabindex:5)
2025-05-15 11:55:16,761 [INFO] PluginManage:310 - Check plugin clock
2025-05-15 11:55:16,772 [INFO] PluginManage:359 - Loaded plugin clock (category:base,tabindex:2)
2025-05-15 11:55:16,772 [INFO] PluginManage:310 - Check plugin ddr
2025-05-15 11:55:16,775 [INFO] PluginManage:359 - Loaded plugin ddr (category:tool,tabindex:6)
2025-05-15 11:55:16,775 [INFO] PluginManage:310 - Check plugin filemanager
2025-05-15 11:55:16,956 [INFO] PluginManage:359 - Loaded plugin filemanager (category:base,tabindex:10)
2025-05-15 11:55:16,957 [INFO] PluginManage:310 - Check plugin ipmanager
2025-05-15 11:55:16,964 [INFO] PluginManage:359 - Loaded plugin ipmanager (category:base,tabindex:5)
2025-05-15 11:55:16,964 [INFO] PluginManage:310 - Check plugin lpbam
2025-05-15 11:55:16,976 [INFO] PluginManage:359 - Loaded plugin lpbam (category:base,tabindex:0)
2025-05-15 11:55:16,976 [INFO] PluginManage:310 - Check plugin memorymap
2025-05-15 11:55:16,993 [INFO] PluginManage:359 - Loaded plugin memorymap (category:base,tabindex:4)
2025-05-15 11:55:16,993 [INFO] PluginManage:310 - Check plugin pinoutandconfiguration
2025-05-15 11:55:17,005 [INFO] PluginManage:359 - Loaded plugin pinoutandconfiguration (category:base,tabindex:1)
2025-05-15 11:55:17,006 [INFO] PluginManage:310 - Check plugin pinoutconfig
2025-05-15 11:55:17,121 [WARN] SupportedApi:132 - Cannot load RTOS API schema: s4s-elt-must-match.1: The content of 'definitions' must match (annotation?, (simpleType | complexType)?, (unique | key | keyref)*)). A problem was found starting at: attribute.
2025-05-15 11:55:17,292 [INFO] PluginManage:359 - Loaded plugin pinoutconfig (category:base,tabindex:0)
2025-05-15 11:55:17,292 [INFO] PluginManage:310 - Check plugin power
2025-05-15 11:55:17,304 [INFO] PluginManage:359 - Loaded plugin power (category:power,tabindex:4)
2025-05-15 11:55:17,305 [INFO] PluginManage:310 - Check plugin projectmanager
2025-05-15 11:55:17,321 [INFO] PluginManage:359 - Loaded plugin projectmanager (category:projectmanager,tabindex:4)
2025-05-15 11:55:17,321 [INFO] PluginManage:310 - Check plugin rif
2025-05-15 11:55:17,330 [INFO] PluginManage:359 - Loaded plugin rif (category:base,tabindex:3)
2025-05-15 11:55:17,330 [INFO] PluginManage:310 - Check plugin thirdparty
2025-05-15 11:55:17,480 [INFO] PluginManage:359 - Loaded plugin thirdparty (category:base,tabindex:-1)
2025-05-15 11:55:17,479 [WARN] IntegrityCheckThread:84 - waiting for thirdparty lock release [integrity check]
2025-05-15 11:55:17,480 [INFO] PluginManage:310 - Check plugin tools
2025-05-15 11:55:17,480 [INFO] IntegrityCheckThread:86 - entering critical section [integrity check]
2025-05-15 11:55:17,480 [INFO] ThirdPartyUpdaterWithRetryManager:70 - Updater plugin not ready yet. [1/15]
2025-05-15 11:55:17,482 [INFO] PluginManage:359 - Loaded plugin tools (category:base,tabindex:7)
2025-05-15 11:55:17,483 [INFO] PluginManage:310 - Check plugin tutovideos
2025-05-15 11:55:17,703 [INFO] PluginManage:359 - Loaded plugin tutovideos (category:base,tabindex:-1)
2025-05-15 11:55:17,703 [INFO] PluginManage:310 - Check plugin updater
2025-05-15 11:55:17,729 [INFO] PluginManage:359 - Loaded plugin updater (category:base,tabindex:12)
2025-05-15 11:55:17,729 [INFO] PluginManage:310 - Check plugin userauth
2025-05-15 11:55:17,734 [INFO] UserAuth:118 - Init User Auth plugin
2025-05-15 11:55:17,734 [INFO] PluginManage:359 - Loaded plugin userauth (category:base,tabindex:14)
2025-05-15 11:55:17,735 [INFO] PluginManage:283 - PluginManage : Loaded plugins [18]
2025-05-15 11:55:17,995 [INFO] PinOutPanel:1589 - setPackage(No Configuration,No Configuration)
2025-05-15 11:55:18,116 [INFO] CADModel:165 - CPN selected for project level
2025-05-15 11:55:18,116 [INFO] CADModel:114 - Register for checkConnection events
2025-05-15 11:55:18,132 [INFO] IPUIPlugin:80 - create IPUIPlugin
2025-05-15 11:55:18,133 [INFO] PluginManager:220 - loadIPPluginJar : add mdma
2025-05-15 11:55:18,142 [INFO] IPUIPlugin:80 - create IPUIPlugin
2025-05-15 11:55:18,142 [INFO] PluginManager:220 - loadIPPluginJar : add freertos
2025-05-15 11:55:18,151 [INFO] IPUIPlugin:80 - create IPUIPlugin
2025-05-15 11:55:18,151 [INFO] PluginManager:220 - loadIPPluginJar : add gic
2025-05-15 11:55:18,164 [INFO] IPUIPlugin:80 - create IPUIPlugin
2025-05-15 11:55:18,164 [INFO] PluginManager:220 - loadIPPluginJar : add adc
2025-05-15 11:55:18,167 [INFO] IPUIPlugin:80 - create IPUIPlugin
2025-05-15 11:55:18,168 [INFO] PluginManager:220 - loadIPPluginJar : add gtzc
2025-05-15 11:55:18,169 [INFO] IPUIPlugin:80 - create IPUIPlugin
2025-05-15 11:55:18,169 [INFO] PluginManager:220 - loadIPPluginJar : add quadspi
2025-05-15 11:55:18,172 [INFO] IPUIPlugin:80 - create IPUIPlugin
2025-05-15 11:55:18,172 [INFO] PluginManager:220 - loadIPPluginJar : add aes
2025-05-15 11:55:18,175 [INFO] IPUIPlugin:80 - create IPUIPlugin
2025-05-15 11:55:18,176 [INFO] PluginManager:220 - loadIPPluginJar : add pdm2pcm
2025-05-15 11:55:18,178 [INFO] IPUIPlugin:80 - create IPUIPlugin
2025-05-15 11:55:18,178 [INFO] PluginManager:220 - loadIPPluginJar : add hash
2025-05-15 11:55:18,180 [INFO] IPUIPlugin:80 - create IPUIPlugin
2025-05-15 11:55:18,181 [INFO] PluginManager:220 - loadIPPluginJar : add tim
2025-05-15 11:55:18,182 [INFO] IPUIPlugin:80 - create IPUIPlugin
2025-05-15 11:55:18,182 [INFO] PluginManager:220 - loadIPPluginJar : add tsc
2025-05-15 11:55:18,186 [INFO] IPUIPlugin:80 - create IPUIPlugin
2025-05-15 11:55:18,186 [INFO] PluginManager:220 - loadIPPluginJar : add extmemmanager
2025-05-15 11:55:18,188 [INFO] IPUIPlugin:80 - create IPUIPlugin
2025-05-15 11:55:18,188 [INFO] PluginManager:220 - loadIPPluginJar : add ts
2025-05-15 11:55:18,189 [INFO] IPUIPlugin:80 - create IPUIPlugin
2025-05-15 11:55:18,192 [INFO] PluginManager:220 - loadIPPluginJar : add radio
2025-05-15 11:55:18,195 [INFO] IPUIPlugin:80 - create IPUIPlugin
2025-05-15 11:55:18,195 [INFO] PluginManager:220 - loadIPPluginJar : add can
2025-05-15 11:55:18,198 [INFO] IPUIPlugin:80 - create IPUIPlugin
2025-05-15 11:55:18,198 [INFO] PluginManager:220 - loadIPPluginJar : add dma3
2025-05-15 11:55:18,200 [INFO] IPUIPlugin:80 - create IPUIPlugin
2025-05-15 11:55:18,201 [INFO] PluginManager:220 - loadIPPluginJar : add dfsdm
2025-05-15 11:55:18,203 [INFO] IPUIPlugin:80 - create IPUIPlugin
2025-05-15 11:55:18,203 [INFO] PluginManager:220 - loadIPPluginJar : add spi
2025-05-15 11:55:18,205 [INFO] IPUIPlugin:80 - create IPUIPlugin
2025-05-15 11:55:18,205 [INFO] PluginManager:220 - loadIPPluginJar : add gfxmmu
2025-05-15 11:55:18,207 [INFO] IPUIPlugin:80 - create IPUIPlugin
2025-05-15 11:55:18,207 [INFO] PluginManager:220 - loadIPPluginJar : add genericplugin
2025-05-15 11:55:18,209 [INFO] IPUIPlugin:80 - create IPUIPlugin
2025-05-15 11:55:18,209 [INFO] PluginManager:220 - loadIPPluginJar : add cryp
2025-05-15 11:55:18,214 [INFO] IPUIPlugin:80 - create IPUIPlugin
2025-05-15 11:55:18,214 [INFO] PluginManager:220 - loadIPPluginJar : add gpio
2025-05-15 11:55:18,217 [INFO] IPUIPlugin:80 - create IPUIPlugin
2025-05-15 11:55:18,218 [INFO] PluginManager:220 - loadIPPluginJar : add ddr_ctrl_phy
2025-05-15 11:55:18,219 [INFO] IPUIPlugin:80 - create IPUIPlugin
2025-05-15 11:55:18,219 [INFO] PluginManager:220 - loadIPPluginJar : add comp
2025-05-15 11:55:18,221 [INFO] IPUIPlugin:80 - create IPUIPlugin
2025-05-15 11:55:18,221 [INFO] PluginManager:220 - loadIPPluginJar : add tracer_emb
2025-05-15 11:55:18,224 [INFO] IPUIPlugin:80 - create IPUIPlugin
2025-05-15 11:55:18,224 [INFO] PluginManager:220 - loadIPPluginJar : add openamp
2025-05-15 11:55:18,231 [INFO] IPUIPlugin:80 - create IPUIPlugin
2025-05-15 11:55:18,231 [INFO] PluginManager:220 - loadIPPluginJar : add stm32_wpan
2025-05-15 11:55:18,239 [INFO] IPUIPlugin:80 - create IPUIPlugin
2025-05-15 11:55:18,241 [INFO] PluginManager:220 - loadIPPluginJar : add plateformsettings
2025-05-15 11:55:18,245 [INFO] IPUIPlugin:80 - create IPUIPlugin
2025-05-15 11:55:18,245 [INFO] PluginManager:220 - loadIPPluginJar : add ipddr
2025-05-15 11:55:18,248 [INFO] IPUIPlugin:80 - create IPUIPlugin
2025-05-15 11:55:18,248 [INFO] PluginManager:220 - loadIPPluginJar : add usart
2025-05-15 11:55:18,250 [INFO] IPUIPlugin:80 - create IPUIPlugin
2025-05-15 11:55:18,250 [INFO] PluginManager:220 - loadIPPluginJar : add ltdc
2025-05-15 11:55:18,254 [INFO] IPUIPlugin:80 - create IPUIPlugin
2025-05-15 11:55:18,254 [INFO] PluginManager:220 - loadIPPluginJar : add nvic
2025-05-15 11:55:18,255 [INFO] IPUIPlugin:80 - create IPUIPlugin
2025-05-15 11:55:18,256 [INFO] PluginManager:220 - loadIPPluginJar : add fatfs
2025-05-15 11:55:18,264 [INFO] IPUIPlugin:80 - create IPUIPlugin
2025-05-15 11:55:18,264 [INFO] PluginManager:220 - loadIPPluginJar : add linkedlist
2025-05-15 11:55:18,271 [INFO] IPUIPlugin:80 - create IPUIPlugin
2025-05-15 11:55:18,271 [INFO] PluginManager:220 - loadIPPluginJar : add dma
2025-05-15 11:55:18,277 [INFO] IPUIPlugin:80 - create IPUIPlugin
2025-05-15 11:55:18,277 [INFO] PluginManager:220 - loadIPPluginJar : add fmc
2025-05-15 11:55:18,281 [INFO] IPUIPlugin:80 - create IPUIPlugin
2025-05-15 11:55:18,281 [INFO] PluginManager:220 - loadIPPluginJar : add i2s
2025-05-15 11:55:18,283 [INFO] IPUIPlugin:80 - create IPUIPlugin
2025-05-15 11:55:18,283 [INFO] PluginManager:220 - loadIPPluginJar : add ucpd
2025-05-15 11:55:18,285 [INFO] IPUIPlugin:80 - create IPUIPlugin
2025-05-15 11:55:18,285 [INFO] PluginManager:220 - loadIPPluginJar : add lorawan
2025-05-15 11:55:18,288 [INFO] IPUIPlugin:80 - create IPUIPlugin
2025-05-15 11:55:18,288 [INFO] PluginManager:220 - loadIPPluginJar : add opamp
2025-05-15 11:55:18,290 [INFO] IPUIPlugin:80 - create IPUIPlugin
2025-05-15 11:55:18,291 [INFO] PluginManager:220 - loadIPPluginJar : add i3c
2025-05-15 11:55:18,295 [INFO] IPUIPlugin:80 - create IPUIPlugin
2025-05-15 11:55:18,296 [INFO] PluginManager:220 - loadIPPluginJar : add touchsensing
2025-05-15 11:55:18,298 [INFO] IPUIPlugin:80 - create IPUIPlugin
2025-05-15 11:55:18,299 [INFO] PluginManager:220 - loadIPPluginJar : add i2c
2025-05-15 11:55:18,303 [INFO] IPUIPlugin:80 - create IPUIPlugin
2025-05-15 11:55:18,303 [INFO] PluginManager:220 - loadIPPluginJar : add resmgrutility
2025-05-15 11:55:18,307 [INFO] IPUIPlugin:80 - create IPUIPlugin
2025-05-15 11:55:18,307 [INFO] PluginManager:220 - loadIPPluginJar : add sai
2025-05-15 11:55:18,311 [INFO] IPUIPlugin:80 - create IPUIPlugin
2025-05-15 11:55:18,311 [INFO] PluginManager:220 - loadIPPluginJar : add usbx
2025-05-15 11:55:18,420 [FATAL] Updater:351 - Updater called before beeing initialized
2025-05-15 11:55:18,450 [INFO] RulesReader:64 - Compatibility file has been processed (302 Rules)
2025-05-15 11:55:18,461 [INFO] RulesReader:64 - Compatibility file has been processed (302 Rules)
2025-05-15 11:55:18,468 [INFO] CADModel:165 - CPN selected for project level
2025-05-15 11:55:18,468 [INFO] CADModel:114 - Register for checkConnection events
2025-05-15 11:55:18,468 [FATAL] Updater:351 - Updater called before beeing initialized
2025-05-15 11:55:18,468 [ERROR] CADModel:125 - Updater not yet initialized, retry later 
2025-05-15 11:55:18,676 [FATAL] Updater:351 - Updater called before beeing initialized
2025-05-15 11:55:18,678 [INFO] CADModel:165 - CPN selected for project level
2025-05-15 11:55:18,679 [INFO] CADModel:114 - Register for checkConnection events
2025-05-15 11:55:18,679 [FATAL] Updater:351 - Updater called before beeing initialized
2025-05-15 11:55:18,679 [ERROR] CADModel:125 - Updater not yet initialized, retry later 
2025-05-15 11:55:18,684 [FATAL] Updater:351 - Updater called before beeing initialized
2025-05-15 11:55:18,775 [FATAL] Updater:351 - Updater called before beeing initialized
2025-05-15 11:55:18,780 [INFO] DbMcusAds:53 - JSON generation date=Wed May 07 03:07:55 MDT 2025 (1746608875484)
2025-05-15 11:55:18,780 [FATAL] Updater:351 - Updater called before beeing initialized
2025-05-15 11:55:18,876 [WARN] DetailPanel:346 - Failed to get advertising image, set to default
2025-05-15 11:55:19,262 [FATAL] Updater:351 - Updater called before beeing initialized
2025-05-15 11:55:19,265 [FATAL] Updater:351 - Updater called before beeing initialized
2025-05-15 11:55:19,265 [FATAL] Updater:351 - Updater called before beeing initialized
2025-05-15 11:55:19,266 [WARN] DetailPanel:346 - Failed to get advertising image, set to default
2025-05-15 11:55:19,267 [FATAL] Updater:351 - Updater called before beeing initialized
2025-05-15 11:55:19,319 [ERROR] Updater:1198 - MainUpdater not yet initialized. External WinMGr cannot be set.
2025-05-15 11:55:19,321 [INFO] Updater:1134 - Updater Version found : 6.14.1
2025-05-15 11:55:19,353 [INFO] ApplicationProperties:184 - Using Application install path: /Applications/STM32CubeIDE.app/Contents/Eclipse/plugins/com.st.stm32cube.common.mx_6.14.1.202504091515
2025-05-15 11:55:19,800 [INFO] MainUpdater:2872 - connection check result : 10
2025-05-15 11:55:19,801 [INFO] MainUpdater:289 - Updater Check For Update Now.
2025-05-15 11:55:19,801 [INFO] MicroXplorer:498 - Change Database Version : DB.6.0.141
2025-05-15 11:55:19,808 [INFO] McuFinderGlobals:63 - Set McuFinder mode to 2 (CubeIDE integrated)
2025-05-15 11:55:19,809 [INFO] UserAuth:484 - Internet connection configuration mode: 1
2025-05-15 11:55:19,837 [INFO] JxBrowserEngine:152 - Initiate JxBrowser Engine with user profile folder
2025-05-15 11:55:19,993 [INFO] CheckServerUpdateThread:120 - End of CheckServer Thread
2025-05-15 11:55:20,658 [WARN] PackLoader:240 - Cannot read IP mode file for STMicroelectronics.FP-SNS-MOTENVWB1.1.4.0
2025-05-15 11:55:20,667 [WARN] PackLoader:240 - Cannot read IP mode file for STMicroelectronics.FP-ATR-ASTRA1.2.0.2
2025-05-15 11:55:20,676 [WARN] PackLoader:240 - Cannot read IP mode file for STMicroelectronics.X-CUBE-SMBUS.2.1.0
2025-05-15 11:55:20,686 [WARN] PackLoader:240 - Cannot read IP mode file for STMicroelectronics.X-CUBE-WB05N.1.1.0
2025-05-15 11:55:20,721 [WARN] PackLoader:240 - Cannot read IP mode file for STMicroelectronics.X-CUBE-AZRTOS-F7.1.1.0
2025-05-15 11:55:20,760 [WARN] PackLoader:240 - Cannot read IP mode file for Infineon.AIROC-Wi-Fi-Bluetooth-STM32.1.7.0
2025-05-15 11:55:20,779 [WARN] PackLoader:240 - Cannot read IP mode file for STMicroelectronics.X-CUBE-DISPLAY.3.0.0
2025-05-15 11:55:20,801 [WARN] PackLoader:240 - Cannot read IP mode file for STMicroelectronics.X-CUBE-NFC10.1.0.0
2025-05-15 11:55:20,813 [WARN] PackLoader:240 - Cannot read IP mode file for STMicroelectronics.X-CUBE-BLEMGR.4.0.0
2025-05-15 11:55:20,822 [WARN] PackLoader:240 - Cannot read IP mode file for emotas.I-CUBE-CANOPEN.1.3.0
2025-05-15 11:55:20,825 [WARN] ConditionMgr:438 - getConditionDescription Invalid condition id : Cortex-A Device cause : null
2025-05-15 11:55:20,836 [WARN] ConditionMgr:1044 - genDependencies : Invalid condition id : Cortex-A Device cause : null
2025-05-15 11:55:20,836 [WARN] ConditionMgr:1044 - genDependencies : Invalid condition id : Cortex-A Device cause : null
2025-05-15 11:55:20,837 [WARN] ConditionMgr:1044 - genDependencies : Invalid condition id : Cortex-A Device cause : null
2025-05-15 11:55:20,840 [WARN] PackLoader:240 - Cannot read IP mode file for STMicroelectronics.X-CUBE-AI.10.0.0
2025-05-15 11:55:20,845 [WARN] PackLoader:240 - Cannot read IP mode file for STMicroelectronics.FP-SNS-SMARTAG2.1.2.0
2025-05-15 11:55:20,849 [WARN] PackLoader:240 - Cannot read IP mode file for STMicroelectronics.FP-SNS-FLIGHT1.5.1.0
2025-05-15 11:55:20,902 [WARN] PackLoader:240 - Cannot read IP mode file for STMicroelectronics.X-CUBE-MEMS1.11.1.0
2025-05-15 11:55:21,132 [INFO] LogOutputStream:77 - [STDOUT_REDIRECT] 1 : Invalid condition id : UX_CORESTACK_Condition cause : null
2025-05-15 11:55:21,133 [INFO] LogOutputStream:77 - [STDOUT_REDIRECT] 1 : Invalid condition id : UX_CORESTACK_Condition cause : null
2025-05-15 11:55:21,133 [INFO] LogOutputStream:77 - [STDOUT_REDIRECT] 1 : Invalid condition id : UX_CORESTACK_Condition cause : null
2025-05-15 11:55:21,133 [INFO] LogOutputStream:77 - [STDOUT_REDIRECT] 1 : Invalid condition id : UX_CORESTACK_Condition cause : null
2025-05-15 11:55:21,134 [INFO] LogOutputStream:77 - [STDOUT_REDIRECT] 1 : Invalid condition id : UX_CORESTACK_Condition cause : null
2025-05-15 11:55:21,136 [WARN] PackLoader:240 - Cannot read IP mode file for STMicroelectronics.X-CUBE-AZRTOS-WL.2.0.0
2025-05-15 11:55:21,141 [WARN] PackLoader:240 - Cannot read IP mode file for STMicroelectronics.FP-SNS-MOTENV1.5.0.0
2025-05-15 11:55:21,148 [WARN] PackLoader:240 - Cannot read IP mode file for WES.I-CUBE-Cesium.1.3.0
2025-05-15 11:55:21,151 [WARN] PackLoader:240 - Cannot read IP mode file for STMicroelectronics.X-CUBE-BLE2.3.3.0
2025-05-15 11:55:21,157 [WARN] PackLoader:240 - Cannot read IP mode file for STMicroelectronics.X-CUBE-NFC9.1.0.0
2025-05-15 11:55:21,161 [WARN] PackLoader:240 - Cannot read IP mode file for STMicroelectronics.X-CUBE-BLE1.7.1.0
2025-05-15 11:55:21,165 [WARN] PackLoader:240 - Cannot read IP mode file for wolfSSL.I-CUBE-wolfMQTT.1.19.2
2025-05-15 11:55:21,216 [WARN] PackLoader:240 - Cannot read IP mode file for STMicroelectronics.X-CUBE-MEMS1.11.2.0
2025-05-15 11:55:21,347 [WARN] PackLoader:240 - Cannot read IP mode file for STMicroelectronics.X-CUBE-AZRTOS-G0.1.1.0
2025-05-15 11:55:21,355 [WARN] PackLoader:240 - Cannot read IP mode file for STMicroelectronics.X-CUBE-SAFEA1.1.2.2
2025-05-15 11:55:21,362 [WARN] PackLoader:240 - Cannot read IP mode file for STMicroelectronics.X-CUBE-NFC4.3.0.0
2025-05-15 11:55:21,373 [WARN] PackLoader:240 - Cannot read IP mode file for EmbeddedOffice.I-CUBE-FS-RTOS.1.0.1
2025-05-15 11:55:21,380 [WARN] PackLoader:240 - Cannot read IP mode file for STMicroelectronics.X-CUBE-WB05N.2.0.0
2025-05-15 11:55:21,385 [WARN] PackLoader:240 - Cannot read IP mode file for wolfSSL.I-CUBE-wolfTPM.3.8.0
2025-05-15 11:55:21,391 [WARN] PackLoader:240 - Cannot read IP mode file for STMicroelectronics.X-CUBE-TCPP.4.2.0
2025-05-15 11:55:21,403 [WARN] PackLoader:240 - Cannot read IP mode file for RealThread.X-CUBE-RT-Thread_Nano.4.1.1
2025-05-15 11:55:21,407 [WARN] PackLoader:240 - Cannot read IP mode file for STMicroelectronics.FP-ATR-SIGFOX1.3.2.0
2025-05-15 11:55:21,414 [WARN] PackLoader:240 - Cannot read IP mode file for STMicroelectronics.X-CUBE-EEPRMA1.5.1.0
2025-05-15 11:55:21,420 [WARN] PackLoader:240 - Cannot read IP mode file for wolfSSL.I-CUBE-wolfSSL.5.7.6
2025-05-15 11:55:21,426 [WARN] PackLoader:240 - Cannot read IP mode file for ITTIA_DB.I-CUBE-ITTIADB.8.9.0
2025-05-15 11:55:21,456 [WARN] PackLoader:240 - Cannot read IP mode file for SEGGER.I-CUBE-embOS.1.3.1
2025-05-15 11:55:21,495 [WARN] PackLoader:240 - Cannot read IP mode file for STMicroelectronics.X-CUBE-ALGOBUILD.1.4.0
2025-05-15 11:55:21,510 [WARN] PackLoader:240 - Cannot read IP mode file for STMicroelectronics.X-CUBE-AZRTOS-F4.1.1.0
2025-05-15 11:55:21,515 [WARN] PackLoader:240 - Cannot read IP mode file for Avnet-IotConnect.X-CUBE-IoTC-DA16k-PMOD.1.0.0
2025-05-15 11:55:21,518 [WARN] PackLoader:240 - Cannot read IP mode file for STMicroelectronics.X-CUBE-ISPU.2.1.0
2025-05-15 11:55:21,534 [WARN] PackLoader:240 - Cannot read IP mode file for STMicroelectronics.X-CUBE-AZRTOS-L5.2.0.0
2025-05-15 11:55:21,543 [WARN] PackLoader:240 - Cannot read IP mode file for STMicroelectronics.X-CUBE-NFC6.3.1.0
2025-05-15 11:55:21,549 [WARN] PackLoader:240 - Cannot read IP mode file for STMicroelectronics.X-CUBE-FREERTOS.1.3.1
2025-05-15 11:55:21,553 [WARN] PackLoader:240 - Cannot read IP mode file for STMicroelectronics.X-CUBE-FREERTOS.1.3.0
2025-05-15 11:55:21,558 [WARN] PackLoader:240 - Cannot read IP mode file for STMicroelectronics.X-CUBE-NFC7.1.0.1
2025-05-15 11:55:21,563 [WARN] PackLoader:240 - Cannot read IP mode file for STMicroelectronics.X-CUBE-DPower.1.3.0
2025-05-15 11:55:21,579 [WARN] ConditionMgr:438 - getConditionDescription Invalid condition id : LAN8742 Phy interface Condition cause : null
2025-05-15 11:55:21,580 [WARN] PackLoader:240 - Cannot read IP mode file for STMicroelectronics.X-CUBE-AZRTOS-L4.2.0.0
2025-05-15 11:55:21,581 [WARN] ConditionMgr:1044 - genDependencies : Invalid condition id : LAN8742 Phy interface Condition cause : null
2025-05-15 11:55:21,581 [WARN] ConditionMgr:1044 - genDependencies : Invalid condition id : LAN8742 Phy interface Condition cause : null
2025-05-15 11:55:21,582 [WARN] ConditionMgr:1044 - genDependencies : Invalid condition id : LAN8742 Phy interface Condition cause : null
2025-05-15 11:55:21,588 [WARN] PackLoader:240 - Cannot read IP mode file for STMicroelectronics.X-CUBE-SFXS2LP1.4.0.0
2025-05-15 11:55:21,617 [WARN] PackLoader:240 - Cannot read IP mode file for STMicroelectronics.X-CUBE-AZRTOS-H7.3.3.0
2025-05-15 11:55:21,654 [WARN] ConditionMgr:438 - getConditionDescription Invalid condition id : UX DEVICE CLASS RTOS Condition cause : null
2025-05-15 11:55:21,670 [WARN] ConditionMgr:438 - getConditionDescription Invalid condition id : UX DEVICE CLASS RTOS Condition cause : null
2025-05-15 11:55:21,674 [WARN] PackLoader:240 - Cannot read IP mode file for STMicroelectronics.X-CUBE-AZRTOS-WB.2.0.0
2025-05-15 11:55:21,675 [WARN] ConditionMgr:1044 - genDependencies : Invalid condition id : UX DEVICE CLASS RTOS Condition cause : null
2025-05-15 11:55:21,676 [WARN] ConditionMgr:1044 - genDependencies : Invalid condition id : UX DEVICE CLASS RTOS Condition cause : null
2025-05-15 11:55:21,676 [WARN] ConditionMgr:1044 - genDependencies : Invalid condition id : UX DEVICE CLASS RTOS Condition cause : null
2025-05-15 11:55:21,677 [WARN] ConditionMgr:1044 - genDependencies : Invalid condition id : UX DEVICE CLASS RTOS Condition cause : null
2025-05-15 11:55:21,677 [WARN] ConditionMgr:1044 - genDependencies : Invalid condition id : UX DEVICE CLASS RTOS Condition cause : null
2025-05-15 11:55:21,685 [WARN] PackLoader:240 - Cannot read IP mode file for STMicroelectronics.X-CUBE-GNSS1.7.0.1
2025-05-15 11:55:21,692 [WARN] PackLoader:240 - Cannot read IP mode file for STMicroelectronics.X-CUBE-TOUCHGFX.4.25.0
2025-05-15 11:55:21,699 [WARN] PackLoader:240 - Cannot read IP mode file for STMicroelectronics.FP-SNS-STBOX1.2.0.0
2025-05-15 11:55:21,736 [WARN] PackLoader:240 - Cannot read IP mode file for STMicroelectronics.X-CUBE-SUBG2.5.0.0
2025-05-15 11:55:21,761 [WARN] PackLoader:240 - Cannot read IP mode file for STMicroelectronics.X-CUBE-AZRTOS-H7RS.1.1.0
2025-05-15 11:55:21,767 [WARN] PackLoader:240 - Cannot read IP mode file for Cesanta.I-CUBE-Mongoose.7.13.0
2025-05-15 11:55:21,781 [WARN] PackLoader:240 - Cannot read IP mode file for STMicroelectronics.X-CUBE-AZRTOS-G4.2.0.0
2025-05-15 11:55:21,786 [WARN] PackLoader:240 - Cannot read IP mode file for wolfSSL.I-CUBE-wolfSSH.1.4.20
2025-05-15 11:55:21,789 [WARN] PackLoader:240 - Cannot read IP mode file for STMicroelectronics.X-CUBE-NFC7.2.0.0
2025-05-15 11:55:21,801 [WARN] PackLoader:240 - Cannot read IP mode file for STMicroelectronics.X-CUBE-IPS.3.1.0
2025-05-15 11:55:21,809 [WARN] PackLoader:240 - Cannot read IP mode file for STMicroelectronics.X-CUBE-ALS.1.0.2
2025-05-15 11:55:21,814 [WARN] PackLoader:240 - Cannot read IP mode file for portGmbH.I-Cube-SoM-uGOAL.1.1.0
2025-05-15 11:55:21,833 [WARN] PackLoader:240 - Cannot read IP mode file for STMicroelectronics.X-CUBE-TOF1.3.4.2
2025-05-15 11:55:21,907 [WARN] PackLoader:240 - Cannot read IP mode file for STMicroelectronics.X-CUBE-TOF1.3.4.3
2025-05-15 11:55:21,938 [INFO] ThirdParty:978 - Integrity check success = true
2025-05-15 11:55:21,951 [INFO] IntegrityCheckThread:100 - exiting critical section [integrity check]
2025-05-15 11:55:21,971 [INFO] IntegrityCheckThread:103 - End integrity checks thread
2025-05-15 11:55:22,286 [INFO] WebApp:169 - Instantiating new browser for Auth
2025-05-15 11:55:23,539 [INFO] WebApp:463 - Apply proxy settings
2025-05-15 11:55:23,578 [INFO] WebApp:508 - Chromium authenticates against Manually configured proxy
2025-05-15 11:55:23,618 [INFO] WebApp:516 - Username used for proxy authentication: 
2025-05-15 11:55:23,681 [INFO] WebApp:894 - Register for checkConnection events
2025-05-15 11:55:23,689 [INFO] WebApp:463 - Apply proxy settings
2025-05-15 11:55:23,694 [INFO] WebApp:508 - Chromium authenticates against Manually configured proxy
2025-05-15 11:55:23,730 [INFO] WebApp:516 - Username used for proxy authentication: 
2025-05-15 11:55:24,023 [INFO] WebApp:225 - Starting web application
2025-05-15 11:55:24,040 [INFO] WebApp:593 - Web application path used /Applications/STM32CubeIDE.app/Contents/Eclipse/plugins/com.st.stm32cube.common.mx_6.14.1.202504091515/db/plugins/mcufinder/reactClient1/index.html
2025-05-15 11:55:24,223 [INFO] UserAuth:484 - Internet connection configuration mode: 1
2025-05-15 11:55:24,770 [INFO] WebApp:191 - Connection restablished
2025-05-15 11:55:42,133 [INFO] McuFinderGlobals:63 - Set McuFinder mode to 2 (CubeIDE integrated)
2025-05-15 11:55:42,136 [INFO] MainUpdater:2872 - connection check result : 10
2025-05-15 11:55:42,137 [INFO] MainUpdater:2872 - connection check result : 10
2025-05-15 11:55:42,480 [INFO] MicroXplorer:468 - Change Database Path : 
2025-05-15 11:55:42,480 [INFO] MicroXplorer:498 - Change Database Version : DB.6.0.141
2025-05-15 11:55:42,496 [WARN] ThirdParty:871 - waiting for thirdparty lock release [close project]
2025-05-15 11:55:42,496 [INFO] ThirdParty:873 - entering critical section [close project]
2025-05-15 11:55:42,497 [INFO] ThirdParty:883 - exiting critical section [close project]
2025-05-15 11:55:42,499 [INFO] PinOutPanel:1589 - setPackage(No Configuration,No Configuration)
2025-05-15 11:55:42,502 [INFO] UtilMem:75 - Begin LoadConfig() Used Memory: 194639776 Bytes (274726912)
2025-05-15 11:55:42,503 [INFO] MicroXplorer:468 - Change Database Path : 
2025-05-15 11:55:42,504 [INFO] MicroXplorer:498 - Change Database Version : DB.6.0.141
2025-05-15 11:55:42,504 [INFO] OpenFileManager:354 - Change cursor
2025-05-15 11:55:42,525 [INFO] Mcu:2011 - Initializing MCU STM32F407V(E-G)Tx STM32F407VGTx STM32F407VGT6
2025-05-15 11:55:44,089 [INFO] Context:756 - Trying to add GPIOservice into a context  which must be forbidden
2025-05-15 11:55:44,829 [INFO] ImportTextPane:218 - (OptionalMessage_ERROR) Pin36 (VP_RIF_VS_RIF1) cannot be retrieved for this MCU
2025-05-15 11:55:45,407 [INFO] RtosManager:558 - Registered RTOS mode: class=CMSIS, group=RTOS, mode=CMSIS_V1, owner=FREERTOS
2025-05-15 11:55:45,408 [INFO] RtosManager:558 - Registered RTOS mode: class=CMSIS, group=RTOS2, mode=CMSIS_V2, owner=FREERTOS
2025-05-15 11:55:45,408 [INFO] RtosManager:558 - Registered RTOS mode: class=RTOS, group=Core, mode=CMSIS_V1, owner=FREERTOS
2025-05-15 11:55:45,408 [INFO] RtosManager:558 - Registered RTOS mode: class=RTOS, group=Core, mode=CMSIS_V2, owner=FREERTOS
2025-05-15 11:55:45,408 [WARN] ModelIntegratedComponent:184 - Missing modes for component STMicroelectronics:FreeRTOS:0.0.1:STMicroelectronics:RTOS:FreeRTOS:Core:::10.2.0:
2025-05-15 11:55:45,449 [WARN] ModelIntegratedComponent:63 - No mode defined for component null
2025-05-15 11:55:45,449 [WARN] ModelIntegratedComponent:63 - No mode defined for component null
2025-05-15 11:55:45,449 [WARN] ModelIntegratedComponent:63 - No mode defined for component null
2025-05-15 11:55:45,450 [WARN] ModelIntegratedComponent:63 - No mode defined for component null
2025-05-15 11:55:45,450 [WARN] ModelIntegratedComponent:63 - No mode defined for component null
2025-05-15 11:55:45,450 [WARN] ModelIntegratedComponent:63 - No mode defined for component null
2025-05-15 11:55:45,450 [WARN] ModelIntegratedComponent:63 - No mode defined for component null
2025-05-15 11:55:45,450 [WARN] ModelIntegratedComponent:63 - No mode defined for component null
2025-05-15 11:55:45,450 [WARN] ModelIntegratedComponent:63 - No mode defined for component null
2025-05-15 11:55:45,450 [WARN] ModelIntegratedComponent:63 - No mode defined for component null
2025-05-15 11:55:45,450 [WARN] ModelIntegratedComponent:63 - No mode defined for component null
2025-05-15 11:55:45,450 [WARN] ModelIntegratedComponent:63 - No mode defined for component null
2025-05-15 11:55:45,450 [WARN] ModelIntegratedComponent:63 - No mode defined for component null
2025-05-15 11:55:45,451 [WARN] ModelIntegratedComponent:63 - No mode defined for component null
2025-05-15 11:55:45,451 [WARN] ModelIntegratedComponent:63 - No mode defined for component null
2025-05-15 11:55:45,451 [WARN] ModelIntegratedComponent:63 - No mode defined for component null
2025-05-15 11:55:45,451 [WARN] ModelIntegratedComponent:63 - No mode defined for component null
2025-05-15 11:55:45,451 [WARN] ModelIntegratedComponent:63 - No mode defined for component null
2025-05-15 11:55:45,451 [WARN] ModelIntegratedComponent:63 - No mode defined for component null
2025-05-15 11:55:45,451 [WARN] ModelIntegratedComponent:63 - No mode defined for component null
2025-05-15 11:55:45,451 [WARN] ModelIntegratedComponent:63 - No mode defined for component null
2025-05-15 11:55:45,451 [WARN] ModelIntegratedComponent:63 - No mode defined for component null
2025-05-15 11:55:45,452 [WARN] ModelIntegratedComponent:63 - No mode defined for component null
2025-05-15 11:55:45,452 [WARN] ModelIntegratedComponent:63 - No mode defined for component null
2025-05-15 11:55:45,452 [WARN] ModelIntegratedComponent:63 - No mode defined for component null
2025-05-15 11:55:45,452 [WARN] ModelIntegratedComponent:63 - No mode defined for component null
2025-05-15 11:55:45,452 [WARN] ModelIntegratedComponent:63 - No mode defined for component null
2025-05-15 11:55:45,452 [WARN] ModelIntegratedComponent:63 - No mode defined for component null
2025-05-15 11:55:45,452 [WARN] ModelIntegratedComponent:63 - No mode defined for component null
2025-05-15 11:55:45,453 [WARN] ModelIntegratedComponent:63 - No mode defined for component null
2025-05-15 11:55:45,453 [WARN] ModelIntegratedComponent:63 - No mode defined for component null
2025-05-15 11:55:45,453 [WARN] ModelIntegratedComponent:63 - No mode defined for component null
2025-05-15 11:55:45,453 [WARN] ModelIntegratedComponent:63 - No mode defined for component null
2025-05-15 11:55:45,453 [WARN] ModelIntegratedComponent:63 - No mode defined for component null
2025-05-15 11:55:45,453 [WARN] ModelIntegratedComponent:63 - No mode defined for component null
2025-05-15 11:55:45,453 [WARN] ModelPack:524 - Component already loaded: STMicroelectronics:HAL Drivers:0.0.0:STMicroelectronics:Device:STMicro_Driver:XSPI:HAL::0.0.1:HAL_XSPI
2025-05-15 11:55:45,604 [INFO] ThirdPartyModel:298 - Start build external matchings
2025-05-15 11:55:46,641 [INFO] ThirdPartyModel:316 - End build external matchings
2025-05-15 11:55:46,669 [INFO] ImportTextPane:218 - (OptionalMessage_ERROR) IP (RCC) : Parameter (RTCHSEDivFreq_Value) has invalid value (4000000)
2025-05-15 11:55:47,500 [INFO] ApiDb:581 - Connected to CubeFinder SQLite database (/Users/winstonhar/.stmcufinder/plugins/mcufinder/mcu/cube-finder-db.db)
2025-05-15 11:55:47,635 [INFO] ApiDb:668 - CubeFinder database Data Model version=2.1
2025-05-15 11:55:47,635 [INFO] ApiDb:669 - CubeFinder database Configuration version=3.0.39
2025-05-15 11:55:47,636 [INFO] ApiDb:670 - CubeFinder database generation date=2025-04-23 (1745419778)
2025-05-15 11:55:47,636 [INFO] ApiDb:671 - CubeFinder database FW Pack versions=[FP-ATR-ASTRA1_V2.0.0, FP-SNS-FLIGHT1_V5.1.0, FP-SNS-MOTENV1_V5.0.0, FP-SNS-MOTENVWB1_V1.4.0, FP-SNS-SMARTAG2_V1.2.0, FP-SNS-STBOX1_V2.0.0, STM32Cube_FW_C0_V1.4.0, STM32Cube_FW_F4_V1.28.1, STM32Cube_FW_F7_V1.17.2, STM32Cube_FW_G0_V1.6.2, STM32Cube_FW_G4_V1.6.1, STM32Cube_FW_H5_V1.5.0, STM32Cube_FW_H7RS_V1.2.0, STM32Cube_FW_H7_V1.12.1, STM32Cube_FW_L0_V1.12.2, STM32Cube_FW_L4_V1.18.1, STM32Cube_FW_L5_V1.5.1, STM32Cube_FW_N6_V1.1.1, STM32Cube_FW_U0_V1.2.0, STM32Cube_FW_U3_V1.1.0, STM32Cube_FW_U5_V1.7.0, STM32Cube_FW_WB0_V1.2.0, STM32Cube_FW_WBA_V1.6.0, STM32Cube_FW_WB_V1.22.0, STM32Cube_FW_WL3_V1.1.0, STM32Cube_FW_WL_V1.3.1, X-CUBE-ALGOBUILD_V1.4.0, X-CUBE-ALS_V1.0.2, X-CUBE-AZRTOS-F4_V1.1.0, X-CUBE-AZRTOS-F7_V1.1.0, X-CUBE-AZRTOS-G0_V1.1.0, X-CUBE-AZRTOS-G4_V2.0.0, X-CUBE-AZRTOS-H7RS_V1.1.0, X-CUBE-AZRTOS-H7_V3.3.0, X-CUBE-AZRTOS-L4_V2.0.0, X-CUBE-AZRTOS-L5_V2.0.0, X-CUBE-AZRTOS-WB_V2.0.0, X-CUBE-AZRTOS-WL_V2.0.0, X-CUBE-BLE1_V7.1.0, X-CUBE-BLE2_V3.3.0, X-CUBE-BLEMGR_V4.0.0, X-CUBE-EEPRMA1_V5.1.0, X-CUBE-FREERTOS_V1.3.0, X-CUBE-GNSS1_V6.0.0, X-CUBE-MEMS1_V11.2.0, X-CUBE-NFC4_V3.0.0, X-CUBE-NFC7_V1.0.1, X-CUBE-SFXS2LP1_V4.0.0, X-CUBE-SUBG2_V5.0.0, X-CUBE-TOF1_V3.4.3]
2025-05-15 11:55:47,815 [INFO] DbBoardsSqlite:226 - include board P-NUCLEO-WB55-NUCLEO as a kit item of type 'Nucleo-64'
2025-05-15 11:55:47,816 [INFO] DbBoardsSqlite:226 - include board P-NUCLEO-WB55-USBDONGLE as a kit item of type 'Nucleo USB Dongle'
2025-05-15 11:55:47,817 [INFO] DbBoardsSqlite:226 - include board STEVAL-IDP005V1 as a kit item of type 'Evaluation Board'
2025-05-15 11:55:47,818 [INFO] DbBoardsSqlite:226 - include board STEVAL-IDP005V2 as a kit item of type 'Evaluation Board'
2025-05-15 11:55:48,205 [INFO] ApiDb:240 - Found 895 in-development CPN: [B-G473E-ZEST1S, B-WB1M-WPAN1, B-WBA5M-WPAN, B-WL5M-SUBG1, NUCLEO-C031C6, NUCLEO-C051C8, NUCLEO-C071RB, NUCLEO-C092RC, NUCLEO-H503RB, NUCLEO-H533RE, NUCLEO-H563ZI, NUCLEO-H7S3L8, NUCLEO-N657X0-Q, NUCLEO-U031R8, NUCLEO-U083RC, NUCLEO-U385RG-Q, NUCLEO-U545RE-Q, NUCLEO-U5A5ZJ-Q, NUCLEO-WB05KZ, NUCLEO-WB07CC, NUCLEO-WB09KE, NUCLEO-WBA52CG, NUCLEO-WBA55CG, NUCLEO-WBA65RI, NUCLEO-WL33CC1, NUCLEO-WL33CC2, STEVAL-PROTEUS1, STEVAL-SMARTAG2, STEVAL-STWINBX1, STM320518-EVAL, STM32C0116-DK, STM32C011D6Y3TR, STM32C011D6Y6TR, STM32C011F4P3, STM32C011F4P6, STM32C011F4U3, STM32C011F4U6TR, STM32C011F6P3, STM32C011F6P6, STM32C011F6U3, STM32C011F6U6TR, STM32C011J4M3, STM32C011J4M6, STM32C011J6M3, STM32C011J6M6, STM32C0316-DK, STM32C031C4T3, STM32C031C4T6, STM32C031C4U3, STM32C031C4U6, STM32C031C6T3, STM32C031C6T6, STM32C031C6U3, STM32C031C6U6, STM32C031F4P3, STM32C031F4P6, STM32C031F6P3, STM32C031F6P6, STM32C031G4U3, STM32C031G4U6, STM32C031G6U3, STM32C031G6U6, STM32C031K4T3, STM32C031K4T6, STM32C031K4U3, STM32C031K4U6, STM32C031K6T3, STM32C031K6T6, STM32C031K6U3, STM32C031K6U6, STM32C051C6T6, STM32C051C6U6, STM32C051C8T6, STM32C051C8U6, STM32C051D8Y6TR, STM32C051F6P6, STM32C051F8P6, STM32C051G6U6, STM32C051G8U6, STM32C051K6T6, STM32C051K6U6, STM32C051K8T6, STM32C071C8T6, STM32C071C8T6N, STM32C071C8U6, STM32C071C8U6N, STM32C071CBT6, STM32C071CBT6N, STM32C071CBU6, STM32C071CBU6N, STM32C071F8P6, STM32C071F8P6N, STM32C071FBP6, STM32C071FBP6N, STM32C071FBY6TR, STM32C071G8U6, STM32C071G8U6N, STM32C071GBU6, STM32C071GBU6N, STM32C071K8T6, STM32C071K8T6N, STM32C071K8U6, STM32C071K8U6N, STM32C071KBT6, STM32C071KBT6N, STM32C071KBU6, STM32C071KBU6N, STM32C071R8T6, STM32C071R8T6N, STM32C071RBI6N, STM32C071RBT6, STM32C071RBT6N, STM32C091CBT6, STM32C091CBU6, STM32C091CCT6, STM32C091CCU6, STM32C091ECY6TR, STM32C091FBP6, STM32C091FCP6, STM32C091GBU6, STM32C091GCU6, STM32C091KBT6, STM32C091KBU6, STM32C091KCT6, STM32C091KCU6, STM32C091RBT6, STM32C091RCI6, STM32C091RCT6, STM32C092CBT6, STM32C092CBU6, STM32C092CCT6, STM32C092CCU6, STM32C092ECY6TR, STM32C092FBP6, STM32C092FCP6, STM32C092GBU6, STM32C092GCU6, STM32C092KBT6, STM32C092KBU6, STM32C092KCT6, STM32C092KCU6, STM32C092RBT6, STM32C092RCI6, STM32C092RCT6, STM32G071K8TXN, STM32G071K8UXN, STM32G081GBU6N, STM32G081KBT6N, STM32G081KBUXN, STM32G0B1CCT6N, STM32G0B1KCT6, STM32G0B1NEY6TR, STM32G0B1RCT6N, STM32G0C1CCT6, STM32G0C1CCT6N, STM32G0C1CCU6N, STM32G0C1CET6N, STM32G0C1CEU6N, STM32G0C1KCT6, STM32G0C1NEY6TR, STM32G0C1RCI6N, STM32G0C1RCT6N, STM32G0C1REI6N, STM32G0C1RET6N, STM32G0C1VCI6, STM32G0C1VEI6, STM32G411C6T3, STM32G411C6T6, STM32G411C6U3, STM32G411C6U6, STM32G411C8T3, STM32G411C8T6, STM32G411C8U3, STM32G411C8U6, STM32G411CBT3, STM32G411CBT6, STM32G411CBU3, STM32G411CBU6, STM32G411CCT3, STM32G411CCT6, STM32G411CCU3, STM32G411CCU6, STM32G411K6T3, STM32G411K6T6, STM32G411K6U3, STM32G411K6U6, STM32G411K8T3, STM32G411K8T6, STM32G411K8U3, STM32G411K8U6, STM32G411KBT3, STM32G411KBT6, STM32G411KBU3, STM32G411KBU6, STM32G411M6T3, STM32G411M6T6, STM32G411M8T3, STM32G411M8T6, STM32G411MBT3, STM32G411MBT6, STM32G411MCT3, STM32G411MCT6, STM32G411R6T3, STM32G411R6T6, STM32G411R8T3, STM32G411R8T6, STM32G411RBT3, STM32G411RBT6, STM32G411RCT3, STM32G411RCT6, STM32G414CBT3, STM32G414CBT6, STM32G414CBU3, STM32G414CBU6, STM32G414CCT3, STM32G414CCT6, STM32G414CCU3, STM32G414CCU6, STM32G414MBT3, STM32G414MBT6, STM32G414MCT3, STM32G414MCT6, STM32G414RBT3, STM32G414RBT6, STM32G414RCT3, STM32G414RCT6, STM32G414VBT3, STM32G414VBT6, STM32G414VCT3, STM32G414VCT6, STM32G431CBT3Z, STM32G431RBT3Z, STM32G471CCT6, STM32G471CCU6, STM32G471CET3, STM32G471CET6, STM32G471CEU3, STM32G471CEU6, STM32G471MCT6, STM32G471MET3, STM32G471MET6, STM32G471MEY6TR, STM32G471QCT6, STM32G471QET3, STM32G471RCT6, STM32G471RET3, STM32G471RET6, STM32G471VCH6, STM32G471VCI6, STM32G471VCT6, STM32G471VEH3, STM32G471VEH6, STM32G471VEI3, STM32G471VEI6, STM32G471VET3, STM32G471VET6, STM32G473QET3Z, STM32G473RET3Z, STM32G474CCT6, STM32G491RET3Z, STM32H503CBT6, STM32H503CBU6, STM32H503EBY6TR, STM32H503KBU6, STM32H503RBT6, STM32H523CCT6, STM32H523CCU6, STM32H523CET6, STM32H523CEU6, STM32H523HEY6TR, STM32H523RCT6, STM32H523RET6, STM32H523VCI6, STM32H523VCT6, STM32H523VEI6, STM32H523VET6, STM32H523ZCJ6, STM32H523ZCT6, STM32H523ZEJ6, STM32H523ZET6, STM32H533CET6, STM32H533CEU6, STM32H533HEY6TR, STM32H533RET6, STM32H533VEI6, STM32H533VET6, STM32H533ZEJ6, STM32H533ZET6, STM32H562AGI6, STM32H562AII6, STM32H562IGK6, STM32H562IGT6, STM32H562IIK6, STM32H562IIT6, STM32H562RGT6, STM32H562RGV6, STM32H562RIT6, STM32H562RIV6, STM32H562VGT6, STM32H562VIT6, STM32H562ZGT6, STM32H562ZIT6, STM32H563AGI6, STM32H563AII3Q, STM32H563AII6, STM32H563IGK6, STM32H563IGT6, STM32H563IIK3Q, STM32H563IIK6, STM32H563IIT3Q, STM32H563IIT6, STM32H563MIY3QTR, STM32H563RGT6, STM32H563RGV6, STM32H563RIT6, STM32H563RIV6, STM32H563VGT6, STM32H563VIT3Q, STM32H563VIT6, STM32H563ZGT6, STM32H563ZIT3Q, STM32H563ZIT6, STM32H573AII3Q, STM32H573AII6, STM32H573I-DK, STM32H573IIK3Q, STM32H573IIK6, STM32H573IIT3Q, STM32H573IIT6, STM32H573MIY3QTR, STM32H573RIT6, STM32H573RIV6, STM32H573VIT3Q, STM32H573VIT6, STM32H573ZIT3Q, STM32H573ZIT6, STM32H7R3A8I6, STM32H7R3I8K6, STM32H7R3I8T6, STM32H7R3L8H6, STM32H7R3L8H6H, STM32H7R3R8V6, STM32H7R3V8H6, STM32H7R3V8T6, STM32H7R3V8Y6TR, STM32H7R3Z8J6, STM32H7R3Z8T6, STM32H7R7A8I6, STM32H7R7I8K6, STM32H7R7I8T6, STM32H7R7L8H6, STM32H7R7L8H6H, STM32H7R7Z8J6, STM32H7S3A8I6, STM32H7S3I8K6, STM32H7S3I8T6, STM32H7S3L8H6, STM32H7S3L8H6H, STM32H7S3R8V6, STM32H7S3V8H6, STM32H7S3V8T6, STM32H7S3V8Y6TR, STM32H7S3Z8J6, STM32H7S3Z8T6, STM32H7S78-DK, STM32H7S7A8I6, STM32H7S7I8K6, STM32H7S7I8T6, STM32H7S7L8H6, STM32H7S7L8H6H, STM32H7S7Z8J6, STM32L4R5QGI6STR, STM32MP131AAE3, STM32MP131AAF3, STM32MP131AAG3, STM32MP131CAE3, STM32MP131CAF3, STM32MP131CAG3, STM32MP131DAE7, STM32MP131DAF7, STM32MP131DAG7, STM32MP131FAE7, STM32MP131FAF7, STM32MP131FAG7, STM32MP133AAE3, STM32MP133AAF3, STM32MP133AAG3, STM32MP133CAE3, STM32MP133CAF3, STM32MP133CAG3, STM32MP133DAE7, STM32MP133DAF7, STM32MP133DAG7, STM32MP133FAE7, STM32MP133FAF7, STM32MP133FAG7, STM32MP135AAE3, STM32MP135AAF3, STM32MP135AAG3, STM32MP135CAE3, STM32MP135CAF3, STM32MP135CAG3, STM32MP135DAE7, STM32MP135DAF7, STM32MP135DAG7, STM32MP135F-DK, STM32MP135FAE7, STM32MP135FAF7, STM32MP135FAF7T, STM32MP135FAF7U, STM32MP135FAG7, STM32MP231AAJ3, STM32MP231AAK3, STM32MP231AAL3, STM32MP231CAJ3, STM32MP231CAK3, STM32MP231CAL3, STM32MP231DAJ3, STM32MP231DAK3, STM32MP231DAL3, STM32MP231FAJ3, STM32MP231FAK3, STM32MP231FAL3, STM32MP233AAJ3, STM32MP233AAK3, STM32MP233AAL3, STM32MP233CAJ3, STM32MP233CAK3, STM32MP233CAL3, STM32MP233DAJ3, STM32MP233DAK3, STM32MP233DAL3, STM32MP233FAJ3, STM32MP233FAK3, STM32MP233FAL3, STM32MP235AAJ3, STM32MP235AAK3, STM32MP235AAL3, STM32MP235CAJ3, STM32MP235CAK3, STM32MP235CAL3, STM32MP235DAJ3, STM32MP235DAK3, STM32MP235DAL3, STM32MP235FAJ3, STM32MP235FAK3, STM32MP235FAL3, STM32MP251AAI3, STM32MP251AAJ3, STM32MP251AAK3, STM32MP251AAL3, STM32MP251CAI3, STM32MP251CAJ3, STM32MP251CAK3, STM32MP251CAL3, STM32MP251DAI3, STM32MP251DAJ3, STM32MP251DAK3, STM32MP251DAL3, STM32MP251FAI3, STM32MP251FAJ3, STM32MP251FAK3, STM32MP251FAL3, STM32MP253AAI3, STM32MP253AAJ3, STM32MP253AAK3, STM32MP253AAL3, STM32MP253CAI3, STM32MP253CAJ3, STM32MP253CAK3, STM32MP253CAL3, STM32MP253DAI3, STM32MP253DAJ3, STM32MP253DAK3, STM32MP253DAL3, STM32MP253FAI3, STM32MP253FAJ3, STM32MP253FAK3, STM32MP253FAL3, STM32MP255AAI3, STM32MP255AAJ3, STM32MP255AAK3, STM32MP255AAL3, STM32MP255CAI3, STM32MP255CAJ3, STM32MP255CAK3, STM32MP255CAL3, STM32MP255DAI3, STM32MP255DAJ3, STM32MP255DAK3, STM32MP255DAL3, STM32MP255FAI3, STM32MP255FAJ3, STM32MP255FAK3, STM32MP255FAL3, STM32MP257AAI3, STM32MP257AAJ3, STM32MP257AAK3, STM32MP257AAL3, STM32MP257CAI3, STM32MP257CAJ3, STM32MP257CAK3, STM32MP257CAL3, STM32MP257DAI3, STM32MP257DAJ3, STM32MP257DAK3, STM32MP257DAL3, STM32MP257F-DK, STM32MP257F-EV1, STM32MP257FAI3, STM32MP257FAJ3, STM32MP257FAK3, STM32MP257FAL3, STM32N645A0H3Q, STM32N645B0H3Q, STM32N645I0H3Q, STM32N645L0H3Q, STM32N645X0H3Q, STM32N645Z0H3Q, STM32N647A0H3Q, STM32N647B0H3Q, STM32N647I0H3Q, STM32N647L0H3Q, STM32N647X0H3Q, STM32N647Z0H3Q, STM32N655A0H3Q, STM32N655B0H3Q, STM32N655I0H3Q, STM32N655L0H3Q, STM32N655X0H3Q, STM32N655Z0H3Q, STM32N6570-DK, STM32N657A0H3Q, STM32N657B0H3Q, STM32N657I0H3Q, STM32N657L0H3Q, STM32N657X0H3Q, STM32N657Z0H3Q, STM32U031C6T6, STM32U031C6U6, STM32U031C8T6, STM32U031C8U6, STM32U031F4P6, STM32U031F6P6, STM32U031F8P6, STM32U031G6Y6TR, STM32U031G8Y6TR, STM32U031K4U6, STM32U031K6U6, STM32U031K8U6, STM32U031R6I6, STM32U031R6T6, STM32U031R8I6, STM32U031R8T6, STM32U073C8T6, STM32U073C8U6, STM32U073CBT6, STM32U073CBU6, STM32U073CCT6, STM32U073CCU6, STM32U073H8Y6TR, STM32U073HBY6TR, STM32U073HCY6TR, STM32U073K8U6, STM32U073KBU6, STM32U073KCU6, STM32U073M8I6, STM32U073M8T6, STM32U073MBI6, STM32U073MBT6, STM32U073MCI6, STM32U073MCT6, STM32U073R8I6, STM32U073R8T6, STM32U073RBI6, STM32U073RBT6, STM32U073RCI6, STM32U073RCT6, STM32U083C-DK, STM32U083CCT6, STM32U083CCU6, STM32U083HCY6TR, STM32U083KCU6, STM32U083MCI6, STM32U083MCT6, STM32U083RCI6, STM32U083RCT6, STM32U375CET6, STM32U375CET6Q, STM32U375CEU6, STM32U375CEU6Q, STM32U375CEY6QTR, STM32U375CGT6, STM32U375CGT6Q, STM32U375CGU6, STM32U375CGU6Q, STM32U375CGY6QTR, STM32U375KEU6, STM32U375KGU6, STM32U375REI6, STM32U375REI6Q, STM32U375RET6, STM32U375RET6Q, STM32U375REY6GTR, STM32U375REY6QTR, STM32U375RGI6, STM32U375RGI6Q, STM32U375RGT6, STM32U375RGT6Q, STM32U375RGY6GTR, STM32U375RGY6QTR, STM32U375VEI6, STM32U375VEI6Q, STM32U375VET6, STM32U375VET6Q, STM32U375VGI6, STM32U375VGI6Q, STM32U375VGT6, STM32U375VGT6Q, STM32U385CGT6, STM32U385CGT6Q, STM32U385CGU6, STM32U385CGU6Q, STM32U385CGY6QTR, STM32U385KGU6, STM32U385RGI6, STM32U385RGI6Q, STM32U385RGT6, STM32U385RGT6Q, STM32U385RGY6GTR, STM32U385RGY6QTR, STM32U385VGI6, STM32U385VGI6Q, STM32U385VGT6, STM32U385VGT6Q, STM32U535CBT6, STM32U535CBT6Q, STM32U535CBU6, STM32U535CBU6Q, STM32U535CCT6, STM32U535CCT6Q, STM32U535CCU6, STM32U535CCU6Q, STM32U535CET6, STM32U535CET6Q, STM32U535CEU6, STM32U535CEU6Q, STM32U535JEY6QTR, STM32U535NCY6QTR, STM32U535NEY6QTR, STM32U535RBI6, STM32U535RBI6Q, STM32U535RBT6, STM32U535RBT6Q, STM32U535RCI6, STM32U535RCI6Q, STM32U535RCT6, STM32U535RCT6Q, STM32U535REI6, STM32U535REI6Q, STM32U535RET6, STM32U535RET6Q, STM32U535VCI6, STM32U535VCI6Q, STM32U535VCT6, STM32U535VCT6Q, STM32U535VEI6, STM32U535VEI6Q, STM32U535VET6, STM32U535VET6Q, STM32U545CET6, STM32U545CET6Q, STM32U545CEU6, STM32U545CEU6Q, STM32U545JEY6QTR, STM32U545NEY6QTR, STM32U545REI6, STM32U545REI6Q, STM32U545RET6, STM32U545RET6Q, STM32U545VEI6, STM32U545VEI6Q, STM32U545VET6, STM32U545VET6Q, STM32U595AIH6, STM32U595AIH6Q, STM32U595AJH6, STM32U595AJH6Q, STM32U595QII6, STM32U595QII6Q, STM32U595QJI6, STM32U595QJI6Q, STM32U595RIT6, STM32U595RIT6Q, STM32U595RJT6, STM32U595RJT6Q, STM32U595VIT6, STM32U595VIT6Q, STM32U595VJT6, STM32U595VJT6Q, STM32U595ZIT6, STM32U595ZIT6Q, STM32U595ZIY6QTR, STM32U595ZJT6, STM32U595ZJT6Q, STM32U595ZJY6QTR, STM32U599BJY6QTR, STM32U599NIH6Q, STM32U599NJH6Q, STM32U599VIT6Q, STM32U599VJT6, STM32U599VJT6Q, STM32U599ZIT6Q, STM32U599ZIY6QTR, STM32U599ZJT6Q, STM32U599ZJY6QTR, STM32U5A5AJH6, STM32U5A5AJH6Q, STM32U5A5QII3Q , STM32U5A5QJI6, STM32U5A5QJI6Q, STM32U5A5RJT6, STM32U5A5RJT6Q, STM32U5A5VJT6, STM32U5A5VJT6Q, STM32U5A5ZJT6, STM32U5A5ZJT6Q, STM32U5A5ZJY6QTR, STM32U5A9BJY6QTR, STM32U5A9J-DK, STM32U5A9NJH6Q, STM32U5A9VJT6Q, STM32U5A9ZJT6Q, STM32U5A9ZJY6QTR, STM32U5F7VIT6, STM32U5F7VIT6Q, STM32U5F7VJT6, STM32U5F7VJT6Q, STM32U5F9BJY6QTR, STM32U5F9NJH6Q, STM32U5F9VIT6Q, STM32U5F9VJT6Q, STM32U5F9ZIJ6QTR, STM32U5F9ZIT6Q, STM32U5F9ZJJ6QTR, STM32U5F9ZJT6Q, STM32U5G7VJT6, STM32U5G7VJT6Q, STM32U5G9BJY6QTR, STM32U5G9J-DK1, STM32U5G9J-DK2, STM32U5G9NJH6Q, STM32U5G9VJT6Q, STM32U5G9ZJJ6QTR, STM32U5G9ZJT6Q, STM32WB05KZV6TR, STM32WB05KZV7TR, STM32WB05TZF6TR, STM32WB05TZF7TR, STM32WB06CCF6TR, STM32WB06CCF7TR, STM32WB06CCV6TR, STM32WB06CCV7TR, STM32WB06KCV6TR, STM32WB06KCV7TR, STM32WB07CCF6TR, STM32WB07CCF7TR, STM32WB07CCV6TR, STM32WB07CCV7TR, STM32WB07KCV6TR, STM32WB07KCV7TR, STM32WB09KEV6TR, STM32WB09KEV7TR, STM32WB09TEF6TR, STM32WB09TEF7TR, STM32WB1MMCH6, STM32WBA50KGU6, STM32WBA50KGU6TR, STM32WBA52CEU6, STM32WBA52CEU6TR, STM32WBA52CEU7, STM32WBA52CEU7TR, STM32WBA52CGU6, STM32WBA52CGU6TR, STM32WBA52CGU6U, STM32WBA52CGU7, STM32WBA52CGU7TR, STM32WBA52KEU6, STM32WBA52KEU6TR, STM32WBA52KGU6, STM32WBA52KGU6TR, STM32WBA54CEU6, STM32WBA54CEU6TR, STM32WBA54CEU7, STM32WBA54CEU7TR, STM32WBA54CGU6, STM32WBA54CGU6TR, STM32WBA54CGU7, STM32WBA54CGU7TR, STM32WBA54KEU6, STM32WBA54KEU6TR, STM32WBA54KEU7, STM32WBA54KEU7TR, STM32WBA54KGU6, STM32WBA54KGU6TR, STM32WBA54KGU7, STM32WBA54KGU7TR, STM32WBA55CEU6, STM32WBA55CEU6TR, STM32WBA55CEU7, STM32WBA55CEU7TR, STM32WBA55CGU6, STM32WBA55CGU6TR, STM32WBA55CGU6U, STM32WBA55CGU7, STM32WBA55CGU7TR, STM32WBA55G-DK1, STM32WBA55HEF6, STM32WBA55HEF7, STM32WBA55HGF6, STM32WBA55HGF7, STM32WBA55UEI6, STM32WBA55UEI6TR, STM32WBA55UEI7, STM32WBA55UEI7TR, STM32WBA55UGI6, STM32WBA55UGI6TR, STM32WBA55UGI7, STM32WBA55UGI7TR, STM32WBA5MJGH6TR, STM32WBA62CGU6, STM32WBA62CIU6, STM32WBA62MGF6, STM32WBA62MIF6, STM32WBA62PGI6, STM32WBA62PII6, STM32WBA63CGU6, STM32WBA63CGU7, STM32WBA63CIU6, STM32WBA63CIU7, STM32WBA64CGU6, STM32WBA64CGU7, STM32WBA64CIU6, STM32WBA64CIU7, STM32WBA65CGU6, STM32WBA65CGU7, STM32WBA65CIU6, STM32WBA65CIU7, STM32WBA65I-DK1, STM32WBA65MGF6, STM32WBA65MGF7, STM32WBA65MIF6, STM32WBA65MIF7, STM32WBA65PGI6, STM32WBA65PGI7, STM32WBA65PII6, STM32WBA65PII7, STM32WBA65RGV6, STM32WBA65RGV7, STM32WBA65RIV6, STM32WBA65RIV7, STM32WL30K8V6, STM32WL30KBV6, STM32WL31C8V6, STM32WL31CBV6, STM32WL31K8V6, STM32WL31KBV6, STM32WL33C8V6, STM32WL33C8V6TR, STM32WL33C8V7, STM32WL33C8V7TR, STM32WL33CBV6, STM32WL33CBV6TR, STM32WL33CBV7, STM32WL33CBV7TR, STM32WL33CCV6, STM32WL33CCV6TR, STM32WL33CCV7, STM32WL33CCV7A, STM32WL33CCV7ATR, STM32WL33CCV7TR, STM32WL33K8V6, STM32WL33K8V6TR, STM32WL33K8V7, STM32WL33K8V7TR, STM32WL33KBV6, STM32WL33KBV6TR, STM32WL33KBV7, STM32WL33KBV7TR, STM32WL33KCV6, STM32WL33KCV6TR, STM32WL33KCV7, STM32WL33KCV7TR, STM32WL5MOCH6, STM32WL5MOCH6TR]
2025-05-15 11:55:48,450 [INFO] BoardInfo:889 - No configuration file found for board P-NUCLEO-WB55
2025-05-15 11:55:48,450 [INFO] DbBoards:161 - Kit is not supported: P-NUCLEO-WB55
2025-05-15 11:55:48,459 [INFO] BoardInfo:889 - No configuration file found for board STEVAL-BFA001V1B
2025-05-15 11:55:48,459 [INFO] DbBoards:161 - Kit is not supported: STEVAL-BFA001V1B
2025-05-15 11:55:48,461 [INFO] BoardInfo:889 - No configuration file found for board STEVAL-BFA001V2B
2025-05-15 11:55:48,461 [INFO] DbBoards:161 - Kit is not supported: STEVAL-BFA001V2B
2025-05-15 11:55:48,703 [INFO] DbBoards:168 - Found 211 boards, 208 are supported
2025-05-15 11:55:48,703 [INFO] DbBoards:169 - Found 211 boards, 43 of them is supported for  Bsp
2025-05-15 11:55:48,708 [INFO] ApiDb:668 - CubeFinder database Data Model version=2.1
2025-05-15 11:55:48,708 [INFO] ApiDb:669 - CubeFinder database Configuration version=3.0.39
2025-05-15 11:55:48,708 [INFO] ApiDb:670 - CubeFinder database generation date=2025-04-23 (1745419778)
2025-05-15 11:55:48,708 [INFO] ApiDb:671 - CubeFinder database FW Pack versions=[FP-ATR-ASTRA1_V2.0.0, FP-SNS-FLIGHT1_V5.1.0, FP-SNS-MOTENV1_V5.0.0, FP-SNS-MOTENVWB1_V1.4.0, FP-SNS-SMARTAG2_V1.2.0, FP-SNS-STBOX1_V2.0.0, STM32Cube_FW_C0_V1.4.0, STM32Cube_FW_F4_V1.28.1, STM32Cube_FW_F7_V1.17.2, STM32Cube_FW_G0_V1.6.2, STM32Cube_FW_G4_V1.6.1, STM32Cube_FW_H5_V1.5.0, STM32Cube_FW_H7RS_V1.2.0, STM32Cube_FW_H7_V1.12.1, STM32Cube_FW_L0_V1.12.2, STM32Cube_FW_L4_V1.18.1, STM32Cube_FW_L5_V1.5.1, STM32Cube_FW_N6_V1.1.1, STM32Cube_FW_U0_V1.2.0, STM32Cube_FW_U3_V1.1.0, STM32Cube_FW_U5_V1.7.0, STM32Cube_FW_WB0_V1.2.0, STM32Cube_FW_WBA_V1.6.0, STM32Cube_FW_WB_V1.22.0, STM32Cube_FW_WL3_V1.1.0, STM32Cube_FW_WL_V1.3.1, X-CUBE-ALGOBUILD_V1.4.0, X-CUBE-ALS_V1.0.2, X-CUBE-AZRTOS-F4_V1.1.0, X-CUBE-AZRTOS-F7_V1.1.0, X-CUBE-AZRTOS-G0_V1.1.0, X-CUBE-AZRTOS-G4_V2.0.0, X-CUBE-AZRTOS-H7RS_V1.1.0, X-CUBE-AZRTOS-H7_V3.3.0, X-CUBE-AZRTOS-L4_V2.0.0, X-CUBE-AZRTOS-L5_V2.0.0, X-CUBE-AZRTOS-WB_V2.0.0, X-CUBE-AZRTOS-WL_V2.0.0, X-CUBE-BLE1_V7.1.0, X-CUBE-BLE2_V3.3.0, X-CUBE-BLEMGR_V4.0.0, X-CUBE-EEPRMA1_V5.1.0, X-CUBE-FREERTOS_V1.3.0, X-CUBE-GNSS1_V6.0.0, X-CUBE-MEMS1_V11.2.0, X-CUBE-NFC4_V3.0.0, X-CUBE-NFC7_V1.0.1, X-CUBE-SFXS2LP1_V4.0.0, X-CUBE-SUBG2_V5.0.0, X-CUBE-TOF1_V3.4.3]
2025-05-15 11:55:51,898 [INFO] ApiDb:240 - Found 895 in-development CPN: [B-G473E-ZEST1S, B-WB1M-WPAN1, B-WBA5M-WPAN, B-WL5M-SUBG1, NUCLEO-C031C6, NUCLEO-C051C8, NUCLEO-C071RB, NUCLEO-C092RC, NUCLEO-H503RB, NUCLEO-H533RE, NUCLEO-H563ZI, NUCLEO-H7S3L8, NUCLEO-N657X0-Q, NUCLEO-U031R8, NUCLEO-U083RC, NUCLEO-U385RG-Q, NUCLEO-U545RE-Q, NUCLEO-U5A5ZJ-Q, NUCLEO-WB05KZ, NUCLEO-WB07CC, NUCLEO-WB09KE, NUCLEO-WBA52CG, NUCLEO-WBA55CG, NUCLEO-WBA65RI, NUCLEO-WL33CC1, NUCLEO-WL33CC2, STEVAL-PROTEUS1, STEVAL-SMARTAG2, STEVAL-STWINBX1, STM320518-EVAL, STM32C0116-DK, STM32C011D6Y3TR, STM32C011D6Y6TR, STM32C011F4P3, STM32C011F4P6, STM32C011F4U3, STM32C011F4U6TR, STM32C011F6P3, STM32C011F6P6, STM32C011F6U3, STM32C011F6U6TR, STM32C011J4M3, STM32C011J4M6, STM32C011J6M3, STM32C011J6M6, STM32C0316-DK, STM32C031C4T3, STM32C031C4T6, STM32C031C4U3, STM32C031C4U6, STM32C031C6T3, STM32C031C6T6, STM32C031C6U3, STM32C031C6U6, STM32C031F4P3, STM32C031F4P6, STM32C031F6P3, STM32C031F6P6, STM32C031G4U3, STM32C031G4U6, STM32C031G6U3, STM32C031G6U6, STM32C031K4T3, STM32C031K4T6, STM32C031K4U3, STM32C031K4U6, STM32C031K6T3, STM32C031K6T6, STM32C031K6U3, STM32C031K6U6, STM32C051C6T6, STM32C051C6U6, STM32C051C8T6, STM32C051C8U6, STM32C051D8Y6TR, STM32C051F6P6, STM32C051F8P6, STM32C051G6U6, STM32C051G8U6, STM32C051K6T6, STM32C051K6U6, STM32C051K8T6, STM32C071C8T6, STM32C071C8T6N, STM32C071C8U6, STM32C071C8U6N, STM32C071CBT6, STM32C071CBT6N, STM32C071CBU6, STM32C071CBU6N, STM32C071F8P6, STM32C071F8P6N, STM32C071FBP6, STM32C071FBP6N, STM32C071FBY6TR, STM32C071G8U6, STM32C071G8U6N, STM32C071GBU6, STM32C071GBU6N, STM32C071K8T6, STM32C071K8T6N, STM32C071K8U6, STM32C071K8U6N, STM32C071KBT6, STM32C071KBT6N, STM32C071KBU6, STM32C071KBU6N, STM32C071R8T6, STM32C071R8T6N, STM32C071RBI6N, STM32C071RBT6, STM32C071RBT6N, STM32C091CBT6, STM32C091CBU6, STM32C091CCT6, STM32C091CCU6, STM32C091ECY6TR, STM32C091FBP6, STM32C091FCP6, STM32C091GBU6, STM32C091GCU6, STM32C091KBT6, STM32C091KBU6, STM32C091KCT6, STM32C091KCU6, STM32C091RBT6, STM32C091RCI6, STM32C091RCT6, STM32C092CBT6, STM32C092CBU6, STM32C092CCT6, STM32C092CCU6, STM32C092ECY6TR, STM32C092FBP6, STM32C092FCP6, STM32C092GBU6, STM32C092GCU6, STM32C092KBT6, STM32C092KBU6, STM32C092KCT6, STM32C092KCU6, STM32C092RBT6, STM32C092RCI6, STM32C092RCT6, STM32G071K8TXN, STM32G071K8UXN, STM32G081GBU6N, STM32G081KBT6N, STM32G081KBUXN, STM32G0B1CCT6N, STM32G0B1KCT6, STM32G0B1NEY6TR, STM32G0B1RCT6N, STM32G0C1CCT6, STM32G0C1CCT6N, STM32G0C1CCU6N, STM32G0C1CET6N, STM32G0C1CEU6N, STM32G0C1KCT6, STM32G0C1NEY6TR, STM32G0C1RCI6N, STM32G0C1RCT6N, STM32G0C1REI6N, STM32G0C1RET6N, STM32G0C1VCI6, STM32G0C1VEI6, STM32G411C6T3, STM32G411C6T6, STM32G411C6U3, STM32G411C6U6, STM32G411C8T3, STM32G411C8T6, STM32G411C8U3, STM32G411C8U6, STM32G411CBT3, STM32G411CBT6, STM32G411CBU3, STM32G411CBU6, STM32G411CCT3, STM32G411CCT6, STM32G411CCU3, STM32G411CCU6, STM32G411K6T3, STM32G411K6T6, STM32G411K6U3, STM32G411K6U6, STM32G411K8T3, STM32G411K8T6, STM32G411K8U3, STM32G411K8U6, STM32G411KBT3, STM32G411KBT6, STM32G411KBU3, STM32G411KBU6, STM32G411M6T3, STM32G411M6T6, STM32G411M8T3, STM32G411M8T6, STM32G411MBT3, STM32G411MBT6, STM32G411MCT3, STM32G411MCT6, STM32G411R6T3, STM32G411R6T6, STM32G411R8T3, STM32G411R8T6, STM32G411RBT3, STM32G411RBT6, STM32G411RCT3, STM32G411RCT6, STM32G414CBT3, STM32G414CBT6, STM32G414CBU3, STM32G414CBU6, STM32G414CCT3, STM32G414CCT6, STM32G414CCU3, STM32G414CCU6, STM32G414MBT3, STM32G414MBT6, STM32G414MCT3, STM32G414MCT6, STM32G414RBT3, STM32G414RBT6, STM32G414RCT3, STM32G414RCT6, STM32G414VBT3, STM32G414VBT6, STM32G414VCT3, STM32G414VCT6, STM32G431CBT3Z, STM32G431RBT3Z, STM32G471CCT6, STM32G471CCU6, STM32G471CET3, STM32G471CET6, STM32G471CEU3, STM32G471CEU6, STM32G471MCT6, STM32G471MET3, STM32G471MET6, STM32G471MEY6TR, STM32G471QCT6, STM32G471QET3, STM32G471RCT6, STM32G471RET3, STM32G471RET6, STM32G471VCH6, STM32G471VCI6, STM32G471VCT6, STM32G471VEH3, STM32G471VEH6, STM32G471VEI3, STM32G471VEI6, STM32G471VET3, STM32G471VET6, STM32G473QET3Z, STM32G473RET3Z, STM32G474CCT6, STM32G491RET3Z, STM32H503CBT6, STM32H503CBU6, STM32H503EBY6TR, STM32H503KBU6, STM32H503RBT6, STM32H523CCT6, STM32H523CCU6, STM32H523CET6, STM32H523CEU6, STM32H523HEY6TR, STM32H523RCT6, STM32H523RET6, STM32H523VCI6, STM32H523VCT6, STM32H523VEI6, STM32H523VET6, STM32H523ZCJ6, STM32H523ZCT6, STM32H523ZEJ6, STM32H523ZET6, STM32H533CET6, STM32H533CEU6, STM32H533HEY6TR, STM32H533RET6, STM32H533VEI6, STM32H533VET6, STM32H533ZEJ6, STM32H533ZET6, STM32H562AGI6, STM32H562AII6, STM32H562IGK6, STM32H562IGT6, STM32H562IIK6, STM32H562IIT6, STM32H562RGT6, STM32H562RGV6, STM32H562RIT6, STM32H562RIV6, STM32H562VGT6, STM32H562VIT6, STM32H562ZGT6, STM32H562ZIT6, STM32H563AGI6, STM32H563AII3Q, STM32H563AII6, STM32H563IGK6, STM32H563IGT6, STM32H563IIK3Q, STM32H563IIK6, STM32H563IIT3Q, STM32H563IIT6, STM32H563MIY3QTR, STM32H563RGT6, STM32H563RGV6, STM32H563RIT6, STM32H563RIV6, STM32H563VGT6, STM32H563VIT3Q, STM32H563VIT6, STM32H563ZGT6, STM32H563ZIT3Q, STM32H563ZIT6, STM32H573AII3Q, STM32H573AII6, STM32H573I-DK, STM32H573IIK3Q, STM32H573IIK6, STM32H573IIT3Q, STM32H573IIT6, STM32H573MIY3QTR, STM32H573RIT6, STM32H573RIV6, STM32H573VIT3Q, STM32H573VIT6, STM32H573ZIT3Q, STM32H573ZIT6, STM32H7R3A8I6, STM32H7R3I8K6, STM32H7R3I8T6, STM32H7R3L8H6, STM32H7R3L8H6H, STM32H7R3R8V6, STM32H7R3V8H6, STM32H7R3V8T6, STM32H7R3V8Y6TR, STM32H7R3Z8J6, STM32H7R3Z8T6, STM32H7R7A8I6, STM32H7R7I8K6, STM32H7R7I8T6, STM32H7R7L8H6, STM32H7R7L8H6H, STM32H7R7Z8J6, STM32H7S3A8I6, STM32H7S3I8K6, STM32H7S3I8T6, STM32H7S3L8H6, STM32H7S3L8H6H, STM32H7S3R8V6, STM32H7S3V8H6, STM32H7S3V8T6, STM32H7S3V8Y6TR, STM32H7S3Z8J6, STM32H7S3Z8T6, STM32H7S78-DK, STM32H7S7A8I6, STM32H7S7I8K6, STM32H7S7I8T6, STM32H7S7L8H6, STM32H7S7L8H6H, STM32H7S7Z8J6, STM32L4R5QGI6STR, STM32MP131AAE3, STM32MP131AAF3, STM32MP131AAG3, STM32MP131CAE3, STM32MP131CAF3, STM32MP131CAG3, STM32MP131DAE7, STM32MP131DAF7, STM32MP131DAG7, STM32MP131FAE7, STM32MP131FAF7, STM32MP131FAG7, STM32MP133AAE3, STM32MP133AAF3, STM32MP133AAG3, STM32MP133CAE3, STM32MP133CAF3, STM32MP133CAG3, STM32MP133DAE7, STM32MP133DAF7, STM32MP133DAG7, STM32MP133FAE7, STM32MP133FAF7, STM32MP133FAG7, STM32MP135AAE3, STM32MP135AAF3, STM32MP135AAG3, STM32MP135CAE3, STM32MP135CAF3, STM32MP135CAG3, STM32MP135DAE7, STM32MP135DAF7, STM32MP135DAG7, STM32MP135F-DK, STM32MP135FAE7, STM32MP135FAF7, STM32MP135FAF7T, STM32MP135FAF7U, STM32MP135FAG7, STM32MP231AAJ3, STM32MP231AAK3, STM32MP231AAL3, STM32MP231CAJ3, STM32MP231CAK3, STM32MP231CAL3, STM32MP231DAJ3, STM32MP231DAK3, STM32MP231DAL3, STM32MP231FAJ3, STM32MP231FAK3, STM32MP231FAL3, STM32MP233AAJ3, STM32MP233AAK3, STM32MP233AAL3, STM32MP233CAJ3, STM32MP233CAK3, STM32MP233CAL3, STM32MP233DAJ3, STM32MP233DAK3, STM32MP233DAL3, STM32MP233FAJ3, STM32MP233FAK3, STM32MP233FAL3, STM32MP235AAJ3, STM32MP235AAK3, STM32MP235AAL3, STM32MP235CAJ3, STM32MP235CAK3, STM32MP235CAL3, STM32MP235DAJ3, STM32MP235DAK3, STM32MP235DAL3, STM32MP235FAJ3, STM32MP235FAK3, STM32MP235FAL3, STM32MP251AAI3, STM32MP251AAJ3, STM32MP251AAK3, STM32MP251AAL3, STM32MP251CAI3, STM32MP251CAJ3, STM32MP251CAK3, STM32MP251CAL3, STM32MP251DAI3, STM32MP251DAJ3, STM32MP251DAK3, STM32MP251DAL3, STM32MP251FAI3, STM32MP251FAJ3, STM32MP251FAK3, STM32MP251FAL3, STM32MP253AAI3, STM32MP253AAJ3, STM32MP253AAK3, STM32MP253AAL3, STM32MP253CAI3, STM32MP253CAJ3, STM32MP253CAK3, STM32MP253CAL3, STM32MP253DAI3, STM32MP253DAJ3, STM32MP253DAK3, STM32MP253DAL3, STM32MP253FAI3, STM32MP253FAJ3, STM32MP253FAK3, STM32MP253FAL3, STM32MP255AAI3, STM32MP255AAJ3, STM32MP255AAK3, STM32MP255AAL3, STM32MP255CAI3, STM32MP255CAJ3, STM32MP255CAK3, STM32MP255CAL3, STM32MP255DAI3, STM32MP255DAJ3, STM32MP255DAK3, STM32MP255DAL3, STM32MP255FAI3, STM32MP255FAJ3, STM32MP255FAK3, STM32MP255FAL3, STM32MP257AAI3, STM32MP257AAJ3, STM32MP257AAK3, STM32MP257AAL3, STM32MP257CAI3, STM32MP257CAJ3, STM32MP257CAK3, STM32MP257CAL3, STM32MP257DAI3, STM32MP257DAJ3, STM32MP257DAK3, STM32MP257DAL3, STM32MP257F-DK, STM32MP257F-EV1, STM32MP257FAI3, STM32MP257FAJ3, STM32MP257FAK3, STM32MP257FAL3, STM32N645A0H3Q, STM32N645B0H3Q, STM32N645I0H3Q, STM32N645L0H3Q, STM32N645X0H3Q, STM32N645Z0H3Q, STM32N647A0H3Q, STM32N647B0H3Q, STM32N647I0H3Q, STM32N647L0H3Q, STM32N647X0H3Q, STM32N647Z0H3Q, STM32N655A0H3Q, STM32N655B0H3Q, STM32N655I0H3Q, STM32N655L0H3Q, STM32N655X0H3Q, STM32N655Z0H3Q, STM32N6570-DK, STM32N657A0H3Q, STM32N657B0H3Q, STM32N657I0H3Q, STM32N657L0H3Q, STM32N657X0H3Q, STM32N657Z0H3Q, STM32U031C6T6, STM32U031C6U6, STM32U031C8T6, STM32U031C8U6, STM32U031F4P6, STM32U031F6P6, STM32U031F8P6, STM32U031G6Y6TR, STM32U031G8Y6TR, STM32U031K4U6, STM32U031K6U6, STM32U031K8U6, STM32U031R6I6, STM32U031R6T6, STM32U031R8I6, STM32U031R8T6, STM32U073C8T6, STM32U073C8U6, STM32U073CBT6, STM32U073CBU6, STM32U073CCT6, STM32U073CCU6, STM32U073H8Y6TR, STM32U073HBY6TR, STM32U073HCY6TR, STM32U073K8U6, STM32U073KBU6, STM32U073KCU6, STM32U073M8I6, STM32U073M8T6, STM32U073MBI6, STM32U073MBT6, STM32U073MCI6, STM32U073MCT6, STM32U073R8I6, STM32U073R8T6, STM32U073RBI6, STM32U073RBT6, STM32U073RCI6, STM32U073RCT6, STM32U083C-DK, STM32U083CCT6, STM32U083CCU6, STM32U083HCY6TR, STM32U083KCU6, STM32U083MCI6, STM32U083MCT6, STM32U083RCI6, STM32U083RCT6, STM32U375CET6, STM32U375CET6Q, STM32U375CEU6, STM32U375CEU6Q, STM32U375CEY6QTR, STM32U375CGT6, STM32U375CGT6Q, STM32U375CGU6, STM32U375CGU6Q, STM32U375CGY6QTR, STM32U375KEU6, STM32U375KGU6, STM32U375REI6, STM32U375REI6Q, STM32U375RET6, STM32U375RET6Q, STM32U375REY6GTR, STM32U375REY6QTR, STM32U375RGI6, STM32U375RGI6Q, STM32U375RGT6, STM32U375RGT6Q, STM32U375RGY6GTR, STM32U375RGY6QTR, STM32U375VEI6, STM32U375VEI6Q, STM32U375VET6, STM32U375VET6Q, STM32U375VGI6, STM32U375VGI6Q, STM32U375VGT6, STM32U375VGT6Q, STM32U385CGT6, STM32U385CGT6Q, STM32U385CGU6, STM32U385CGU6Q, STM32U385CGY6QTR, STM32U385KGU6, STM32U385RGI6, STM32U385RGI6Q, STM32U385RGT6, STM32U385RGT6Q, STM32U385RGY6GTR, STM32U385RGY6QTR, STM32U385VGI6, STM32U385VGI6Q, STM32U385VGT6, STM32U385VGT6Q, STM32U535CBT6, STM32U535CBT6Q, STM32U535CBU6, STM32U535CBU6Q, STM32U535CCT6, STM32U535CCT6Q, STM32U535CCU6, STM32U535CCU6Q, STM32U535CET6, STM32U535CET6Q, STM32U535CEU6, STM32U535CEU6Q, STM32U535JEY6QTR, STM32U535NCY6QTR, STM32U535NEY6QTR, STM32U535RBI6, STM32U535RBI6Q, STM32U535RBT6, STM32U535RBT6Q, STM32U535RCI6, STM32U535RCI6Q, STM32U535RCT6, STM32U535RCT6Q, STM32U535REI6, STM32U535REI6Q, STM32U535RET6, STM32U535RET6Q, STM32U535VCI6, STM32U535VCI6Q, STM32U535VCT6, STM32U535VCT6Q, STM32U535VEI6, STM32U535VEI6Q, STM32U535VET6, STM32U535VET6Q, STM32U545CET6, STM32U545CET6Q, STM32U545CEU6, STM32U545CEU6Q, STM32U545JEY6QTR, STM32U545NEY6QTR, STM32U545REI6, STM32U545REI6Q, STM32U545RET6, STM32U545RET6Q, STM32U545VEI6, STM32U545VEI6Q, STM32U545VET6, STM32U545VET6Q, STM32U595AIH6, STM32U595AIH6Q, STM32U595AJH6, STM32U595AJH6Q, STM32U595QII6, STM32U595QII6Q, STM32U595QJI6, STM32U595QJI6Q, STM32U595RIT6, STM32U595RIT6Q, STM32U595RJT6, STM32U595RJT6Q, STM32U595VIT6, STM32U595VIT6Q, STM32U595VJT6, STM32U595VJT6Q, STM32U595ZIT6, STM32U595ZIT6Q, STM32U595ZIY6QTR, STM32U595ZJT6, STM32U595ZJT6Q, STM32U595ZJY6QTR, STM32U599BJY6QTR, STM32U599NIH6Q, STM32U599NJH6Q, STM32U599VIT6Q, STM32U599VJT6, STM32U599VJT6Q, STM32U599ZIT6Q, STM32U599ZIY6QTR, STM32U599ZJT6Q, STM32U599ZJY6QTR, STM32U5A5AJH6, STM32U5A5AJH6Q, STM32U5A5QII3Q , STM32U5A5QJI6, STM32U5A5QJI6Q, STM32U5A5RJT6, STM32U5A5RJT6Q, STM32U5A5VJT6, STM32U5A5VJT6Q, STM32U5A5ZJT6, STM32U5A5ZJT6Q, STM32U5A5ZJY6QTR, STM32U5A9BJY6QTR, STM32U5A9J-DK, STM32U5A9NJH6Q, STM32U5A9VJT6Q, STM32U5A9ZJT6Q, STM32U5A9ZJY6QTR, STM32U5F7VIT6, STM32U5F7VIT6Q, STM32U5F7VJT6, STM32U5F7VJT6Q, STM32U5F9BJY6QTR, STM32U5F9NJH6Q, STM32U5F9VIT6Q, STM32U5F9VJT6Q, STM32U5F9ZIJ6QTR, STM32U5F9ZIT6Q, STM32U5F9ZJJ6QTR, STM32U5F9ZJT6Q, STM32U5G7VJT6, STM32U5G7VJT6Q, STM32U5G9BJY6QTR, STM32U5G9J-DK1, STM32U5G9J-DK2, STM32U5G9NJH6Q, STM32U5G9VJT6Q, STM32U5G9ZJJ6QTR, STM32U5G9ZJT6Q, STM32WB05KZV6TR, STM32WB05KZV7TR, STM32WB05TZF6TR, STM32WB05TZF7TR, STM32WB06CCF6TR, STM32WB06CCF7TR, STM32WB06CCV6TR, STM32WB06CCV7TR, STM32WB06KCV6TR, STM32WB06KCV7TR, STM32WB07CCF6TR, STM32WB07CCF7TR, STM32WB07CCV6TR, STM32WB07CCV7TR, STM32WB07KCV6TR, STM32WB07KCV7TR, STM32WB09KEV6TR, STM32WB09KEV7TR, STM32WB09TEF6TR, STM32WB09TEF7TR, STM32WB1MMCH6, STM32WBA50KGU6, STM32WBA50KGU6TR, STM32WBA52CEU6, STM32WBA52CEU6TR, STM32WBA52CEU7, STM32WBA52CEU7TR, STM32WBA52CGU6, STM32WBA52CGU6TR, STM32WBA52CGU6U, STM32WBA52CGU7, STM32WBA52CGU7TR, STM32WBA52KEU6, STM32WBA52KEU6TR, STM32WBA52KGU6, STM32WBA52KGU6TR, STM32WBA54CEU6, STM32WBA54CEU6TR, STM32WBA54CEU7, STM32WBA54CEU7TR, STM32WBA54CGU6, STM32WBA54CGU6TR, STM32WBA54CGU7, STM32WBA54CGU7TR, STM32WBA54KEU6, STM32WBA54KEU6TR, STM32WBA54KEU7, STM32WBA54KEU7TR, STM32WBA54KGU6, STM32WBA54KGU6TR, STM32WBA54KGU7, STM32WBA54KGU7TR, STM32WBA55CEU6, STM32WBA55CEU6TR, STM32WBA55CEU7, STM32WBA55CEU7TR, STM32WBA55CGU6, STM32WBA55CGU6TR, STM32WBA55CGU6U, STM32WBA55CGU7, STM32WBA55CGU7TR, STM32WBA55G-DK1, STM32WBA55HEF6, STM32WBA55HEF7, STM32WBA55HGF6, STM32WBA55HGF7, STM32WBA55UEI6, STM32WBA55UEI6TR, STM32WBA55UEI7, STM32WBA55UEI7TR, STM32WBA55UGI6, STM32WBA55UGI6TR, STM32WBA55UGI7, STM32WBA55UGI7TR, STM32WBA5MJGH6TR, STM32WBA62CGU6, STM32WBA62CIU6, STM32WBA62MGF6, STM32WBA62MIF6, STM32WBA62PGI6, STM32WBA62PII6, STM32WBA63CGU6, STM32WBA63CGU7, STM32WBA63CIU6, STM32WBA63CIU7, STM32WBA64CGU6, STM32WBA64CGU7, STM32WBA64CIU6, STM32WBA64CIU7, STM32WBA65CGU6, STM32WBA65CGU7, STM32WBA65CIU6, STM32WBA65CIU7, STM32WBA65I-DK1, STM32WBA65MGF6, STM32WBA65MGF7, STM32WBA65MIF6, STM32WBA65MIF7, STM32WBA65PGI6, STM32WBA65PGI7, STM32WBA65PII6, STM32WBA65PII7, STM32WBA65RGV6, STM32WBA65RGV7, STM32WBA65RIV6, STM32WBA65RIV7, STM32WL30K8V6, STM32WL30KBV6, STM32WL31C8V6, STM32WL31CBV6, STM32WL31K8V6, STM32WL31KBV6, STM32WL33C8V6, STM32WL33C8V6TR, STM32WL33C8V7, STM32WL33C8V7TR, STM32WL33CBV6, STM32WL33CBV6TR, STM32WL33CBV7, STM32WL33CBV7TR, STM32WL33CCV6, STM32WL33CCV6TR, STM32WL33CCV7, STM32WL33CCV7A, STM32WL33CCV7ATR, STM32WL33CCV7TR, STM32WL33K8V6, STM32WL33K8V6TR, STM32WL33K8V7, STM32WL33K8V7TR, STM32WL33KBV6, STM32WL33KBV6TR, STM32WL33KBV7, STM32WL33KBV7TR, STM32WL33KCV6, STM32WL33KCV6TR, STM32WL33KCV7, STM32WL33KCV7TR, STM32WL5MOCH6, STM32WL5MOCH6TR]
2025-05-15 11:55:51,920 [INFO] DbMcus:218 - Found 4686 MCUs, 4686 are supported
2025-05-15 11:55:51,921 [INFO] ApiDb:423 - Load user favorites file /Users/winstonhar/.stm32cubeide/favorites.mcus.txt: 1 item(s)
2025-05-15 11:55:51,922 [INFO] ApiDb:427 - User favorites MCUs=[STM32F103RCT6]
2025-05-15 11:55:51,922 [INFO] DbMcus:224 - Set 1 / 1 favorites MCUs
2025-05-15 11:55:52,745 [INFO] ApiDb:423 - Load user favorites file /Users/winstonhar/.stm32cubeide/favorites.boards.txt: 0 item(s)
2025-05-15 11:55:52,745 [INFO] ApiDb:427 - User favorites Boards=[]
2025-05-15 11:55:52,746 [INFO] DbBoards:198 - Set 0 / 0 favorites Boards
2025-05-15 11:55:52,796 [INFO] UtilMem:75 - End LoadConfig() Used Memory: 401423280 Bytes (484442112)
2025-05-15 11:55:53,056 [WARN] ThirdParty:833 - waiting for thirdparty lock release [change project]
2025-05-15 11:55:53,056 [INFO] ThirdParty:835 - entering critical section [change project]
2025-05-15 11:55:53,057 [INFO] ThirdParty:1030 - CMSIS Pack Vendor :STMicroelectronics USBPD 4.1
2025-05-15 11:55:53,057 [INFO] ThirdParty:1030 - CMSIS Pack Vendor :STMicroelectronics X-CUBE-AZRTOS-H7 3.3.0
2025-05-15 11:55:53,057 [INFO] ThirdParty:1030 - CMSIS Pack Vendor :STMicroelectronics X-CUBE-NFC9 1.0.0
2025-05-15 11:55:53,057 [INFO] ThirdParty:1030 - CMSIS Pack Vendor :STMicroelectronics USB_HOST 2.0.0
2025-05-15 11:55:53,057 [INFO] ThirdParty:1030 - CMSIS Pack Vendor :STMicroelectronics FP-SNS-MOTENVWB1 1.4.0
2025-05-15 11:55:53,057 [INFO] ThirdParty:1030 - CMSIS Pack Vendor :STMicroelectronics X-CUBE-AZRTOS-F4 1.1.0
2025-05-15 11:55:53,057 [INFO] ThirdParty:1030 - CMSIS Pack Vendor :STMicroelectronics LIBJPEG 8.0.0
2025-05-15 11:55:53,057 [INFO] ThirdParty:1030 - CMSIS Pack Vendor :STMicroelectronics FP-ATR-ASTRA1 2.0.2
2025-05-15 11:55:53,057 [INFO] ThirdParty:1030 - CMSIS Pack Vendor :STMicroelectronics X-CUBE-BLE1 7.1.0
2025-05-15 11:55:53,057 [INFO] ThirdParty:1030 - CMSIS Pack Vendor :Avnet-IotConnect X-CUBE-IoTC-DA16k-PMOD 1.0.0
2025-05-15 11:55:53,057 [INFO] ThirdParty:1030 - CMSIS Pack Vendor :STMicroelectronics X-CUBE-SMBUS 2.1.0
2025-05-15 11:55:53,058 [INFO] ThirdParty:1030 - CMSIS Pack Vendor :STMicroelectronics X-CUBE-WB05N 1.1.0
2025-05-15 11:55:53,058 [INFO] ThirdParty:1030 - CMSIS Pack Vendor :wolfSSL I-CUBE-wolfMQTT 1.19.2
2025-05-15 11:55:53,058 [INFO] ThirdParty:1030 - CMSIS Pack Vendor :STMicroelectronics USB_DEVICE 3.0.0
2025-05-15 11:55:53,058 [INFO] ThirdParty:1030 - CMSIS Pack Vendor :STMicroelectronics X-CUBE-ISPU 2.1.0
2025-05-15 11:55:53,058 [INFO] ThirdParty:1030 - CMSIS Pack Vendor :STMicroelectronics X-CUBE-AZRTOS-WB 2.0.0
2025-05-15 11:55:53,058 [INFO] ThirdParty:1030 - CMSIS Pack Vendor :STMicroelectronics X-CUBE-GNSS1 7.0.1
2025-05-15 11:55:53,058 [INFO] ThirdParty:1030 - CMSIS Pack Vendor :STMicroelectronics X-CUBE-AZRTOS-F7 1.1.0
2025-05-15 11:55:53,058 [INFO] ThirdParty:1030 - CMSIS Pack Vendor :STMicroelectronics X-CUBE-AZRTOS-L5 2.0.0
2025-05-15 11:55:53,058 [INFO] ThirdParty:1030 - CMSIS Pack Vendor :STMicroelectronics X-CUBE-TOUCHGFX 4.25.0
2025-05-15 11:55:53,058 [INFO] ThirdParty:1030 - CMSIS Pack Vendor :STMicroelectronics USB_DEVICE 2.0.0
2025-05-15 11:55:53,058 [INFO] ThirdParty:1030 - CMSIS Pack Vendor :STMicroelectronics X-CUBE-NFC6 3.1.0
2025-05-15 11:55:53,058 [INFO] ThirdParty:1030 - CMSIS Pack Vendor :STMicroelectronics FP-SNS-STBOX1 2.0.0
2025-05-15 11:55:53,058 [INFO] ThirdParty:1030 - CMSIS Pack Vendor :STMicroelectronics X-CUBE-MEMS1 11.2.0
2025-05-15 11:55:53,058 [INFO] ThirdParty:1030 - CMSIS Pack Vendor :STMicroelectronics FreeRTOS 0.0.1
2025-05-15 11:55:53,058 [INFO] ThirdParty:1030 - CMSIS Pack Vendor :STMicroelectronics X-CUBE-AZRTOS-G0 1.1.0
2025-05-15 11:55:53,059 [INFO] ThirdParty:1030 - CMSIS Pack Vendor :STMicroelectronics X-CUBE-SAFEA1 1.2.2
2025-05-15 11:55:53,059 [INFO] ThirdParty:1030 - CMSIS Pack Vendor :STMicroelectronics X-CUBE-NFC4 3.0.0
2025-05-15 11:55:53,059 [INFO] ThirdParty:1030 - CMSIS Pack Vendor :STMicroelectronics X-CUBE-SUBG2 5.0.0
2025-05-15 11:55:53,059 [INFO] ThirdParty:1030 - CMSIS Pack Vendor :STMicroelectronics X-CUBE-AZRTOS-H7RS 1.1.0
2025-05-15 11:55:53,059 [INFO] ThirdParty:1030 - CMSIS Pack Vendor :STMicroelectronics STM32_WPAN 1.0.0
2025-05-15 11:55:53,059 [INFO] ThirdParty:1030 - CMSIS Pack Vendor :EmbeddedOffice I-CUBE-FS-RTOS 1.0.1
2025-05-15 11:55:53,059 [INFO] ThirdParty:1030 - CMSIS Pack Vendor :STMicroelectronics lwIP 2.0.3
2025-05-15 11:55:53,059 [INFO] ThirdParty:1030 - CMSIS Pack Vendor :Cesanta I-CUBE-Mongoose 7.13.0
2025-05-15 11:55:53,059 [INFO] ThirdParty:1030 - CMSIS Pack Vendor :STMicroelectronics USB_HOST 1.0.0
2025-05-15 11:55:53,059 [INFO] ThirdParty:1030 - CMSIS Pack Vendor :Infineon AIROC-Wi-Fi-Bluetooth-STM32 1.7.0
2025-05-15 11:55:53,059 [INFO] ThirdParty:1030 - CMSIS Pack Vendor :STMicroelectronics X-CUBE-AZRTOS-G4 2.0.0
2025-05-15 11:55:53,060 [INFO] ThirdParty:1030 - CMSIS Pack Vendor :STMicroelectronics X-CUBE-WB05N 2.0.0
2025-05-15 11:55:53,060 [INFO] ThirdParty:1030 - CMSIS Pack Vendor :STMicroelectronics PDM2PCM 3.1.0
2025-05-15 11:55:53,060 [INFO] ThirdParty:1030 - CMSIS Pack Vendor :STMicroelectronics PDM2PCM 3.3.0
2025-05-15 11:55:53,060 [INFO] ThirdParty:1030 - CMSIS Pack Vendor :wolfSSL I-CUBE-wolfTPM 3.8.0
2025-05-15 11:55:53,060 [INFO] ThirdParty:1030 - CMSIS Pack Vendor :STMicroelectronics X-CUBE-DISPLAY 3.0.0
2025-05-15 11:55:53,060 [INFO] ThirdParty:1030 - CMSIS Pack Vendor :wolfSSL I-CUBE-wolfSSH 1.4.20
2025-05-15 11:55:53,060 [INFO] ThirdParty:1030 - CMSIS Pack Vendor :STMicroelectronics X-CUBE-NFC7 2.0.0
2025-05-15 11:55:53,060 [INFO] ThirdParty:1030 - CMSIS Pack Vendor :STMicroelectronics X-CUBE-TCPP 4.2.0
2025-05-15 11:55:53,060 [INFO] ThirdParty:1030 - CMSIS Pack Vendor :RealThread X-CUBE-RT-Thread_Nano 4.1.1
2025-05-15 11:55:53,060 [INFO] ThirdParty:1030 - CMSIS Pack Vendor :STMicroelectronics FP-ATR-SIGFOX1 3.2.0
2025-05-15 11:55:53,060 [INFO] ThirdParty:1030 - CMSIS Pack Vendor :STMicroelectronics X-CUBE-NFC10 1.0.0
2025-05-15 11:55:53,060 [INFO] ThirdParty:1030 - CMSIS Pack Vendor :STMicroelectronics X-CUBE-BLEMGR 4.0.0
2025-05-15 11:55:53,060 [INFO] ThirdParty:1030 - CMSIS Pack Vendor :STMicroelectronics X-CUBE-EEPRMA1 5.1.0
2025-05-15 11:55:53,060 [INFO] ThirdParty:1030 - CMSIS Pack Vendor :STMicroelectronics X-CUBE-FREERTOS 1.3.1
2025-05-15 11:55:53,060 [INFO] ThirdParty:1030 - CMSIS Pack Vendor :STMicroelectronics HAL Drivers 0.0.0
2025-05-15 11:55:53,061 [INFO] ThirdParty:1030 - CMSIS Pack Vendor :STMicroelectronics MBEDTLS 2.16.2
2025-05-15 11:55:53,061 [INFO] ThirdParty:1030 - CMSIS Pack Vendor :STMicroelectronics X-CUBE-IPS 3.1.0
2025-05-15 11:55:53,061 [INFO] ThirdParty:1030 - CMSIS Pack Vendor :STMicroelectronics X-CUBE-ALS 1.0.2
2025-05-15 11:55:53,061 [INFO] ThirdParty:1030 - CMSIS Pack Vendor :emotas I-CUBE-CANOPEN 1.3.0
2025-05-15 11:55:53,061 [INFO] ThirdParty:1030 - CMSIS Pack Vendor :STMicroelectronics X-CUBE-FREERTOS 1.3.0
2025-05-15 11:55:53,061 [INFO] ThirdParty:1030 - CMSIS Pack Vendor :STMicroelectronics X-CUBE-NFC7 1.0.1
2025-05-15 11:55:53,061 [INFO] ThirdParty:1030 - CMSIS Pack Vendor :STMicroelectronics MBEDTLS 2.14.1
2025-05-15 11:55:53,061 [INFO] ThirdParty:1030 - CMSIS Pack Vendor :wolfSSL I-CUBE-wolfSSL 5.7.6
2025-05-15 11:55:53,061 [INFO] ThirdParty:1030 - CMSIS Pack Vendor :ITTIA_DB I-CUBE-ITTIADB 8.9.0
2025-05-15 11:55:53,061 [INFO] ThirdParty:1030 - CMSIS Pack Vendor :portGmbH I-Cube-SoM-uGOAL 1.1.0
2025-05-15 11:55:53,061 [INFO] ThirdParty:1030 - CMSIS Pack Vendor :quantropi X-CUBE-qispace-sdk-base 2.0.0
2025-05-15 11:55:53,061 [INFO] ThirdParty:1030 - CMSIS Pack Vendor :STMicroelectronics X-CUBE-AI 10.0.0
2025-05-15 11:55:53,061 [INFO] ThirdParty:1030 - CMSIS Pack Vendor :STMicroelectronics ThreadX 1.0.0
2025-05-15 11:55:53,061 [INFO] ThirdParty:1030 - CMSIS Pack Vendor :STMicroelectronics FP-SNS-SMARTAG2 1.2.0
2025-05-15 11:55:53,061 [INFO] ThirdParty:1030 - CMSIS Pack Vendor :STMicroelectronics FP-SNS-FLIGHT1 5.1.0
2025-05-15 11:55:53,062 [INFO] ThirdParty:1030 - CMSIS Pack Vendor :STMicroelectronics X-CUBE-MEMS1 11.1.0
2025-05-15 11:55:53,062 [INFO] ThirdParty:1030 - CMSIS Pack Vendor :STMicroelectronics X-CUBE-AZRTOS-WL 2.0.0
2025-05-15 11:55:53,062 [INFO] ThirdParty:1030 - CMSIS Pack Vendor :SEGGER I-CUBE-embOS 1.3.1
2025-05-15 11:55:53,062 [INFO] ThirdParty:1030 - CMSIS Pack Vendor :STMicroelectronics X-CUBE-ALGOBUILD 1.4.0
2025-05-15 11:55:53,062 [INFO] ThirdParty:1030 - CMSIS Pack Vendor :STMicroelectronics X-CUBE-DPower 1.3.0
2025-05-15 11:55:53,062 [INFO] ThirdParty:1030 - CMSIS Pack Vendor :STMicroelectronics FP-SNS-MOTENV1 5.0.0
2025-05-15 11:55:53,062 [INFO] ThirdParty:1030 - CMSIS Pack Vendor :STMicroelectronics USB_DEVICE 1.0.0
2025-05-15 11:55:53,062 [INFO] ThirdParty:1030 - CMSIS Pack Vendor :STMicroelectronics X-CUBE-AZRTOS-L4 2.0.0
2025-05-15 11:55:53,062 [INFO] ThirdParty:1030 - CMSIS Pack Vendor :STMicroelectronics ThreadX 0.0.2
2025-05-15 11:55:53,062 [INFO] ThirdParty:1030 - CMSIS Pack Vendor :WES I-CUBE-Cesium 1.3.0
2025-05-15 11:55:53,062 [INFO] ThirdParty:1030 - CMSIS Pack Vendor :STMicroelectronics lwIP 2.1.2
2025-05-15 11:55:53,062 [INFO] ThirdParty:1030 - CMSIS Pack Vendor :STMicroelectronics X-CUBE-SFXS2LP1 4.0.0
2025-05-15 11:55:53,062 [INFO] ThirdParty:1030 - CMSIS Pack Vendor :STMicroelectronics X-CUBE-BLE2 3.3.0
2025-05-15 11:55:53,062 [INFO] ThirdParty:1030 - CMSIS Pack Vendor :STMicroelectronics X-CUBE-TOF1 3.4.2
2025-05-15 11:55:53,063 [INFO] ThirdParty:1030 - CMSIS Pack Vendor :STMicroelectronics X-CUBE-TOF1 3.4.3
2025-05-15 11:55:53,063 [INFO] ThirdParty:1030 - CMSIS Pack Vendor :STMicroelectronics PDM2PCM 3.2.0
2025-05-15 11:55:53,063 [INFO] ThirdParty:841 - exiting critical section [change project]
2025-05-15 11:55:54,641 [INFO] PinOutPanel:1589 - setPackage(No Configuration,No Configuration)
2025-05-15 11:55:54,644 [INFO] PinOutPanel:1589 - setPackage(STM32F407VGTx,LQFP100)
2025-05-15 11:55:55,370 [INFO] UtilMem:75 - Before build in PCC Used Memory: 326285240 Bytes (558891008)
2025-05-15 11:55:56,229 [INFO] UtilMem:75 - After build in PCC Used Memory: 545590512 Bytes (558891008)
2025-05-15 11:55:56,351 [INFO] ApiDbMcu:508 - Load IP Config File for USB_HOST
2025-05-15 11:55:56,355 [WARN] BspModel:444 - BSP dependency skipped because of component: name='IOExpander', api='Unknown'
2025-05-15 11:55:56,436 [INFO] IPUIPlugin:80 - create IPUIPlugin
2025-05-15 11:55:56,436 [INFO] IPUIPlugin:80 - create IPUIPlugin
2025-05-15 11:55:56,437 [INFO] IPUIPlugin:80 - create IPUIPlugin
2025-05-15 11:55:56,437 [INFO] IPUIPlugin:80 - create IPUIPlugin
2025-05-15 11:55:56,437 [INFO] IPUIPlugin:80 - create IPUIPlugin
2025-05-15 11:55:56,437 [INFO] IPUIPlugin:80 - create IPUIPlugin
2025-05-15 11:55:56,438 [INFO] IPUIPlugin:80 - create IPUIPlugin
2025-05-15 11:55:56,438 [INFO] IPUIPlugin:80 - create IPUIPlugin
2025-05-15 11:55:56,438 [INFO] IPUIPlugin:80 - create IPUIPlugin
2025-05-15 11:55:56,439 [INFO] IPUIPlugin:80 - create IPUIPlugin
2025-05-15 11:55:56,439 [INFO] IPUIPlugin:80 - create IPUIPlugin
2025-05-15 11:55:56,439 [INFO] IPUIPlugin:80 - create IPUIPlugin
2025-05-15 11:55:56,440 [INFO] IPUIPlugin:80 - create IPUIPlugin
2025-05-15 11:55:56,440 [INFO] IPUIPlugin:80 - create IPUIPlugin
2025-05-15 11:55:56,440 [INFO] IPUIPlugin:80 - create IPUIPlugin
2025-05-15 11:55:56,441 [INFO] IPUIPlugin:80 - create IPUIPlugin
2025-05-15 11:55:56,441 [INFO] IPUIPlugin:80 - create IPUIPlugin
2025-05-15 11:55:56,442 [INFO] IPUIPlugin:80 - create IPUIPlugin
2025-05-15 11:55:56,442 [INFO] IPUIPlugin:80 - create IPUIPlugin
2025-05-15 11:55:56,443 [INFO] IPUIPlugin:80 - create IPUIPlugin
2025-05-15 11:55:56,443 [INFO] IPUIPlugin:80 - create IPUIPlugin
2025-05-15 11:55:56,444 [INFO] IPUIPlugin:80 - create IPUIPlugin
2025-05-15 11:55:56,444 [INFO] IPUIPlugin:80 - create IPUIPlugin
2025-05-15 11:55:56,444 [INFO] IPUIPlugin:80 - create IPUIPlugin
2025-05-15 11:55:56,444 [INFO] IPUIPlugin:80 - create IPUIPlugin
2025-05-15 11:55:56,444 [INFO] IPUIPlugin:80 - create IPUIPlugin
2025-05-15 11:55:56,445 [INFO] IPUIPlugin:80 - create IPUIPlugin
2025-05-15 11:55:56,445 [INFO] IPUIPlugin:80 - create IPUIPlugin
2025-05-15 11:55:56,446 [INFO] IPUIPlugin:80 - create IPUIPlugin
2025-05-15 11:55:56,446 [INFO] IPUIPlugin:80 - create IPUIPlugin
2025-05-15 11:55:56,446 [INFO] IPUIPlugin:80 - create IPUIPlugin
2025-05-15 11:55:56,447 [INFO] IPUIPlugin:80 - create IPUIPlugin
2025-05-15 11:55:56,448 [INFO] IPUIPlugin:80 - create IPUIPlugin
2025-05-15 11:55:56,448 [INFO] IPUIPlugin:80 - create IPUIPlugin
2025-05-15 11:55:56,448 [INFO] IPUIPlugin:80 - create IPUIPlugin
2025-05-15 11:55:56,448 [INFO] IPUIPlugin:80 - create IPUIPlugin
2025-05-15 11:55:56,449 [INFO] IPUIPlugin:80 - create IPUIPlugin
2025-05-15 11:55:56,449 [INFO] IPUIPlugin:80 - create IPUIPlugin
2025-05-15 11:55:56,449 [INFO] IPUIPlugin:80 - create IPUIPlugin
2025-05-15 11:55:56,449 [INFO] IPUIPlugin:80 - create IPUIPlugin
2025-05-15 11:55:56,450 [INFO] IPUIPlugin:80 - create IPUIPlugin
2025-05-15 11:55:56,450 [INFO] IPUIPlugin:80 - create IPUIPlugin
2025-05-15 11:55:56,450 [INFO] IPUIPlugin:80 - create IPUIPlugin
2025-05-15 11:55:56,450 [INFO] IPUIPlugin:80 - create IPUIPlugin
2025-05-15 11:55:56,450 [INFO] IPUIPlugin:80 - create IPUIPlugin
2025-05-15 11:55:56,450 [INFO] IPUIPlugin:80 - create IPUIPlugin
2025-05-15 11:55:56,451 [INFO] IPUIPlugin:80 - create IPUIPlugin
2025-05-15 11:55:56,451 [INFO] IPUIPlugin:80 - create IPUIPlugin
2025-05-15 11:55:56,452 [INFO] IPUIPlugin:80 - create IPUIPlugin
2025-05-15 11:55:56,452 [INFO] IPUIPlugin:80 - create IPUIPlugin
2025-05-15 11:55:56,452 [INFO] IPUIPlugin:80 - create IPUIPlugin
2025-05-15 11:55:56,453 [INFO] IPUIPlugin:80 - create IPUIPlugin
2025-05-15 11:55:56,453 [INFO] IPUIPlugin:80 - create IPUIPlugin
2025-05-15 11:55:56,454 [INFO] IPUIPlugin:80 - create IPUIPlugin
2025-05-15 11:55:56,455 [INFO] IPUIPlugin:80 - create IPUIPlugin
2025-05-15 11:55:56,456 [INFO] IPUIPlugin:80 - create IPUIPlugin
2025-05-15 11:55:56,457 [INFO] IPUIPlugin:80 - create IPUIPlugin
2025-05-15 11:55:56,458 [INFO] IPUIPlugin:80 - create IPUIPlugin
2025-05-15 11:55:56,468 [INFO] ApiDbMcu:508 - Load IP Config File for PDM2PCM
2025-05-15 11:55:56,499 [WARN] IP:2250 - I2C_Coeff_DF not found: check if there is a RefParameter without a condition.
2025-05-15 11:55:56,499 [WARN] IP:2250 - Analog_Filter not found: check if there is a RefParameter without a condition.
2025-05-15 11:55:56,510 [INFO] I2sManager:658 - 9.6E7
2025-05-15 11:55:56,511 [INFO] I2sManager:195 - I2S Clock Value : 9.6E7
2025-05-15 11:55:56,515 [INFO] I2sManager:553 - AudioClock : 93750Divider : 2Odd : 0
2025-05-15 11:55:56,775 [INFO] CADModel:165 - CPN selected for project levelSTM32F407VGT6
2025-05-15 11:55:56,775 [INFO] CADModel:114 - Register for checkConnection events
2025-05-15 11:55:56,821 [INFO] OpenFileManager:385 - Restore cursor
2025-05-15 11:55:57,176 [WARN] IP:2250 - I2C_Coeff_DF not found: check if there is a RefParameter without a condition.
2025-05-15 11:55:57,176 [WARN] IP:2250 - Analog_Filter not found: check if there is a RefParameter without a condition.
2025-05-15 11:55:57,177 [WARN] IP:2250 - I2C_Coeff_DF not found: check if there is a RefParameter without a condition.
2025-05-15 11:55:57,177 [WARN] IP:2250 - Analog_Filter not found: check if there is a RefParameter without a condition.
2025-05-15 11:58:11,944 [INFO] ADCParametersView:116 -                Rank 1 : false
2025-05-15 11:58:12,113 [INFO] ADCParametersView:116 -                Rank 1 : false
2025-05-15 11:58:12,113 [INFO] ADCParametersView:116 -                Rank 1 : false
2025-05-15 11:58:12,114 [INFO] ADCParametersView:116 -                Rank 1 : false
2025-05-15 11:58:12,114 [INFO] ADCParametersView:116 -                Rank 1 : false
2025-05-15 11:58:12,115 [INFO] ADCParametersView:116 -                Rank 1 : false
2025-05-15 11:58:12,115 [INFO] ADCParametersView:116 -                Rank 1 : false
2025-05-15 11:58:12,115 [INFO] ADCParametersView:116 -                Rank 1 : false
2025-05-15 11:58:12,116 [INFO] ADCParametersView:116 -                Rank 1 : false
2025-05-15 11:58:12,116 [INFO] ADCParametersView:116 -                Rank 1 : false
2025-05-15 11:58:12,116 [INFO] ADCParametersView:116 -                Rank 1 : false
2025-05-15 11:58:12,116 [INFO] ADCParametersView:116 -                Rank 1 : false
2025-05-15 11:58:12,117 [INFO] ADCParametersView:116 -                Rank 1 : false
2025-05-15 11:58:12,117 [INFO] ADCParametersView:116 -                Rank 1 : false
2025-05-15 11:58:12,117 [INFO] ADCParametersView:116 -                Rank 1 : false
2025-05-15 11:58:12,184 [INFO] ADCParametersView:116 -                Rank 1 : false
2025-05-15 11:58:17,355 [INFO] ADCParametersView:116 -                Rank 1 : false
2025-05-15 11:58:17,356 [INFO] ADCParametersView:116 -                Rank 1 : false
2025-05-15 11:58:17,356 [INFO] ADCParametersView:116 -                Rank 1 : false
2025-05-15 11:58:17,356 [INFO] ADCParametersView:116 -                Rank 1 : false
2025-05-15 11:58:17,357 [INFO] ADCParametersView:116 -                Rank 1 : false
2025-05-15 11:58:17,357 [INFO] ADCParametersView:116 -                Rank 1 : false
2025-05-15 11:58:17,357 [INFO] ADCParametersView:116 -                Rank 1 : false
2025-05-15 11:58:17,357 [INFO] ADCParametersView:116 -                Rank 1 : false
2025-05-15 11:58:17,357 [INFO] ADCParametersView:116 -                Rank 1 : false
2025-05-15 11:58:17,357 [INFO] ADCParametersView:116 -                Rank 1 : false
2025-05-15 11:58:17,357 [INFO] ADCParametersView:116 -                Rank 1 : false
2025-05-15 11:58:17,357 [INFO] ADCParametersView:116 -                Rank 1 : false
2025-05-15 11:58:17,358 [INFO] ADCParametersView:116 -                Rank 1 : false
2025-05-15 11:58:17,358 [INFO] ADCParametersView:116 -                Rank 1 : false
2025-05-15 11:58:17,387 [INFO] ADCParametersView:116 -                Rank 1 : false
2025-05-15 11:58:31,796 [INFO] SpinnerEditorADC:65 - is string kkkk
2025-05-15 11:58:32,078 [INFO] NvicIntPanel:101 - NVIC parent = com.st.microxplorer.plugins.ip.nvic.MultiNvicIntPanel[,0,0,0x0,invalid,layout=javax.swing.BoxLayout,alignmentX=0.0,alignmentY=0.0,border=,flags=9,maximumSize=,minimumSize=,preferredSize=]
2025-05-15 11:58:32,151 [INFO] ADCParametersView:116 -                Rank 1 : false
2025-05-15 11:58:32,154 [INFO] ADCParametersView:116 -                Rank 1 : false
2025-05-15 11:58:32,155 [INFO] ADCParametersView:116 -                Rank 1 : false
2025-05-15 11:58:32,155 [INFO] ADCParametersView:116 -                Rank 1 : false
2025-05-15 11:58:32,155 [INFO] ADCParametersView:116 -                Rank 1 : false
2025-05-15 11:58:32,155 [INFO] ADCParametersView:116 -                Rank 1 : false
2025-05-15 11:58:32,155 [INFO] ADCParametersView:116 -                Rank 1 : false
2025-05-15 11:58:32,156 [INFO] ADCParametersView:116 -                Rank 1 : false
2025-05-15 11:58:32,156 [INFO] ADCParametersView:116 -                Rank 1 : false
2025-05-15 11:58:32,156 [INFO] ADCParametersView:116 -                Rank 1 : false
2025-05-15 11:58:32,156 [INFO] ADCParametersView:116 -                Rank 1 : false
2025-05-15 11:58:32,157 [INFO] ADCParametersView:116 -                Rank 1 : false
2025-05-15 11:58:32,157 [INFO] ADCParametersView:116 -                Rank 1 : false
2025-05-15 11:58:32,157 [INFO] ADCParametersView:116 -                Rank 1 : false
2025-05-15 11:58:32,187 [INFO] ADCParametersView:116 -                Rank 1 : false
2025-05-15 11:58:34,251 [INFO] SpinnerEditorADC:65 - is string kkkk
2025-05-15 11:58:37,967 [INFO] ParamManager:896 - [Generic UI] PropertyChangeEvent: TAB_STATUS_CHANGED , "dont care", "never mind"
2025-05-15 11:58:37,999 [INFO] NvicIntPanel:101 - NVIC parent = com.st.microxplorer.plugins.ip.nvic.MultiNvicIntPanel[,0,0,0x0,invalid,layout=javax.swing.BoxLayout,alignmentX=0.0,alignmentY=0.0,border=,flags=9,maximumSize=,minimumSize=,preferredSize=]
2025-05-15 11:58:38,136 [INFO] ParamManager:896 - [Generic UI] PropertyChangeEvent: TAB_STATUS_CHANGED , "dont care", "never mind"
2025-05-15 11:58:38,167 [INFO] NvicIntPanel:101 - NVIC parent = com.st.microxplorer.plugins.ip.nvic.MultiNvicIntPanel[,0,0,0x0,invalid,layout=javax.swing.BoxLayout,alignmentX=0.0,alignmentY=0.0,border=,flags=9,maximumSize=,minimumSize=,preferredSize=]
2025-05-15 11:58:38,312 [INFO] NvicIntPanel:101 - NVIC parent = com.st.microxplorer.plugins.ip.nvic.MultiNvicIntPanel[,0,0,0x0,invalid,layout=javax.swing.BoxLayout,alignmentX=0.0,alignmentY=0.0,border=,flags=9,maximumSize=,minimumSize=,preferredSize=]
2025-05-15 11:58:38,462 [INFO] ParamManager:896 - [Generic UI] PropertyChangeEvent: TAB_STATUS_CHANGED , "dont care", "never mind"
2025-05-15 11:58:38,496 [INFO] NvicIntPanel:101 - NVIC parent = com.st.microxplorer.plugins.ip.nvic.MultiNvicIntPanel[,0,0,0x0,invalid,layout=javax.swing.BoxLayout,alignmentX=0.0,alignmentY=0.0,border=,flags=9,maximumSize=,minimumSize=,preferredSize=]
2025-05-15 11:58:38,674 [INFO] ParamManager:896 - [Generic UI] PropertyChangeEvent: TAB_STATUS_CHANGED , "dont care", "never mind"
2025-05-15 11:58:38,712 [INFO] NvicIntPanel:101 - NVIC parent = com.st.microxplorer.plugins.ip.nvic.MultiNvicIntPanel[,0,0,0x0,invalid,layout=javax.swing.BoxLayout,alignmentX=0.0,alignmentY=0.0,border=,flags=9,maximumSize=,minimumSize=,preferredSize=]
2025-05-15 11:58:38,910 [INFO] NvicIntPanel:101 - NVIC parent = com.st.microxplorer.plugins.ip.nvic.MultiNvicIntPanel[,0,0,0x0,invalid,layout=javax.swing.BoxLayout,alignmentX=0.0,alignmentY=0.0,border=,flags=9,maximumSize=,minimumSize=,preferredSize=]
2025-05-15 11:58:39,104 [INFO] ParamManager:896 - [Generic UI] PropertyChangeEvent: TAB_STATUS_CHANGED , "dont care", "never mind"
2025-05-15 11:58:39,145 [INFO] NvicIntPanel:101 - NVIC parent = com.st.microxplorer.plugins.ip.nvic.MultiNvicIntPanel[,0,0,0x0,invalid,layout=javax.swing.BoxLayout,alignmentX=0.0,alignmentY=0.0,border=,flags=9,maximumSize=,minimumSize=,preferredSize=]
2025-05-15 11:58:39,297 [INFO] ParamManager:896 - [Generic UI] PropertyChangeEvent: TAB_STATUS_CHANGED , "dont care", "never mind"
2025-05-15 11:58:39,329 [INFO] NvicIntPanel:101 - NVIC parent = com.st.microxplorer.plugins.ip.nvic.MultiNvicIntPanel[,0,0,0x0,invalid,layout=javax.swing.BoxLayout,alignmentX=0.0,alignmentY=0.0,border=,flags=9,maximumSize=,minimumSize=,preferredSize=]
2025-05-15 11:58:39,502 [INFO] NvicIntPanel:101 - NVIC parent = com.st.microxplorer.plugins.ip.nvic.MultiNvicIntPanel[,0,0,0x0,invalid,layout=javax.swing.BoxLayout,alignmentX=0.0,alignmentY=0.0,border=,flags=9,maximumSize=,minimumSize=,preferredSize=]
2025-05-15 11:58:39,651 [INFO] ParamManager:896 - [Generic UI] PropertyChangeEvent: TAB_STATUS_CHANGED , "dont care", "never mind"
2025-05-15 11:58:39,675 [INFO] NvicIntPanel:101 - NVIC parent = com.st.microxplorer.plugins.ip.nvic.MultiNvicIntPanel[,0,0,0x0,invalid,layout=javax.swing.BoxLayout,alignmentX=0.0,alignmentY=0.0,border=,flags=9,maximumSize=,minimumSize=,preferredSize=]
2025-05-15 11:58:39,790 [INFO] ParamManager:896 - [Generic UI] PropertyChangeEvent: TAB_STATUS_CHANGED , "dont care", "never mind"
2025-05-15 11:58:39,813 [INFO] NvicIntPanel:101 - NVIC parent = com.st.microxplorer.plugins.ip.nvic.MultiNvicIntPanel[,0,0,0x0,invalid,layout=javax.swing.BoxLayout,alignmentX=0.0,alignmentY=0.0,border=,flags=9,maximumSize=,minimumSize=,preferredSize=]
2025-05-15 11:58:39,956 [INFO] NvicIntPanel:101 - NVIC parent = com.st.microxplorer.plugins.ip.nvic.MultiNvicIntPanel[,0,0,0x0,invalid,layout=javax.swing.BoxLayout,alignmentX=0.0,alignmentY=0.0,border=,flags=9,maximumSize=,minimumSize=,preferredSize=]
2025-05-15 11:58:40,117 [INFO] NvicIntPanel:101 - NVIC parent = com.st.microxplorer.plugins.ip.nvic.MultiNvicIntPanel[,0,0,0x0,invalid,layout=javax.swing.BoxLayout,alignmentX=0.0,alignmentY=0.0,border=,flags=9,maximumSize=,minimumSize=,preferredSize=]
2025-05-15 11:58:40,166 [INFO] ADCParametersView:116 -                Rank 1 : false
2025-05-15 11:58:40,168 [INFO] ADCParametersView:116 -                Rank 1 : false
2025-05-15 11:58:40,168 [INFO] ADCParametersView:116 -                Rank 1 : false
2025-05-15 11:58:40,169 [INFO] ADCParametersView:116 -                Rank 1 : false
2025-05-15 11:58:40,169 [INFO] ADCParametersView:116 -                Rank 1 : false
2025-05-15 11:58:40,169 [INFO] ADCParametersView:116 -                Rank 1 : false
2025-05-15 11:58:40,169 [INFO] ADCParametersView:116 -                Rank 1 : false
2025-05-15 11:58:40,169 [INFO] ADCParametersView:116 -                Rank 1 : false
2025-05-15 11:58:40,170 [INFO] ADCParametersView:116 -                Rank 1 : false
2025-05-15 11:58:40,170 [INFO] ADCParametersView:116 -                Rank 1 : false
2025-05-15 11:58:40,170 [INFO] ADCParametersView:116 -                Rank 1 : false
2025-05-15 11:58:40,170 [INFO] ADCParametersView:116 -                Rank 1 : false
2025-05-15 11:58:40,170 [INFO] ADCParametersView:116 -                Rank 1 : false
2025-05-15 11:58:40,170 [INFO] ADCParametersView:116 -                Rank 1 : false
2025-05-15 11:58:40,210 [INFO] ADCParametersView:116 -                Rank 1 : false
2025-05-15 11:58:40,227 [INFO] ADCParametersView:116 -                Rank 1 : false
2025-05-15 11:58:40,227 [INFO] ADCParametersView:116 -        *      Injected Rank 1 : false
2025-05-15 11:58:40,228 [INFO] ADCParametersView:116 -                Rank 1 : false
2025-05-15 11:58:40,229 [INFO] ADCParametersView:116 -        *      Injected Rank 1 : false
2025-05-15 11:58:40,229 [INFO] ADCParametersView:116 -        *      Injected Rank 2 : false
2025-05-15 11:58:40,230 [INFO] ADCParametersView:116 -                Rank 1 : false
2025-05-15 11:58:40,231 [INFO] ADCParametersView:116 -        *      Injected Rank 1 : false
2025-05-15 11:58:40,231 [INFO] ADCParametersView:116 -        *      Injected Rank 2 : false
2025-05-15 11:58:40,231 [INFO] ADCParametersView:116 -        *      Injected Rank 3 : false
2025-05-15 11:58:40,233 [INFO] ADCParametersView:116 -                Rank 1 : false
2025-05-15 11:58:40,233 [INFO] ADCParametersView:116 -        *      Injected Rank 1 : false
2025-05-15 11:58:40,233 [INFO] ADCParametersView:116 -        *      Injected Rank 2 : false
2025-05-15 11:58:40,234 [INFO] ADCParametersView:116 -        *      Injected Rank 3 : false
2025-05-15 11:58:40,234 [INFO] ADCParametersView:116 -        *      Injected Rank 4 : false
2025-05-15 11:58:40,237 [INFO] SpinnerEditorADC:65 - is string kkkk
2025-05-15 11:58:40,311 [INFO] ADCParametersView:116 -                Rank 1 : false
2025-05-15 11:58:40,311 [INFO] ADCParametersView:116 -        *      Injected Rank 1 : false
2025-05-15 11:58:40,311 [INFO] ADCParametersView:116 -        *      Injected Rank 2 : false
2025-05-15 11:58:40,311 [INFO] ADCParametersView:116 -        *      Injected Rank 3 : false
2025-05-15 11:58:40,311 [INFO] ADCParametersView:116 -        *      Injected Rank 4 : false
2025-05-15 11:58:40,314 [INFO] ADCParametersView:116 -                Rank 1 : false
2025-05-15 11:58:40,315 [INFO] ADCParametersView:116 -        *      Injected Rank 1 : false
2025-05-15 11:58:40,315 [INFO] ADCParametersView:116 -        *      Injected Rank 2 : false
2025-05-15 11:58:40,315 [INFO] ADCParametersView:116 -        *      Injected Rank 3 : false
2025-05-15 11:58:40,315 [INFO] ADCParametersView:116 -        *      Injected Rank 4 : false
2025-05-15 11:58:40,316 [INFO] ADCParametersView:116 -                Rank 1 : false
2025-05-15 11:58:40,316 [INFO] ADCParametersView:116 -        *      Injected Rank 1 : false
2025-05-15 11:58:40,316 [INFO] ADCParametersView:116 -        *      Injected Rank 2 : false
2025-05-15 11:58:40,316 [INFO] ADCParametersView:116 -        *      Injected Rank 3 : false
2025-05-15 11:58:40,316 [INFO] ADCParametersView:116 -        *      Injected Rank 4 : false
2025-05-15 11:58:40,316 [INFO] ADCParametersView:116 -                Rank 1 : false
2025-05-15 11:58:40,316 [INFO] ADCParametersView:116 -        *      Injected Rank 1 : false
2025-05-15 11:58:40,317 [INFO] ADCParametersView:116 -        *      Injected Rank 2 : false
2025-05-15 11:58:40,317 [INFO] ADCParametersView:116 -        *      Injected Rank 3 : false
2025-05-15 11:58:40,317 [INFO] ADCParametersView:116 -        *      Injected Rank 4 : false
2025-05-15 11:58:40,317 [INFO] ADCParametersView:116 -                Rank 1 : false
2025-05-15 11:58:40,317 [INFO] ADCParametersView:116 -        *      Injected Rank 1 : false
2025-05-15 11:58:40,317 [INFO] ADCParametersView:116 -        *      Injected Rank 2 : false
2025-05-15 11:58:40,317 [INFO] ADCParametersView:116 -        *      Injected Rank 3 : false
2025-05-15 11:58:40,317 [INFO] ADCParametersView:116 -        *      Injected Rank 4 : false
2025-05-15 11:58:40,317 [INFO] ADCParametersView:116 -                Rank 1 : false
2025-05-15 11:58:40,318 [INFO] ADCParametersView:116 -        *      Injected Rank 1 : false
2025-05-15 11:58:40,318 [INFO] ADCParametersView:116 -        *      Injected Rank 2 : false
2025-05-15 11:58:40,318 [INFO] ADCParametersView:116 -        *      Injected Rank 3 : false
2025-05-15 11:58:40,318 [INFO] ADCParametersView:116 -        *      Injected Rank 4 : false
2025-05-15 11:58:40,318 [INFO] ADCParametersView:116 -                Rank 1 : false
2025-05-15 11:58:40,318 [INFO] ADCParametersView:116 -        *      Injected Rank 1 : false
2025-05-15 11:58:40,318 [INFO] ADCParametersView:116 -        *      Injected Rank 2 : false
2025-05-15 11:58:40,318 [INFO] ADCParametersView:116 -        *      Injected Rank 3 : false
2025-05-15 11:58:40,318 [INFO] ADCParametersView:116 -        *      Injected Rank 4 : false
2025-05-15 11:58:40,318 [INFO] ADCParametersView:116 -                Rank 1 : false
2025-05-15 11:58:40,319 [INFO] ADCParametersView:116 -        *      Injected Rank 1 : false
2025-05-15 11:58:40,319 [INFO] ADCParametersView:116 -        *      Injected Rank 2 : false
2025-05-15 11:58:40,319 [INFO] ADCParametersView:116 -        *      Injected Rank 3 : false
2025-05-15 11:58:40,319 [INFO] ADCParametersView:116 -        *      Injected Rank 4 : false
2025-05-15 11:58:40,319 [INFO] ADCParametersView:116 -                Rank 1 : false
2025-05-15 11:58:40,319 [INFO] ADCParametersView:116 -        *      Injected Rank 1 : false
2025-05-15 11:58:40,319 [INFO] ADCParametersView:116 -        *      Injected Rank 2 : false
2025-05-15 11:58:40,319 [INFO] ADCParametersView:116 -        *      Injected Rank 3 : false
2025-05-15 11:58:40,319 [INFO] ADCParametersView:116 -        *      Injected Rank 4 : false
2025-05-15 11:58:40,319 [INFO] ADCParametersView:116 -                Rank 1 : false
2025-05-15 11:58:40,320 [INFO] ADCParametersView:116 -        *      Injected Rank 1 : false
2025-05-15 11:58:40,320 [INFO] ADCParametersView:116 -        *      Injected Rank 2 : false
2025-05-15 11:58:40,320 [INFO] ADCParametersView:116 -        *      Injected Rank 3 : false
2025-05-15 11:58:40,320 [INFO] ADCParametersView:116 -        *      Injected Rank 4 : false
2025-05-15 11:58:40,320 [INFO] ADCParametersView:116 -                Rank 1 : false
2025-05-15 11:58:40,320 [INFO] ADCParametersView:116 -        *      Injected Rank 1 : false
2025-05-15 11:58:40,320 [INFO] ADCParametersView:116 -        *      Injected Rank 2 : false
2025-05-15 11:58:40,320 [INFO] ADCParametersView:116 -        *      Injected Rank 3 : false
2025-05-15 11:58:40,320 [INFO] ADCParametersView:116 -        *      Injected Rank 4 : false
2025-05-15 11:58:40,321 [INFO] ADCParametersView:116 -        *      Injected Rank 1 : false
2025-05-15 11:58:40,321 [INFO] ADCParametersView:116 -        *      Injected Rank 2 : false
2025-05-15 11:58:40,321 [INFO] ADCParametersView:116 -        *      Injected Rank 3 : false
2025-05-15 11:58:40,321 [INFO] ADCParametersView:116 -        *      Injected Rank 4 : false
2025-05-15 11:58:40,321 [INFO] ADCParametersView:116 -                Rank 1 : false
2025-05-15 11:58:40,322 [INFO] ADCParametersView:116 -        *      Injected Rank 1 : false
2025-05-15 11:58:40,322 [INFO] ADCParametersView:116 -        *      Injected Rank 2 : false
2025-05-15 11:58:40,322 [INFO] ADCParametersView:116 -        *      Injected Rank 3 : false
2025-05-15 11:58:40,323 [INFO] ADCParametersView:116 -        *      Injected Rank 4 : false
2025-05-15 11:58:40,323 [INFO] ADCParametersView:116 -                Rank 1 : false
2025-05-15 11:58:40,323 [INFO] ADCParametersView:116 -        *      Injected Rank 1 : false
2025-05-15 11:58:40,323 [INFO] ADCParametersView:116 -        *      Injected Rank 2 : false
2025-05-15 11:58:40,323 [INFO] ADCParametersView:116 -        *      Injected Rank 3 : false
2025-05-15 11:58:40,323 [INFO] ADCParametersView:116 -        *      Injected Rank 4 : false
2025-05-15 11:58:40,323 [INFO] ADCParametersView:116 -                Rank 1 : false
2025-05-15 11:58:40,323 [INFO] ADCParametersView:116 -        *      Injected Rank 1 : false
2025-05-15 11:58:40,323 [INFO] ADCParametersView:116 -        *      Injected Rank 2 : false
2025-05-15 11:58:40,323 [INFO] ADCParametersView:116 -        *      Injected Rank 3 : false
2025-05-15 11:58:40,324 [INFO] ADCParametersView:116 -        *      Injected Rank 4 : false
2025-05-15 11:58:40,324 [INFO] ADCParametersView:116 -                Rank 1 : false
2025-05-15 11:58:40,324 [INFO] ADCParametersView:116 -                Rank 1 : false
2025-05-15 11:58:40,324 [INFO] ADCParametersView:116 -        *      Injected Rank 1 : false
2025-05-15 11:58:40,324 [INFO] ADCParametersView:116 -        *      Injected Rank 2 : false
2025-05-15 11:58:40,324 [INFO] ADCParametersView:116 -        *      Injected Rank 3 : false
2025-05-15 11:58:40,324 [INFO] ADCParametersView:116 -        *      Injected Rank 4 : false
2025-05-15 11:58:40,324 [INFO] ADCParametersView:116 -                Rank 1 : false
2025-05-15 11:58:40,324 [INFO] ADCParametersView:116 -        *      Injected Rank 1 : false
2025-05-15 11:58:40,324 [INFO] ADCParametersView:116 -        *      Injected Rank 2 : false
2025-05-15 11:58:40,324 [INFO] ADCParametersView:116 -        *      Injected Rank 3 : false
2025-05-15 11:58:40,325 [INFO] ADCParametersView:116 -        *      Injected Rank 4 : false
2025-05-15 11:58:40,325 [INFO] ADCParametersView:116 -        *      Injected Rank 1 : false
2025-05-15 11:58:40,325 [INFO] ADCParametersView:116 -        *      Injected Rank 2 : false
2025-05-15 11:58:40,325 [INFO] ADCParametersView:116 -        *      Injected Rank 3 : false
2025-05-15 11:58:40,325 [INFO] ADCParametersView:116 -        *      Injected Rank 4 : false
2025-05-15 11:58:40,325 [INFO] ADCParametersView:116 -        *      Injected Rank 2 : false
2025-05-15 11:58:40,325 [INFO] ADCParametersView:116 -        *      Injected Rank 3 : false
2025-05-15 11:58:40,325 [INFO] ADCParametersView:116 -        *      Injected Rank 4 : false
2025-05-15 11:58:40,325 [INFO] ADCParametersView:116 -        *      Injected Rank 3 : false
2025-05-15 11:58:40,325 [INFO] ADCParametersView:116 -        *      Injected Rank 4 : false
2025-05-15 11:58:40,325 [INFO] ADCParametersView:116 -        *      Injected Rank 4 : false
2025-05-15 11:58:40,365 [INFO] ADCParametersView:116 -                Rank 1 : false
2025-05-15 11:58:40,367 [INFO] ADCParametersView:116 -                Rank 1 : false
2025-05-15 11:58:40,367 [INFO] ADCParametersView:116 -                Injected Rank 1 : false
2025-05-15 11:58:40,368 [INFO] ADCParametersView:116 -                Rank 1 : false
2025-05-15 11:58:40,368 [INFO] ADCParametersView:116 -                Injected Rank 1 : false
2025-05-15 11:58:40,368 [INFO] ADCParametersView:116 -                Injected Rank 2 : false
2025-05-15 11:58:40,369 [INFO] ADCParametersView:116 -                Rank 1 : false
2025-05-15 11:58:40,369 [INFO] ADCParametersView:116 -                Injected Rank 1 : false
2025-05-15 11:58:40,370 [INFO] ADCParametersView:116 -                Injected Rank 2 : false
2025-05-15 11:58:40,370 [INFO] ADCParametersView:116 -                Injected Rank 3 : false
2025-05-15 11:58:40,371 [INFO] ADCParametersView:116 -                Rank 1 : false
2025-05-15 11:58:40,371 [INFO] ADCParametersView:116 -                Injected Rank 1 : false
2025-05-15 11:58:40,372 [INFO] ADCParametersView:116 -                Injected Rank 2 : false
2025-05-15 11:58:40,372 [INFO] ADCParametersView:116 -                Injected Rank 3 : false
2025-05-15 11:58:40,372 [INFO] ADCParametersView:116 -                Injected Rank 4 : false
2025-05-15 11:58:43,704 [INFO] ADCParametersView:116 -                Rank 1 : true
2025-05-15 11:58:43,705 [INFO] ADCParametersView:116 -                Injected Rank 1 : false
2025-05-15 11:58:43,705 [INFO] ADCParametersView:116 -                Injected Rank 2 : false
2025-05-15 11:58:43,705 [INFO] ADCParametersView:116 -                Injected Rank 3 : false
2025-05-15 11:58:43,705 [INFO] ADCParametersView:116 -                Injected Rank 4 : false
2025-05-15 12:00:14,961 [INFO] ADCParametersView:116 -                Rank 1 : true
2025-05-15 12:00:14,962 [INFO] ADCParametersView:116 -                Injected Rank 1 : true
2025-05-15 12:00:14,962 [INFO] ADCParametersView:116 -                Injected Rank 2 : false
2025-05-15 12:00:14,962 [INFO] ADCParametersView:116 -                Injected Rank 3 : false
2025-05-15 12:00:14,962 [INFO] ADCParametersView:116 -                Injected Rank 4 : false
2025-05-15 12:00:16,365 [INFO] ADCParametersView:116 -                Rank 1 : true
2025-05-15 12:00:16,366 [INFO] ADCParametersView:116 -                Injected Rank 1 : false
2025-05-15 12:00:16,366 [INFO] ADCParametersView:116 -                Injected Rank 2 : false
2025-05-15 12:00:16,366 [INFO] ADCParametersView:116 -                Injected Rank 3 : false
2025-05-15 12:00:16,366 [INFO] ADCParametersView:116 -                Injected Rank 4 : false
2025-05-15 12:00:49,476 [INFO] SpinnerEditorADC:65 - is string kkkk
2025-05-15 12:00:50,427 [INFO] ADCParametersView:116 -                Rank 1 : true
2025-05-15 12:00:50,427 [INFO] ADCParametersView:116 -                Injected Rank 1 : false
2025-05-15 12:00:50,427 [INFO] ADCParametersView:116 -                Injected Rank 2 : false
2025-05-15 12:00:50,427 [INFO] ADCParametersView:116 -                Injected Rank 3 : false
2025-05-15 12:00:50,427 [INFO] ADCParametersView:116 -                Injected Rank 4 : false
2025-05-15 12:00:50,429 [INFO] ADCParametersView:116 -                Rank 1 : true
2025-05-15 12:00:50,430 [INFO] ADCParametersView:116 -                Injected Rank 1 : false
2025-05-15 12:00:50,430 [INFO] ADCParametersView:116 -                Injected Rank 2 : false
2025-05-15 12:00:50,430 [INFO] ADCParametersView:116 -                Injected Rank 3 : false
2025-05-15 12:00:50,430 [INFO] ADCParametersView:116 -                Injected Rank 4 : false
2025-05-15 12:00:50,430 [INFO] ADCParametersView:116 -                Rank 1 : true
2025-05-15 12:00:50,430 [INFO] ADCParametersView:116 -                Injected Rank 1 : false
2025-05-15 12:00:50,430 [INFO] ADCParametersView:116 -                Injected Rank 2 : false
2025-05-15 12:00:50,430 [INFO] ADCParametersView:116 -                Injected Rank 3 : false
2025-05-15 12:00:50,430 [INFO] ADCParametersView:116 -                Injected Rank 4 : false
2025-05-15 12:00:50,430 [INFO] ADCParametersView:116 -                Rank 1 : true
2025-05-15 12:00:50,431 [INFO] ADCParametersView:116 -                Injected Rank 1 : false
2025-05-15 12:00:50,431 [INFO] ADCParametersView:116 -                Injected Rank 2 : false
2025-05-15 12:00:50,431 [INFO] ADCParametersView:116 -                Injected Rank 3 : false
2025-05-15 12:00:50,431 [INFO] ADCParametersView:116 -                Injected Rank 4 : false
2025-05-15 12:00:50,431 [INFO] ADCParametersView:116 -                Rank 1 : true
2025-05-15 12:00:50,431 [INFO] ADCParametersView:116 -                Injected Rank 1 : false
2025-05-15 12:00:50,431 [INFO] ADCParametersView:116 -                Injected Rank 2 : false
2025-05-15 12:00:50,431 [INFO] ADCParametersView:116 -                Injected Rank 3 : false
2025-05-15 12:00:50,431 [INFO] ADCParametersView:116 -                Injected Rank 4 : false
2025-05-15 12:00:50,431 [INFO] ADCParametersView:116 -                Rank 1 : true
2025-05-15 12:00:50,431 [INFO] ADCParametersView:116 -                Injected Rank 1 : false
2025-05-15 12:00:50,431 [INFO] ADCParametersView:116 -                Injected Rank 2 : false
2025-05-15 12:00:50,432 [INFO] ADCParametersView:116 -                Injected Rank 3 : false
2025-05-15 12:00:50,432 [INFO] ADCParametersView:116 -                Injected Rank 4 : false
2025-05-15 12:00:50,432 [INFO] ADCParametersView:116 -                Rank 1 : true
2025-05-15 12:00:50,432 [INFO] ADCParametersView:116 -                Injected Rank 1 : false
2025-05-15 12:00:50,432 [INFO] ADCParametersView:116 -                Injected Rank 2 : false
2025-05-15 12:00:50,432 [INFO] ADCParametersView:116 -                Injected Rank 3 : false
2025-05-15 12:00:50,432 [INFO] ADCParametersView:116 -                Injected Rank 4 : false
2025-05-15 12:00:50,432 [INFO] ADCParametersView:116 -                Rank 1 : true
2025-05-15 12:00:50,432 [INFO] ADCParametersView:116 -                Injected Rank 1 : false
2025-05-15 12:00:50,432 [INFO] ADCParametersView:116 -                Injected Rank 2 : false
2025-05-15 12:00:50,432 [INFO] ADCParametersView:116 -                Injected Rank 3 : false
2025-05-15 12:00:50,432 [INFO] ADCParametersView:116 -                Injected Rank 4 : false
2025-05-15 12:00:50,433 [INFO] ADCParametersView:116 -                Rank 1 : true
2025-05-15 12:00:50,433 [INFO] ADCParametersView:116 -                Injected Rank 1 : false
2025-05-15 12:00:50,433 [INFO] ADCParametersView:116 -                Injected Rank 2 : false
2025-05-15 12:00:50,433 [INFO] ADCParametersView:116 -                Injected Rank 3 : false
2025-05-15 12:00:50,433 [INFO] ADCParametersView:116 -                Injected Rank 4 : false
2025-05-15 12:00:50,433 [INFO] ADCParametersView:116 -                Rank 1 : true
2025-05-15 12:00:50,433 [INFO] ADCParametersView:116 -                Injected Rank 1 : false
2025-05-15 12:00:50,433 [INFO] ADCParametersView:116 -                Injected Rank 2 : false
2025-05-15 12:00:50,433 [INFO] ADCParametersView:116 -                Injected Rank 3 : false
2025-05-15 12:00:50,433 [INFO] ADCParametersView:116 -                Injected Rank 4 : false
2025-05-15 12:00:50,433 [INFO] ADCParametersView:116 -                Rank 1 : true
2025-05-15 12:00:50,434 [INFO] ADCParametersView:116 -                Injected Rank 1 : false
2025-05-15 12:00:50,434 [INFO] ADCParametersView:116 -                Injected Rank 2 : false
2025-05-15 12:00:50,434 [INFO] ADCParametersView:116 -                Injected Rank 3 : false
2025-05-15 12:00:50,434 [INFO] ADCParametersView:116 -                Injected Rank 4 : false
2025-05-15 12:00:50,434 [INFO] ADCParametersView:116 -                Injected Rank 1 : false
2025-05-15 12:00:50,434 [INFO] ADCParametersView:116 -                Injected Rank 2 : false
2025-05-15 12:00:50,434 [INFO] ADCParametersView:116 -                Injected Rank 3 : false
2025-05-15 12:00:50,434 [INFO] ADCParametersView:116 -                Injected Rank 4 : false
2025-05-15 12:00:50,434 [INFO] ADCParametersView:116 -                Rank 1 : true
2025-05-15 12:00:50,434 [INFO] ADCParametersView:116 -                Injected Rank 1 : false
2025-05-15 12:00:50,434 [INFO] ADCParametersView:116 -                Injected Rank 2 : false
2025-05-15 12:00:50,434 [INFO] ADCParametersView:116 -                Injected Rank 3 : false
2025-05-15 12:00:50,434 [INFO] ADCParametersView:116 -                Injected Rank 4 : false
2025-05-15 12:00:50,435 [INFO] ADCParametersView:116 -                Rank 1 : true
2025-05-15 12:00:50,435 [INFO] ADCParametersView:116 -                Injected Rank 1 : false
2025-05-15 12:00:50,435 [INFO] ADCParametersView:116 -                Injected Rank 2 : false
2025-05-15 12:00:50,435 [INFO] ADCParametersView:116 -                Injected Rank 3 : false
2025-05-15 12:00:50,435 [INFO] ADCParametersView:116 -                Injected Rank 4 : false
2025-05-15 12:00:50,435 [INFO] ADCParametersView:116 -                Rank 1 : true
2025-05-15 12:00:50,435 [INFO] ADCParametersView:116 -                Injected Rank 1 : false
2025-05-15 12:00:50,435 [INFO] ADCParametersView:116 -                Injected Rank 2 : false
2025-05-15 12:00:50,435 [INFO] ADCParametersView:116 -                Injected Rank 3 : false
2025-05-15 12:00:50,435 [INFO] ADCParametersView:116 -                Injected Rank 4 : false
2025-05-15 12:00:50,435 [INFO] ADCParametersView:116 -                Rank 1 : true
2025-05-15 12:00:50,435 [INFO] ADCParametersView:116 -                Rank 1 : true
2025-05-15 12:00:50,436 [INFO] ADCParametersView:116 -                Injected Rank 1 : false
2025-05-15 12:00:50,436 [INFO] ADCParametersView:116 -                Injected Rank 2 : false
2025-05-15 12:00:50,436 [INFO] ADCParametersView:116 -                Injected Rank 3 : false
2025-05-15 12:00:50,436 [INFO] ADCParametersView:116 -                Injected Rank 4 : false
2025-05-15 12:00:50,436 [INFO] ADCParametersView:116 -                Rank 1 : true
2025-05-15 12:00:50,436 [INFO] ADCParametersView:116 -                Injected Rank 1 : false
2025-05-15 12:00:50,436 [INFO] ADCParametersView:116 -                Injected Rank 2 : false
2025-05-15 12:00:50,436 [INFO] ADCParametersView:116 -                Injected Rank 3 : false
2025-05-15 12:00:50,436 [INFO] ADCParametersView:116 -                Injected Rank 4 : false
2025-05-15 12:00:50,436 [INFO] ADCParametersView:116 -                Injected Rank 1 : false
2025-05-15 12:00:50,436 [INFO] ADCParametersView:116 -                Injected Rank 2 : false
2025-05-15 12:00:50,436 [INFO] ADCParametersView:116 -                Injected Rank 3 : false
2025-05-15 12:00:50,436 [INFO] ADCParametersView:116 -                Injected Rank 4 : false
2025-05-15 12:00:50,437 [INFO] ADCParametersView:116 -                Injected Rank 2 : false
2025-05-15 12:00:50,437 [INFO] ADCParametersView:116 -                Injected Rank 3 : false
2025-05-15 12:00:50,437 [INFO] ADCParametersView:116 -                Injected Rank 4 : false
2025-05-15 12:00:50,437 [INFO] ADCParametersView:116 -                Injected Rank 3 : false
2025-05-15 12:00:50,437 [INFO] ADCParametersView:116 -                Injected Rank 4 : false
2025-05-15 12:00:50,437 [INFO] ADCParametersView:116 -                Injected Rank 4 : false
2025-05-15 12:00:50,470 [INFO] ADCParametersView:116 -                Rank 1 : true
2025-05-15 12:00:50,471 [INFO] ADCParametersView:116 -                Rank 1 : true
2025-05-15 12:00:50,471 [INFO] ADCParametersView:116 -                Injected Rank 1 : false
2025-05-15 12:00:50,472 [INFO] ADCParametersView:116 -                Rank 1 : true
2025-05-15 12:00:50,472 [INFO] ADCParametersView:116 -                Injected Rank 1 : false
2025-05-15 12:00:50,472 [INFO] ADCParametersView:116 -                Injected Rank 2 : false
2025-05-15 12:00:50,473 [INFO] ADCParametersView:116 -                Rank 1 : true
2025-05-15 12:00:50,473 [INFO] ADCParametersView:116 -                Injected Rank 1 : false
2025-05-15 12:00:50,473 [INFO] ADCParametersView:116 -                Injected Rank 2 : false
2025-05-15 12:00:50,473 [INFO] ADCParametersView:116 -                Injected Rank 3 : false
2025-05-15 12:00:50,474 [INFO] ADCParametersView:116 -                Rank 1 : true
2025-05-15 12:00:50,474 [INFO] ADCParametersView:116 -                Injected Rank 1 : false
2025-05-15 12:00:50,474 [INFO] ADCParametersView:116 -                Injected Rank 2 : false
2025-05-15 12:00:50,474 [INFO] ADCParametersView:116 -                Injected Rank 3 : false
2025-05-15 12:00:50,474 [INFO] ADCParametersView:116 -                Injected Rank 4 : false
2025-05-15 12:02:54,588 [WARN] BspModel:444 - BSP dependency skipped because of component: name='IOExpander', api='Unknown'
2025-05-15 12:03:08,692 [WARN] BspModel:444 - BSP dependency skipped because of component: name='IOExpander', api='Unknown'
2025-05-15 12:03:08,757 [WARN] BspModel:444 - BSP dependency skipped because of component: name='IOExpander', api='Unknown'
2025-05-15 12:04:03,129 [INFO] NvicIntPanel:101 - NVIC parent = com.st.microxplorer.plugins.ip.nvic.MultiNvicIntPanel[,0,0,0x0,invalid,layout=javax.swing.BoxLayout,alignmentX=0.0,alignmentY=0.0,border=,flags=9,maximumSize=,minimumSize=,preferredSize=]
2025-05-15 12:04:30,756 [WARN] BspModel:444 - BSP dependency skipped because of component: name='IOExpander', api='Unknown'
2025-05-15 12:04:30,910 [WARN] IP:2250 - I2C_Coeff_DF not found: check if there is a RefParameter without a condition.
2025-05-15 12:04:30,910 [WARN] IP:2250 - Analog_Filter not found: check if there is a RefParameter without a condition.
2025-05-15 12:04:30,911 [WARN] IP:2250 - I2C_Coeff_DF not found: check if there is a RefParameter without a condition.
2025-05-15 12:04:30,911 [WARN] IP:2250 - Analog_Filter not found: check if there is a RefParameter without a condition.
2025-05-15 12:04:31,034 [WARN] IP:2250 - I2C_Coeff_DF not found: check if there is a RefParameter without a condition.
2025-05-15 12:04:31,035 [WARN] IP:2250 - Analog_Filter not found: check if there is a RefParameter without a condition.
2025-05-15 12:04:31,150 [WARN] IP:2250 - I2C_Coeff_DF not found: check if there is a RefParameter without a condition.
2025-05-15 12:04:31,151 [WARN] IP:2250 - Analog_Filter not found: check if there is a RefParameter without a condition.
2025-05-15 12:04:33,634 [WARN] BspModel:444 - BSP dependency skipped because of component: name='IOExpander', api='Unknown'
2025-05-15 12:04:33,776 [WARN] IP:2250 - I2C_Coeff_DF not found: check if there is a RefParameter without a condition.
2025-05-15 12:04:33,776 [WARN] IP:2250 - Analog_Filter not found: check if there is a RefParameter without a condition.
2025-05-15 12:04:33,777 [WARN] IP:2250 - I2C_Coeff_DF not found: check if there is a RefParameter without a condition.
2025-05-15 12:04:33,777 [WARN] IP:2250 - Analog_Filter not found: check if there is a RefParameter without a condition.
2025-05-15 12:04:33,869 [WARN] IP:2250 - I2C_Coeff_DF not found: check if there is a RefParameter without a condition.
2025-05-15 12:04:33,870 [WARN] IP:2250 - Analog_Filter not found: check if there is a RefParameter without a condition.
2025-05-15 12:04:33,961 [WARN] IP:2250 - I2C_Coeff_DF not found: check if there is a RefParameter without a condition.
2025-05-15 12:04:33,961 [WARN] IP:2250 - Analog_Filter not found: check if there is a RefParameter without a condition.
2025-05-15 12:04:46,487 [WARN] BspModel:444 - BSP dependency skipped because of component: name='IOExpander', api='Unknown'
2025-05-15 12:04:55,701 [WARN] BspModel:444 - BSP dependency skipped because of component: name='IOExpander', api='Unknown'
2025-05-15 12:05:18,363 [WARN] BspModel:444 - BSP dependency skipped because of component: name='IOExpander', api='Unknown'
2025-05-15 12:05:18,470 [WARN] IP:2250 - I2C_Coeff_DF not found: check if there is a RefParameter without a condition.
2025-05-15 12:05:18,470 [WARN] IP:2250 - Analog_Filter not found: check if there is a RefParameter without a condition.
2025-05-15 12:05:18,470 [WARN] IP:2250 - I2C_Coeff_DF not found: check if there is a RefParameter without a condition.
2025-05-15 12:05:18,470 [WARN] IP:2250 - Analog_Filter not found: check if there is a RefParameter without a condition.
2025-05-15 12:05:18,563 [WARN] IP:2250 - I2C_Coeff_DF not found: check if there is a RefParameter without a condition.
2025-05-15 12:05:18,563 [WARN] IP:2250 - Analog_Filter not found: check if there is a RefParameter without a condition.
2025-05-15 12:05:18,654 [WARN] IP:2250 - I2C_Coeff_DF not found: check if there is a RefParameter without a condition.
2025-05-15 12:05:18,654 [WARN] IP:2250 - Analog_Filter not found: check if there is a RefParameter without a condition.
2025-05-15 12:05:38,353 [WARN] BspModel:444 - BSP dependency skipped because of component: name='IOExpander', api='Unknown'
2025-05-15 12:05:41,571 [INFO] NvicIntPanel:101 - NVIC parent = com.st.microxplorer.plugins.ip.nvic.MultiNvicIntPanel[,0,0,453x342,layout=javax.swing.BoxLayout,alignmentX=0.0,alignmentY=0.0,border=,flags=9,maximumSize=,minimumSize=,preferredSize=]
2025-05-15 12:05:51,879 [ERROR] LogOutputStream:75 - [STDERR_REDIRECT] java.lang.Error: no ComponentUI class for: com.st.microxplorer.plugins.ip.nvic.CheckBoxHeader[,0,0,0x0,invalid,alignmentX=0.0,alignmentY=0.0,border=,flags=0,maximumSize=,minimumSize=,preferredSize=,defaultIcon=,disabledIcon=,disabledSelectedIcon=,margin=null,paintBorder=true,paintFocus=true,pressedIcon=,rolloverEnabled=false,rolloverIcon=,rolloverSelectedIcon=,selectedIcon=,text=]
2025-05-15 12:05:51,880 [ERROR] LogOutputStream:75 - [STDERR_REDIRECT] 	at java.desktop/javax.swing.UIDefaults.getUIError(UIDefaults.java:763)
2025-05-15 12:05:51,880 [ERROR] LogOutputStream:75 - [STDERR_REDIRECT] 	at java.desktop/javax.swing.MultiUIDefaults.getUIError(MultiUIDefaults.java:144)
2025-05-15 12:05:51,881 [ERROR] LogOutputStream:75 - [STDERR_REDIRECT] 	at java.desktop/javax.swing.UIDefaults.getUI(UIDefaults.java:793)
2025-05-15 12:05:51,881 [ERROR] LogOutputStream:75 - [STDERR_REDIRECT] 	at java.desktop/javax.swing.UIManager.getUI(UIManager.java:1070)
2025-05-15 12:05:51,881 [ERROR] LogOutputStream:75 - [STDERR_REDIRECT] 	at java.desktop/javax.swing.JCheckBox.updateUI(JCheckBox.java:228)
2025-05-15 12:05:51,882 [ERROR] LogOutputStream:75 - [STDERR_REDIRECT] 	at java.desktop/javax.swing.AbstractButton.init(AbstractButton.java:2141)
2025-05-15 12:05:51,882 [ERROR] LogOutputStream:75 - [STDERR_REDIRECT] 	at java.desktop/javax.swing.JToggleButton.<init>(JToggleButton.java:187)
2025-05-15 12:05:51,883 [ERROR] LogOutputStream:75 - [STDERR_REDIRECT] 	at java.desktop/javax.swing.JCheckBox.<init>(JCheckBox.java:176)
2025-05-15 12:05:51,883 [ERROR] LogOutputStream:75 - [STDERR_REDIRECT] 	at java.desktop/javax.swing.JCheckBox.<init>(JCheckBox.java:97)
2025-05-15 12:05:51,883 [ERROR] LogOutputStream:75 - [STDERR_REDIRECT] 	at com.st.microxplorer.plugins.ip.nvic.CheckBoxHeader.<init>(CheckBoxHeader.java:55)
2025-05-15 12:05:51,883 [ERROR] LogOutputStream:75 - [STDERR_REDIRECT] 	at com.st.microxplorer.plugins.ip.nvic.NvicCodeSelectionTable.<init>(NvicCodeSelectionTable.java:75)
2025-05-15 12:05:51,884 [ERROR] LogOutputStream:75 - [STDERR_REDIRECT] 	at com.st.microxplorer.plugins.ip.nvic.NvicCodePanel.initComponents(NvicCodePanel.java:102)
2025-05-15 12:05:51,884 [ERROR] LogOutputStream:75 - [STDERR_REDIRECT] 	at com.st.microxplorer.plugins.ip.nvic.NvicCodePanel.<init>(NvicCodePanel.java:78)
2025-05-15 12:05:51,884 [ERROR] LogOutputStream:75 - [STDERR_REDIRECT] 	at com.st.microxplorer.plugins.ip.nvic.NvicTabbedPanel.<init>(NvicTabbedPanel.java:57)
2025-05-15 12:05:51,884 [ERROR] LogOutputStream:75 - [STDERR_REDIRECT] 	at com.st.microxplorer.plugins.ip.nvic.Nvic.getUI(Nvic.java:73)
2025-05-15 12:05:51,884 [ERROR] LogOutputStream:75 - [STDERR_REDIRECT] 	at com.st.microxplorer.plugins.ipmanager.gui.BlockDiagram.createIpPanel(BlockDiagram.java:402)
2025-05-15 12:05:51,885 [ERROR] LogOutputStream:75 - [STDERR_REDIRECT] 	at com.st.microxplorer.plugins.ipmanager.gui.BlockDiagram.getIPConfigPanel(BlockDiagram.java:552)
2025-05-15 12:05:51,885 [ERROR] LogOutputStream:75 - [STDERR_REDIRECT] 	at com.st.microxplorer.plugins.ipmanager.gui.BlockDiagram.getIPConfigPanel(BlockDiagram.java:458)
2025-05-15 12:05:51,885 [ERROR] LogOutputStream:75 - [STDERR_REDIRECT] 	at com.st.microxplorer.plugins.ipmanager.gui.BlockDiagram.propertyChange(BlockDiagram.java:1389)
2025-05-15 12:05:51,885 [ERROR] LogOutputStream:75 - [STDERR_REDIRECT] 	at java.desktop/java.beans.PropertyChangeSupport.fire(PropertyChangeSupport.java:343)
2025-05-15 12:05:51,885 [ERROR] LogOutputStream:75 - [STDERR_REDIRECT] 	at java.desktop/java.beans.PropertyChangeSupport.firePropertyChange(PropertyChangeSupport.java:335)
2025-05-15 12:05:51,886 [ERROR] LogOutputStream:75 - [STDERR_REDIRECT] 	at java.desktop/java.beans.PropertyChangeSupport.firePropertyChange(PropertyChangeSupport.java:268)
2025-05-15 12:05:51,886 [ERROR] LogOutputStream:75 - [STDERR_REDIRECT] 	at com.st.microxplorer.util.MXPropertyChangeSupport.firePropertyChange(MXPropertyChangeSupport.java:54)
2025-05-15 12:05:51,886 [ERROR] LogOutputStream:75 - [STDERR_REDIRECT] 	at com.st.microxplorer.mxsystem.MxSystem.firePropertyChange(MxSystem.java:357)
2025-05-15 12:05:51,886 [ERROR] LogOutputStream:75 - [STDERR_REDIRECT] 	at com.st.microxplorer.plugins.pinoutconfig.guiV5.PeripheralsSelectionPanel.selectIP(PeripheralsSelectionPanel.java:409)
2025-05-15 12:05:51,886 [ERROR] LogOutputStream:75 - [STDERR_REDIRECT] 	at com.st.microxplorer.plugins.pinoutconfig.guiV5.PeripheralsListListener.mouseClicked(PeripheralsListListener.java:103)
2025-05-15 12:05:51,886 [ERROR] LogOutputStream:75 - [STDERR_REDIRECT] 	at java.desktop/java.awt.AWTEventMulticaster.mouseClicked(AWTEventMulticaster.java:278)
2025-05-15 12:05:51,887 [ERROR] LogOutputStream:75 - [STDERR_REDIRECT] 	at java.desktop/java.awt.Component.processMouseEvent(Component.java:6624)
2025-05-15 12:05:51,887 [ERROR] LogOutputStream:75 - [STDERR_REDIRECT] 	at java.desktop/javax.swing.JComponent.processMouseEvent(JComponent.java:3398)
2025-05-15 12:05:51,887 [ERROR] LogOutputStream:75 - [STDERR_REDIRECT] 	at java.desktop/java.awt.Component.processEvent(Component.java:6386)
2025-05-15 12:05:51,887 [ERROR] LogOutputStream:75 - [STDERR_REDIRECT] 	at java.desktop/java.awt.Container.processEvent(Container.java:2266)
2025-05-15 12:05:51,887 [ERROR] LogOutputStream:75 - [STDERR_REDIRECT] 	at java.desktop/java.awt.Component.dispatchEventImpl(Component.java:4996)
2025-05-15 12:05:51,888 [ERROR] LogOutputStream:75 - [STDERR_REDIRECT] 	at java.desktop/java.awt.Container.dispatchEventImpl(Container.java:2324)
2025-05-15 12:05:51,888 [ERROR] LogOutputStream:75 - [STDERR_REDIRECT] 	at java.desktop/java.awt.Component.dispatchEvent(Component.java:4828)
2025-05-15 12:05:51,888 [ERROR] LogOutputStream:75 - [STDERR_REDIRECT] 	at java.desktop/java.awt.LightweightDispatcher.retargetMouseEvent(Container.java:4948)
2025-05-15 12:05:51,888 [ERROR] LogOutputStream:75 - [STDERR_REDIRECT] 	at java.desktop/java.awt.LightweightDispatcher.processMouseEvent(Container.java:4584)
2025-05-15 12:05:51,889 [ERROR] LogOutputStream:75 - [STDERR_REDIRECT] 	at java.desktop/java.awt.LightweightDispatcher.dispatchEvent(Container.java:4516)
2025-05-15 12:05:51,889 [ERROR] LogOutputStream:75 - [STDERR_REDIRECT] 	at java.desktop/java.awt.Container.dispatchEventImpl(Container.java:2310)
2025-05-15 12:05:51,889 [ERROR] LogOutputStream:75 - [STDERR_REDIRECT] 	at java.desktop/java.awt.Component.dispatchEvent(Component.java:4828)
2025-05-15 12:05:51,889 [ERROR] LogOutputStream:75 - [STDERR_REDIRECT] 	at java.desktop/java.awt.EventQueue.dispatchEventImpl(EventQueue.java:775)
2025-05-15 12:05:51,889 [ERROR] LogOutputStream:75 - [STDERR_REDIRECT] 	at java.desktop/java.awt.EventQueue$4.run(EventQueue.java:720)
2025-05-15 12:05:51,890 [ERROR] LogOutputStream:75 - [STDERR_REDIRECT] 	at java.desktop/java.awt.EventQueue$4.run(EventQueue.java:714)
2025-05-15 12:05:51,890 [ERROR] LogOutputStream:75 - [STDERR_REDIRECT] 	at java.base/java.security.AccessController.doPrivileged(AccessController.java:400)
2025-05-15 12:05:51,890 [ERROR] LogOutputStream:75 - [STDERR_REDIRECT] 	at java.base/java.security.ProtectionDomain$JavaSecurityAccessImpl.doIntersectionPrivilege(ProtectionDomain.java:87)
2025-05-15 12:05:51,890 [ERROR] LogOutputStream:75 - [STDERR_REDIRECT] 	at java.base/java.security.ProtectionDomain$JavaSecurityAccessImpl.doIntersectionPrivilege(ProtectionDomain.java:98)
2025-05-15 12:05:51,890 [ERROR] LogOutputStream:75 - [STDERR_REDIRECT] 	at java.desktop/java.awt.EventQueue$5.run(EventQueue.java:747)
2025-05-15 12:05:51,891 [ERROR] LogOutputStream:75 - [STDERR_REDIRECT] 	at java.desktop/java.awt.EventQueue$5.run(EventQueue.java:745)
2025-05-15 12:05:51,891 [ERROR] LogOutputStream:75 - [STDERR_REDIRECT] 	at java.base/java.security.AccessController.doPrivileged(AccessController.java:400)
2025-05-15 12:05:51,891 [ERROR] LogOutputStream:75 - [STDERR_REDIRECT] 	at java.base/java.security.ProtectionDomain$JavaSecurityAccessImpl.doIntersectionPrivilege(ProtectionDomain.java:87)
2025-05-15 12:05:51,891 [ERROR] LogOutputStream:75 - [STDERR_REDIRECT] 	at java.desktop/java.awt.EventQueue.dispatchEvent(EventQueue.java:744)
2025-05-15 12:05:51,891 [ERROR] LogOutputStream:75 - [STDERR_REDIRECT] 	at java.desktop/java.awt.EventDispatchThread.pumpOneEventForFilters(EventDispatchThread.java:203)
2025-05-15 12:05:51,892 [ERROR] LogOutputStream:75 - [STDERR_REDIRECT] 	at java.desktop/java.awt.EventDispatchThread.pumpEventsForFilter(EventDispatchThread.java:124)
2025-05-15 12:05:51,892 [ERROR] LogOutputStream:75 - [STDERR_REDIRECT] 	at java.desktop/java.awt.EventDispatchThread.pumpEventsForHierarchy(EventDispatchThread.java:113)
2025-05-15 12:05:51,892 [ERROR] LogOutputStream:75 - [STDERR_REDIRECT] 	at java.desktop/java.awt.EventDispatchThread.pumpEvents(EventDispatchThread.java:109)
2025-05-15 12:05:51,892 [ERROR] LogOutputStream:75 - [STDERR_REDIRECT] 	at java.desktop/java.awt.EventDispatchThread.pumpEvents(EventDispatchThread.java:101)
2025-05-15 12:05:51,893 [ERROR] LogOutputStream:75 - [STDERR_REDIRECT] 	at java.desktop/java.awt.EventDispatchThread.run(EventDispatchThread.java:90)
2025-05-15 12:05:51,893 [ERROR] LogOutputStream:75 - [STDERR_REDIRECT] java.lang.Error: no ComponentUI class for: com.st.microxplorer.plugins.ip.nvic.CheckBoxHeader[,0,0,0x0,invalid,alignmentX=0.0,alignmentY=0.0,border=,flags=0,maximumSize=,minimumSize=,preferredSize=,defaultIcon=,disabledIcon=,disabledSelectedIcon=,margin=null,paintBorder=true,paintFocus=true,pressedIcon=,rolloverEnabled=false,rolloverIcon=,rolloverSelectedIcon=,selectedIcon=,text=]
2025-05-15 12:05:51,894 [ERROR] LogOutputStream:75 - [STDERR_REDIRECT] 	at java.desktop/javax.swing.UIDefaults.getUIError(UIDefaults.java:763)
2025-05-15 12:05:51,894 [ERROR] LogOutputStream:75 - [STDERR_REDIRECT] 	at java.desktop/javax.swing.MultiUIDefaults.getUIError(MultiUIDefaults.java:144)
2025-05-15 12:05:51,894 [ERROR] LogOutputStream:75 - [STDERR_REDIRECT] 	at java.desktop/javax.swing.UIDefaults.getUI(UIDefaults.java:793)
2025-05-15 12:05:51,894 [ERROR] LogOutputStream:75 - [STDERR_REDIRECT] 	at java.desktop/javax.swing.UIManager.getUI(UIManager.java:1070)
2025-05-15 12:05:51,894 [ERROR] LogOutputStream:75 - [STDERR_REDIRECT] 	at java.desktop/javax.swing.JCheckBox.updateUI(JCheckBox.java:228)
2025-05-15 12:05:51,894 [ERROR] LogOutputStream:75 - [STDERR_REDIRECT] 	at java.desktop/javax.swing.AbstractButton.init(AbstractButton.java:2141)
2025-05-15 12:05:51,895 [ERROR] LogOutputStream:75 - [STDERR_REDIRECT] 	at java.desktop/javax.swing.JToggleButton.<init>(JToggleButton.java:187)
2025-05-15 12:05:51,895 [ERROR] LogOutputStream:75 - [STDERR_REDIRECT] 	at java.desktop/javax.swing.JCheckBox.<init>(JCheckBox.java:176)
2025-05-15 12:05:51,895 [ERROR] LogOutputStream:75 - [STDERR_REDIRECT] 	at java.desktop/javax.swing.JCheckBox.<init>(JCheckBox.java:97)
2025-05-15 12:05:51,895 [ERROR] LogOutputStream:75 - [STDERR_REDIRECT] 	at com.st.microxplorer.plugins.ip.nvic.CheckBoxHeader.<init>(CheckBoxHeader.java:55)
2025-05-15 12:05:51,896 [ERROR] LogOutputStream:75 - [STDERR_REDIRECT] 	at com.st.microxplorer.plugins.ip.nvic.NvicCodeSelectionTable.<init>(NvicCodeSelectionTable.java:78)
2025-05-15 12:05:51,896 [ERROR] LogOutputStream:75 - [STDERR_REDIRECT] 	at com.st.microxplorer.plugins.ip.nvic.NvicCodePanel.initComponents(NvicCodePanel.java:102)
2025-05-15 12:05:51,896 [ERROR] LogOutputStream:75 - [STDERR_REDIRECT] 	at com.st.microxplorer.plugins.ip.nvic.NvicCodePanel.<init>(NvicCodePanel.java:78)
2025-05-15 12:05:51,896 [ERROR] LogOutputStream:75 - [STDERR_REDIRECT] 	at com.st.microxplorer.plugins.ip.nvic.NvicTabbedPanel.<init>(NvicTabbedPanel.java:57)
2025-05-15 12:05:51,896 [ERROR] LogOutputStream:75 - [STDERR_REDIRECT] 	at com.st.microxplorer.plugins.ip.nvic.Nvic.getUI(Nvic.java:73)
2025-05-15 12:05:51,896 [ERROR] LogOutputStream:75 - [STDERR_REDIRECT] 	at com.st.microxplorer.plugins.ipmanager.gui.BlockDiagram.createIpPanel(BlockDiagram.java:402)
2025-05-15 12:05:51,897 [ERROR] LogOutputStream:75 - [STDERR_REDIRECT] 	at com.st.microxplorer.plugins.ipmanager.gui.BlockDiagram.getIPConfigPanel(BlockDiagram.java:552)
2025-05-15 12:05:51,897 [ERROR] LogOutputStream:75 - [STDERR_REDIRECT] 	at com.st.microxplorer.plugins.ipmanager.gui.BlockDiagram.getIPConfigPanel(BlockDiagram.java:458)
2025-05-15 12:05:51,897 [ERROR] LogOutputStream:75 - [STDERR_REDIRECT] 	at com.st.microxplorer.plugins.ipmanager.gui.BlockDiagram.propertyChange(BlockDiagram.java:1389)
2025-05-15 12:05:51,898 [ERROR] LogOutputStream:75 - [STDERR_REDIRECT] 	at java.desktop/java.beans.PropertyChangeSupport.fire(PropertyChangeSupport.java:343)
2025-05-15 12:05:51,898 [ERROR] LogOutputStream:75 - [STDERR_REDIRECT] 	at java.desktop/java.beans.PropertyChangeSupport.firePropertyChange(PropertyChangeSupport.java:335)
2025-05-15 12:05:51,898 [ERROR] LogOutputStream:75 - [STDERR_REDIRECT] 	at java.desktop/java.beans.PropertyChangeSupport.firePropertyChange(PropertyChangeSupport.java:268)
2025-05-15 12:05:51,899 [ERROR] LogOutputStream:75 - [STDERR_REDIRECT] 	at com.st.microxplorer.util.MXPropertyChangeSupport.firePropertyChange(MXPropertyChangeSupport.java:54)
2025-05-15 12:05:51,899 [ERROR] LogOutputStream:75 - [STDERR_REDIRECT] 	at com.st.microxplorer.mxsystem.MxSystem.firePropertyChange(MxSystem.java:357)
2025-05-15 12:05:51,899 [ERROR] LogOutputStream:75 - [STDERR_REDIRECT] 	at com.st.microxplorer.plugins.pinoutconfig.guiV5.PeripheralsSelectionPanel.selectIP(PeripheralsSelectionPanel.java:409)
2025-05-15 12:05:51,899 [ERROR] LogOutputStream:75 - [STDERR_REDIRECT] 	at com.st.microxplorer.plugins.pinoutconfig.guiV5.PeripheralsListListener.mouseClicked(PeripheralsListListener.java:103)
2025-05-15 12:05:51,899 [ERROR] LogOutputStream:75 - [STDERR_REDIRECT] 	at java.desktop/java.awt.AWTEventMulticaster.mouseClicked(AWTEventMulticaster.java:278)
2025-05-15 12:05:51,900 [ERROR] LogOutputStream:75 - [STDERR_REDIRECT] 	at java.desktop/java.awt.Component.processMouseEvent(Component.java:6624)
2025-05-15 12:05:51,900 [ERROR] LogOutputStream:75 - [STDERR_REDIRECT] 	at java.desktop/javax.swing.JComponent.processMouseEvent(JComponent.java:3398)
2025-05-15 12:05:51,900 [ERROR] LogOutputStream:75 - [STDERR_REDIRECT] 	at java.desktop/java.awt.Component.processEvent(Component.java:6386)
2025-05-15 12:05:51,900 [ERROR] LogOutputStream:75 - [STDERR_REDIRECT] 	at java.desktop/java.awt.Container.processEvent(Container.java:2266)
2025-05-15 12:05:51,901 [ERROR] LogOutputStream:75 - [STDERR_REDIRECT] 	at java.desktop/java.awt.Component.dispatchEventImpl(Component.java:4996)
2025-05-15 12:05:51,901 [ERROR] LogOutputStream:75 - [STDERR_REDIRECT] 	at java.desktop/java.awt.Container.dispatchEventImpl(Container.java:2324)
2025-05-15 12:05:51,901 [ERROR] LogOutputStream:75 - [STDERR_REDIRECT] 	at java.desktop/java.awt.Component.dispatchEvent(Component.java:4828)
2025-05-15 12:05:51,901 [ERROR] LogOutputStream:75 - [STDERR_REDIRECT] 	at java.desktop/java.awt.LightweightDispatcher.retargetMouseEvent(Container.java:4948)
2025-05-15 12:05:51,901 [ERROR] LogOutputStream:75 - [STDERR_REDIRECT] 	at java.desktop/java.awt.LightweightDispatcher.processMouseEvent(Container.java:4584)
2025-05-15 12:05:51,901 [ERROR] LogOutputStream:75 - [STDERR_REDIRECT] 	at java.desktop/java.awt.LightweightDispatcher.dispatchEvent(Container.java:4516)
2025-05-15 12:05:51,902 [ERROR] LogOutputStream:75 - [STDERR_REDIRECT] 	at java.desktop/java.awt.Container.dispatchEventImpl(Container.java:2310)
2025-05-15 12:05:51,902 [ERROR] LogOutputStream:75 - [STDERR_REDIRECT] 	at java.desktop/java.awt.Component.dispatchEvent(Component.java:4828)
2025-05-15 12:05:51,902 [ERROR] LogOutputStream:75 - [STDERR_REDIRECT] 	at java.desktop/java.awt.EventQueue.dispatchEventImpl(EventQueue.java:775)
2025-05-15 12:05:51,902 [ERROR] LogOutputStream:75 - [STDERR_REDIRECT] 	at java.desktop/java.awt.EventQueue$4.run(EventQueue.java:720)
2025-05-15 12:05:51,902 [ERROR] LogOutputStream:75 - [STDERR_REDIRECT] 	at java.desktop/java.awt.EventQueue$4.run(EventQueue.java:714)
2025-05-15 12:05:51,903 [ERROR] LogOutputStream:75 - [STDERR_REDIRECT] 	at java.base/java.security.AccessController.doPrivileged(AccessController.java:400)
2025-05-15 12:05:51,903 [ERROR] LogOutputStream:75 - [STDERR_REDIRECT] 	at java.base/java.security.ProtectionDomain$JavaSecurityAccessImpl.doIntersectionPrivilege(ProtectionDomain.java:87)
2025-05-15 12:05:51,903 [ERROR] LogOutputStream:75 - [STDERR_REDIRECT] 	at java.base/java.security.ProtectionDomain$JavaSecurityAccessImpl.doIntersectionPrivilege(ProtectionDomain.java:98)
2025-05-15 12:05:51,903 [ERROR] LogOutputStream:75 - [STDERR_REDIRECT] 	at java.desktop/java.awt.EventQueue$5.run(EventQueue.java:747)
2025-05-15 12:05:51,903 [ERROR] LogOutputStream:75 - [STDERR_REDIRECT] 	at java.desktop/java.awt.EventQueue$5.run(EventQueue.java:745)
2025-05-15 12:05:51,903 [ERROR] LogOutputStream:75 - [STDERR_REDIRECT] 	at java.base/java.security.AccessController.doPrivileged(AccessController.java:400)
2025-05-15 12:05:51,904 [ERROR] LogOutputStream:75 - [STDERR_REDIRECT] 	at java.base/java.security.ProtectionDomain$JavaSecurityAccessImpl.doIntersectionPrivilege(ProtectionDomain.java:87)
2025-05-15 12:05:51,904 [ERROR] LogOutputStream:75 - [STDERR_REDIRECT] 	at java.desktop/java.awt.EventQueue.dispatchEvent(EventQueue.java:744)
2025-05-15 12:05:51,904 [ERROR] LogOutputStream:75 - [STDERR_REDIRECT] 	at java.desktop/java.awt.EventDispatchThread.pumpOneEventForFilters(EventDispatchThread.java:203)
2025-05-15 12:05:51,904 [ERROR] LogOutputStream:75 - [STDERR_REDIRECT] 	at java.desktop/java.awt.EventDispatchThread.pumpEventsForFilter(EventDispatchThread.java:124)
2025-05-15 12:05:51,904 [ERROR] LogOutputStream:75 - [STDERR_REDIRECT] 	at java.desktop/java.awt.EventDispatchThread.pumpEventsForHierarchy(EventDispatchThread.java:113)
2025-05-15 12:05:51,904 [ERROR] LogOutputStream:75 - [STDERR_REDIRECT] 	at java.desktop/java.awt.EventDispatchThread.pumpEvents(EventDispatchThread.java:109)
2025-05-15 12:05:51,905 [ERROR] LogOutputStream:75 - [STDERR_REDIRECT] 	at java.desktop/java.awt.EventDispatchThread.pumpEvents(EventDispatchThread.java:101)
2025-05-15 12:05:51,905 [ERROR] LogOutputStream:75 - [STDERR_REDIRECT] 	at java.desktop/java.awt.EventDispatchThread.run(EventDispatchThread.java:90)
2025-05-15 12:06:31,652 [INFO] UtilMem:75 - End SaveConfig() Used Memory: 462762048 Bytes (916455424)
2025-05-15 12:06:31,789 [INFO] UtilMem:75 - End SaveConfig() Used Memory: 483733568 Bytes (916455424)
2025-05-15 12:06:32,033 [INFO] UtilMem:75 - End SaveConfig() Used Memory: 511506376 Bytes (916455424)
2025-05-15 12:06:32,458 [INFO] BlockDiagram:2775 - set Specific Code input for plugin: SPI
2025-05-15 12:06:32,459 [INFO] BlockDiagram:2775 - set Specific Code input for plugin: TIM1_8
2025-05-15 12:06:32,459 [INFO] BlockDiagram:2775 - set Specific Code input for plugin: I2S
2025-05-15 12:06:32,459 [INFO] BlockDiagram:2775 - set Specific Code input for plugin: SYS
2025-05-15 12:06:32,459 [INFO] BlockDiagram:2775 - set Specific Code input for plugin: ADC
2025-05-15 12:06:32,459 [INFO] BlockDiagram:2775 - set Specific Code input for plugin: RCC
2025-05-15 12:06:32,459 [INFO] BlockDiagram:2775 - set Specific Code input for plugin: I2C
2025-05-15 12:06:32,459 [INFO] BlockDiagram:2775 - set Specific Code input for plugin: USB_OTG_FS
2025-05-15 12:06:32,459 [INFO] BlockDiagram:2775 - set Specific Code input for plugin: NVIC
2025-05-15 12:06:32,459 [INFO] BlockDiagram:2775 - set Specific Code input for plugin: USB_HOST
2025-05-15 12:06:32,460 [INFO] BlockDiagram:2775 - set Specific Code input for plugin: GPIO
2025-05-15 12:06:32,461 [INFO] CodeGenerator:882 - code generatio: config db path: /Applications/STM32CubeIDE.app/Contents/Eclipse/plugins/com.st.stm32cube.common.mx_6.14.1.202504091515//db/
2025-05-15 12:06:32,482 [WARN] IP:2250 - I2C_Coeff_DF not found: check if there is a RefParameter without a condition.
2025-05-15 12:06:32,483 [WARN] IP:2250 - Analog_Filter not found: check if there is a RefParameter without a condition.
2025-05-15 12:06:32,668 [INFO] CodeEngine:263 - oldGeneratedFile, /Users/winstonhar/ENCE-3231/Phase A/Projects/2025_STM32F407_ADC_Challenge/MXTmpFiles/license.tmp_save
2025-05-15 12:06:33,074 [INFO] CodeEngine:287 - Generated code: /Users/winstonhar/ENCE-3231/Phase A/Projects/2025_STM32F407_ADC_Challenge/MXTmpFiles/license.tmp
2025-05-15 12:06:33,158 [INFO] CodeEngine:263 - oldGeneratedFile, /Users/winstonhar/ENCE-3231/Phase A/Projects/2025_STM32F407_ADC_Challenge/MXTmpFiles/gpio.tmp_save
2025-05-15 12:06:33,324 [INFO] CodeEngine:287 - Generated code: /Users/winstonhar/ENCE-3231/Phase A/Projects/2025_STM32F407_ADC_Challenge/MXTmpFiles/gpio.tmp
2025-05-15 12:06:33,433 [WARN] IPConfigManager:3217 - Warning: the RefConfig PWREx_EnableUSBVoltageDetector is not available in your config.xml file
2025-05-15 12:06:33,439 [INFO] CodeEngine:263 - oldGeneratedFile, /Users/winstonhar/ENCE-3231/Phase A/Projects/2025_STM32F407_ADC_Challenge/MXTmpFiles/usb_otg_fs_vars.tmp_save
2025-05-15 12:06:33,578 [INFO] CodeEngine:287 - Generated code: /Users/winstonhar/ENCE-3231/Phase A/Projects/2025_STM32F407_ADC_Challenge/MXTmpFiles/usb_otg_fs_vars.tmp
2025-05-15 12:06:33,580 [INFO] CodeEngine:263 - oldGeneratedFile, /Users/winstonhar/ENCE-3231/Phase A/Projects/2025_STM32F407_ADC_Challenge/MXTmpFiles/usb_otg_fs_inc.tmp_save
2025-05-15 12:06:33,668 [INFO] CodeEngine:287 - Generated code: /Users/winstonhar/ENCE-3231/Phase A/Projects/2025_STM32F407_ADC_Challenge/MXTmpFiles/usb_otg_fs_inc.tmp
2025-05-15 12:06:33,671 [INFO] CodeEngine:263 - oldGeneratedFile, /Users/winstonhar/ENCE-3231/Phase A/Projects/2025_STM32F407_ADC_Challenge/MXTmpFiles/usb_otg_fs_HalInit.tmp_save
2025-05-15 12:06:33,768 [INFO] CodeEngine:287 - Generated code: /Users/winstonhar/ENCE-3231/Phase A/Projects/2025_STM32F407_ADC_Challenge/MXTmpFiles/usb_otg_fs_HalInit.tmp
2025-05-15 12:06:33,771 [INFO] CodeEngine:263 - oldGeneratedFile, /Users/winstonhar/ENCE-3231/Phase A/Projects/2025_STM32F407_ADC_Challenge/MXTmpFiles/usb_otg_fs_Msp.tmp_save
2025-05-15 12:06:33,871 [INFO] CodeEngine:287 - Generated code: /Users/winstonhar/ENCE-3231/Phase A/Projects/2025_STM32F407_ADC_Challenge/MXTmpFiles/usb_otg_fs_Msp.tmp
2025-05-15 12:06:34,285 [INFO] CodeEngine:263 - oldGeneratedFile, /Users/winstonhar/ENCE-3231/Phase A/Projects/2025_STM32F407_ADC_Challenge/USB_HOST/App/usb_host.c_save
2025-05-15 12:06:34,372 [INFO] CodeEngine:287 - Generated code: /Users/winstonhar/ENCE-3231/Phase A/Projects/2025_STM32F407_ADC_Challenge/USB_HOST/App/usb_host.c
2025-05-15 12:06:34,376 [INFO] CodeEngine:263 - oldGeneratedFile, /Users/winstonhar/ENCE-3231/Phase A/Projects/2025_STM32F407_ADC_Challenge/USB_HOST/App/usb_host.h_save
2025-05-15 12:06:34,450 [INFO] CodeEngine:287 - Generated code: /Users/winstonhar/ENCE-3231/Phase A/Projects/2025_STM32F407_ADC_Challenge/USB_HOST/App/usb_host.h
2025-05-15 12:06:34,453 [INFO] CodeEngine:263 - oldGeneratedFile, /Users/winstonhar/ENCE-3231/Phase A/Projects/2025_STM32F407_ADC_Challenge/USB_HOST/Target/usbh_conf.h_save
2025-05-15 12:06:34,548 [INFO] CodeEngine:287 - Generated code: /Users/winstonhar/ENCE-3231/Phase A/Projects/2025_STM32F407_ADC_Challenge/USB_HOST/Target/usbh_conf.h
2025-05-15 12:06:34,552 [INFO] CodeEngine:263 - oldGeneratedFile, /Users/winstonhar/ENCE-3231/Phase A/Projects/2025_STM32F407_ADC_Challenge/USB_HOST/Target/usbh_conf.c_save
2025-05-15 12:06:34,642 [INFO] CodeEngine:287 - Generated code: /Users/winstonhar/ENCE-3231/Phase A/Projects/2025_STM32F407_ADC_Challenge/USB_HOST/Target/usbh_conf.c
2025-05-15 12:06:34,647 [INFO] CodeEngine:263 - oldGeneratedFile, /Users/winstonhar/ENCE-3231/Phase A/Projects/2025_STM32F407_ADC_Challenge/USB_HOST/Target/usbh_platform.c_save
2025-05-15 12:06:34,724 [INFO] CodeEngine:287 - Generated code: /Users/winstonhar/ENCE-3231/Phase A/Projects/2025_STM32F407_ADC_Challenge/USB_HOST/Target/usbh_platform.c
2025-05-15 12:06:34,727 [INFO] CodeEngine:263 - oldGeneratedFile, /Users/winstonhar/ENCE-3231/Phase A/Projects/2025_STM32F407_ADC_Challenge/USB_HOST/Target/usbh_platform.h_save
2025-05-15 12:06:34,803 [INFO] CodeEngine:287 - Generated code: /Users/winstonhar/ENCE-3231/Phase A/Projects/2025_STM32F407_ADC_Challenge/USB_HOST/Target/usbh_platform.h
2025-05-15 12:06:34,815 [INFO] CodeEngine:263 - oldGeneratedFile, /Users/winstonhar/ENCE-3231/Phase A/Projects/2025_STM32F407_ADC_Challenge/Core/Src/stm32f4xx_it.c_save
2025-05-15 12:06:34,937 [INFO] CodeEngine:287 - Generated code: /Users/winstonhar/ENCE-3231/Phase A/Projects/2025_STM32F407_ADC_Challenge/Core/Src/stm32f4xx_it.c
2025-05-15 12:06:34,942 [INFO] CodeEngine:263 - oldGeneratedFile, /Users/winstonhar/ENCE-3231/Phase A/Projects/2025_STM32F407_ADC_Challenge/Core/Inc/stm32f4xx_it.h_save
2025-05-15 12:06:35,024 [INFO] CodeEngine:287 - Generated code: /Users/winstonhar/ENCE-3231/Phase A/Projects/2025_STM32F407_ADC_Challenge/Core/Inc/stm32f4xx_it.h
2025-05-15 12:06:35,041 [INFO] CodeEngine:263 - oldGeneratedFile, /Users/winstonhar/ENCE-3231/Phase A/Projects/2025_STM32F407_ADC_Challenge/Core/Src/stm32f4xx_hal_msp.c_save
2025-05-15 12:06:35,198 [INFO] CodeEngine:287 - Generated code: /Users/winstonhar/ENCE-3231/Phase A/Projects/2025_STM32F407_ADC_Challenge/Core/Src/stm32f4xx_hal_msp.c
2025-05-15 12:06:35,202 [INFO] CodeEngine:263 - oldGeneratedFile, /Users/winstonhar/ENCE-3231/Phase A/Projects/2025_STM32F407_ADC_Challenge/MXTmpFiles/system.tmp_save
2025-05-15 12:06:35,272 [INFO] CodeEngine:287 - Generated code: /Users/winstonhar/ENCE-3231/Phase A/Projects/2025_STM32F407_ADC_Challenge/MXTmpFiles/system.tmp
2025-05-15 12:06:35,280 [INFO] CodeEngine:319 - oldGeneratedFile, /Users/winstonhar/ENCE-3231/Phase A/Projects/2025_STM32F407_ADC_Challenge/Core/Inc/stm32f4xx_hal_conf.h_save
2025-05-15 12:06:35,362 [INFO] CodeEngine:343 - Generated code: /Users/winstonhar/ENCE-3231/Phase A/Projects/2025_STM32F407_ADC_Challenge/Core/Inc/stm32f4xx_hal_conf.h
2025-05-15 12:06:35,398 [INFO] ApiDbMcu:508 - Load IP Config File for ADC1
2025-05-15 12:06:35,402 [INFO] ApiDbMcu:508 - Load IP Config File for I2C1
2025-05-15 12:06:35,404 [INFO] ApiDbMcu:508 - Load IP Config File for I2S3
2025-05-15 12:06:35,407 [INFO] ApiDbMcu:508 - Load IP Config File for SPI1
2025-05-15 12:06:35,421 [INFO] ApiDbMcu:508 - Load IP Config File for TIM2
2025-05-15 12:06:35,426 [INFO] ApiDbMcu:508 - Load IP Config File for RCC
2025-05-15 12:06:35,430 [WARN] IPConfigManager:3790 - IP not found : TIM
2025-05-15 12:06:35,431 [WARN] CodeGenerator:4198 - IP not found : null
2025-05-15 12:06:35,437 [INFO] CodeEngine:263 - oldGeneratedFile, /Users/winstonhar/ENCE-3231/Phase A/Projects/2025_STM32F407_ADC_Challenge/Core/Inc/main.h_save
2025-05-15 12:06:35,537 [INFO] CodeEngine:287 - Generated code: /Users/winstonhar/ENCE-3231/Phase A/Projects/2025_STM32F407_ADC_Challenge/Core/Inc/main.h
2025-05-15 12:06:35,542 [INFO] CodeEngine:263 - oldGeneratedFile, /Users/winstonhar/ENCE-3231/Phase A/Projects/2025_STM32F407_ADC_Challenge/Core/Src/main.c_save
2025-05-15 12:06:35,728 [INFO] CodeEngine:287 - Generated code: /Users/winstonhar/ENCE-3231/Phase A/Projects/2025_STM32F407_ADC_Challenge/Core/Src/main.c
2025-05-15 12:06:36,430 [INFO] ProjectBuilder:3324 - Time for Copy HAL[1] : 310mS.
2025-05-15 12:06:36,446 [INFO] ProjectBuilder:4912 - Project Generator version: 4.6.0.1-B1
2025-05-15 12:06:36,628 [INFO] ConfigFileManager:1590 - The Die is : DIE413
2025-05-15 12:06:36,634 [INFO] ApiDbMcu:508 - Load IP Config File for FATFS
2025-05-15 12:06:36,642 [INFO] ApiDbMcu:508 - Load IP Config File for FREERTOS
2025-05-15 12:06:36,646 [INFO] ApiDbMcu:508 - Load IP Config File for LIBJPEG
2025-05-15 12:06:36,655 [INFO] ApiDbMcu:508 - Load IP Config File for LWIP
2025-05-15 12:06:36,664 [INFO] ApiDbMcu:508 - Load IP Config File for MBEDTLS
2025-05-15 12:06:36,673 [INFO] ApiDbMcu:508 - Load IP Config File for USB_DEVICE
2025-05-15 12:06:37,144 [INFO] LogOutputStream:77 - [STDOUT_REDIRECT] 
2025-05-15 12:06:38,168 [INFO] ProjectBuilder:5191 - Time for Generating toolchain IDE Files: 1722mS.
2025-05-15 12:06:38,168 [INFO] ProjectBuilder:3181 - Time for Copy CMSIS : 0mS.
2025-05-15 12:06:38,170 [INFO] ProjectBuilder:3181 - Time for Copy CMSIS : 0mS.
2025-05-15 12:06:46,030 [INFO] MainUpdater:2872 - connection check result : 10
2025-05-15 12:06:46,265 [INFO] McuFinderGlobals:76 - Set McuFinderConnectedMode to true
2025-05-15 12:06:46,273 [INFO] MultiScanPanel:200 - Auto-refresh data requested => check proxy status ongoing
2025-05-15 12:06:46,276 [INFO] FinderPluginLoader:95 - Searching for filters in installed packs
2025-05-15 12:06:47,539 [INFO] LoadUrlFilesThread:185 - End of LoadServerUrlFiles without Thread
2025-05-15 12:06:47,552 [INFO] DetailPanel:341 - Set advertising image to /Users/winstonhar/STM32Cube/Repository//en.summit-h1-25-promotion.jpg
2025-05-15 12:07:13,822 [INFO] MainUpdater:2872 - connection check result : 10
2025-05-15 12:07:13,822 [INFO] MainUpdater:2872 - connection check result : 10
2025-05-15 12:07:13,945 [INFO] I2sManager:658 - 9.6E7
2025-05-15 12:07:13,945 [INFO] I2sManager:195 - I2S Clock Value : 9.6E7
2025-05-15 12:07:13,946 [INFO] I2sManager:553 - AudioClock : 93750Divider : 2Odd : 0
2025-05-15 12:07:13,948 [INFO] MicroXplorer:468 - Change Database Path : 
2025-05-15 12:07:13,948 [INFO] MicroXplorer:498 - Change Database Version : DB.6.0.141
2025-05-15 12:07:13,959 [ERROR] ProjectManagerView:395 - 
java.lang.NullPointerException: Cannot invoke "javax.swing.JTextField.getText()" because the return value of "java.util.List.get(int)" is null
	at com.st.microxplorer.plugins.projectmanager.gui.ProjectChoiceTab$9.caretUpdate(ProjectChoiceTab.java:2678) ~[filemanager.jar:?]
	at javax.swing.text.JTextComponent.fireCaretUpdate(JTextComponent.java:408) ~[?:?]
	at javax.swing.text.JTextComponent$MutableCaretEvent.fire(JTextComponent.java:4484) ~[?:?]
	at javax.swing.text.JTextComponent$MutableCaretEvent.stateChanged(JTextComponent.java:4506) ~[?:?]
	at javax.swing.text.DefaultCaret.fireStateChanged(DefaultCaret.java:857) ~[?:?]
	at javax.swing.text.DefaultCaret.changeCaretPosition(DefaultCaret.java:1343) ~[?:?]
	at javax.swing.text.DefaultCaret.handleSetDot(DefaultCaret.java:1242) ~[?:?]
	at javax.swing.text.DefaultCaret.setDot(DefaultCaret.java:1223) ~[?:?]
	at javax.swing.text.DefaultCaret$Handler.insertUpdate(DefaultCaret.java:1819) ~[?:?]
	at javax.swing.text.AbstractDocument.fireInsertUpdate(AbstractDocument.java:227) ~[?:?]
	at javax.swing.text.AbstractDocument.handleInsertString(AbstractDocument.java:781) ~[?:?]
	at javax.swing.text.AbstractDocument.insertString(AbstractDocument.java:740) ~[?:?]
	at javax.swing.text.PlainDocument.insertString(PlainDocument.java:131) ~[?:?]
	at javax.swing.text.AbstractDocument.replace(AbstractDocument.java:699) ~[?:?]
	at javax.swing.text.JTextComponent.setText(JTextComponent.java:1725) ~[?:?]
	at com.st.microxplorer.plugins.projectmanager.gui.ProjectChoiceTab.createHeapStackFields(ProjectChoiceTab.java:979) ~[filemanager.jar:?]
	at com.st.microxplorer.plugins.projectmanager.gui.ProjectChoiceTab.buildLinkSettingsPanel(ProjectChoiceTab.java:3766) ~[filemanager.jar:?]
	at com.st.microxplorer.plugins.projectmanager.gui.ProjectChoiceTab.defineWindowsFields(ProjectChoiceTab.java:1962) ~[filemanager.jar:?]
	at com.st.microxplorer.plugins.projectmanager.gui.ProjectChoiceTab.updateSettings(ProjectChoiceTab.java:555) ~[filemanager.jar:?]
	at com.st.microxplorer.plugins.projectmanager.gui.ProjectSettingsPanel.UpdateDialog(ProjectSettingsPanel.java:245) ~[filemanager.jar:?]
	at com.st.microxplorer.plugins.projectmanager.ProjectManagerView.propertyChange(ProjectManagerView.java:392) ~[filemanager.jar:?]
	at java.beans.PropertyChangeSupport.fire(PropertyChangeSupport.java:343) ~[?:?]
	at java.beans.PropertyChangeSupport.firePropertyChange(PropertyChangeSupport.java:335) ~[?:?]
	at java.beans.PropertyChangeSupport.firePropertyChange(PropertyChangeSupport.java:268) ~[?:?]
	at com.st.microxplorer.util.MXPropertyChangeSupport.firePropertyChange(MXPropertyChangeSupport.java:54) ~[STM32CubeMX.jar:?]
	at com.st.microxplorer.mxsystem.MxSystem.closeConfig(MxSystem.java:899) ~[STM32CubeMX.jar:?]
	at com.st.microxplorer.maingui.MainPanel.closeConfig(MainPanel.java:789) ~[STM32CubeMX.jar:?]
	at com.st.microxplorer.plugins.filemanager.engine.OpenFileManager.loadConfigurationFile(OpenFileManager.java:287) ~[filemanager.jar:?]
	at com.st.microxplorer.plugins.filemanager.engine.MainFileManager.userLoadConfig(MainFileManager.java:341) ~[filemanager.jar:?]
	at com.st.microxplorer.plugins.filemanager.engine.MainFileManager.userLoadConfig(MainFileManager.java:319) ~[filemanager.jar:?]
	at com.st.microxplorer.plugins.filemanager.FileManagerView.getSpecificTask(FileManagerView.java:246) ~[filemanager.jar:?]
	at com.st.stm32cube.common.mx.editor.CubeMxEditor.getMxTabbedPaneInstance(CubeMxEditor.java:1198) ~[com.st.stm32cube.common.mx_6.14.1.202504091515/:?]
	at com.st.stm32cube.common.mx.editor.CubeMxEditor$12$1.createSwingComponent(CubeMxEditor.java:1068) ~[com.st.stm32cube.common.mx_6.14.1.202504091515/:?]
	at com.st.stm32cube.common.mx.oss.core.awtswtbridge.EmbeddedSwingComposite.doComponentCreation(EmbeddedSwingComposite.java:492) ~[com.st.stm32cube.common.mx.oss_6.14.1.202504091515/:?]
	at com.st.stm32cube.common.mx.oss.core.awtswtbridge.EmbeddedSwingComposite$4.run(EmbeddedSwingComposite.java:291) ~[com.st.stm32cube.common.mx.oss_6.14.1.202504091515/:?]
	at com.st.stm32cube.common.mx.oss.core.awtswtbridge.AwtEnvironment$2.run(AwtEnvironment.java:166) ~[com.st.stm32cube.common.mx.oss_6.14.1.202504091515/:?]
	at java.awt.event.InvocationEvent.dispatch(InvocationEvent.java:318) ~[?:?]
	at java.awt.EventQueue.dispatchEventImpl(EventQueue.java:773) ~[?:?]
	at java.awt.EventQueue$4.run(EventQueue.java:720) ~[?:?]
	at java.awt.EventQueue$4.run(EventQueue.java:714) ~[?:?]
	at java.security.AccessController.doPrivileged(AccessController.java:400) ~[?:?]
	at java.security.ProtectionDomain$JavaSecurityAccessImpl.doIntersectionPrivilege(ProtectionDomain.java:87) ~[?:?]
	at java.awt.EventQueue.dispatchEvent(EventQueue.java:742) ~[?:?]
	at java.awt.EventDispatchThread.pumpOneEventForFilters(EventDispatchThread.java:203) ~[?:?]
	at java.awt.EventDispatchThread.pumpEventsForFilter(EventDispatchThread.java:124) ~[?:?]
	at java.awt.EventDispatchThread.pumpEventsForHierarchy(EventDispatchThread.java:113) ~[?:?]
	at java.awt.EventDispatchThread.pumpEvents(EventDispatchThread.java:109) ~[?:?]
	at java.awt.EventDispatchThread.pumpEvents(EventDispatchThread.java:101) ~[?:?]
	at java.awt.EventDispatchThread.run(EventDispatchThread.java:90) ~[?:?]
2025-05-15 12:07:13,965 [WARN] ThirdParty:871 - waiting for thirdparty lock release [close project]
2025-05-15 12:07:13,965 [INFO] ThirdParty:873 - entering critical section [close project]
2025-05-15 12:07:13,965 [INFO] ThirdParty:883 - exiting critical section [close project]
2025-05-15 12:07:13,967 [INFO] PinOutPanel:1589 - setPackage(No Configuration,No Configuration)
2025-05-15 12:07:13,975 [WARN] IpParametersView:155 - Warning: This peripheral hasn't parameters
2025-05-15 12:07:13,978 [WARN] MainPanel:289 - <html><b><center>Warning: This peripheral has no parameters to be configured<br></b></html>
2025-05-15 12:07:13,981 [INFO] UtilMem:75 - Begin LoadConfig() Used Memory: 367377448 Bytes (916455424)
2025-05-15 12:07:16,302 [INFO] MicroXplorer:468 - Change Database Path : 
2025-05-15 12:07:16,302 [INFO] MicroXplorer:498 - Change Database Version : DB.6.0.141
2025-05-15 12:07:16,302 [INFO] OpenFileManager:354 - Change cursor
2025-05-15 12:07:16,320 [INFO] RulesReader:64 - Compatibility file has been processed (302 Rules)
2025-05-15 12:07:16,324 [INFO] Mcu:2011 - Initializing MCU STM32F407V(E-G)Tx STM32F407VGTx STM32F407VGT6
2025-05-15 12:07:17,184 [INFO] Context:756 - Trying to add GPIOservice into a context  which must be forbidden
2025-05-15 12:07:17,582 [INFO] Rule:225 - rule Adapt Old IOC CSI. is applicable
2025-05-15 12:07:17,582 [INFO] DbConfProperties:307 - Apply Compatibility (0/1 Rules)
2025-05-15 12:07:17,597 [INFO] ImportTextPane:218 - (OptionalMessage_ERROR) Pin35 (VP_RIF_VS_RIF1) cannot be retrieved for this MCU
2025-05-15 12:07:17,717 [INFO] RtosManager:558 - Registered RTOS mode: class=CMSIS, group=RTOS, mode=CMSIS_V1, owner=FREERTOS
2025-05-15 12:07:17,717 [INFO] RtosManager:558 - Registered RTOS mode: class=CMSIS, group=RTOS2, mode=CMSIS_V2, owner=FREERTOS
2025-05-15 12:07:17,717 [INFO] RtosManager:558 - Registered RTOS mode: class=RTOS, group=Core, mode=CMSIS_V1, owner=FREERTOS
2025-05-15 12:07:17,717 [INFO] RtosManager:558 - Registered RTOS mode: class=RTOS, group=Core, mode=CMSIS_V2, owner=FREERTOS
2025-05-15 12:07:17,718 [WARN] ModelIntegratedComponent:184 - Missing modes for component STMicroelectronics:FreeRTOS:0.0.1:STMicroelectronics:RTOS:FreeRTOS:Core:::10.2.0:
2025-05-15 12:07:17,725 [WARN] ModelIntegratedComponent:63 - No mode defined for component null
2025-05-15 12:07:17,725 [WARN] ModelIntegratedComponent:63 - No mode defined for component null
2025-05-15 12:07:17,725 [WARN] ModelIntegratedComponent:63 - No mode defined for component null
2025-05-15 12:07:17,725 [WARN] ModelIntegratedComponent:63 - No mode defined for component null
2025-05-15 12:07:17,725 [WARN] ModelIntegratedComponent:63 - No mode defined for component null
2025-05-15 12:07:17,725 [WARN] ModelIntegratedComponent:63 - No mode defined for component null
2025-05-15 12:07:17,725 [WARN] ModelIntegratedComponent:63 - No mode defined for component null
2025-05-15 12:07:17,725 [WARN] ModelIntegratedComponent:63 - No mode defined for component null
2025-05-15 12:07:17,725 [WARN] ModelIntegratedComponent:63 - No mode defined for component null
2025-05-15 12:07:17,725 [WARN] ModelIntegratedComponent:63 - No mode defined for component null
2025-05-15 12:07:17,725 [WARN] ModelIntegratedComponent:63 - No mode defined for component null
2025-05-15 12:07:17,725 [WARN] ModelIntegratedComponent:63 - No mode defined for component null
2025-05-15 12:07:17,725 [WARN] ModelIntegratedComponent:63 - No mode defined for component null
2025-05-15 12:07:17,725 [WARN] ModelIntegratedComponent:63 - No mode defined for component null
2025-05-15 12:07:17,725 [WARN] ModelIntegratedComponent:63 - No mode defined for component null
2025-05-15 12:07:17,725 [WARN] ModelIntegratedComponent:63 - No mode defined for component null
2025-05-15 12:07:17,725 [WARN] ModelIntegratedComponent:63 - No mode defined for component null
2025-05-15 12:07:17,725 [WARN] ModelIntegratedComponent:63 - No mode defined for component null
2025-05-15 12:07:17,725 [WARN] ModelIntegratedComponent:63 - No mode defined for component null
2025-05-15 12:07:17,726 [WARN] ModelIntegratedComponent:63 - No mode defined for component null
2025-05-15 12:07:17,726 [WARN] ModelIntegratedComponent:63 - No mode defined for component null
2025-05-15 12:07:17,726 [WARN] ModelIntegratedComponent:63 - No mode defined for component null
2025-05-15 12:07:17,726 [WARN] ModelIntegratedComponent:63 - No mode defined for component null
2025-05-15 12:07:17,726 [WARN] ModelIntegratedComponent:63 - No mode defined for component null
2025-05-15 12:07:17,726 [WARN] ModelIntegratedComponent:63 - No mode defined for component null
2025-05-15 12:07:17,726 [WARN] ModelIntegratedComponent:63 - No mode defined for component null
2025-05-15 12:07:17,726 [WARN] ModelIntegratedComponent:63 - No mode defined for component null
2025-05-15 12:07:17,726 [WARN] ModelIntegratedComponent:63 - No mode defined for component null
2025-05-15 12:07:17,726 [WARN] ModelIntegratedComponent:63 - No mode defined for component null
2025-05-15 12:07:17,726 [WARN] ModelIntegratedComponent:63 - No mode defined for component null
2025-05-15 12:07:17,726 [WARN] ModelIntegratedComponent:63 - No mode defined for component null
2025-05-15 12:07:17,726 [WARN] ModelIntegratedComponent:63 - No mode defined for component null
2025-05-15 12:07:17,726 [WARN] ModelIntegratedComponent:63 - No mode defined for component null
2025-05-15 12:07:17,726 [WARN] ModelIntegratedComponent:63 - No mode defined for component null
2025-05-15 12:07:17,726 [WARN] ModelIntegratedComponent:63 - No mode defined for component null
2025-05-15 12:07:17,726 [WARN] ModelPack:524 - Component already loaded: STMicroelectronics:HAL Drivers:0.0.0:STMicroelectronics:Device:STMicro_Driver:XSPI:HAL::0.0.1:HAL_XSPI
2025-05-15 12:07:17,863 [INFO] ThirdPartyModel:298 - Start build external matchings
2025-05-15 12:07:18,770 [INFO] ThirdPartyModel:316 - End build external matchings
2025-05-15 12:07:18,785 [INFO] ImportTextPane:218 - (OptionalMessage_ERROR) IP (RCC) : Parameter (RTCHSEDivFreq_Value) has invalid value (4000000)
2025-05-15 12:07:18,927 [INFO] UtilMem:75 - End LoadConfig() Used Memory: 513662928 Bytes (916455424)
2025-05-15 12:07:18,969 [WARN] ThirdParty:833 - waiting for thirdparty lock release [change project]
2025-05-15 12:07:18,970 [INFO] ThirdParty:835 - entering critical section [change project]
2025-05-15 12:07:18,970 [INFO] ThirdParty:1030 - CMSIS Pack Vendor :STMicroelectronics USBPD 4.1
2025-05-15 12:07:18,970 [INFO] ThirdParty:1030 - CMSIS Pack Vendor :STMicroelectronics X-CUBE-AZRTOS-H7 3.3.0
2025-05-15 12:07:18,970 [INFO] ThirdParty:1030 - CMSIS Pack Vendor :STMicroelectronics X-CUBE-NFC9 1.0.0
2025-05-15 12:07:18,970 [INFO] ThirdParty:1030 - CMSIS Pack Vendor :STMicroelectronics USB_HOST 2.0.0
2025-05-15 12:07:18,970 [INFO] ThirdParty:1030 - CMSIS Pack Vendor :STMicroelectronics FP-SNS-MOTENVWB1 1.4.0
2025-05-15 12:07:18,970 [INFO] ThirdParty:1030 - CMSIS Pack Vendor :STMicroelectronics X-CUBE-AZRTOS-F4 1.1.0
2025-05-15 12:07:18,970 [INFO] ThirdParty:1030 - CMSIS Pack Vendor :STMicroelectronics LIBJPEG 8.0.0
2025-05-15 12:07:18,970 [INFO] ThirdParty:1030 - CMSIS Pack Vendor :STMicroelectronics FP-ATR-ASTRA1 2.0.2
2025-05-15 12:07:18,970 [INFO] ThirdParty:1030 - CMSIS Pack Vendor :STMicroelectronics X-CUBE-BLE1 7.1.0
2025-05-15 12:07:18,970 [INFO] ThirdParty:1030 - CMSIS Pack Vendor :Avnet-IotConnect X-CUBE-IoTC-DA16k-PMOD 1.0.0
2025-05-15 12:07:18,970 [INFO] ThirdParty:1030 - CMSIS Pack Vendor :STMicroelectronics X-CUBE-SMBUS 2.1.0
2025-05-15 12:07:18,970 [INFO] ThirdParty:1030 - CMSIS Pack Vendor :STMicroelectronics X-CUBE-WB05N 1.1.0
2025-05-15 12:07:18,970 [INFO] ThirdParty:1030 - CMSIS Pack Vendor :wolfSSL I-CUBE-wolfMQTT 1.19.2
2025-05-15 12:07:18,970 [INFO] ThirdParty:1030 - CMSIS Pack Vendor :STMicroelectronics USB_DEVICE 3.0.0
2025-05-15 12:07:18,970 [INFO] ThirdParty:1030 - CMSIS Pack Vendor :STMicroelectronics X-CUBE-ISPU 2.1.0
2025-05-15 12:07:18,970 [INFO] ThirdParty:1030 - CMSIS Pack Vendor :STMicroelectronics X-CUBE-AZRTOS-WB 2.0.0
2025-05-15 12:07:18,970 [INFO] ThirdParty:1030 - CMSIS Pack Vendor :STMicroelectronics X-CUBE-GNSS1 7.0.1
2025-05-15 12:07:18,970 [INFO] ThirdParty:1030 - CMSIS Pack Vendor :STMicroelectronics X-CUBE-AZRTOS-F7 1.1.0
2025-05-15 12:07:18,970 [INFO] ThirdParty:1030 - CMSIS Pack Vendor :STMicroelectronics X-CUBE-AZRTOS-L5 2.0.0
2025-05-15 12:07:18,971 [INFO] ThirdParty:1030 - CMSIS Pack Vendor :STMicroelectronics X-CUBE-TOUCHGFX 4.25.0
2025-05-15 12:07:18,971 [INFO] ThirdParty:1030 - CMSIS Pack Vendor :STMicroelectronics USB_DEVICE 2.0.0
2025-05-15 12:07:18,971 [INFO] ThirdParty:1030 - CMSIS Pack Vendor :STMicroelectronics X-CUBE-NFC6 3.1.0
2025-05-15 12:07:18,971 [INFO] ThirdParty:1030 - CMSIS Pack Vendor :STMicroelectronics FP-SNS-STBOX1 2.0.0
2025-05-15 12:07:18,971 [INFO] ThirdParty:1030 - CMSIS Pack Vendor :STMicroelectronics X-CUBE-MEMS1 11.2.0
2025-05-15 12:07:18,971 [INFO] ThirdParty:1030 - CMSIS Pack Vendor :STMicroelectronics FreeRTOS 0.0.1
2025-05-15 12:07:18,971 [INFO] ThirdParty:1030 - CMSIS Pack Vendor :STMicroelectronics X-CUBE-AZRTOS-G0 1.1.0
2025-05-15 12:07:18,971 [INFO] ThirdParty:1030 - CMSIS Pack Vendor :STMicroelectronics X-CUBE-SAFEA1 1.2.2
2025-05-15 12:07:18,971 [INFO] ThirdParty:1030 - CMSIS Pack Vendor :STMicroelectronics X-CUBE-NFC4 3.0.0
2025-05-15 12:07:18,971 [INFO] ThirdParty:1030 - CMSIS Pack Vendor :STMicroelectronics X-CUBE-SUBG2 5.0.0
2025-05-15 12:07:18,971 [INFO] ThirdParty:1030 - CMSIS Pack Vendor :STMicroelectronics X-CUBE-AZRTOS-H7RS 1.1.0
2025-05-15 12:07:18,971 [INFO] ThirdParty:1030 - CMSIS Pack Vendor :STMicroelectronics STM32_WPAN 1.0.0
2025-05-15 12:07:18,971 [INFO] ThirdParty:1030 - CMSIS Pack Vendor :EmbeddedOffice I-CUBE-FS-RTOS 1.0.1
2025-05-15 12:07:18,971 [INFO] ThirdParty:1030 - CMSIS Pack Vendor :STMicroelectronics lwIP 2.0.3
2025-05-15 12:07:18,971 [INFO] ThirdParty:1030 - CMSIS Pack Vendor :Cesanta I-CUBE-Mongoose 7.13.0
2025-05-15 12:07:18,971 [INFO] ThirdParty:1030 - CMSIS Pack Vendor :STMicroelectronics USB_HOST 1.0.0
2025-05-15 12:07:18,971 [INFO] ThirdParty:1030 - CMSIS Pack Vendor :Infineon AIROC-Wi-Fi-Bluetooth-STM32 1.7.0
2025-05-15 12:07:18,971 [INFO] ThirdParty:1030 - CMSIS Pack Vendor :STMicroelectronics X-CUBE-AZRTOS-G4 2.0.0
2025-05-15 12:07:18,971 [INFO] ThirdParty:1030 - CMSIS Pack Vendor :STMicroelectronics X-CUBE-WB05N 2.0.0
2025-05-15 12:07:18,971 [INFO] ThirdParty:1030 - CMSIS Pack Vendor :STMicroelectronics PDM2PCM 3.1.0
2025-05-15 12:07:18,971 [INFO] ThirdParty:1030 - CMSIS Pack Vendor :STMicroelectronics PDM2PCM 3.3.0
2025-05-15 12:07:18,971 [INFO] ThirdParty:1030 - CMSIS Pack Vendor :wolfSSL I-CUBE-wolfTPM 3.8.0
2025-05-15 12:07:18,971 [INFO] ThirdParty:1030 - CMSIS Pack Vendor :STMicroelectronics X-CUBE-DISPLAY 3.0.0
2025-05-15 12:07:18,971 [INFO] ThirdParty:1030 - CMSIS Pack Vendor :wolfSSL I-CUBE-wolfSSH 1.4.20
2025-05-15 12:07:18,971 [INFO] ThirdParty:1030 - CMSIS Pack Vendor :STMicroelectronics X-CUBE-NFC7 2.0.0
2025-05-15 12:07:18,971 [INFO] ThirdParty:1030 - CMSIS Pack Vendor :STMicroelectronics X-CUBE-TCPP 4.2.0
2025-05-15 12:07:18,972 [INFO] ThirdParty:1030 - CMSIS Pack Vendor :RealThread X-CUBE-RT-Thread_Nano 4.1.1
2025-05-15 12:07:18,972 [INFO] ThirdParty:1030 - CMSIS Pack Vendor :STMicroelectronics FP-ATR-SIGFOX1 3.2.0
2025-05-15 12:07:18,972 [INFO] ThirdParty:1030 - CMSIS Pack Vendor :STMicroelectronics X-CUBE-NFC10 1.0.0
2025-05-15 12:07:18,972 [INFO] ThirdParty:1030 - CMSIS Pack Vendor :STMicroelectronics X-CUBE-BLEMGR 4.0.0
2025-05-15 12:07:18,972 [INFO] ThirdParty:1030 - CMSIS Pack Vendor :STMicroelectronics X-CUBE-EEPRMA1 5.1.0
2025-05-15 12:07:18,972 [INFO] ThirdParty:1030 - CMSIS Pack Vendor :STMicroelectronics X-CUBE-FREERTOS 1.3.1
2025-05-15 12:07:18,972 [INFO] ThirdParty:1030 - CMSIS Pack Vendor :STMicroelectronics HAL Drivers 0.0.0
2025-05-15 12:07:18,972 [INFO] ThirdParty:1030 - CMSIS Pack Vendor :STMicroelectronics MBEDTLS 2.16.2
2025-05-15 12:07:18,972 [INFO] ThirdParty:1030 - CMSIS Pack Vendor :STMicroelectronics X-CUBE-IPS 3.1.0
2025-05-15 12:07:18,972 [INFO] ThirdParty:1030 - CMSIS Pack Vendor :STMicroelectronics X-CUBE-ALS 1.0.2
2025-05-15 12:07:18,972 [INFO] ThirdParty:1030 - CMSIS Pack Vendor :emotas I-CUBE-CANOPEN 1.3.0
2025-05-15 12:07:18,972 [INFO] ThirdParty:1030 - CMSIS Pack Vendor :STMicroelectronics X-CUBE-FREERTOS 1.3.0
2025-05-15 12:07:18,972 [INFO] ThirdParty:1030 - CMSIS Pack Vendor :STMicroelectronics X-CUBE-NFC7 1.0.1
2025-05-15 12:07:18,972 [INFO] ThirdParty:1030 - CMSIS Pack Vendor :STMicroelectronics MBEDTLS 2.14.1
2025-05-15 12:07:18,972 [INFO] ThirdParty:1030 - CMSIS Pack Vendor :wolfSSL I-CUBE-wolfSSL 5.7.6
2025-05-15 12:07:18,972 [INFO] ThirdParty:1030 - CMSIS Pack Vendor :ITTIA_DB I-CUBE-ITTIADB 8.9.0
2025-05-15 12:07:18,972 [INFO] ThirdParty:1030 - CMSIS Pack Vendor :portGmbH I-Cube-SoM-uGOAL 1.1.0
2025-05-15 12:07:18,972 [INFO] ThirdParty:1030 - CMSIS Pack Vendor :quantropi X-CUBE-qispace-sdk-base 2.0.0
2025-05-15 12:07:18,972 [INFO] ThirdParty:1030 - CMSIS Pack Vendor :STMicroelectronics X-CUBE-AI 10.0.0
2025-05-15 12:07:18,972 [INFO] ThirdParty:1030 - CMSIS Pack Vendor :STMicroelectronics ThreadX 1.0.0
2025-05-15 12:07:18,972 [INFO] ThirdParty:1030 - CMSIS Pack Vendor :STMicroelectronics FP-SNS-SMARTAG2 1.2.0
2025-05-15 12:07:18,972 [INFO] ThirdParty:1030 - CMSIS Pack Vendor :STMicroelectronics FP-SNS-FLIGHT1 5.1.0
2025-05-15 12:07:18,972 [INFO] ThirdParty:1030 - CMSIS Pack Vendor :STMicroelectronics X-CUBE-MEMS1 11.1.0
2025-05-15 12:07:18,972 [INFO] ThirdParty:1030 - CMSIS Pack Vendor :STMicroelectronics X-CUBE-AZRTOS-WL 2.0.0
2025-05-15 12:07:18,972 [INFO] ThirdParty:1030 - CMSIS Pack Vendor :SEGGER I-CUBE-embOS 1.3.1
2025-05-15 12:07:18,972 [INFO] ThirdParty:1030 - CMSIS Pack Vendor :STMicroelectronics X-CUBE-ALGOBUILD 1.4.0
2025-05-15 12:07:18,973 [INFO] ThirdParty:1030 - CMSIS Pack Vendor :STMicroelectronics X-CUBE-DPower 1.3.0
2025-05-15 12:07:18,973 [INFO] ThirdParty:1030 - CMSIS Pack Vendor :STMicroelectronics FP-SNS-MOTENV1 5.0.0
2025-05-15 12:07:18,973 [INFO] ThirdParty:1030 - CMSIS Pack Vendor :STMicroelectronics USB_DEVICE 1.0.0
2025-05-15 12:07:18,973 [INFO] ThirdParty:1030 - CMSIS Pack Vendor :STMicroelectronics X-CUBE-AZRTOS-L4 2.0.0
2025-05-15 12:07:18,973 [INFO] ThirdParty:1030 - CMSIS Pack Vendor :STMicroelectronics ThreadX 0.0.2
2025-05-15 12:07:18,973 [INFO] ThirdParty:1030 - CMSIS Pack Vendor :WES I-CUBE-Cesium 1.3.0
2025-05-15 12:07:18,973 [INFO] ThirdParty:1030 - CMSIS Pack Vendor :STMicroelectronics lwIP 2.1.2
2025-05-15 12:07:18,973 [INFO] ThirdParty:1030 - CMSIS Pack Vendor :STMicroelectronics X-CUBE-SFXS2LP1 4.0.0
2025-05-15 12:07:18,973 [INFO] ThirdParty:1030 - CMSIS Pack Vendor :STMicroelectronics X-CUBE-BLE2 3.3.0
2025-05-15 12:07:18,973 [INFO] ThirdParty:1030 - CMSIS Pack Vendor :STMicroelectronics X-CUBE-TOF1 3.4.2
2025-05-15 12:07:18,973 [INFO] ThirdParty:1030 - CMSIS Pack Vendor :STMicroelectronics X-CUBE-TOF1 3.4.3
2025-05-15 12:07:18,973 [INFO] ThirdParty:1030 - CMSIS Pack Vendor :STMicroelectronics PDM2PCM 3.2.0
2025-05-15 12:07:18,973 [INFO] ThirdParty:841 - exiting critical section [change project]
2025-05-15 12:07:19,158 [INFO] PinOutPanel:1589 - setPackage(No Configuration,No Configuration)
2025-05-15 12:07:19,159 [INFO] PinOutPanel:1589 - setPackage(STM32F407VGTx,LQFP100)
2025-05-15 12:07:19,342 [INFO] UtilMem:75 - Before build in PCC Used Memory: 383044784 Bytes (916455424)
2025-05-15 12:07:19,602 [INFO] UtilMem:75 - After build in PCC Used Memory: 429182128 Bytes (916455424)
2025-05-15 12:07:19,606 [INFO] ApiDbMcu:508 - Load IP Config File for USB_HOST
2025-05-15 12:07:19,606 [WARN] BspModel:444 - BSP dependency skipped because of component: name='IOExpander', api='Unknown'
2025-05-15 12:07:19,626 [INFO] IPUIPlugin:80 - create IPUIPlugin
2025-05-15 12:07:19,627 [INFO] IPUIPlugin:80 - create IPUIPlugin
2025-05-15 12:07:19,627 [INFO] IPUIPlugin:80 - create IPUIPlugin
2025-05-15 12:07:19,627 [INFO] IPUIPlugin:80 - create IPUIPlugin
2025-05-15 12:07:19,627 [INFO] IPUIPlugin:80 - create IPUIPlugin
2025-05-15 12:07:19,627 [INFO] IPUIPlugin:80 - create IPUIPlugin
2025-05-15 12:07:19,628 [INFO] IPUIPlugin:80 - create IPUIPlugin
2025-05-15 12:07:19,628 [INFO] IPUIPlugin:80 - create IPUIPlugin
2025-05-15 12:07:19,628 [INFO] IPUIPlugin:80 - create IPUIPlugin
2025-05-15 12:07:19,628 [INFO] IPUIPlugin:80 - create IPUIPlugin
2025-05-15 12:07:19,628 [INFO] IPUIPlugin:80 - create IPUIPlugin
2025-05-15 12:07:19,628 [INFO] IPUIPlugin:80 - create IPUIPlugin
2025-05-15 12:07:19,629 [INFO] IPUIPlugin:80 - create IPUIPlugin
2025-05-15 12:07:19,629 [INFO] IPUIPlugin:80 - create IPUIPlugin
2025-05-15 12:07:19,629 [INFO] IPUIPlugin:80 - create IPUIPlugin
2025-05-15 12:07:19,629 [INFO] IPUIPlugin:80 - create IPUIPlugin
2025-05-15 12:07:19,629 [INFO] IPUIPlugin:80 - create IPUIPlugin
2025-05-15 12:07:19,629 [INFO] IPUIPlugin:80 - create IPUIPlugin
2025-05-15 12:07:19,630 [INFO] IPUIPlugin:80 - create IPUIPlugin
2025-05-15 12:07:19,630 [INFO] IPUIPlugin:80 - create IPUIPlugin
2025-05-15 12:07:19,630 [INFO] IPUIPlugin:80 - create IPUIPlugin
2025-05-15 12:07:19,630 [INFO] IPUIPlugin:80 - create IPUIPlugin
2025-05-15 12:07:19,630 [INFO] IPUIPlugin:80 - create IPUIPlugin
2025-05-15 12:07:19,631 [INFO] IPUIPlugin:80 - create IPUIPlugin
2025-05-15 12:07:19,631 [INFO] IPUIPlugin:80 - create IPUIPlugin
2025-05-15 12:07:19,631 [INFO] IPUIPlugin:80 - create IPUIPlugin
2025-05-15 12:07:19,631 [INFO] IPUIPlugin:80 - create IPUIPlugin
2025-05-15 12:07:19,631 [INFO] IPUIPlugin:80 - create IPUIPlugin
2025-05-15 12:07:19,631 [INFO] IPUIPlugin:80 - create IPUIPlugin
2025-05-15 12:07:19,632 [INFO] IPUIPlugin:80 - create IPUIPlugin
2025-05-15 12:07:19,632 [INFO] IPUIPlugin:80 - create IPUIPlugin
2025-05-15 12:07:19,632 [INFO] IPUIPlugin:80 - create IPUIPlugin
2025-05-15 12:07:19,632 [INFO] IPUIPlugin:80 - create IPUIPlugin
2025-05-15 12:07:19,632 [INFO] IPUIPlugin:80 - create IPUIPlugin
2025-05-15 12:07:19,632 [INFO] IPUIPlugin:80 - create IPUIPlugin
2025-05-15 12:07:19,632 [INFO] IPUIPlugin:80 - create IPUIPlugin
2025-05-15 12:07:19,632 [INFO] IPUIPlugin:80 - create IPUIPlugin
2025-05-15 12:07:19,633 [INFO] IPUIPlugin:80 - create IPUIPlugin
2025-05-15 12:07:19,633 [INFO] IPUIPlugin:80 - create IPUIPlugin
2025-05-15 12:07:19,633 [INFO] IPUIPlugin:80 - create IPUIPlugin
2025-05-15 12:07:19,633 [INFO] IPUIPlugin:80 - create IPUIPlugin
2025-05-15 12:07:19,633 [INFO] IPUIPlugin:80 - create IPUIPlugin
2025-05-15 12:07:19,633 [INFO] IPUIPlugin:80 - create IPUIPlugin
2025-05-15 12:07:19,633 [INFO] IPUIPlugin:80 - create IPUIPlugin
2025-05-15 12:07:19,633 [INFO] IPUIPlugin:80 - create IPUIPlugin
2025-05-15 12:07:19,633 [INFO] IPUIPlugin:80 - create IPUIPlugin
2025-05-15 12:07:19,633 [INFO] IPUIPlugin:80 - create IPUIPlugin
2025-05-15 12:07:19,634 [INFO] IPUIPlugin:80 - create IPUIPlugin
2025-05-15 12:07:19,634 [INFO] IPUIPlugin:80 - create IPUIPlugin
2025-05-15 12:07:19,634 [INFO] IPUIPlugin:80 - create IPUIPlugin
2025-05-15 12:07:19,634 [INFO] IPUIPlugin:80 - create IPUIPlugin
2025-05-15 12:07:19,635 [INFO] IPUIPlugin:80 - create IPUIPlugin
2025-05-15 12:07:19,635 [INFO] IPUIPlugin:80 - create IPUIPlugin
2025-05-15 12:07:19,635 [INFO] IPUIPlugin:80 - create IPUIPlugin
2025-05-15 12:07:19,635 [INFO] IPUIPlugin:80 - create IPUIPlugin
2025-05-15 12:07:19,636 [INFO] IPUIPlugin:80 - create IPUIPlugin
2025-05-15 12:07:19,636 [INFO] IPUIPlugin:80 - create IPUIPlugin
2025-05-15 12:07:19,637 [INFO] IPUIPlugin:80 - create IPUIPlugin
2025-05-15 12:07:19,639 [INFO] ApiDbMcu:508 - Load IP Config File for PDM2PCM
2025-05-15 12:07:19,639 [WARN] IP:2250 - I2C_Coeff_DF not found: check if there is a RefParameter without a condition.
2025-05-15 12:07:19,640 [WARN] IP:2250 - Analog_Filter not found: check if there is a RefParameter without a condition.
2025-05-15 12:07:19,642 [INFO] I2sManager:658 - 9.6E7
2025-05-15 12:07:19,642 [INFO] I2sManager:195 - I2S Clock Value : 9.6E7
2025-05-15 12:07:19,642 [INFO] I2sManager:553 - AudioClock : 93750Divider : 2Odd : 0
2025-05-15 12:07:19,694 [INFO] CADModel:165 - CPN selected for project levelSTM32F407VGT6
2025-05-15 12:07:19,694 [INFO] CADModel:114 - Register for checkConnection events
2025-05-15 12:07:19,735 [INFO] OpenFileManager:385 - Restore cursor
2025-05-15 12:07:19,917 [WARN] IP:2250 - I2C_Coeff_DF not found: check if there is a RefParameter without a condition.
2025-05-15 12:07:19,917 [WARN] IP:2250 - Analog_Filter not found: check if there is a RefParameter without a condition.
2025-05-15 12:07:19,917 [WARN] IP:2250 - I2C_Coeff_DF not found: check if there is a RefParameter without a condition.
2025-05-15 12:07:19,917 [WARN] IP:2250 - Analog_Filter not found: check if there is a RefParameter without a condition.
2025-05-15 12:07:20,197 [INFO] UtilMem:75 - End SaveConfig() Used Memory: 563922096 Bytes (916455424)
2025-05-15 12:07:20,315 [INFO] UtilMem:75 - End SaveConfig() Used Memory: 585942192 Bytes (916455424)
2025-05-15 12:07:20,509 [INFO] BlockDiagram:2775 - set Specific Code input for plugin: SPI
2025-05-15 12:07:20,509 [INFO] BlockDiagram:2775 - set Specific Code input for plugin: I2S
2025-05-15 12:07:20,509 [INFO] BlockDiagram:2775 - set Specific Code input for plugin: SYS
2025-05-15 12:07:20,509 [INFO] BlockDiagram:2775 - set Specific Code input for plugin: RCC
2025-05-15 12:07:20,509 [INFO] BlockDiagram:2775 - set Specific Code input for plugin: I2C
2025-05-15 12:07:20,509 [INFO] BlockDiagram:2775 - set Specific Code input for plugin: USB_OTG_FS
2025-05-15 12:07:20,509 [INFO] BlockDiagram:2775 - set Specific Code input for plugin: NVIC
2025-05-15 12:07:20,510 [INFO] BlockDiagram:2775 - set Specific Code input for plugin: USB_HOST
2025-05-15 12:07:20,510 [INFO] BlockDiagram:2775 - set Specific Code input for plugin: GPIO
2025-05-15 12:07:20,510 [INFO] CodeGenerator:882 - code generatio: config db path: /Applications/STM32CubeIDE.app/Contents/Eclipse/plugins/com.st.stm32cube.common.mx_6.14.1.202504091515//db/
2025-05-15 12:07:20,513 [WARN] IP:2250 - I2C_Coeff_DF not found: check if there is a RefParameter without a condition.
2025-05-15 12:07:20,513 [WARN] IP:2250 - Analog_Filter not found: check if there is a RefParameter without a condition.
2025-05-15 12:07:20,628 [INFO] CodeEngine:263 - oldGeneratedFile, /Users/winstonhar/ENCE-3231/Phase A/Projects/2025_STM32F407_DAC_SinglePolling/MXTmpFiles/license.tmp_save
2025-05-15 12:07:20,687 [INFO] CodeEngine:287 - Generated code: /Users/winstonhar/ENCE-3231/Phase A/Projects/2025_STM32F407_DAC_SinglePolling/MXTmpFiles/license.tmp
2025-05-15 12:07:20,718 [INFO] CodeEngine:263 - oldGeneratedFile, /Users/winstonhar/ENCE-3231/Phase A/Projects/2025_STM32F407_DAC_SinglePolling/MXTmpFiles/gpio.tmp_save
2025-05-15 12:07:20,775 [INFO] CodeEngine:287 - Generated code: /Users/winstonhar/ENCE-3231/Phase A/Projects/2025_STM32F407_DAC_SinglePolling/MXTmpFiles/gpio.tmp
2025-05-15 12:07:20,822 [WARN] IPConfigManager:3217 - Warning: the RefConfig PWREx_EnableUSBVoltageDetector is not available in your config.xml file
2025-05-15 12:07:20,826 [INFO] CodeEngine:263 - oldGeneratedFile, /Users/winstonhar/ENCE-3231/Phase A/Projects/2025_STM32F407_DAC_SinglePolling/MXTmpFiles/usb_otg_fs_vars.tmp_save
2025-05-15 12:07:20,872 [INFO] CodeEngine:287 - Generated code: /Users/winstonhar/ENCE-3231/Phase A/Projects/2025_STM32F407_DAC_SinglePolling/MXTmpFiles/usb_otg_fs_vars.tmp
2025-05-15 12:07:20,873 [INFO] CodeEngine:263 - oldGeneratedFile, /Users/winstonhar/ENCE-3231/Phase A/Projects/2025_STM32F407_DAC_SinglePolling/MXTmpFiles/usb_otg_fs_inc.tmp_save
2025-05-15 12:07:20,916 [INFO] CodeEngine:287 - Generated code: /Users/winstonhar/ENCE-3231/Phase A/Projects/2025_STM32F407_DAC_SinglePolling/MXTmpFiles/usb_otg_fs_inc.tmp
2025-05-15 12:07:20,917 [INFO] CodeEngine:263 - oldGeneratedFile, /Users/winstonhar/ENCE-3231/Phase A/Projects/2025_STM32F407_DAC_SinglePolling/MXTmpFiles/usb_otg_fs_HalInit.tmp_save
2025-05-15 12:07:20,968 [INFO] CodeEngine:287 - Generated code: /Users/winstonhar/ENCE-3231/Phase A/Projects/2025_STM32F407_DAC_SinglePolling/MXTmpFiles/usb_otg_fs_HalInit.tmp
2025-05-15 12:07:20,970 [INFO] CodeEngine:263 - oldGeneratedFile, /Users/winstonhar/ENCE-3231/Phase A/Projects/2025_STM32F407_DAC_SinglePolling/MXTmpFiles/usb_otg_fs_Msp.tmp_save
2025-05-15 12:07:21,028 [INFO] CodeEngine:287 - Generated code: /Users/winstonhar/ENCE-3231/Phase A/Projects/2025_STM32F407_DAC_SinglePolling/MXTmpFiles/usb_otg_fs_Msp.tmp
2025-05-15 12:07:21,197 [INFO] CodeEngine:263 - oldGeneratedFile, /Users/winstonhar/ENCE-3231/Phase A/Projects/2025_STM32F407_DAC_SinglePolling/USB_HOST/App/usb_host.c_save
2025-05-15 12:07:21,254 [INFO] CodeEngine:287 - Generated code: /Users/winstonhar/ENCE-3231/Phase A/Projects/2025_STM32F407_DAC_SinglePolling/USB_HOST/App/usb_host.c
2025-05-15 12:07:21,255 [INFO] CodeEngine:263 - oldGeneratedFile, /Users/winstonhar/ENCE-3231/Phase A/Projects/2025_STM32F407_DAC_SinglePolling/USB_HOST/App/usb_host.h_save
2025-05-15 12:07:21,303 [INFO] CodeEngine:287 - Generated code: /Users/winstonhar/ENCE-3231/Phase A/Projects/2025_STM32F407_DAC_SinglePolling/USB_HOST/App/usb_host.h
2025-05-15 12:07:21,305 [INFO] CodeEngine:263 - oldGeneratedFile, /Users/winstonhar/ENCE-3231/Phase A/Projects/2025_STM32F407_DAC_SinglePolling/USB_HOST/Target/usbh_conf.h_save
2025-05-15 12:07:21,348 [INFO] CodeEngine:287 - Generated code: /Users/winstonhar/ENCE-3231/Phase A/Projects/2025_STM32F407_DAC_SinglePolling/USB_HOST/Target/usbh_conf.h
2025-05-15 12:07:21,350 [INFO] CodeEngine:263 - oldGeneratedFile, /Users/winstonhar/ENCE-3231/Phase A/Projects/2025_STM32F407_DAC_SinglePolling/USB_HOST/Target/usbh_conf.c_save
2025-05-15 12:07:21,397 [INFO] CodeEngine:287 - Generated code: /Users/winstonhar/ENCE-3231/Phase A/Projects/2025_STM32F407_DAC_SinglePolling/USB_HOST/Target/usbh_conf.c
2025-05-15 12:07:21,399 [INFO] CodeEngine:263 - oldGeneratedFile, /Users/winstonhar/ENCE-3231/Phase A/Projects/2025_STM32F407_DAC_SinglePolling/USB_HOST/Target/usbh_platform.c_save
2025-05-15 12:07:21,442 [INFO] CodeEngine:287 - Generated code: /Users/winstonhar/ENCE-3231/Phase A/Projects/2025_STM32F407_DAC_SinglePolling/USB_HOST/Target/usbh_platform.c
2025-05-15 12:07:21,444 [INFO] CodeEngine:263 - oldGeneratedFile, /Users/winstonhar/ENCE-3231/Phase A/Projects/2025_STM32F407_DAC_SinglePolling/USB_HOST/Target/usbh_platform.h_save
2025-05-15 12:07:21,486 [INFO] CodeEngine:287 - Generated code: /Users/winstonhar/ENCE-3231/Phase A/Projects/2025_STM32F407_DAC_SinglePolling/USB_HOST/Target/usbh_platform.h
2025-05-15 12:07:21,493 [INFO] CodeEngine:263 - oldGeneratedFile, /Users/winstonhar/ENCE-3231/Phase A/Projects/2025_STM32F407_DAC_SinglePolling/Core/Src/stm32f4xx_it.c_save
2025-05-15 12:07:21,542 [INFO] CodeEngine:287 - Generated code: /Users/winstonhar/ENCE-3231/Phase A/Projects/2025_STM32F407_DAC_SinglePolling/Core/Src/stm32f4xx_it.c
2025-05-15 12:07:21,544 [INFO] CodeEngine:263 - oldGeneratedFile, /Users/winstonhar/ENCE-3231/Phase A/Projects/2025_STM32F407_DAC_SinglePolling/Core/Inc/stm32f4xx_it.h_save
2025-05-15 12:07:21,589 [INFO] CodeEngine:287 - Generated code: /Users/winstonhar/ENCE-3231/Phase A/Projects/2025_STM32F407_DAC_SinglePolling/Core/Inc/stm32f4xx_it.h
2025-05-15 12:07:21,597 [INFO] CodeEngine:263 - oldGeneratedFile, /Users/winstonhar/ENCE-3231/Phase A/Projects/2025_STM32F407_DAC_SinglePolling/Core/Src/stm32f4xx_hal_msp.c_save
2025-05-15 12:07:21,683 [INFO] CodeEngine:287 - Generated code: /Users/winstonhar/ENCE-3231/Phase A/Projects/2025_STM32F407_DAC_SinglePolling/Core/Src/stm32f4xx_hal_msp.c
2025-05-15 12:07:21,685 [INFO] CodeEngine:263 - oldGeneratedFile, /Users/winstonhar/ENCE-3231/Phase A/Projects/2025_STM32F407_DAC_SinglePolling/MXTmpFiles/system.tmp_save
2025-05-15 12:07:21,731 [INFO] CodeEngine:287 - Generated code: /Users/winstonhar/ENCE-3231/Phase A/Projects/2025_STM32F407_DAC_SinglePolling/MXTmpFiles/system.tmp
2025-05-15 12:07:21,735 [INFO] CodeEngine:319 - oldGeneratedFile, /Users/winstonhar/ENCE-3231/Phase A/Projects/2025_STM32F407_DAC_SinglePolling/Core/Inc/stm32f4xx_hal_conf.h_save
2025-05-15 12:07:21,791 [INFO] CodeEngine:343 - Generated code: /Users/winstonhar/ENCE-3231/Phase A/Projects/2025_STM32F407_DAC_SinglePolling/Core/Inc/stm32f4xx_hal_conf.h
2025-05-15 12:07:21,810 [INFO] ApiDbMcu:508 - Load IP Config File for I2C1
2025-05-15 12:07:21,812 [INFO] ApiDbMcu:508 - Load IP Config File for I2S3
2025-05-15 12:07:21,814 [INFO] ApiDbMcu:508 - Load IP Config File for SPI1
2025-05-15 12:07:21,817 [INFO] ApiDbMcu:508 - Load IP Config File for RCC
2025-05-15 12:07:21,824 [INFO] CodeEngine:263 - oldGeneratedFile, /Users/winstonhar/ENCE-3231/Phase A/Projects/2025_STM32F407_DAC_SinglePolling/Core/Inc/main.h_save
2025-05-15 12:07:21,876 [INFO] CodeEngine:287 - Generated code: /Users/winstonhar/ENCE-3231/Phase A/Projects/2025_STM32F407_DAC_SinglePolling/Core/Inc/main.h
2025-05-15 12:07:21,877 [INFO] CodeEngine:263 - oldGeneratedFile, /Users/winstonhar/ENCE-3231/Phase A/Projects/2025_STM32F407_DAC_SinglePolling/Core/Src/main.c_save
2025-05-15 12:07:21,943 [INFO] CodeEngine:287 - Generated code: /Users/winstonhar/ENCE-3231/Phase A/Projects/2025_STM32F407_DAC_SinglePolling/Core/Src/main.c
2025-05-15 12:07:22,228 [INFO] ProjectBuilder:3324 - Time for Copy HAL[1] : 125mS.
2025-05-15 12:07:22,232 [INFO] ProjectBuilder:4912 - Project Generator version: 4.6.0.1-B1
2025-05-15 12:07:22,371 [INFO] ConfigFileManager:1590 - The Die is : DIE413
2025-05-15 12:07:22,375 [INFO] ApiDbMcu:508 - Load IP Config File for FATFS
2025-05-15 12:07:22,380 [INFO] ApiDbMcu:508 - Load IP Config File for FREERTOS
2025-05-15 12:07:22,382 [INFO] ApiDbMcu:508 - Load IP Config File for LIBJPEG
2025-05-15 12:07:22,389 [INFO] ApiDbMcu:508 - Load IP Config File for LWIP
2025-05-15 12:07:22,396 [INFO] ApiDbMcu:508 - Load IP Config File for MBEDTLS
2025-05-15 12:07:22,404 [INFO] ApiDbMcu:508 - Load IP Config File for USB_DEVICE
2025-05-15 12:07:24,256 [INFO] ProjectBuilder:5191 - Time for Generating toolchain IDE Files: 2024mS.
2025-05-15 12:07:24,257 [INFO] ProjectBuilder:3181 - Time for Copy CMSIS : 1mS.
2025-05-15 12:07:24,259 [INFO] ProjectBuilder:3181 - Time for Copy CMSIS : 0mS.
2025-05-15 12:07:24,965 [INFO] McuFinderGlobals:76 - Set McuFinderConnectedMode to true
2025-05-15 12:07:24,971 [INFO] ApiDb:448 - Save user favorites file /Users/winstonhar/.stm32cubeide/favorites.mcus.txt: 1 item(s)
2025-05-15 12:07:24,971 [INFO] ApiDb:452 - User favorites MCUs=[STM32F103RCT6]
2025-05-15 12:08:23,505 [INFO] I2sManager:658 - 9.6E7
2025-05-15 12:08:23,506 [INFO] I2sManager:195 - I2S Clock Value : 9.6E7
2025-05-15 12:08:23,506 [INFO] I2sManager:553 - AudioClock : 93750Divider : 2Odd : 0
2025-05-15 12:08:33,304 [WARN] BspModel:444 - BSP dependency skipped because of component: name='IOExpander', api='Unknown'
2025-05-15 12:09:06,881 [WARN] IP:2250 - I2C_Coeff_DF not found: check if there is a RefParameter without a condition.
2025-05-15 12:09:06,881 [WARN] IP:2250 - Analog_Filter not found: check if there is a RefParameter without a condition.
2025-05-15 12:09:06,882 [WARN] IP:2250 - I2C_Coeff_DF not found: check if there is a RefParameter without a condition.
2025-05-15 12:09:06,882 [WARN] IP:2250 - Analog_Filter not found: check if there is a RefParameter without a condition.
2025-05-15 12:09:06,913 [WARN] IP:2250 - I2C_Coeff_DF not found: check if there is a RefParameter without a condition.
2025-05-15 12:09:06,914 [WARN] IP:2250 - Analog_Filter not found: check if there is a RefParameter without a condition.
2025-05-15 12:09:06,944 [WARN] IP:2250 - I2C_Coeff_DF not found: check if there is a RefParameter without a condition.
2025-05-15 12:09:06,945 [WARN] IP:2250 - Analog_Filter not found: check if there is a RefParameter without a condition.
2025-05-15 12:09:06,977 [WARN] BspModel:444 - BSP dependency skipped because of component: name='IOExpander', api='Unknown'
2025-05-15 12:09:09,002 [WARN] BspModel:444 - BSP dependency skipped because of component: name='IOExpander', api='Unknown'
2025-05-15 12:09:09,077 [WARN] BspModel:444 - BSP dependency skipped because of component: name='IOExpander', api='Unknown'
2025-05-15 12:11:22,460 [INFO] UtilMem:75 - End SaveConfig() Used Memory: 277194504 Bytes (898629632)
2025-05-15 12:11:22,672 [INFO] UtilMem:75 - End SaveConfig() Used Memory: 299740936 Bytes (898629632)
2025-05-15 12:11:22,890 [INFO] UtilMem:75 - End SaveConfig() Used Memory: 325955336 Bytes (898629632)
2025-05-15 12:11:23,133 [INFO] BlockDiagram:2775 - set Specific Code input for plugin: SPI
2025-05-15 12:11:23,133 [INFO] BlockDiagram:2775 - set Specific Code input for plugin: SYS
2025-05-15 12:11:23,134 [INFO] BlockDiagram:2775 - set Specific Code input for plugin: RCC
2025-05-15 12:11:23,134 [INFO] BlockDiagram:2775 - set Specific Code input for plugin: I2C
2025-05-15 12:11:23,134 [INFO] BlockDiagram:2775 - set Specific Code input for plugin: USB_OTG_FS
2025-05-15 12:11:23,134 [INFO] BlockDiagram:2775 - set Specific Code input for plugin: NVIC
2025-05-15 12:11:23,134 [INFO] BlockDiagram:2775 - set Specific Code input for plugin: USB_HOST
2025-05-15 12:11:23,134 [INFO] BlockDiagram:2775 - set Specific Code input for plugin: DAC
2025-05-15 12:11:23,135 [INFO] BlockDiagram:2775 - set Specific Code input for plugin: GPIO
2025-05-15 12:11:23,135 [INFO] CodeGenerator:882 - code generatio: config db path: /Applications/STM32CubeIDE.app/Contents/Eclipse/plugins/com.st.stm32cube.common.mx_6.14.1.202504091515//db/
2025-05-15 12:11:23,140 [WARN] IP:2250 - I2C_Coeff_DF not found: check if there is a RefParameter without a condition.
2025-05-15 12:11:23,140 [WARN] IP:2250 - Analog_Filter not found: check if there is a RefParameter without a condition.
2025-05-15 12:11:23,278 [INFO] CodeEngine:263 - oldGeneratedFile, /Users/winstonhar/ENCE-3231/Phase A/Projects/2025_STM32F407_DAC_SinglePolling/MXTmpFiles/license.tmp_save
2025-05-15 12:11:23,350 [INFO] CodeEngine:287 - Generated code: /Users/winstonhar/ENCE-3231/Phase A/Projects/2025_STM32F407_DAC_SinglePolling/MXTmpFiles/license.tmp
2025-05-15 12:11:23,392 [INFO] CodeEngine:263 - oldGeneratedFile, /Users/winstonhar/ENCE-3231/Phase A/Projects/2025_STM32F407_DAC_SinglePolling/MXTmpFiles/gpio.tmp_save
2025-05-15 12:11:23,460 [INFO] CodeEngine:287 - Generated code: /Users/winstonhar/ENCE-3231/Phase A/Projects/2025_STM32F407_DAC_SinglePolling/MXTmpFiles/gpio.tmp
2025-05-15 12:11:23,536 [WARN] IPConfigManager:3217 - Warning: the RefConfig PWREx_EnableUSBVoltageDetector is not available in your config.xml file
2025-05-15 12:11:23,541 [INFO] CodeEngine:263 - oldGeneratedFile, /Users/winstonhar/ENCE-3231/Phase A/Projects/2025_STM32F407_DAC_SinglePolling/MXTmpFiles/usb_otg_fs_vars.tmp_save
2025-05-15 12:11:23,602 [INFO] CodeEngine:287 - Generated code: /Users/winstonhar/ENCE-3231/Phase A/Projects/2025_STM32F407_DAC_SinglePolling/MXTmpFiles/usb_otg_fs_vars.tmp
2025-05-15 12:11:23,604 [INFO] CodeEngine:263 - oldGeneratedFile, /Users/winstonhar/ENCE-3231/Phase A/Projects/2025_STM32F407_DAC_SinglePolling/MXTmpFiles/usb_otg_fs_inc.tmp_save
2025-05-15 12:11:23,664 [INFO] CodeEngine:287 - Generated code: /Users/winstonhar/ENCE-3231/Phase A/Projects/2025_STM32F407_DAC_SinglePolling/MXTmpFiles/usb_otg_fs_inc.tmp
2025-05-15 12:11:23,666 [INFO] CodeEngine:263 - oldGeneratedFile, /Users/winstonhar/ENCE-3231/Phase A/Projects/2025_STM32F407_DAC_SinglePolling/MXTmpFiles/usb_otg_fs_HalInit.tmp_save
2025-05-15 12:11:23,738 [INFO] CodeEngine:287 - Generated code: /Users/winstonhar/ENCE-3231/Phase A/Projects/2025_STM32F407_DAC_SinglePolling/MXTmpFiles/usb_otg_fs_HalInit.tmp
2025-05-15 12:11:23,741 [INFO] CodeEngine:263 - oldGeneratedFile, /Users/winstonhar/ENCE-3231/Phase A/Projects/2025_STM32F407_DAC_SinglePolling/MXTmpFiles/usb_otg_fs_Msp.tmp_save
2025-05-15 12:11:23,822 [INFO] CodeEngine:287 - Generated code: /Users/winstonhar/ENCE-3231/Phase A/Projects/2025_STM32F407_DAC_SinglePolling/MXTmpFiles/usb_otg_fs_Msp.tmp
2025-05-15 12:11:24,054 [INFO] CodeEngine:263 - oldGeneratedFile, /Users/winstonhar/ENCE-3231/Phase A/Projects/2025_STM32F407_DAC_SinglePolling/USB_HOST/App/usb_host.c_save
2025-05-15 12:11:24,133 [INFO] CodeEngine:287 - Generated code: /Users/winstonhar/ENCE-3231/Phase A/Projects/2025_STM32F407_DAC_SinglePolling/USB_HOST/App/usb_host.c
2025-05-15 12:11:24,136 [INFO] CodeEngine:263 - oldGeneratedFile, /Users/winstonhar/ENCE-3231/Phase A/Projects/2025_STM32F407_DAC_SinglePolling/USB_HOST/App/usb_host.h_save
2025-05-15 12:11:24,209 [INFO] CodeEngine:287 - Generated code: /Users/winstonhar/ENCE-3231/Phase A/Projects/2025_STM32F407_DAC_SinglePolling/USB_HOST/App/usb_host.h
2025-05-15 12:11:24,213 [INFO] CodeEngine:263 - oldGeneratedFile, /Users/winstonhar/ENCE-3231/Phase A/Projects/2025_STM32F407_DAC_SinglePolling/USB_HOST/Target/usbh_conf.h_save
2025-05-15 12:11:24,283 [INFO] CodeEngine:287 - Generated code: /Users/winstonhar/ENCE-3231/Phase A/Projects/2025_STM32F407_DAC_SinglePolling/USB_HOST/Target/usbh_conf.h
2025-05-15 12:11:24,287 [INFO] CodeEngine:263 - oldGeneratedFile, /Users/winstonhar/ENCE-3231/Phase A/Projects/2025_STM32F407_DAC_SinglePolling/USB_HOST/Target/usbh_conf.c_save
2025-05-15 12:11:24,364 [INFO] CodeEngine:287 - Generated code: /Users/winstonhar/ENCE-3231/Phase A/Projects/2025_STM32F407_DAC_SinglePolling/USB_HOST/Target/usbh_conf.c
2025-05-15 12:11:24,369 [INFO] CodeEngine:263 - oldGeneratedFile, /Users/winstonhar/ENCE-3231/Phase A/Projects/2025_STM32F407_DAC_SinglePolling/USB_HOST/Target/usbh_platform.c_save
2025-05-15 12:11:24,442 [INFO] CodeEngine:287 - Generated code: /Users/winstonhar/ENCE-3231/Phase A/Projects/2025_STM32F407_DAC_SinglePolling/USB_HOST/Target/usbh_platform.c
2025-05-15 12:11:24,445 [INFO] CodeEngine:263 - oldGeneratedFile, /Users/winstonhar/ENCE-3231/Phase A/Projects/2025_STM32F407_DAC_SinglePolling/USB_HOST/Target/usbh_platform.h_save
2025-05-15 12:11:24,511 [INFO] CodeEngine:287 - Generated code: /Users/winstonhar/ENCE-3231/Phase A/Projects/2025_STM32F407_DAC_SinglePolling/USB_HOST/Target/usbh_platform.h
2025-05-15 12:11:24,522 [INFO] CodeEngine:263 - oldGeneratedFile, /Users/winstonhar/ENCE-3231/Phase A/Projects/2025_STM32F407_DAC_SinglePolling/Core/Src/stm32f4xx_it.c_save
2025-05-15 12:11:24,592 [INFO] CodeEngine:287 - Generated code: /Users/winstonhar/ENCE-3231/Phase A/Projects/2025_STM32F407_DAC_SinglePolling/Core/Src/stm32f4xx_it.c
2025-05-15 12:11:24,595 [INFO] CodeEngine:263 - oldGeneratedFile, /Users/winstonhar/ENCE-3231/Phase A/Projects/2025_STM32F407_DAC_SinglePolling/Core/Inc/stm32f4xx_it.h_save
2025-05-15 12:11:24,652 [INFO] CodeEngine:287 - Generated code: /Users/winstonhar/ENCE-3231/Phase A/Projects/2025_STM32F407_DAC_SinglePolling/Core/Inc/stm32f4xx_it.h
2025-05-15 12:11:24,664 [INFO] CodeEngine:263 - oldGeneratedFile, /Users/winstonhar/ENCE-3231/Phase A/Projects/2025_STM32F407_DAC_SinglePolling/Core/Src/stm32f4xx_hal_msp.c_save
2025-05-15 12:11:24,757 [INFO] CodeEngine:287 - Generated code: /Users/winstonhar/ENCE-3231/Phase A/Projects/2025_STM32F407_DAC_SinglePolling/Core/Src/stm32f4xx_hal_msp.c
2025-05-15 12:11:24,759 [INFO] CodeEngine:263 - oldGeneratedFile, /Users/winstonhar/ENCE-3231/Phase A/Projects/2025_STM32F407_DAC_SinglePolling/MXTmpFiles/system.tmp_save
2025-05-15 12:11:24,816 [INFO] CodeEngine:287 - Generated code: /Users/winstonhar/ENCE-3231/Phase A/Projects/2025_STM32F407_DAC_SinglePolling/MXTmpFiles/system.tmp
2025-05-15 12:11:24,821 [INFO] CodeEngine:319 - oldGeneratedFile, /Users/winstonhar/ENCE-3231/Phase A/Projects/2025_STM32F407_DAC_SinglePolling/Core/Inc/stm32f4xx_hal_conf.h_save
2025-05-15 12:11:24,887 [INFO] CodeEngine:343 - Generated code: /Users/winstonhar/ENCE-3231/Phase A/Projects/2025_STM32F407_DAC_SinglePolling/Core/Inc/stm32f4xx_hal_conf.h
2025-05-15 12:11:24,904 [INFO] ApiDbMcu:508 - Load IP Config File for DAC
2025-05-15 12:11:24,911 [INFO] CodeEngine:263 - oldGeneratedFile, /Users/winstonhar/ENCE-3231/Phase A/Projects/2025_STM32F407_DAC_SinglePolling/Core/Inc/main.h_save
2025-05-15 12:11:24,973 [INFO] CodeEngine:287 - Generated code: /Users/winstonhar/ENCE-3231/Phase A/Projects/2025_STM32F407_DAC_SinglePolling/Core/Inc/main.h
2025-05-15 12:11:24,976 [INFO] CodeEngine:263 - oldGeneratedFile, /Users/winstonhar/ENCE-3231/Phase A/Projects/2025_STM32F407_DAC_SinglePolling/Core/Src/main.c_save
2025-05-15 12:11:25,080 [INFO] CodeEngine:287 - Generated code: /Users/winstonhar/ENCE-3231/Phase A/Projects/2025_STM32F407_DAC_SinglePolling/Core/Src/main.c
2025-05-15 12:11:25,433 [INFO] ProjectBuilder:3324 - Time for Copy HAL[1] : 156mS.
2025-05-15 12:11:25,437 [INFO] ProjectBuilder:4912 - Project Generator version: 4.6.0.1-B1
2025-05-15 12:11:25,547 [INFO] ConfigFileManager:1590 - The Die is : DIE413
2025-05-15 12:11:26,205 [INFO] ProjectBuilder:5191 - Time for Generating toolchain IDE Files: 768mS.
2025-05-15 12:11:26,205 [INFO] ProjectBuilder:3181 - Time for Copy CMSIS : 0mS.
2025-05-15 12:11:26,208 [INFO] ProjectBuilder:3181 - Time for Copy CMSIS : 0mS.
2025-05-15 12:28:29,605 [INFO] MainUpdater:2872 - connection check result : 10
2025-05-15 12:28:29,823 [INFO] McuFinderGlobals:76 - Set McuFinderConnectedMode to true
2025-05-15 12:28:29,825 [INFO] MultiScanPanel:200 - Auto-refresh data requested => check proxy status ongoing
2025-05-15 12:28:29,826 [INFO] FinderPluginLoader:95 - Searching for filters in installed packs
2025-05-15 12:28:31,565 [INFO] LoadUrlFilesThread:185 - End of LoadServerUrlFiles without Thread
2025-05-15 12:28:31,565 [INFO] DetailPanel:341 - Set advertising image to /Users/winstonhar/STM32Cube/Repository//en.summit-h1-25-promotion.jpg
2025-05-15 12:29:07,451 [INFO] MainUpdater:2872 - connection check result : 10
2025-05-15 12:29:07,451 [INFO] MainUpdater:2872 - connection check result : 10
2025-05-15 12:29:07,500 [INFO] MicroXplorer:468 - Change Database Path : 
2025-05-15 12:29:07,500 [INFO] MicroXplorer:498 - Change Database Version : DB.6.0.141
2025-05-15 12:29:07,522 [ERROR] ProjectManagerView:395 - 
java.lang.NullPointerException: Cannot invoke "javax.swing.JTextField.getText()" because the return value of "java.util.List.get(int)" is null
	at com.st.microxplorer.plugins.projectmanager.gui.ProjectChoiceTab$9.caretUpdate(ProjectChoiceTab.java:2678) ~[filemanager.jar:?]
	at javax.swing.text.JTextComponent.fireCaretUpdate(JTextComponent.java:408) ~[?:?]
	at javax.swing.text.JTextComponent$MutableCaretEvent.fire(JTextComponent.java:4484) ~[?:?]
	at javax.swing.text.JTextComponent$MutableCaretEvent.stateChanged(JTextComponent.java:4506) ~[?:?]
	at javax.swing.text.DefaultCaret.fireStateChanged(DefaultCaret.java:857) ~[?:?]
	at javax.swing.text.DefaultCaret.changeCaretPosition(DefaultCaret.java:1343) ~[?:?]
	at javax.swing.text.DefaultCaret.handleSetDot(DefaultCaret.java:1242) ~[?:?]
	at javax.swing.text.DefaultCaret.setDot(DefaultCaret.java:1223) ~[?:?]
	at javax.swing.text.DefaultCaret$Handler.insertUpdate(DefaultCaret.java:1819) ~[?:?]
	at javax.swing.text.AbstractDocument.fireInsertUpdate(AbstractDocument.java:227) ~[?:?]
	at javax.swing.text.AbstractDocument.handleInsertString(AbstractDocument.java:781) ~[?:?]
	at javax.swing.text.AbstractDocument.insertString(AbstractDocument.java:740) ~[?:?]
	at javax.swing.text.PlainDocument.insertString(PlainDocument.java:131) ~[?:?]
	at javax.swing.text.AbstractDocument.replace(AbstractDocument.java:699) ~[?:?]
	at javax.swing.text.JTextComponent.setText(JTextComponent.java:1725) ~[?:?]
	at com.st.microxplorer.plugins.projectmanager.gui.ProjectChoiceTab.createHeapStackFields(ProjectChoiceTab.java:979) ~[filemanager.jar:?]
	at com.st.microxplorer.plugins.projectmanager.gui.ProjectChoiceTab.buildLinkSettingsPanel(ProjectChoiceTab.java:3766) ~[filemanager.jar:?]
	at com.st.microxplorer.plugins.projectmanager.gui.ProjectChoiceTab.defineWindowsFields(ProjectChoiceTab.java:1962) ~[filemanager.jar:?]
	at com.st.microxplorer.plugins.projectmanager.gui.ProjectChoiceTab.updateSettings(ProjectChoiceTab.java:555) ~[filemanager.jar:?]
	at com.st.microxplorer.plugins.projectmanager.gui.ProjectSettingsPanel.UpdateDialog(ProjectSettingsPanel.java:245) ~[filemanager.jar:?]
	at com.st.microxplorer.plugins.projectmanager.ProjectManagerView.propertyChange(ProjectManagerView.java:392) ~[filemanager.jar:?]
	at java.beans.PropertyChangeSupport.fire(PropertyChangeSupport.java:343) ~[?:?]
	at java.beans.PropertyChangeSupport.firePropertyChange(PropertyChangeSupport.java:335) ~[?:?]
	at java.beans.PropertyChangeSupport.firePropertyChange(PropertyChangeSupport.java:268) ~[?:?]
	at com.st.microxplorer.util.MXPropertyChangeSupport.firePropertyChange(MXPropertyChangeSupport.java:54) ~[STM32CubeMX.jar:?]
	at com.st.microxplorer.mxsystem.MxSystem.closeConfig(MxSystem.java:899) ~[STM32CubeMX.jar:?]
	at com.st.microxplorer.maingui.MainPanel.closeConfig(MainPanel.java:789) ~[STM32CubeMX.jar:?]
	at com.st.microxplorer.plugins.filemanager.engine.OpenFileManager.loadConfigurationFile(OpenFileManager.java:287) ~[filemanager.jar:?]
	at com.st.microxplorer.plugins.filemanager.engine.MainFileManager.userLoadConfig(MainFileManager.java:341) ~[filemanager.jar:?]
	at com.st.microxplorer.plugins.filemanager.engine.MainFileManager.userLoadConfig(MainFileManager.java:319) ~[filemanager.jar:?]
	at com.st.microxplorer.plugins.filemanager.FileManagerView.getSpecificTask(FileManagerView.java:246) ~[filemanager.jar:?]
	at com.st.stm32cube.common.mx.editor.CubeMxEditor.getMxTabbedPaneInstance(CubeMxEditor.java:1198) ~[com.st.stm32cube.common.mx_6.14.1.202504091515/:?]
	at com.st.stm32cube.common.mx.editor.CubeMxEditor$12$1.createSwingComponent(CubeMxEditor.java:1068) ~[com.st.stm32cube.common.mx_6.14.1.202504091515/:?]
	at com.st.stm32cube.common.mx.oss.core.awtswtbridge.EmbeddedSwingComposite.doComponentCreation(EmbeddedSwingComposite.java:492) ~[com.st.stm32cube.common.mx.oss_6.14.1.202504091515/:?]
	at com.st.stm32cube.common.mx.oss.core.awtswtbridge.EmbeddedSwingComposite$4.run(EmbeddedSwingComposite.java:291) ~[com.st.stm32cube.common.mx.oss_6.14.1.202504091515/:?]
	at com.st.stm32cube.common.mx.oss.core.awtswtbridge.AwtEnvironment$2.run(AwtEnvironment.java:166) ~[com.st.stm32cube.common.mx.oss_6.14.1.202504091515/:?]
	at java.awt.event.InvocationEvent.dispatch(InvocationEvent.java:318) ~[?:?]
	at java.awt.EventQueue.dispatchEventImpl(EventQueue.java:773) ~[?:?]
	at java.awt.EventQueue$4.run(EventQueue.java:720) ~[?:?]
	at java.awt.EventQueue$4.run(EventQueue.java:714) ~[?:?]
	at java.security.AccessController.doPrivileged(AccessController.java:400) ~[?:?]
	at java.security.ProtectionDomain$JavaSecurityAccessImpl.doIntersectionPrivilege(ProtectionDomain.java:87) ~[?:?]
	at java.awt.EventQueue.dispatchEvent(EventQueue.java:742) ~[?:?]
	at java.awt.EventDispatchThread.pumpOneEventForFilters(EventDispatchThread.java:203) ~[?:?]
	at java.awt.EventDispatchThread.pumpEventsForFilter(EventDispatchThread.java:124) ~[?:?]
	at java.awt.EventDispatchThread.pumpEventsForHierarchy(EventDispatchThread.java:113) ~[?:?]
	at java.awt.EventDispatchThread.pumpEvents(EventDispatchThread.java:109) ~[?:?]
	at java.awt.EventDispatchThread.pumpEvents(EventDispatchThread.java:101) ~[?:?]
	at java.awt.EventDispatchThread.run(EventDispatchThread.java:90) ~[?:?]
2025-05-15 12:29:07,523 [WARN] ThirdParty:871 - waiting for thirdparty lock release [close project]
2025-05-15 12:29:07,524 [INFO] ThirdParty:873 - entering critical section [close project]
2025-05-15 12:29:07,524 [INFO] ThirdParty:883 - exiting critical section [close project]
2025-05-15 12:29:07,525 [INFO] PinOutPanel:1589 - setPackage(No Configuration,No Configuration)
2025-05-15 12:29:07,530 [WARN] IpParametersView:155 - Warning: This peripheral hasn't parameters
2025-05-15 12:29:07,536 [WARN] MainPanel:289 - <html><b><center>Warning: This peripheral has no parameters to be configured<br></b></html>
2025-05-15 12:29:07,539 [INFO] UtilMem:75 - Begin LoadConfig() Used Memory: 393233904 Bytes (898629632)
2025-05-15 12:29:07,539 [INFO] MicroXplorer:468 - Change Database Path : 
2025-05-15 12:29:07,539 [INFO] MicroXplorer:498 - Change Database Version : DB.6.0.141
2025-05-15 12:29:07,539 [INFO] OpenFileManager:354 - Change cursor
2025-05-15 12:29:07,573 [INFO] RulesReader:64 - Compatibility file has been processed (302 Rules)
2025-05-15 12:29:07,580 [INFO] Mcu:2011 - Initializing MCU STM32F407V(E-G)Tx STM32F407VGTx STM32F407VGT6
2025-05-15 12:29:09,158 [INFO] Context:756 - Trying to add GPIOservice into a context  which must be forbidden
2025-05-15 12:29:09,805 [INFO] ImportTextPane:218 - (OptionalMessage_ERROR) Pin35 (VP_RIF_VS_RIF1) cannot be retrieved for this MCU
2025-05-15 12:29:10,150 [INFO] RtosManager:558 - Registered RTOS mode: class=CMSIS, group=RTOS, mode=CMSIS_V1, owner=FREERTOS
2025-05-15 12:29:10,150 [INFO] RtosManager:558 - Registered RTOS mode: class=CMSIS, group=RTOS2, mode=CMSIS_V2, owner=FREERTOS
2025-05-15 12:29:10,151 [INFO] RtosManager:558 - Registered RTOS mode: class=RTOS, group=Core, mode=CMSIS_V1, owner=FREERTOS
2025-05-15 12:29:10,151 [INFO] RtosManager:558 - Registered RTOS mode: class=RTOS, group=Core, mode=CMSIS_V2, owner=FREERTOS
2025-05-15 12:29:10,151 [WARN] ModelIntegratedComponent:184 - Missing modes for component STMicroelectronics:FreeRTOS:0.0.1:STMicroelectronics:RTOS:FreeRTOS:Core:::10.2.0:
2025-05-15 12:29:10,169 [WARN] ModelIntegratedComponent:63 - No mode defined for component null
2025-05-15 12:29:10,169 [WARN] ModelIntegratedComponent:63 - No mode defined for component null
2025-05-15 12:29:10,169 [WARN] ModelIntegratedComponent:63 - No mode defined for component null
2025-05-15 12:29:10,169 [WARN] ModelIntegratedComponent:63 - No mode defined for component null
2025-05-15 12:29:10,169 [WARN] ModelIntegratedComponent:63 - No mode defined for component null
2025-05-15 12:29:10,169 [WARN] ModelIntegratedComponent:63 - No mode defined for component null
2025-05-15 12:29:10,169 [WARN] ModelIntegratedComponent:63 - No mode defined for component null
2025-05-15 12:29:10,169 [WARN] ModelIntegratedComponent:63 - No mode defined for component null
2025-05-15 12:29:10,169 [WARN] ModelIntegratedComponent:63 - No mode defined for component null
2025-05-15 12:29:10,170 [WARN] ModelIntegratedComponent:63 - No mode defined for component null
2025-05-15 12:29:10,170 [WARN] ModelIntegratedComponent:63 - No mode defined for component null
2025-05-15 12:29:10,170 [WARN] ModelIntegratedComponent:63 - No mode defined for component null
2025-05-15 12:29:10,170 [WARN] ModelIntegratedComponent:63 - No mode defined for component null
2025-05-15 12:29:10,170 [WARN] ModelIntegratedComponent:63 - No mode defined for component null
2025-05-15 12:29:10,170 [WARN] ModelIntegratedComponent:63 - No mode defined for component null
2025-05-15 12:29:10,170 [WARN] ModelIntegratedComponent:63 - No mode defined for component null
2025-05-15 12:29:10,170 [WARN] ModelIntegratedComponent:63 - No mode defined for component null
2025-05-15 12:29:10,170 [WARN] ModelIntegratedComponent:63 - No mode defined for component null
2025-05-15 12:29:10,171 [WARN] ModelIntegratedComponent:63 - No mode defined for component null
2025-05-15 12:29:10,171 [WARN] ModelIntegratedComponent:63 - No mode defined for component null
2025-05-15 12:29:10,171 [WARN] ModelIntegratedComponent:63 - No mode defined for component null
2025-05-15 12:29:10,171 [WARN] ModelIntegratedComponent:63 - No mode defined for component null
2025-05-15 12:29:10,171 [WARN] ModelIntegratedComponent:63 - No mode defined for component null
2025-05-15 12:29:10,171 [WARN] ModelIntegratedComponent:63 - No mode defined for component null
2025-05-15 12:29:10,171 [WARN] ModelIntegratedComponent:63 - No mode defined for component null
2025-05-15 12:29:10,171 [WARN] ModelIntegratedComponent:63 - No mode defined for component null
2025-05-15 12:29:10,171 [WARN] ModelIntegratedComponent:63 - No mode defined for component null
2025-05-15 12:29:10,171 [WARN] ModelIntegratedComponent:63 - No mode defined for component null
2025-05-15 12:29:10,171 [WARN] ModelIntegratedComponent:63 - No mode defined for component null
2025-05-15 12:29:10,172 [WARN] ModelIntegratedComponent:63 - No mode defined for component null
2025-05-15 12:29:10,172 [WARN] ModelIntegratedComponent:63 - No mode defined for component null
2025-05-15 12:29:10,172 [WARN] ModelIntegratedComponent:63 - No mode defined for component null
2025-05-15 12:29:10,172 [WARN] ModelIntegratedComponent:63 - No mode defined for component null
2025-05-15 12:29:10,172 [WARN] ModelIntegratedComponent:63 - No mode defined for component null
2025-05-15 12:29:10,172 [WARN] ModelIntegratedComponent:63 - No mode defined for component null
2025-05-15 12:29:10,173 [WARN] ModelPack:524 - Component already loaded: STMicroelectronics:HAL Drivers:0.0.0:STMicroelectronics:Device:STMicro_Driver:XSPI:HAL::0.0.1:HAL_XSPI
2025-05-15 12:29:10,357 [INFO] ThirdPartyModel:298 - Start build external matchings
2025-05-15 12:29:11,412 [INFO] ThirdPartyModel:316 - End build external matchings
2025-05-15 12:29:11,432 [INFO] ImportTextPane:218 - (OptionalMessage_ERROR) IP (RCC) : Parameter (RTCHSEDivFreq_Value) has invalid value (4000000)
2025-05-15 12:29:11,607 [INFO] UtilMem:75 - End LoadConfig() Used Memory: 599523760 Bytes (898629632)
2025-05-15 12:29:11,633 [WARN] ThirdParty:833 - waiting for thirdparty lock release [change project]
2025-05-15 12:29:11,633 [INFO] ThirdParty:835 - entering critical section [change project]
2025-05-15 12:29:11,633 [INFO] ThirdParty:1030 - CMSIS Pack Vendor :STMicroelectronics USBPD 4.1
2025-05-15 12:29:11,633 [INFO] ThirdParty:1030 - CMSIS Pack Vendor :STMicroelectronics X-CUBE-AZRTOS-H7 3.3.0
2025-05-15 12:29:11,633 [INFO] ThirdParty:1030 - CMSIS Pack Vendor :STMicroelectronics X-CUBE-NFC9 1.0.0
2025-05-15 12:29:11,633 [INFO] ThirdParty:1030 - CMSIS Pack Vendor :STMicroelectronics USB_HOST 2.0.0
2025-05-15 12:29:11,633 [INFO] ThirdParty:1030 - CMSIS Pack Vendor :STMicroelectronics FP-SNS-MOTENVWB1 1.4.0
2025-05-15 12:29:11,633 [INFO] ThirdParty:1030 - CMSIS Pack Vendor :STMicroelectronics X-CUBE-AZRTOS-F4 1.1.0
2025-05-15 12:29:11,633 [INFO] ThirdParty:1030 - CMSIS Pack Vendor :STMicroelectronics LIBJPEG 8.0.0
2025-05-15 12:29:11,633 [INFO] ThirdParty:1030 - CMSIS Pack Vendor :STMicroelectronics FP-ATR-ASTRA1 2.0.2
2025-05-15 12:29:11,634 [INFO] ThirdParty:1030 - CMSIS Pack Vendor :STMicroelectronics X-CUBE-BLE1 7.1.0
2025-05-15 12:29:11,634 [INFO] ThirdParty:1030 - CMSIS Pack Vendor :Avnet-IotConnect X-CUBE-IoTC-DA16k-PMOD 1.0.0
2025-05-15 12:29:11,634 [INFO] ThirdParty:1030 - CMSIS Pack Vendor :STMicroelectronics X-CUBE-SMBUS 2.1.0
2025-05-15 12:29:11,634 [INFO] ThirdParty:1030 - CMSIS Pack Vendor :STMicroelectronics X-CUBE-WB05N 1.1.0
2025-05-15 12:29:11,634 [INFO] ThirdParty:1030 - CMSIS Pack Vendor :wolfSSL I-CUBE-wolfMQTT 1.19.2
2025-05-15 12:29:11,634 [INFO] ThirdParty:1030 - CMSIS Pack Vendor :STMicroelectronics USB_DEVICE 3.0.0
2025-05-15 12:29:11,634 [INFO] ThirdParty:1030 - CMSIS Pack Vendor :STMicroelectronics X-CUBE-ISPU 2.1.0
2025-05-15 12:29:11,634 [INFO] ThirdParty:1030 - CMSIS Pack Vendor :STMicroelectronics X-CUBE-AZRTOS-WB 2.0.0
2025-05-15 12:29:11,634 [INFO] ThirdParty:1030 - CMSIS Pack Vendor :STMicroelectronics X-CUBE-GNSS1 7.0.1
2025-05-15 12:29:11,634 [INFO] ThirdParty:1030 - CMSIS Pack Vendor :STMicroelectronics X-CUBE-AZRTOS-F7 1.1.0
2025-05-15 12:29:11,634 [INFO] ThirdParty:1030 - CMSIS Pack Vendor :STMicroelectronics X-CUBE-AZRTOS-L5 2.0.0
2025-05-15 12:29:11,635 [INFO] ThirdParty:1030 - CMSIS Pack Vendor :STMicroelectronics X-CUBE-TOUCHGFX 4.25.0
2025-05-15 12:29:11,635 [INFO] ThirdParty:1030 - CMSIS Pack Vendor :STMicroelectronics USB_DEVICE 2.0.0
2025-05-15 12:29:11,635 [INFO] ThirdParty:1030 - CMSIS Pack Vendor :STMicroelectronics X-CUBE-NFC6 3.1.0
2025-05-15 12:29:11,635 [INFO] ThirdParty:1030 - CMSIS Pack Vendor :STMicroelectronics FP-SNS-STBOX1 2.0.0
2025-05-15 12:29:11,635 [INFO] ThirdParty:1030 - CMSIS Pack Vendor :STMicroelectronics X-CUBE-MEMS1 11.2.0
2025-05-15 12:29:11,635 [INFO] ThirdParty:1030 - CMSIS Pack Vendor :STMicroelectronics FreeRTOS 0.0.1
2025-05-15 12:29:11,635 [INFO] ThirdParty:1030 - CMSIS Pack Vendor :STMicroelectronics X-CUBE-AZRTOS-G0 1.1.0
2025-05-15 12:29:11,635 [INFO] ThirdParty:1030 - CMSIS Pack Vendor :STMicroelectronics X-CUBE-SAFEA1 1.2.2
2025-05-15 12:29:11,635 [INFO] ThirdParty:1030 - CMSIS Pack Vendor :STMicroelectronics X-CUBE-NFC4 3.0.0
2025-05-15 12:29:11,635 [INFO] ThirdParty:1030 - CMSIS Pack Vendor :STMicroelectronics X-CUBE-SUBG2 5.0.0
2025-05-15 12:29:11,635 [INFO] ThirdParty:1030 - CMSIS Pack Vendor :STMicroelectronics X-CUBE-AZRTOS-H7RS 1.1.0
2025-05-15 12:29:11,635 [INFO] ThirdParty:1030 - CMSIS Pack Vendor :STMicroelectronics STM32_WPAN 1.0.0
2025-05-15 12:29:11,635 [INFO] ThirdParty:1030 - CMSIS Pack Vendor :EmbeddedOffice I-CUBE-FS-RTOS 1.0.1
2025-05-15 12:29:11,636 [INFO] ThirdParty:1030 - CMSIS Pack Vendor :STMicroelectronics lwIP 2.0.3
2025-05-15 12:29:11,636 [INFO] ThirdParty:1030 - CMSIS Pack Vendor :Cesanta I-CUBE-Mongoose 7.13.0
2025-05-15 12:29:11,636 [INFO] ThirdParty:1030 - CMSIS Pack Vendor :STMicroelectronics USB_HOST 1.0.0
2025-05-15 12:29:11,636 [INFO] ThirdParty:1030 - CMSIS Pack Vendor :Infineon AIROC-Wi-Fi-Bluetooth-STM32 1.7.0
2025-05-15 12:29:11,636 [INFO] ThirdParty:1030 - CMSIS Pack Vendor :STMicroelectronics X-CUBE-AZRTOS-G4 2.0.0
2025-05-15 12:29:11,636 [INFO] ThirdParty:1030 - CMSIS Pack Vendor :STMicroelectronics X-CUBE-WB05N 2.0.0
2025-05-15 12:29:11,636 [INFO] ThirdParty:1030 - CMSIS Pack Vendor :STMicroelectronics PDM2PCM 3.1.0
2025-05-15 12:29:11,636 [INFO] ThirdParty:1030 - CMSIS Pack Vendor :STMicroelectronics PDM2PCM 3.3.0
2025-05-15 12:29:11,636 [INFO] ThirdParty:1030 - CMSIS Pack Vendor :wolfSSL I-CUBE-wolfTPM 3.8.0
2025-05-15 12:29:11,636 [INFO] ThirdParty:1030 - CMSIS Pack Vendor :STMicroelectronics X-CUBE-DISPLAY 3.0.0
2025-05-15 12:29:11,636 [INFO] ThirdParty:1030 - CMSIS Pack Vendor :wolfSSL I-CUBE-wolfSSH 1.4.20
2025-05-15 12:29:11,636 [INFO] ThirdParty:1030 - CMSIS Pack Vendor :STMicroelectronics X-CUBE-NFC7 2.0.0
2025-05-15 12:29:11,636 [INFO] ThirdParty:1030 - CMSIS Pack Vendor :STMicroelectronics X-CUBE-TCPP 4.2.0
2025-05-15 12:29:11,637 [INFO] ThirdParty:1030 - CMSIS Pack Vendor :RealThread X-CUBE-RT-Thread_Nano 4.1.1
2025-05-15 12:29:11,637 [INFO] ThirdParty:1030 - CMSIS Pack Vendor :STMicroelectronics FP-ATR-SIGFOX1 3.2.0
2025-05-15 12:29:11,637 [INFO] ThirdParty:1030 - CMSIS Pack Vendor :STMicroelectronics X-CUBE-NFC10 1.0.0
2025-05-15 12:29:11,637 [INFO] ThirdParty:1030 - CMSIS Pack Vendor :STMicroelectronics X-CUBE-BLEMGR 4.0.0
2025-05-15 12:29:11,637 [INFO] ThirdParty:1030 - CMSIS Pack Vendor :STMicroelectronics X-CUBE-EEPRMA1 5.1.0
2025-05-15 12:29:11,637 [INFO] ThirdParty:1030 - CMSIS Pack Vendor :STMicroelectronics X-CUBE-FREERTOS 1.3.1
2025-05-15 12:29:11,637 [INFO] ThirdParty:1030 - CMSIS Pack Vendor :STMicroelectronics HAL Drivers 0.0.0
2025-05-15 12:29:11,637 [INFO] ThirdParty:1030 - CMSIS Pack Vendor :STMicroelectronics MBEDTLS 2.16.2
2025-05-15 12:29:11,638 [INFO] ThirdParty:1030 - CMSIS Pack Vendor :STMicroelectronics X-CUBE-IPS 3.1.0
2025-05-15 12:29:11,638 [INFO] ThirdParty:1030 - CMSIS Pack Vendor :STMicroelectronics X-CUBE-ALS 1.0.2
2025-05-15 12:29:11,638 [INFO] ThirdParty:1030 - CMSIS Pack Vendor :emotas I-CUBE-CANOPEN 1.3.0
2025-05-15 12:29:11,638 [INFO] ThirdParty:1030 - CMSIS Pack Vendor :STMicroelectronics X-CUBE-FREERTOS 1.3.0
2025-05-15 12:29:11,638 [INFO] ThirdParty:1030 - CMSIS Pack Vendor :STMicroelectronics X-CUBE-NFC7 1.0.1
2025-05-15 12:29:11,639 [INFO] ThirdParty:1030 - CMSIS Pack Vendor :STMicroelectronics MBEDTLS 2.14.1
2025-05-15 12:29:11,639 [INFO] ThirdParty:1030 - CMSIS Pack Vendor :wolfSSL I-CUBE-wolfSSL 5.7.6
2025-05-15 12:29:11,639 [INFO] ThirdParty:1030 - CMSIS Pack Vendor :ITTIA_DB I-CUBE-ITTIADB 8.9.0
2025-05-15 12:29:11,639 [INFO] ThirdParty:1030 - CMSIS Pack Vendor :portGmbH I-Cube-SoM-uGOAL 1.1.0
2025-05-15 12:29:11,639 [INFO] ThirdParty:1030 - CMSIS Pack Vendor :quantropi X-CUBE-qispace-sdk-base 2.0.0
2025-05-15 12:29:11,639 [INFO] ThirdParty:1030 - CMSIS Pack Vendor :STMicroelectronics X-CUBE-AI 10.0.0
2025-05-15 12:29:11,639 [INFO] ThirdParty:1030 - CMSIS Pack Vendor :STMicroelectronics ThreadX 1.0.0
2025-05-15 12:29:11,639 [INFO] ThirdParty:1030 - CMSIS Pack Vendor :STMicroelectronics FP-SNS-SMARTAG2 1.2.0
2025-05-15 12:29:11,639 [INFO] ThirdParty:1030 - CMSIS Pack Vendor :STMicroelectronics FP-SNS-FLIGHT1 5.1.0
2025-05-15 12:29:11,639 [INFO] ThirdParty:1030 - CMSIS Pack Vendor :STMicroelectronics X-CUBE-MEMS1 11.1.0
2025-05-15 12:29:11,639 [INFO] ThirdParty:1030 - CMSIS Pack Vendor :STMicroelectronics X-CUBE-AZRTOS-WL 2.0.0
2025-05-15 12:29:11,639 [INFO] ThirdParty:1030 - CMSIS Pack Vendor :SEGGER I-CUBE-embOS 1.3.1
2025-05-15 12:29:11,639 [INFO] ThirdParty:1030 - CMSIS Pack Vendor :STMicroelectronics X-CUBE-ALGOBUILD 1.4.0
2025-05-15 12:29:11,639 [INFO] ThirdParty:1030 - CMSIS Pack Vendor :STMicroelectronics X-CUBE-DPower 1.3.0
2025-05-15 12:29:11,639 [INFO] ThirdParty:1030 - CMSIS Pack Vendor :STMicroelectronics FP-SNS-MOTENV1 5.0.0
2025-05-15 12:29:11,639 [INFO] ThirdParty:1030 - CMSIS Pack Vendor :STMicroelectronics USB_DEVICE 1.0.0
2025-05-15 12:29:11,639 [INFO] ThirdParty:1030 - CMSIS Pack Vendor :STMicroelectronics X-CUBE-AZRTOS-L4 2.0.0
2025-05-15 12:29:11,640 [INFO] ThirdParty:1030 - CMSIS Pack Vendor :STMicroelectronics ThreadX 0.0.2
2025-05-15 12:29:11,640 [INFO] ThirdParty:1030 - CMSIS Pack Vendor :WES I-CUBE-Cesium 1.3.0
2025-05-15 12:29:11,640 [INFO] ThirdParty:1030 - CMSIS Pack Vendor :STMicroelectronics lwIP 2.1.2
2025-05-15 12:29:11,640 [INFO] ThirdParty:1030 - CMSIS Pack Vendor :STMicroelectronics X-CUBE-SFXS2LP1 4.0.0
2025-05-15 12:29:11,640 [INFO] ThirdParty:1030 - CMSIS Pack Vendor :STMicroelectronics X-CUBE-BLE2 3.3.0
2025-05-15 12:29:11,640 [INFO] ThirdParty:1030 - CMSIS Pack Vendor :STMicroelectronics X-CUBE-TOF1 3.4.2
2025-05-15 12:29:11,640 [INFO] ThirdParty:1030 - CMSIS Pack Vendor :STMicroelectronics X-CUBE-TOF1 3.4.3
2025-05-15 12:29:11,640 [INFO] ThirdParty:1030 - CMSIS Pack Vendor :STMicroelectronics PDM2PCM 3.2.0
2025-05-15 12:29:11,640 [INFO] ThirdParty:841 - exiting critical section [change project]
2025-05-15 12:29:11,963 [INFO] PinOutPanel:1589 - setPackage(No Configuration,No Configuration)
2025-05-15 12:29:11,964 [INFO] PinOutPanel:1589 - setPackage(STM32F407VGTx,LQFP100)
2025-05-15 12:29:12,254 [INFO] UtilMem:75 - Before build in PCC Used Memory: 400429856 Bytes (898629632)
2025-05-15 12:29:12,484 [INFO] UtilMem:75 - After build in PCC Used Memory: 448138016 Bytes (898629632)
2025-05-15 12:29:12,490 [INFO] ApiDbMcu:508 - Load IP Config File for USB_HOST
2025-05-15 12:29:12,490 [WARN] BspModel:444 - BSP dependency skipped because of component: name='IOExpander', api='Unknown'
2025-05-15 12:29:12,511 [INFO] IPUIPlugin:80 - create IPUIPlugin
2025-05-15 12:29:12,512 [INFO] IPUIPlugin:80 - create IPUIPlugin
2025-05-15 12:29:12,512 [INFO] IPUIPlugin:80 - create IPUIPlugin
2025-05-15 12:29:12,512 [INFO] IPUIPlugin:80 - create IPUIPlugin
2025-05-15 12:29:12,512 [INFO] IPUIPlugin:80 - create IPUIPlugin
2025-05-15 12:29:12,512 [INFO] IPUIPlugin:80 - create IPUIPlugin
2025-05-15 12:29:12,513 [INFO] IPUIPlugin:80 - create IPUIPlugin
2025-05-15 12:29:12,513 [INFO] IPUIPlugin:80 - create IPUIPlugin
2025-05-15 12:29:12,513 [INFO] IPUIPlugin:80 - create IPUIPlugin
2025-05-15 12:29:12,513 [INFO] IPUIPlugin:80 - create IPUIPlugin
2025-05-15 12:29:12,514 [INFO] IPUIPlugin:80 - create IPUIPlugin
2025-05-15 12:29:12,514 [INFO] IPUIPlugin:80 - create IPUIPlugin
2025-05-15 12:29:12,514 [INFO] IPUIPlugin:80 - create IPUIPlugin
2025-05-15 12:29:12,514 [INFO] IPUIPlugin:80 - create IPUIPlugin
2025-05-15 12:29:12,515 [INFO] IPUIPlugin:80 - create IPUIPlugin
2025-05-15 12:29:12,515 [INFO] IPUIPlugin:80 - create IPUIPlugin
2025-05-15 12:29:12,515 [INFO] IPUIPlugin:80 - create IPUIPlugin
2025-05-15 12:29:12,515 [INFO] IPUIPlugin:80 - create IPUIPlugin
2025-05-15 12:29:12,515 [INFO] IPUIPlugin:80 - create IPUIPlugin
2025-05-15 12:29:12,515 [INFO] IPUIPlugin:80 - create IPUIPlugin
2025-05-15 12:29:12,516 [INFO] IPUIPlugin:80 - create IPUIPlugin
2025-05-15 12:29:12,516 [INFO] IPUIPlugin:80 - create IPUIPlugin
2025-05-15 12:29:12,516 [INFO] IPUIPlugin:80 - create IPUIPlugin
2025-05-15 12:29:12,516 [INFO] IPUIPlugin:80 - create IPUIPlugin
2025-05-15 12:29:12,516 [INFO] IPUIPlugin:80 - create IPUIPlugin
2025-05-15 12:29:12,516 [INFO] IPUIPlugin:80 - create IPUIPlugin
2025-05-15 12:29:12,517 [INFO] IPUIPlugin:80 - create IPUIPlugin
2025-05-15 12:29:12,517 [INFO] IPUIPlugin:80 - create IPUIPlugin
2025-05-15 12:29:12,517 [INFO] IPUIPlugin:80 - create IPUIPlugin
2025-05-15 12:29:12,517 [INFO] IPUIPlugin:80 - create IPUIPlugin
2025-05-15 12:29:12,517 [INFO] IPUIPlugin:80 - create IPUIPlugin
2025-05-15 12:29:12,518 [INFO] IPUIPlugin:80 - create IPUIPlugin
2025-05-15 12:29:12,518 [INFO] IPUIPlugin:80 - create IPUIPlugin
2025-05-15 12:29:12,518 [INFO] IPUIPlugin:80 - create IPUIPlugin
2025-05-15 12:29:12,518 [INFO] IPUIPlugin:80 - create IPUIPlugin
2025-05-15 12:29:12,518 [INFO] IPUIPlugin:80 - create IPUIPlugin
2025-05-15 12:29:12,518 [INFO] IPUIPlugin:80 - create IPUIPlugin
2025-05-15 12:29:12,518 [INFO] IPUIPlugin:80 - create IPUIPlugin
2025-05-15 12:29:12,518 [INFO] IPUIPlugin:80 - create IPUIPlugin
2025-05-15 12:29:12,519 [INFO] IPUIPlugin:80 - create IPUIPlugin
2025-05-15 12:29:12,519 [INFO] IPUIPlugin:80 - create IPUIPlugin
2025-05-15 12:29:12,519 [INFO] IPUIPlugin:80 - create IPUIPlugin
2025-05-15 12:29:12,519 [INFO] IPUIPlugin:80 - create IPUIPlugin
2025-05-15 12:29:12,519 [INFO] IPUIPlugin:80 - create IPUIPlugin
2025-05-15 12:29:12,519 [INFO] IPUIPlugin:80 - create IPUIPlugin
2025-05-15 12:29:12,519 [INFO] IPUIPlugin:80 - create IPUIPlugin
2025-05-15 12:29:12,519 [INFO] IPUIPlugin:80 - create IPUIPlugin
2025-05-15 12:29:12,520 [INFO] IPUIPlugin:80 - create IPUIPlugin
2025-05-15 12:29:12,520 [INFO] IPUIPlugin:80 - create IPUIPlugin
2025-05-15 12:29:12,520 [INFO] IPUIPlugin:80 - create IPUIPlugin
2025-05-15 12:29:12,520 [INFO] IPUIPlugin:80 - create IPUIPlugin
2025-05-15 12:29:12,521 [INFO] IPUIPlugin:80 - create IPUIPlugin
2025-05-15 12:29:12,521 [INFO] IPUIPlugin:80 - create IPUIPlugin
2025-05-15 12:29:12,521 [INFO] IPUIPlugin:80 - create IPUIPlugin
2025-05-15 12:29:12,522 [INFO] IPUIPlugin:80 - create IPUIPlugin
2025-05-15 12:29:12,522 [INFO] IPUIPlugin:80 - create IPUIPlugin
2025-05-15 12:29:12,522 [INFO] IPUIPlugin:80 - create IPUIPlugin
2025-05-15 12:29:12,523 [INFO] IPUIPlugin:80 - create IPUIPlugin
2025-05-15 12:29:12,526 [INFO] ApiDbMcu:508 - Load IP Config File for PDM2PCM
2025-05-15 12:29:12,527 [WARN] IP:2250 - I2C_Coeff_DF not found: check if there is a RefParameter without a condition.
2025-05-15 12:29:12,527 [WARN] IP:2250 - Analog_Filter not found: check if there is a RefParameter without a condition.
2025-05-15 12:29:12,581 [INFO] CADModel:165 - CPN selected for project levelSTM32F407VGT6
2025-05-15 12:29:12,581 [INFO] CADModel:114 - Register for checkConnection events
2025-05-15 12:29:12,623 [INFO] OpenFileManager:385 - Restore cursor
2025-05-15 12:29:12,816 [WARN] IP:2250 - I2C_Coeff_DF not found: check if there is a RefParameter without a condition.
2025-05-15 12:29:12,816 [WARN] IP:2250 - Analog_Filter not found: check if there is a RefParameter without a condition.
2025-05-15 12:29:12,816 [WARN] IP:2250 - I2C_Coeff_DF not found: check if there is a RefParameter without a condition.
2025-05-15 12:29:12,816 [WARN] IP:2250 - Analog_Filter not found: check if there is a RefParameter without a condition.
2025-05-15 12:29:13,023 [INFO] UtilMem:75 - End SaveConfig() Used Memory: 584979232 Bytes (898629632)
2025-05-15 12:29:13,141 [INFO] UtilMem:75 - End SaveConfig() Used Memory: 606999328 Bytes (898629632)
2025-05-15 12:29:13,712 [INFO] BlockDiagram:2775 - set Specific Code input for plugin: SPI
2025-05-15 12:29:13,712 [INFO] BlockDiagram:2775 - set Specific Code input for plugin: SYS
2025-05-15 12:29:13,712 [INFO] BlockDiagram:2775 - set Specific Code input for plugin: RCC
2025-05-15 12:29:13,712 [INFO] BlockDiagram:2775 - set Specific Code input for plugin: I2C
2025-05-15 12:29:13,712 [INFO] BlockDiagram:2775 - set Specific Code input for plugin: USB_OTG_FS
2025-05-15 12:29:13,712 [INFO] BlockDiagram:2775 - set Specific Code input for plugin: NVIC
2025-05-15 12:29:13,712 [INFO] BlockDiagram:2775 - set Specific Code input for plugin: USB_HOST
2025-05-15 12:29:13,712 [INFO] BlockDiagram:2775 - set Specific Code input for plugin: DAC
2025-05-15 12:29:13,712 [INFO] BlockDiagram:2775 - set Specific Code input for plugin: GPIO
2025-05-15 12:29:13,712 [INFO] CodeGenerator:882 - code generatio: config db path: /Applications/STM32CubeIDE.app/Contents/Eclipse/plugins/com.st.stm32cube.common.mx_6.14.1.202504091515//db/
2025-05-15 12:29:13,715 [WARN] IP:2250 - I2C_Coeff_DF not found: check if there is a RefParameter without a condition.
2025-05-15 12:29:13,715 [WARN] IP:2250 - Analog_Filter not found: check if there is a RefParameter without a condition.
2025-05-15 12:29:13,932 [INFO] CodeEngine:263 - oldGeneratedFile, /Users/winstonhar/ENCE-3231/Phase A/Projects/2025_STM32F407_DAC_SingleDMA/MXTmpFiles/license.tmp_save
2025-05-15 12:29:14,109 [INFO] CodeEngine:287 - Generated code: /Users/winstonhar/ENCE-3231/Phase A/Projects/2025_STM32F407_DAC_SingleDMA/MXTmpFiles/license.tmp
2025-05-15 12:29:14,159 [INFO] CodeEngine:263 - oldGeneratedFile, /Users/winstonhar/ENCE-3231/Phase A/Projects/2025_STM32F407_DAC_SingleDMA/MXTmpFiles/gpio.tmp_save
2025-05-15 12:29:14,245 [INFO] CodeEngine:287 - Generated code: /Users/winstonhar/ENCE-3231/Phase A/Projects/2025_STM32F407_DAC_SingleDMA/MXTmpFiles/gpio.tmp
2025-05-15 12:29:14,305 [WARN] IPConfigManager:3217 - Warning: the RefConfig PWREx_EnableUSBVoltageDetector is not available in your config.xml file
2025-05-15 12:29:14,311 [INFO] CodeEngine:263 - oldGeneratedFile, /Users/winstonhar/ENCE-3231/Phase A/Projects/2025_STM32F407_DAC_SingleDMA/MXTmpFiles/usb_otg_fs_vars.tmp_save
2025-05-15 12:29:14,398 [INFO] CodeEngine:287 - Generated code: /Users/winstonhar/ENCE-3231/Phase A/Projects/2025_STM32F407_DAC_SingleDMA/MXTmpFiles/usb_otg_fs_vars.tmp
2025-05-15 12:29:14,401 [INFO] CodeEngine:263 - oldGeneratedFile, /Users/winstonhar/ENCE-3231/Phase A/Projects/2025_STM32F407_DAC_SingleDMA/MXTmpFiles/usb_otg_fs_inc.tmp_save
2025-05-15 12:29:14,468 [INFO] CodeEngine:287 - Generated code: /Users/winstonhar/ENCE-3231/Phase A/Projects/2025_STM32F407_DAC_SingleDMA/MXTmpFiles/usb_otg_fs_inc.tmp
2025-05-15 12:29:14,470 [INFO] CodeEngine:263 - oldGeneratedFile, /Users/winstonhar/ENCE-3231/Phase A/Projects/2025_STM32F407_DAC_SingleDMA/MXTmpFiles/usb_otg_fs_HalInit.tmp_save
2025-05-15 12:29:14,580 [INFO] CodeEngine:287 - Generated code: /Users/winstonhar/ENCE-3231/Phase A/Projects/2025_STM32F407_DAC_SingleDMA/MXTmpFiles/usb_otg_fs_HalInit.tmp
2025-05-15 12:29:14,581 [INFO] CodeEngine:263 - oldGeneratedFile, /Users/winstonhar/ENCE-3231/Phase A/Projects/2025_STM32F407_DAC_SingleDMA/MXTmpFiles/usb_otg_fs_Msp.tmp_save
2025-05-15 12:29:14,665 [INFO] CodeEngine:287 - Generated code: /Users/winstonhar/ENCE-3231/Phase A/Projects/2025_STM32F407_DAC_SingleDMA/MXTmpFiles/usb_otg_fs_Msp.tmp
2025-05-15 12:29:14,863 [INFO] CodeEngine:263 - oldGeneratedFile, /Users/winstonhar/ENCE-3231/Phase A/Projects/2025_STM32F407_DAC_SingleDMA/USB_HOST/App/usb_host.c_save
2025-05-15 12:29:14,940 [INFO] CodeEngine:287 - Generated code: /Users/winstonhar/ENCE-3231/Phase A/Projects/2025_STM32F407_DAC_SingleDMA/USB_HOST/App/usb_host.c
2025-05-15 12:29:14,944 [INFO] CodeEngine:263 - oldGeneratedFile, /Users/winstonhar/ENCE-3231/Phase A/Projects/2025_STM32F407_DAC_SingleDMA/USB_HOST/App/usb_host.h_save
2025-05-15 12:29:15,021 [INFO] CodeEngine:287 - Generated code: /Users/winstonhar/ENCE-3231/Phase A/Projects/2025_STM32F407_DAC_SingleDMA/USB_HOST/App/usb_host.h
2025-05-15 12:29:15,023 [INFO] CodeEngine:263 - oldGeneratedFile, /Users/winstonhar/ENCE-3231/Phase A/Projects/2025_STM32F407_DAC_SingleDMA/USB_HOST/Target/usbh_conf.h_save
2025-05-15 12:29:15,098 [INFO] CodeEngine:287 - Generated code: /Users/winstonhar/ENCE-3231/Phase A/Projects/2025_STM32F407_DAC_SingleDMA/USB_HOST/Target/usbh_conf.h
2025-05-15 12:29:15,101 [INFO] CodeEngine:263 - oldGeneratedFile, /Users/winstonhar/ENCE-3231/Phase A/Projects/2025_STM32F407_DAC_SingleDMA/USB_HOST/Target/usbh_conf.c_save
2025-05-15 12:29:15,174 [INFO] CodeEngine:287 - Generated code: /Users/winstonhar/ENCE-3231/Phase A/Projects/2025_STM32F407_DAC_SingleDMA/USB_HOST/Target/usbh_conf.c
2025-05-15 12:29:15,177 [INFO] CodeEngine:263 - oldGeneratedFile, /Users/winstonhar/ENCE-3231/Phase A/Projects/2025_STM32F407_DAC_SingleDMA/USB_HOST/Target/usbh_platform.c_save
2025-05-15 12:29:15,247 [INFO] CodeEngine:287 - Generated code: /Users/winstonhar/ENCE-3231/Phase A/Projects/2025_STM32F407_DAC_SingleDMA/USB_HOST/Target/usbh_platform.c
2025-05-15 12:29:15,250 [INFO] CodeEngine:263 - oldGeneratedFile, /Users/winstonhar/ENCE-3231/Phase A/Projects/2025_STM32F407_DAC_SingleDMA/USB_HOST/Target/usbh_platform.h_save
2025-05-15 12:29:15,316 [INFO] CodeEngine:287 - Generated code: /Users/winstonhar/ENCE-3231/Phase A/Projects/2025_STM32F407_DAC_SingleDMA/USB_HOST/Target/usbh_platform.h
2025-05-15 12:29:15,325 [INFO] CodeEngine:263 - oldGeneratedFile, /Users/winstonhar/ENCE-3231/Phase A/Projects/2025_STM32F407_DAC_SingleDMA/Core/Src/stm32f4xx_it.c_save
2025-05-15 12:29:15,550 [INFO] CodeEngine:287 - Generated code: /Users/winstonhar/ENCE-3231/Phase A/Projects/2025_STM32F407_DAC_SingleDMA/Core/Src/stm32f4xx_it.c
2025-05-15 12:29:15,552 [INFO] CodeEngine:263 - oldGeneratedFile, /Users/winstonhar/ENCE-3231/Phase A/Projects/2025_STM32F407_DAC_SingleDMA/Core/Inc/stm32f4xx_it.h_save
2025-05-15 12:29:15,607 [INFO] CodeEngine:287 - Generated code: /Users/winstonhar/ENCE-3231/Phase A/Projects/2025_STM32F407_DAC_SingleDMA/Core/Inc/stm32f4xx_it.h
2025-05-15 12:29:15,617 [INFO] CodeEngine:263 - oldGeneratedFile, /Users/winstonhar/ENCE-3231/Phase A/Projects/2025_STM32F407_DAC_SingleDMA/Core/Src/stm32f4xx_hal_msp.c_save
2025-05-15 12:29:15,697 [INFO] CodeEngine:287 - Generated code: /Users/winstonhar/ENCE-3231/Phase A/Projects/2025_STM32F407_DAC_SingleDMA/Core/Src/stm32f4xx_hal_msp.c
2025-05-15 12:29:15,700 [INFO] CodeEngine:263 - oldGeneratedFile, /Users/winstonhar/ENCE-3231/Phase A/Projects/2025_STM32F407_DAC_SingleDMA/MXTmpFiles/system.tmp_save
2025-05-15 12:29:15,747 [INFO] CodeEngine:287 - Generated code: /Users/winstonhar/ENCE-3231/Phase A/Projects/2025_STM32F407_DAC_SingleDMA/MXTmpFiles/system.tmp
2025-05-15 12:29:15,751 [INFO] CodeEngine:319 - oldGeneratedFile, /Users/winstonhar/ENCE-3231/Phase A/Projects/2025_STM32F407_DAC_SingleDMA/Core/Inc/stm32f4xx_hal_conf.h_save
2025-05-15 12:29:15,804 [INFO] CodeEngine:343 - Generated code: /Users/winstonhar/ENCE-3231/Phase A/Projects/2025_STM32F407_DAC_SingleDMA/Core/Inc/stm32f4xx_hal_conf.h
2025-05-15 12:29:15,821 [INFO] ApiDbMcu:508 - Load IP Config File for DAC
2025-05-15 12:29:15,824 [INFO] ApiDbMcu:508 - Load IP Config File for I2C1
2025-05-15 12:29:15,826 [INFO] ApiDbMcu:508 - Load IP Config File for SPI1
2025-05-15 12:29:15,828 [INFO] ApiDbMcu:508 - Load IP Config File for RCC
2025-05-15 12:29:15,834 [INFO] CodeEngine:263 - oldGeneratedFile, /Users/winstonhar/ENCE-3231/Phase A/Projects/2025_STM32F407_DAC_SingleDMA/Core/Inc/main.h_save
2025-05-15 12:29:15,923 [INFO] CodeEngine:287 - Generated code: /Users/winstonhar/ENCE-3231/Phase A/Projects/2025_STM32F407_DAC_SingleDMA/Core/Inc/main.h
2025-05-15 12:29:15,926 [INFO] CodeEngine:263 - oldGeneratedFile, /Users/winstonhar/ENCE-3231/Phase A/Projects/2025_STM32F407_DAC_SingleDMA/Core/Src/main.c_save
2025-05-15 12:29:16,035 [INFO] CodeEngine:287 - Generated code: /Users/winstonhar/ENCE-3231/Phase A/Projects/2025_STM32F407_DAC_SingleDMA/Core/Src/main.c
2025-05-15 12:29:16,475 [INFO] ProjectBuilder:3324 - Time for Copy HAL[1] : 191mS.
2025-05-15 12:29:16,480 [INFO] ProjectBuilder:4912 - Project Generator version: 4.6.0.1-B1
2025-05-15 12:29:16,649 [INFO] ConfigFileManager:1590 - The Die is : DIE413
2025-05-15 12:29:16,654 [INFO] ApiDbMcu:508 - Load IP Config File for FATFS
2025-05-15 12:29:16,660 [INFO] ApiDbMcu:508 - Load IP Config File for FREERTOS
2025-05-15 12:29:16,663 [INFO] ApiDbMcu:508 - Load IP Config File for LIBJPEG
2025-05-15 12:29:16,670 [INFO] ApiDbMcu:508 - Load IP Config File for LWIP
2025-05-15 12:29:16,678 [INFO] ApiDbMcu:508 - Load IP Config File for MBEDTLS
2025-05-15 12:29:16,687 [INFO] ApiDbMcu:508 - Load IP Config File for USB_DEVICE
2025-05-15 12:29:18,508 [INFO] ProjectBuilder:5191 - Time for Generating toolchain IDE Files: 2028mS.
2025-05-15 12:29:18,509 [INFO] ProjectBuilder:3181 - Time for Copy CMSIS : 1mS.
2025-05-15 12:29:18,512 [INFO] ProjectBuilder:3181 - Time for Copy CMSIS : 0mS.
2025-05-15 12:29:19,086 [INFO] McuFinderGlobals:76 - Set McuFinderConnectedMode to true
2025-05-15 12:29:19,118 [INFO] ApiDb:448 - Save user favorites file /Users/winstonhar/.stm32cubeide/favorites.mcus.txt: 1 item(s)
2025-05-15 12:29:19,119 [INFO] ApiDb:452 - User favorites MCUs=[STM32F103RCT6]
2025-05-15 12:30:38,348 [INFO] NvicIntPanel:101 - NVIC parent = com.st.microxplorer.plugins.ip.nvic.MultiNvicIntPanel[,0,0,0x0,invalid,layout=javax.swing.BoxLayout,alignmentX=0.0,alignmentY=0.0,border=,flags=9,maximumSize=,minimumSize=,preferredSize=]
2025-05-15 12:30:44,968 [INFO] UtilMem:75 - End SaveConfig() Used Memory: 630538208 Bytes (898629632)
2025-05-15 12:30:45,077 [INFO] UtilMem:75 - End SaveConfig() Used Memory: 652036064 Bytes (898629632)
2025-05-15 12:30:45,291 [INFO] UtilMem:75 - End SaveConfig() Used Memory: 678772704 Bytes (898629632)
2025-05-15 12:30:45,472 [INFO] BlockDiagram:2775 - set Specific Code input for plugin: SPI
2025-05-15 12:30:45,473 [INFO] BlockDiagram:2775 - set Specific Code input for plugin: SYS
2025-05-15 12:30:45,473 [INFO] BlockDiagram:2775 - set Specific Code input for plugin: RCC
2025-05-15 12:30:45,473 [INFO] BlockDiagram:2775 - set Specific Code input for plugin: I2C
2025-05-15 12:30:45,474 [INFO] BlockDiagram:2775 - set Specific Code input for plugin: USB_OTG_FS
2025-05-15 12:30:45,474 [INFO] BlockDiagram:2775 - set Specific Code input for plugin: NVIC
2025-05-15 12:30:45,474 [INFO] BlockDiagram:2775 - set Specific Code input for plugin: USB_HOST
2025-05-15 12:30:45,474 [INFO] BlockDiagram:2775 - set Specific Code input for plugin: DAC
2025-05-15 12:30:45,476 [INFO] BlockDiagram:2775 - set Specific Code input for plugin: GPIO
2025-05-15 12:30:45,477 [INFO] CodeGenerator:882 - code generatio: config db path: /Applications/STM32CubeIDE.app/Contents/Eclipse/plugins/com.st.stm32cube.common.mx_6.14.1.202504091515//db/
2025-05-15 12:30:45,480 [WARN] IP:2250 - I2C_Coeff_DF not found: check if there is a RefParameter without a condition.
2025-05-15 12:30:45,480 [WARN] IP:2250 - Analog_Filter not found: check if there is a RefParameter without a condition.
2025-05-15 12:30:45,598 [INFO] CodeEngine:263 - oldGeneratedFile, /Users/winstonhar/ENCE-3231/Phase A/Projects/2025_STM32F407_DAC_SingleDMA/MXTmpFiles/license.tmp_save
2025-05-15 12:30:45,660 [INFO] CodeEngine:287 - Generated code: /Users/winstonhar/ENCE-3231/Phase A/Projects/2025_STM32F407_DAC_SingleDMA/MXTmpFiles/license.tmp
2025-05-15 12:30:45,690 [INFO] CodeEngine:263 - oldGeneratedFile, /Users/winstonhar/ENCE-3231/Phase A/Projects/2025_STM32F407_DAC_SingleDMA/MXTmpFiles/gpio.tmp_save
2025-05-15 12:30:45,755 [INFO] CodeEngine:287 - Generated code: /Users/winstonhar/ENCE-3231/Phase A/Projects/2025_STM32F407_DAC_SingleDMA/MXTmpFiles/gpio.tmp
2025-05-15 12:30:45,814 [WARN] IPConfigManager:3217 - Warning: the RefConfig PWREx_EnableUSBVoltageDetector is not available in your config.xml file
2025-05-15 12:30:45,819 [INFO] CodeEngine:263 - oldGeneratedFile, /Users/winstonhar/ENCE-3231/Phase A/Projects/2025_STM32F407_DAC_SingleDMA/MXTmpFiles/usb_otg_fs_vars.tmp_save
2025-05-15 12:30:45,877 [INFO] CodeEngine:287 - Generated code: /Users/winstonhar/ENCE-3231/Phase A/Projects/2025_STM32F407_DAC_SingleDMA/MXTmpFiles/usb_otg_fs_vars.tmp
2025-05-15 12:30:45,879 [INFO] CodeEngine:263 - oldGeneratedFile, /Users/winstonhar/ENCE-3231/Phase A/Projects/2025_STM32F407_DAC_SingleDMA/MXTmpFiles/usb_otg_fs_inc.tmp_save
2025-05-15 12:30:45,935 [INFO] CodeEngine:287 - Generated code: /Users/winstonhar/ENCE-3231/Phase A/Projects/2025_STM32F407_DAC_SingleDMA/MXTmpFiles/usb_otg_fs_inc.tmp
2025-05-15 12:30:45,936 [INFO] CodeEngine:263 - oldGeneratedFile, /Users/winstonhar/ENCE-3231/Phase A/Projects/2025_STM32F407_DAC_SingleDMA/MXTmpFiles/usb_otg_fs_HalInit.tmp_save
2025-05-15 12:30:46,005 [INFO] CodeEngine:287 - Generated code: /Users/winstonhar/ENCE-3231/Phase A/Projects/2025_STM32F407_DAC_SingleDMA/MXTmpFiles/usb_otg_fs_HalInit.tmp
2025-05-15 12:30:46,007 [INFO] CodeEngine:263 - oldGeneratedFile, /Users/winstonhar/ENCE-3231/Phase A/Projects/2025_STM32F407_DAC_SingleDMA/MXTmpFiles/usb_otg_fs_Msp.tmp_save
2025-05-15 12:30:46,082 [INFO] CodeEngine:287 - Generated code: /Users/winstonhar/ENCE-3231/Phase A/Projects/2025_STM32F407_DAC_SingleDMA/MXTmpFiles/usb_otg_fs_Msp.tmp
2025-05-15 12:30:46,263 [INFO] CodeEngine:263 - oldGeneratedFile, /Users/winstonhar/ENCE-3231/Phase A/Projects/2025_STM32F407_DAC_SingleDMA/USB_HOST/App/usb_host.c_save
2025-05-15 12:30:46,332 [INFO] CodeEngine:287 - Generated code: /Users/winstonhar/ENCE-3231/Phase A/Projects/2025_STM32F407_DAC_SingleDMA/USB_HOST/App/usb_host.c
2025-05-15 12:30:46,335 [INFO] CodeEngine:263 - oldGeneratedFile, /Users/winstonhar/ENCE-3231/Phase A/Projects/2025_STM32F407_DAC_SingleDMA/USB_HOST/App/usb_host.h_save
2025-05-15 12:30:46,396 [INFO] CodeEngine:287 - Generated code: /Users/winstonhar/ENCE-3231/Phase A/Projects/2025_STM32F407_DAC_SingleDMA/USB_HOST/App/usb_host.h
2025-05-15 12:30:46,399 [INFO] CodeEngine:263 - oldGeneratedFile, /Users/winstonhar/ENCE-3231/Phase A/Projects/2025_STM32F407_DAC_SingleDMA/USB_HOST/Target/usbh_conf.h_save
2025-05-15 12:30:46,461 [INFO] CodeEngine:287 - Generated code: /Users/winstonhar/ENCE-3231/Phase A/Projects/2025_STM32F407_DAC_SingleDMA/USB_HOST/Target/usbh_conf.h
2025-05-15 12:30:46,463 [INFO] CodeEngine:263 - oldGeneratedFile, /Users/winstonhar/ENCE-3231/Phase A/Projects/2025_STM32F407_DAC_SingleDMA/USB_HOST/Target/usbh_conf.c_save
2025-05-15 12:30:46,530 [INFO] CodeEngine:287 - Generated code: /Users/winstonhar/ENCE-3231/Phase A/Projects/2025_STM32F407_DAC_SingleDMA/USB_HOST/Target/usbh_conf.c
2025-05-15 12:30:46,533 [INFO] CodeEngine:263 - oldGeneratedFile, /Users/winstonhar/ENCE-3231/Phase A/Projects/2025_STM32F407_DAC_SingleDMA/USB_HOST/Target/usbh_platform.c_save
2025-05-15 12:30:46,596 [INFO] CodeEngine:287 - Generated code: /Users/winstonhar/ENCE-3231/Phase A/Projects/2025_STM32F407_DAC_SingleDMA/USB_HOST/Target/usbh_platform.c
2025-05-15 12:30:46,598 [INFO] CodeEngine:263 - oldGeneratedFile, /Users/winstonhar/ENCE-3231/Phase A/Projects/2025_STM32F407_DAC_SingleDMA/USB_HOST/Target/usbh_platform.h_save
2025-05-15 12:30:46,662 [INFO] CodeEngine:287 - Generated code: /Users/winstonhar/ENCE-3231/Phase A/Projects/2025_STM32F407_DAC_SingleDMA/USB_HOST/Target/usbh_platform.h
2025-05-15 12:30:46,671 [INFO] CodeEngine:263 - oldGeneratedFile, /Users/winstonhar/ENCE-3231/Phase A/Projects/2025_STM32F407_DAC_SingleDMA/Core/Src/stm32f4xx_it.c_save
2025-05-15 12:30:46,738 [INFO] CodeEngine:287 - Generated code: /Users/winstonhar/ENCE-3231/Phase A/Projects/2025_STM32F407_DAC_SingleDMA/Core/Src/stm32f4xx_it.c
2025-05-15 12:30:46,741 [INFO] CodeEngine:263 - oldGeneratedFile, /Users/winstonhar/ENCE-3231/Phase A/Projects/2025_STM32F407_DAC_SingleDMA/Core/Inc/stm32f4xx_it.h_save
2025-05-15 12:30:46,802 [INFO] CodeEngine:287 - Generated code: /Users/winstonhar/ENCE-3231/Phase A/Projects/2025_STM32F407_DAC_SingleDMA/Core/Inc/stm32f4xx_it.h
2025-05-15 12:30:46,815 [INFO] CodeEngine:263 - oldGeneratedFile, /Users/winstonhar/ENCE-3231/Phase A/Projects/2025_STM32F407_DAC_SingleDMA/Core/Src/stm32f4xx_hal_msp.c_save
2025-05-15 12:30:46,907 [INFO] CodeEngine:287 - Generated code: /Users/winstonhar/ENCE-3231/Phase A/Projects/2025_STM32F407_DAC_SingleDMA/Core/Src/stm32f4xx_hal_msp.c
2025-05-15 12:30:46,910 [INFO] CodeEngine:263 - oldGeneratedFile, /Users/winstonhar/ENCE-3231/Phase A/Projects/2025_STM32F407_DAC_SingleDMA/MXTmpFiles/system.tmp_save
2025-05-15 12:30:46,969 [INFO] CodeEngine:287 - Generated code: /Users/winstonhar/ENCE-3231/Phase A/Projects/2025_STM32F407_DAC_SingleDMA/MXTmpFiles/system.tmp
2025-05-15 12:30:46,974 [INFO] CodeEngine:319 - oldGeneratedFile, /Users/winstonhar/ENCE-3231/Phase A/Projects/2025_STM32F407_DAC_SingleDMA/Core/Inc/stm32f4xx_hal_conf.h_save
2025-05-15 12:30:47,043 [INFO] CodeEngine:343 - Generated code: /Users/winstonhar/ENCE-3231/Phase A/Projects/2025_STM32F407_DAC_SingleDMA/Core/Inc/stm32f4xx_hal_conf.h
2025-05-15 12:30:47,066 [INFO] CodeEngine:263 - oldGeneratedFile, /Users/winstonhar/ENCE-3231/Phase A/Projects/2025_STM32F407_DAC_SingleDMA/Core/Inc/main.h_save
2025-05-15 12:30:47,129 [INFO] CodeEngine:287 - Generated code: /Users/winstonhar/ENCE-3231/Phase A/Projects/2025_STM32F407_DAC_SingleDMA/Core/Inc/main.h
2025-05-15 12:30:47,132 [INFO] CodeEngine:263 - oldGeneratedFile, /Users/winstonhar/ENCE-3231/Phase A/Projects/2025_STM32F407_DAC_SingleDMA/Core/Src/main.c_save
2025-05-15 12:30:47,236 [INFO] CodeEngine:287 - Generated code: /Users/winstonhar/ENCE-3231/Phase A/Projects/2025_STM32F407_DAC_SingleDMA/Core/Src/main.c
2025-05-15 12:30:47,605 [INFO] ProjectBuilder:3324 - Time for Copy HAL[1] : 169mS.
2025-05-15 12:30:47,612 [INFO] ProjectBuilder:4912 - Project Generator version: 4.6.0.1-B1
2025-05-15 12:30:47,806 [INFO] ConfigFileManager:1590 - The Die is : DIE413
2025-05-15 12:30:48,649 [INFO] ProjectBuilder:5191 - Time for Generating toolchain IDE Files: 1037mS.
2025-05-15 12:30:48,650 [INFO] ProjectBuilder:3181 - Time for Copy CMSIS : 1mS.
2025-05-15 12:30:48,652 [INFO] ProjectBuilder:3181 - Time for Copy CMSIS : 0mS.
2025-05-15 12:30:56,751 [INFO] NvicIntPanel:101 - NVIC parent = com.st.microxplorer.plugins.ip.nvic.MultiNvicIntPanel[,0,0,0x0,invalid,layout=javax.swing.BoxLayout,alignmentX=0.0,alignmentY=0.0,border=,flags=9,maximumSize=,minimumSize=,preferredSize=]
2025-05-15 12:31:17,363 [INFO] NvicIntPanel:101 - NVIC parent = com.st.microxplorer.plugins.ip.nvic.MultiNvicIntPanel[,0,0,0x0,invalid,layout=javax.swing.BoxLayout,alignmentX=0.0,alignmentY=0.0,border=,flags=9,maximumSize=,minimumSize=,preferredSize=]
2025-05-15 12:31:45,130 [INFO] NvicIntPanel:101 - NVIC parent = com.st.microxplorer.plugins.ip.nvic.MultiNvicIntPanel[,0,0,0x0,invalid,layout=javax.swing.BoxLayout,alignmentX=0.0,alignmentY=0.0,border=,flags=9,maximumSize=,minimumSize=,preferredSize=]
2025-05-15 12:32:29,617 [WARN] BspModel:444 - BSP dependency skipped because of component: name='IOExpander', api='Unknown'
2025-05-15 12:32:29,675 [INFO] NvicIntPanel:101 - NVIC parent = com.st.microxplorer.plugins.ip.nvic.MultiNvicIntPanel[,0,0,0x0,invalid,layout=javax.swing.BoxLayout,alignmentX=0.0,alignmentY=0.0,border=,flags=9,maximumSize=,minimumSize=,preferredSize=]
2025-05-15 12:32:47,880 [INFO] NvicIntPanel:101 - NVIC parent = com.st.microxplorer.plugins.ip.nvic.MultiNvicIntPanel[,0,0,0x0,invalid,layout=javax.swing.BoxLayout,alignmentX=0.0,alignmentY=0.0,border=,flags=9,maximumSize=,minimumSize=,preferredSize=]
2025-05-15 12:33:00,342 [INFO] NvicIntPanel:101 - NVIC parent = com.st.microxplorer.plugins.ip.nvic.MultiNvicIntPanel[,0,0,0x0,invalid,layout=javax.swing.BoxLayout,alignmentX=0.0,alignmentY=0.0,border=,flags=9,maximumSize=,minimumSize=,preferredSize=]
2025-05-15 12:33:48,242 [INFO] NvicIntPanel:101 - NVIC parent = com.st.microxplorer.plugins.ip.nvic.MultiNvicIntPanel[,0,0,0x0,invalid,layout=javax.swing.BoxLayout,alignmentX=0.0,alignmentY=0.0,border=,flags=9,maximumSize=,minimumSize=,preferredSize=]
2025-05-15 12:33:48,485 [INFO] NvicIntPanel:101 - NVIC parent = com.st.microxplorer.plugins.ip.nvic.MultiNvicIntPanel[,0,0,0x0,invalid,layout=javax.swing.BoxLayout,alignmentX=0.0,alignmentY=0.0,border=,flags=9,maximumSize=,minimumSize=,preferredSize=]
2025-05-15 12:33:51,784 [INFO] UtilMem:75 - End SaveConfig() Used Memory: 717436920 Bytes (898629632)
2025-05-15 12:33:51,886 [INFO] UtilMem:75 - End SaveConfig() Used Memory: 738102840 Bytes (898629632)
2025-05-15 12:33:52,077 [INFO] UtilMem:75 - End SaveConfig() Used Memory: 764839480 Bytes (898629632)
2025-05-15 12:33:52,279 [INFO] BlockDiagram:2775 - set Specific Code input for plugin: SPI
2025-05-15 12:33:52,280 [INFO] BlockDiagram:2775 - set Specific Code input for plugin: TIM1_8
2025-05-15 12:33:52,280 [INFO] BlockDiagram:2775 - set Specific Code input for plugin: SYS
2025-05-15 12:33:52,280 [INFO] BlockDiagram:2775 - set Specific Code input for plugin: RCC
2025-05-15 12:33:52,280 [INFO] BlockDiagram:2775 - set Specific Code input for plugin: I2C
2025-05-15 12:33:52,280 [INFO] BlockDiagram:2775 - set Specific Code input for plugin: USB_OTG_FS
2025-05-15 12:33:52,280 [INFO] BlockDiagram:2775 - set Specific Code input for plugin: NVIC
2025-05-15 12:33:52,280 [INFO] BlockDiagram:2775 - set Specific Code input for plugin: USB_HOST
2025-05-15 12:33:52,280 [INFO] BlockDiagram:2775 - set Specific Code input for plugin: DMA
2025-05-15 12:33:52,280 [INFO] BlockDiagram:2775 - set Specific Code input for plugin: DAC
2025-05-15 12:33:52,280 [INFO] BlockDiagram:2775 - set Specific Code input for plugin: GPIO
2025-05-15 12:33:52,281 [INFO] CodeGenerator:882 - code generatio: config db path: /Applications/STM32CubeIDE.app/Contents/Eclipse/plugins/com.st.stm32cube.common.mx_6.14.1.202504091515//db/
2025-05-15 12:33:52,285 [WARN] IP:2250 - I2C_Coeff_DF not found: check if there is a RefParameter without a condition.
2025-05-15 12:33:52,285 [WARN] IP:2250 - Analog_Filter not found: check if there is a RefParameter without a condition.
2025-05-15 12:33:52,448 [INFO] CodeEngine:263 - oldGeneratedFile, /Users/winstonhar/ENCE-3231/Phase A/Projects/2025_STM32F407_DAC_SingleDMA/MXTmpFiles/license.tmp_save
2025-05-15 12:33:52,781 [INFO] CodeEngine:287 - Generated code: /Users/winstonhar/ENCE-3231/Phase A/Projects/2025_STM32F407_DAC_SingleDMA/MXTmpFiles/license.tmp
2025-05-15 12:33:52,838 [INFO] CodeEngine:263 - oldGeneratedFile, /Users/winstonhar/ENCE-3231/Phase A/Projects/2025_STM32F407_DAC_SingleDMA/MXTmpFiles/gpio.tmp_save
2025-05-15 12:33:53,027 [INFO] CodeEngine:287 - Generated code: /Users/winstonhar/ENCE-3231/Phase A/Projects/2025_STM32F407_DAC_SingleDMA/MXTmpFiles/gpio.tmp
2025-05-15 12:33:53,118 [WARN] IPConfigManager:3217 - Warning: the RefConfig PWREx_EnableUSBVoltageDetector is not available in your config.xml file
2025-05-15 12:33:53,123 [INFO] CodeEngine:263 - oldGeneratedFile, /Users/winstonhar/ENCE-3231/Phase A/Projects/2025_STM32F407_DAC_SingleDMA/MXTmpFiles/usb_otg_fs_vars.tmp_save
2025-05-15 12:33:53,263 [INFO] CodeEngine:287 - Generated code: /Users/winstonhar/ENCE-3231/Phase A/Projects/2025_STM32F407_DAC_SingleDMA/MXTmpFiles/usb_otg_fs_vars.tmp
2025-05-15 12:33:53,264 [INFO] CodeEngine:263 - oldGeneratedFile, /Users/winstonhar/ENCE-3231/Phase A/Projects/2025_STM32F407_DAC_SingleDMA/MXTmpFiles/usb_otg_fs_inc.tmp_save
2025-05-15 12:33:53,400 [INFO] CodeEngine:287 - Generated code: /Users/winstonhar/ENCE-3231/Phase A/Projects/2025_STM32F407_DAC_SingleDMA/MXTmpFiles/usb_otg_fs_inc.tmp
2025-05-15 12:33:53,402 [INFO] CodeEngine:263 - oldGeneratedFile, /Users/winstonhar/ENCE-3231/Phase A/Projects/2025_STM32F407_DAC_SingleDMA/MXTmpFiles/usb_otg_fs_HalInit.tmp_save
2025-05-15 12:33:53,552 [INFO] CodeEngine:287 - Generated code: /Users/winstonhar/ENCE-3231/Phase A/Projects/2025_STM32F407_DAC_SingleDMA/MXTmpFiles/usb_otg_fs_HalInit.tmp
2025-05-15 12:33:53,554 [INFO] CodeEngine:263 - oldGeneratedFile, /Users/winstonhar/ENCE-3231/Phase A/Projects/2025_STM32F407_DAC_SingleDMA/MXTmpFiles/usb_otg_fs_Msp.tmp_save
2025-05-15 12:33:53,706 [INFO] CodeEngine:287 - Generated code: /Users/winstonhar/ENCE-3231/Phase A/Projects/2025_STM32F407_DAC_SingleDMA/MXTmpFiles/usb_otg_fs_Msp.tmp
2025-05-15 12:33:53,974 [INFO] CodeEngine:263 - oldGeneratedFile, /Users/winstonhar/ENCE-3231/Phase A/Projects/2025_STM32F407_DAC_SingleDMA/MXTmpFiles/dma.tmp_save
2025-05-15 12:33:54,066 [INFO] CodeEngine:287 - Generated code: /Users/winstonhar/ENCE-3231/Phase A/Projects/2025_STM32F407_DAC_SingleDMA/MXTmpFiles/dma.tmp
2025-05-15 12:33:54,067 [INFO] CodeEngine:263 - oldGeneratedFile, /Users/winstonhar/ENCE-3231/Phase A/Projects/2025_STM32F407_DAC_SingleDMA/MXTmpFiles/dma_GV.tmp_save
2025-05-15 12:33:54,153 [INFO] CodeEngine:287 - Generated code: /Users/winstonhar/ENCE-3231/Phase A/Projects/2025_STM32F407_DAC_SingleDMA/MXTmpFiles/dma_GV.tmp
2025-05-15 12:33:54,166 [INFO] CodeEngine:263 - oldGeneratedFile, /Users/winstonhar/ENCE-3231/Phase A/Projects/2025_STM32F407_DAC_SingleDMA/USB_HOST/App/usb_host.c_save
2025-05-15 12:33:54,262 [INFO] CodeEngine:287 - Generated code: /Users/winstonhar/ENCE-3231/Phase A/Projects/2025_STM32F407_DAC_SingleDMA/USB_HOST/App/usb_host.c
2025-05-15 12:33:54,264 [INFO] CodeEngine:263 - oldGeneratedFile, /Users/winstonhar/ENCE-3231/Phase A/Projects/2025_STM32F407_DAC_SingleDMA/USB_HOST/App/usb_host.h_save
2025-05-15 12:33:54,350 [INFO] CodeEngine:287 - Generated code: /Users/winstonhar/ENCE-3231/Phase A/Projects/2025_STM32F407_DAC_SingleDMA/USB_HOST/App/usb_host.h
2025-05-15 12:33:54,352 [INFO] CodeEngine:263 - oldGeneratedFile, /Users/winstonhar/ENCE-3231/Phase A/Projects/2025_STM32F407_DAC_SingleDMA/USB_HOST/Target/usbh_conf.h_save
2025-05-15 12:33:54,443 [INFO] CodeEngine:287 - Generated code: /Users/winstonhar/ENCE-3231/Phase A/Projects/2025_STM32F407_DAC_SingleDMA/USB_HOST/Target/usbh_conf.h
2025-05-15 12:33:54,445 [INFO] CodeEngine:263 - oldGeneratedFile, /Users/winstonhar/ENCE-3231/Phase A/Projects/2025_STM32F407_DAC_SingleDMA/USB_HOST/Target/usbh_conf.c_save
2025-05-15 12:33:54,540 [INFO] CodeEngine:287 - Generated code: /Users/winstonhar/ENCE-3231/Phase A/Projects/2025_STM32F407_DAC_SingleDMA/USB_HOST/Target/usbh_conf.c
2025-05-15 12:33:54,543 [INFO] CodeEngine:263 - oldGeneratedFile, /Users/winstonhar/ENCE-3231/Phase A/Projects/2025_STM32F407_DAC_SingleDMA/USB_HOST/Target/usbh_platform.c_save
2025-05-15 12:33:54,617 [INFO] CodeEngine:287 - Generated code: /Users/winstonhar/ENCE-3231/Phase A/Projects/2025_STM32F407_DAC_SingleDMA/USB_HOST/Target/usbh_platform.c
2025-05-15 12:33:54,620 [INFO] CodeEngine:263 - oldGeneratedFile, /Users/winstonhar/ENCE-3231/Phase A/Projects/2025_STM32F407_DAC_SingleDMA/USB_HOST/Target/usbh_platform.h_save
2025-05-15 12:33:54,682 [INFO] CodeEngine:287 - Generated code: /Users/winstonhar/ENCE-3231/Phase A/Projects/2025_STM32F407_DAC_SingleDMA/USB_HOST/Target/usbh_platform.h
2025-05-15 12:33:54,690 [INFO] CodeEngine:263 - oldGeneratedFile, /Users/winstonhar/ENCE-3231/Phase A/Projects/2025_STM32F407_DAC_SingleDMA/Core/Src/stm32f4xx_it.c_save
2025-05-15 12:33:54,769 [INFO] CodeEngine:287 - Generated code: /Users/winstonhar/ENCE-3231/Phase A/Projects/2025_STM32F407_DAC_SingleDMA/Core/Src/stm32f4xx_it.c
2025-05-15 12:33:54,772 [INFO] CodeEngine:263 - oldGeneratedFile, /Users/winstonhar/ENCE-3231/Phase A/Projects/2025_STM32F407_DAC_SingleDMA/Core/Inc/stm32f4xx_it.h_save
2025-05-15 12:33:54,843 [INFO] CodeEngine:287 - Generated code: /Users/winstonhar/ENCE-3231/Phase A/Projects/2025_STM32F407_DAC_SingleDMA/Core/Inc/stm32f4xx_it.h
2025-05-15 12:33:54,854 [INFO] CodeEngine:263 - oldGeneratedFile, /Users/winstonhar/ENCE-3231/Phase A/Projects/2025_STM32F407_DAC_SingleDMA/Core/Src/stm32f4xx_hal_msp.c_save
2025-05-15 12:33:54,958 [INFO] CodeEngine:287 - Generated code: /Users/winstonhar/ENCE-3231/Phase A/Projects/2025_STM32F407_DAC_SingleDMA/Core/Src/stm32f4xx_hal_msp.c
2025-05-15 12:33:54,959 [INFO] CodeEngine:263 - oldGeneratedFile, /Users/winstonhar/ENCE-3231/Phase A/Projects/2025_STM32F407_DAC_SingleDMA/MXTmpFiles/system.tmp_save
2025-05-15 12:33:55,016 [INFO] CodeEngine:287 - Generated code: /Users/winstonhar/ENCE-3231/Phase A/Projects/2025_STM32F407_DAC_SingleDMA/MXTmpFiles/system.tmp
2025-05-15 12:33:55,021 [INFO] CodeEngine:319 - oldGeneratedFile, /Users/winstonhar/ENCE-3231/Phase A/Projects/2025_STM32F407_DAC_SingleDMA/Core/Inc/stm32f4xx_hal_conf.h_save
2025-05-15 12:33:55,084 [INFO] CodeEngine:343 - Generated code: /Users/winstonhar/ENCE-3231/Phase A/Projects/2025_STM32F407_DAC_SingleDMA/Core/Inc/stm32f4xx_hal_conf.h
2025-05-15 12:33:55,114 [INFO] ApiDbMcu:508 - Load IP Config File for TIM2
2025-05-15 12:33:55,117 [WARN] IPConfigManager:3790 - IP not found : TIM
2025-05-15 12:33:55,117 [WARN] CodeGenerator:4198 - IP not found : null
2025-05-15 12:33:55,123 [INFO] CodeEngine:263 - oldGeneratedFile, /Users/winstonhar/ENCE-3231/Phase A/Projects/2025_STM32F407_DAC_SingleDMA/Core/Inc/main.h_save
2025-05-15 12:33:55,183 [INFO] CodeEngine:287 - Generated code: /Users/winstonhar/ENCE-3231/Phase A/Projects/2025_STM32F407_DAC_SingleDMA/Core/Inc/main.h
2025-05-15 12:33:55,185 [INFO] CodeEngine:263 - oldGeneratedFile, /Users/winstonhar/ENCE-3231/Phase A/Projects/2025_STM32F407_DAC_SingleDMA/Core/Src/main.c_save
2025-05-15 12:33:55,273 [INFO] CodeEngine:287 - Generated code: /Users/winstonhar/ENCE-3231/Phase A/Projects/2025_STM32F407_DAC_SingleDMA/Core/Src/main.c
2025-05-15 12:33:55,595 [INFO] ProjectBuilder:3324 - Time for Copy HAL[1] : 145mS.
2025-05-15 12:33:55,598 [INFO] ProjectBuilder:4912 - Project Generator version: 4.6.0.1-B1
2025-05-15 12:33:55,718 [INFO] ConfigFileManager:1590 - The Die is : DIE413
2025-05-15 12:33:56,168 [INFO] ProjectBuilder:5191 - Time for Generating toolchain IDE Files: 570mS.
2025-05-15 12:33:56,169 [INFO] ProjectBuilder:3181 - Time for Copy CMSIS : 1mS.
2025-05-15 12:33:56,172 [INFO] ProjectBuilder:3181 - Time for Copy CMSIS : 0mS.
2025-05-15 12:59:28,410 [WARN] IP:2250 - I2C_Coeff_DF not found: check if there is a RefParameter without a condition.
2025-05-15 12:59:28,412 [WARN] IP:2250 - Analog_Filter not found: check if there is a RefParameter without a condition.
2025-05-15 12:59:28,412 [WARN] IP:2250 - I2C_Coeff_DF not found: check if there is a RefParameter without a condition.
2025-05-15 12:59:28,413 [WARN] IP:2250 - Analog_Filter not found: check if there is a RefParameter without a condition.
2025-05-15 12:59:28,533 [WARN] IP:2250 - I2C_Coeff_DF not found: check if there is a RefParameter without a condition.
2025-05-15 12:59:28,534 [WARN] IP:2250 - Analog_Filter not found: check if there is a RefParameter without a condition.
2025-05-15 12:59:28,604 [WARN] IP:2250 - I2C_Coeff_DF not found: check if there is a RefParameter without a condition.
2025-05-15 12:59:28,604 [WARN] IP:2250 - Analog_Filter not found: check if there is a RefParameter without a condition.
2025-05-15 12:59:28,724 [INFO] NvicIntPanel:101 - NVIC parent = com.st.microxplorer.plugins.ip.nvic.MultiNvicIntPanel[,0,0,0x0,invalid,layout=javax.swing.BoxLayout,alignmentX=0.0,alignmentY=0.0,border=,flags=9,maximumSize=,minimumSize=,preferredSize=]
2025-05-15 12:59:28,737 [WARN] BspModel:444 - BSP dependency skipped because of component: name='IOExpander', api='Unknown'
2025-05-15 12:59:32,352 [INFO] NvicIntPanel:101 - NVIC parent = com.st.microxplorer.plugins.ip.nvic.MultiNvicIntPanel[,0,0,0x0,invalid,layout=javax.swing.BoxLayout,alignmentX=0.0,alignmentY=0.0,border=,flags=9,maximumSize=,minimumSize=,preferredSize=]
2025-05-15 12:59:32,362 [WARN] BspModel:444 - BSP dependency skipped because of component: name='IOExpander', api='Unknown'
2025-05-15 12:59:32,448 [WARN] IP:2250 - I2C_Coeff_DF not found: check if there is a RefParameter without a condition.
2025-05-15 12:59:32,448 [WARN] IP:2250 - Analog_Filter not found: check if there is a RefParameter without a condition.
2025-05-15 12:59:32,449 [WARN] IP:2250 - I2C_Coeff_DF not found: check if there is a RefParameter without a condition.
2025-05-15 12:59:32,449 [WARN] IP:2250 - Analog_Filter not found: check if there is a RefParameter without a condition.
2025-05-15 12:59:32,494 [WARN] IP:2250 - I2C_Coeff_DF not found: check if there is a RefParameter without a condition.
2025-05-15 12:59:32,494 [WARN] IP:2250 - Analog_Filter not found: check if there is a RefParameter without a condition.
2025-05-15 12:59:32,538 [WARN] IP:2250 - I2C_Coeff_DF not found: check if there is a RefParameter without a condition.
2025-05-15 12:59:32,538 [WARN] IP:2250 - Analog_Filter not found: check if there is a RefParameter without a condition.
2025-05-15 12:59:32,612 [INFO] NvicIntPanel:101 - NVIC parent = com.st.microxplorer.plugins.ip.nvic.MultiNvicIntPanel[,0,0,0x0,invalid,layout=javax.swing.BoxLayout,alignmentX=0.0,alignmentY=0.0,border=,flags=9,maximumSize=,minimumSize=,preferredSize=]
2025-05-15 13:03:18,248 [INFO] UtilMem:75 - End SaveConfig() Used Memory: 461873344 Bytes (898629632)
2025-05-15 13:03:18,410 [INFO] UtilMem:75 - End SaveConfig() Used Memory: 483893440 Bytes (898629632)
2025-05-15 13:03:21,255 [INFO] UtilMem:75 - End SaveConfig() Used Memory: 570398912 Bytes (898629632)
2025-05-15 13:03:21,642 [INFO] BlockDiagram:2775 - set Specific Code input for plugin: SPI
2025-05-15 13:03:21,643 [INFO] BlockDiagram:2775 - set Specific Code input for plugin: TIM1_8
2025-05-15 13:03:21,643 [INFO] BlockDiagram:2775 - set Specific Code input for plugin: SYS
2025-05-15 13:03:21,643 [INFO] BlockDiagram:2775 - set Specific Code input for plugin: RCC
2025-05-15 13:03:21,643 [INFO] BlockDiagram:2775 - set Specific Code input for plugin: I2C
2025-05-15 13:03:21,643 [INFO] BlockDiagram:2775 - set Specific Code input for plugin: USB_OTG_FS
2025-05-15 13:03:21,644 [INFO] BlockDiagram:2775 - set Specific Code input for plugin: NVIC
2025-05-15 13:03:21,644 [INFO] BlockDiagram:2775 - set Specific Code input for plugin: USB_HOST
2025-05-15 13:03:21,644 [INFO] BlockDiagram:2775 - set Specific Code input for plugin: DMA
2025-05-15 13:03:21,644 [INFO] BlockDiagram:2775 - set Specific Code input for plugin: DAC
2025-05-15 13:03:21,645 [INFO] BlockDiagram:2775 - set Specific Code input for plugin: GPIO
2025-05-15 13:03:21,645 [INFO] CodeGenerator:882 - code generatio: config db path: /Applications/STM32CubeIDE.app/Contents/Eclipse/plugins/com.st.stm32cube.common.mx_6.14.1.202504091515//db/
2025-05-15 13:03:21,649 [INFO] Argument:325 - Argument : hdmavalue: null
2025-05-15 13:03:21,650 [INFO] Argument:327 - 	 sub Args: 
2025-05-15 13:03:21,650 [INFO] Argument:325 - Argument : Instancevalue: DMA1_Stream5
2025-05-15 13:03:21,650 [INFO] Argument:335 - Argument : Instancevalue: DMA1_Stream5
2025-05-15 13:03:21,650 [INFO] Argument:325 - Argument : Initvalue: null
2025-05-15 13:03:21,650 [INFO] Argument:327 - 	 sub Args: 
2025-05-15 13:03:21,650 [INFO] Argument:325 - Argument : Channelvalue: DMA_CHANNEL_7
2025-05-15 13:03:21,651 [INFO] Argument:335 - Argument : Channelvalue: DMA_CHANNEL_7
2025-05-15 13:03:21,651 [INFO] Argument:325 - Argument : Directionvalue: DMA_MEMORY_TO_PERIPH
2025-05-15 13:03:21,651 [INFO] Argument:335 - Argument : Directionvalue: DMA_MEMORY_TO_PERIPH
2025-05-15 13:03:21,651 [INFO] Argument:325 - Argument : PeriphIncvalue: DMA_PINC_DISABLE
2025-05-15 13:03:21,651 [INFO] Argument:335 - Argument : PeriphIncvalue: DMA_PINC_DISABLE
2025-05-15 13:03:21,651 [INFO] Argument:325 - Argument : MemIncvalue: DMA_MINC_ENABLE
2025-05-15 13:03:21,651 [INFO] Argument:335 - Argument : MemIncvalue: DMA_MINC_ENABLE
2025-05-15 13:03:21,651 [INFO] Argument:325 - Argument : PeriphDataAlignmentvalue: DMA_PDATAALIGN_WORD
2025-05-15 13:03:21,651 [INFO] Argument:335 - Argument : PeriphDataAlignmentvalue: DMA_PDATAALIGN_WORD
2025-05-15 13:03:21,651 [INFO] Argument:325 - Argument : MemDataAlignmentvalue: DMA_MDATAALIGN_WORD
2025-05-15 13:03:21,652 [INFO] Argument:335 - Argument : MemDataAlignmentvalue: DMA_MDATAALIGN_WORD
2025-05-15 13:03:21,652 [INFO] Argument:325 - Argument : Modevalue: DMA_CIRCULAR
2025-05-15 13:03:21,652 [INFO] Argument:335 - Argument : Modevalue: DMA_CIRCULAR
2025-05-15 13:03:21,652 [INFO] Argument:325 - Argument : Priorityvalue: DMA_PRIORITY_LOW
2025-05-15 13:03:21,652 [INFO] Argument:335 - Argument : Priorityvalue: DMA_PRIORITY_LOW
2025-05-15 13:03:21,652 [INFO] Argument:325 - Argument : FIFOModevalue: DMA_FIFOMODE_DISABLE
2025-05-15 13:03:21,652 [INFO] Argument:335 - Argument : FIFOModevalue: DMA_FIFOMODE_DISABLE
2025-05-15 13:03:21,652 [INFO] Argument:325 - Argument : FIFOThresholdvalue: null
2025-05-15 13:03:21,652 [INFO] Argument:335 - Argument : FIFOThresholdvalue: null
2025-05-15 13:03:21,652 [INFO] Argument:325 - Argument : MemBurstvalue: null
2025-05-15 13:03:21,652 [INFO] Argument:335 - Argument : MemBurstvalue: null
2025-05-15 13:03:21,653 [INFO] Argument:325 - Argument : PeriphBurstvalue: null
2025-05-15 13:03:21,653 [INFO] Argument:335 - Argument : PeriphBurstvalue: null
2025-05-15 13:03:21,653 [INFO] Argument:325 - Argument : Lockvalue: null
2025-05-15 13:03:21,653 [INFO] Argument:335 - Argument : Lockvalue: null
2025-05-15 13:03:21,653 [INFO] Argument:325 - Argument : Statevalue: null
2025-05-15 13:03:21,653 [INFO] Argument:335 - Argument : Statevalue: null
2025-05-15 13:03:21,653 [INFO] Argument:325 - Argument : Parentvalue: null
2025-05-15 13:03:21,653 [INFO] Argument:335 - Argument : Parentvalue: null
2025-05-15 13:03:21,653 [INFO] Argument:325 - Argument : XferCpltCallbackvalue: null
2025-05-15 13:03:21,653 [INFO] Argument:335 - Argument : XferCpltCallbackvalue: null
2025-05-15 13:03:21,654 [INFO] Argument:325 - Argument : XferHalfCpltCallbackvalue: null
2025-05-15 13:03:21,654 [INFO] Argument:335 - Argument : XferHalfCpltCallbackvalue: null
2025-05-15 13:03:21,654 [INFO] Argument:325 - Argument : XferM1CpltCallbackvalue: null
2025-05-15 13:03:21,654 [INFO] Argument:335 - Argument : XferM1CpltCallbackvalue: null
2025-05-15 13:03:21,654 [INFO] Argument:325 - Argument : XferErrorCallbackvalue: null
2025-05-15 13:03:21,654 [INFO] Argument:335 - Argument : XferErrorCallbackvalue: null
2025-05-15 13:03:21,654 [INFO] Argument:325 - Argument : ErrorCodevalue: null
2025-05-15 13:03:21,654 [INFO] Argument:335 - Argument : ErrorCodevalue: null
2025-05-15 13:03:21,656 [WARN] IP:2250 - I2C_Coeff_DF not found: check if there is a RefParameter without a condition.
2025-05-15 13:03:21,656 [WARN] IP:2250 - Analog_Filter not found: check if there is a RefParameter without a condition.
2025-05-15 13:03:21,772 [INFO] CodeEngine:263 - oldGeneratedFile, /Users/winstonhar/ENCE-3231/Phase A/Projects/2025_STM32F407_DAC_SingleDMA/MXTmpFiles/license.tmp_save
2025-05-15 13:03:22,025 [INFO] CodeEngine:287 - Generated code: /Users/winstonhar/ENCE-3231/Phase A/Projects/2025_STM32F407_DAC_SingleDMA/MXTmpFiles/license.tmp
2025-05-15 13:03:22,088 [INFO] CodeEngine:263 - oldGeneratedFile, /Users/winstonhar/ENCE-3231/Phase A/Projects/2025_STM32F407_DAC_SingleDMA/MXTmpFiles/gpio.tmp_save
2025-05-15 13:03:22,244 [INFO] CodeEngine:287 - Generated code: /Users/winstonhar/ENCE-3231/Phase A/Projects/2025_STM32F407_DAC_SingleDMA/MXTmpFiles/gpio.tmp
2025-05-15 13:03:22,353 [WARN] IPConfigManager:3217 - Warning: the RefConfig PWREx_EnableUSBVoltageDetector is not available in your config.xml file
2025-05-15 13:03:22,358 [INFO] CodeEngine:263 - oldGeneratedFile, /Users/winstonhar/ENCE-3231/Phase A/Projects/2025_STM32F407_DAC_SingleDMA/MXTmpFiles/usb_otg_fs_vars.tmp_save
2025-05-15 13:03:22,491 [INFO] CodeEngine:287 - Generated code: /Users/winstonhar/ENCE-3231/Phase A/Projects/2025_STM32F407_DAC_SingleDMA/MXTmpFiles/usb_otg_fs_vars.tmp
2025-05-15 13:03:22,494 [INFO] CodeEngine:263 - oldGeneratedFile, /Users/winstonhar/ENCE-3231/Phase A/Projects/2025_STM32F407_DAC_SingleDMA/MXTmpFiles/usb_otg_fs_inc.tmp_save
2025-05-15 13:03:22,590 [INFO] CodeEngine:287 - Generated code: /Users/winstonhar/ENCE-3231/Phase A/Projects/2025_STM32F407_DAC_SingleDMA/MXTmpFiles/usb_otg_fs_inc.tmp
2025-05-15 13:03:22,592 [INFO] CodeEngine:263 - oldGeneratedFile, /Users/winstonhar/ENCE-3231/Phase A/Projects/2025_STM32F407_DAC_SingleDMA/MXTmpFiles/usb_otg_fs_HalInit.tmp_save
2025-05-15 13:03:22,718 [INFO] CodeEngine:287 - Generated code: /Users/winstonhar/ENCE-3231/Phase A/Projects/2025_STM32F407_DAC_SingleDMA/MXTmpFiles/usb_otg_fs_HalInit.tmp
2025-05-15 13:03:22,720 [INFO] CodeEngine:263 - oldGeneratedFile, /Users/winstonhar/ENCE-3231/Phase A/Projects/2025_STM32F407_DAC_SingleDMA/MXTmpFiles/usb_otg_fs_Msp.tmp_save
2025-05-15 13:03:22,836 [INFO] CodeEngine:287 - Generated code: /Users/winstonhar/ENCE-3231/Phase A/Projects/2025_STM32F407_DAC_SingleDMA/MXTmpFiles/usb_otg_fs_Msp.tmp
2025-05-15 13:03:23,135 [INFO] CodeEngine:263 - oldGeneratedFile, /Users/winstonhar/ENCE-3231/Phase A/Projects/2025_STM32F407_DAC_SingleDMA/MXTmpFiles/dma.tmp_save
2025-05-15 13:03:23,198 [INFO] CodeEngine:287 - Generated code: /Users/winstonhar/ENCE-3231/Phase A/Projects/2025_STM32F407_DAC_SingleDMA/MXTmpFiles/dma.tmp
2025-05-15 13:03:23,199 [INFO] CodeEngine:263 - oldGeneratedFile, /Users/winstonhar/ENCE-3231/Phase A/Projects/2025_STM32F407_DAC_SingleDMA/MXTmpFiles/dma_GV.tmp_save
2025-05-15 13:03:23,258 [INFO] CodeEngine:287 - Generated code: /Users/winstonhar/ENCE-3231/Phase A/Projects/2025_STM32F407_DAC_SingleDMA/MXTmpFiles/dma_GV.tmp
2025-05-15 13:03:23,273 [INFO] CodeEngine:263 - oldGeneratedFile, /Users/winstonhar/ENCE-3231/Phase A/Projects/2025_STM32F407_DAC_SingleDMA/USB_HOST/App/usb_host.c_save
2025-05-15 13:03:23,345 [INFO] CodeEngine:287 - Generated code: /Users/winstonhar/ENCE-3231/Phase A/Projects/2025_STM32F407_DAC_SingleDMA/USB_HOST/App/usb_host.c
2025-05-15 13:03:23,348 [INFO] CodeEngine:263 - oldGeneratedFile, /Users/winstonhar/ENCE-3231/Phase A/Projects/2025_STM32F407_DAC_SingleDMA/USB_HOST/App/usb_host.h_save
2025-05-15 13:03:23,419 [INFO] CodeEngine:287 - Generated code: /Users/winstonhar/ENCE-3231/Phase A/Projects/2025_STM32F407_DAC_SingleDMA/USB_HOST/App/usb_host.h
2025-05-15 13:03:23,422 [INFO] CodeEngine:263 - oldGeneratedFile, /Users/winstonhar/ENCE-3231/Phase A/Projects/2025_STM32F407_DAC_SingleDMA/USB_HOST/Target/usbh_conf.h_save
2025-05-15 13:03:23,486 [INFO] CodeEngine:287 - Generated code: /Users/winstonhar/ENCE-3231/Phase A/Projects/2025_STM32F407_DAC_SingleDMA/USB_HOST/Target/usbh_conf.h
2025-05-15 13:03:23,489 [INFO] CodeEngine:263 - oldGeneratedFile, /Users/winstonhar/ENCE-3231/Phase A/Projects/2025_STM32F407_DAC_SingleDMA/USB_HOST/Target/usbh_conf.c_save
2025-05-15 13:03:23,555 [INFO] CodeEngine:287 - Generated code: /Users/winstonhar/ENCE-3231/Phase A/Projects/2025_STM32F407_DAC_SingleDMA/USB_HOST/Target/usbh_conf.c
2025-05-15 13:03:23,558 [INFO] CodeEngine:263 - oldGeneratedFile, /Users/winstonhar/ENCE-3231/Phase A/Projects/2025_STM32F407_DAC_SingleDMA/USB_HOST/Target/usbh_platform.c_save
2025-05-15 13:03:23,616 [INFO] CodeEngine:287 - Generated code: /Users/winstonhar/ENCE-3231/Phase A/Projects/2025_STM32F407_DAC_SingleDMA/USB_HOST/Target/usbh_platform.c
2025-05-15 13:03:23,619 [INFO] CodeEngine:263 - oldGeneratedFile, /Users/winstonhar/ENCE-3231/Phase A/Projects/2025_STM32F407_DAC_SingleDMA/USB_HOST/Target/usbh_platform.h_save
2025-05-15 13:03:23,675 [INFO] CodeEngine:287 - Generated code: /Users/winstonhar/ENCE-3231/Phase A/Projects/2025_STM32F407_DAC_SingleDMA/USB_HOST/Target/usbh_platform.h
2025-05-15 13:03:23,686 [INFO] CodeEngine:263 - oldGeneratedFile, /Users/winstonhar/ENCE-3231/Phase A/Projects/2025_STM32F407_DAC_SingleDMA/Core/Src/stm32f4xx_it.c_save
2025-05-15 13:03:23,955 [INFO] CodeEngine:287 - Generated code: /Users/winstonhar/ENCE-3231/Phase A/Projects/2025_STM32F407_DAC_SingleDMA/Core/Src/stm32f4xx_it.c
2025-05-15 13:03:23,959 [INFO] CodeEngine:263 - oldGeneratedFile, /Users/winstonhar/ENCE-3231/Phase A/Projects/2025_STM32F407_DAC_SingleDMA/Core/Inc/stm32f4xx_it.h_save
2025-05-15 13:03:24,019 [INFO] CodeEngine:287 - Generated code: /Users/winstonhar/ENCE-3231/Phase A/Projects/2025_STM32F407_DAC_SingleDMA/Core/Inc/stm32f4xx_it.h
2025-05-15 13:03:24,032 [INFO] CodeEngine:263 - oldGeneratedFile, /Users/winstonhar/ENCE-3231/Phase A/Projects/2025_STM32F407_DAC_SingleDMA/Core/Src/stm32f4xx_hal_msp.c_save
2025-05-15 13:03:24,121 [INFO] CodeEngine:287 - Generated code: /Users/winstonhar/ENCE-3231/Phase A/Projects/2025_STM32F407_DAC_SingleDMA/Core/Src/stm32f4xx_hal_msp.c
2025-05-15 13:03:24,124 [INFO] CodeEngine:263 - oldGeneratedFile, /Users/winstonhar/ENCE-3231/Phase A/Projects/2025_STM32F407_DAC_SingleDMA/MXTmpFiles/system.tmp_save
2025-05-15 13:03:24,179 [INFO] CodeEngine:287 - Generated code: /Users/winstonhar/ENCE-3231/Phase A/Projects/2025_STM32F407_DAC_SingleDMA/MXTmpFiles/system.tmp
2025-05-15 13:03:24,185 [INFO] CodeEngine:319 - oldGeneratedFile, /Users/winstonhar/ENCE-3231/Phase A/Projects/2025_STM32F407_DAC_SingleDMA/Core/Inc/stm32f4xx_hal_conf.h_save
2025-05-15 13:03:24,251 [INFO] CodeEngine:343 - Generated code: /Users/winstonhar/ENCE-3231/Phase A/Projects/2025_STM32F407_DAC_SingleDMA/Core/Inc/stm32f4xx_hal_conf.h
2025-05-15 13:03:24,275 [WARN] IPConfigManager:3790 - IP not found : TIM
2025-05-15 13:03:24,276 [WARN] CodeGenerator:4198 - IP not found : null
2025-05-15 13:03:24,281 [INFO] CodeEngine:263 - oldGeneratedFile, /Users/winstonhar/ENCE-3231/Phase A/Projects/2025_STM32F407_DAC_SingleDMA/Core/Inc/main.h_save
2025-05-15 13:03:24,366 [INFO] CodeEngine:287 - Generated code: /Users/winstonhar/ENCE-3231/Phase A/Projects/2025_STM32F407_DAC_SingleDMA/Core/Inc/main.h
2025-05-15 13:03:24,370 [INFO] CodeEngine:263 - oldGeneratedFile, /Users/winstonhar/ENCE-3231/Phase A/Projects/2025_STM32F407_DAC_SingleDMA/Core/Src/main.c_save
2025-05-15 13:03:24,470 [INFO] CodeEngine:287 - Generated code: /Users/winstonhar/ENCE-3231/Phase A/Projects/2025_STM32F407_DAC_SingleDMA/Core/Src/main.c
2025-05-15 13:03:24,870 [INFO] ProjectBuilder:3324 - Time for Copy HAL[1] : 217mS.
2025-05-15 13:03:24,875 [INFO] ProjectBuilder:4912 - Project Generator version: 4.6.0.1-B1
2025-05-15 13:03:25,019 [INFO] ConfigFileManager:1590 - The Die is : DIE413
2025-05-15 13:03:26,069 [INFO] ProjectBuilder:5191 - Time for Generating toolchain IDE Files: 1195mS.
2025-05-15 13:03:26,070 [INFO] ProjectBuilder:3181 - Time for Copy CMSIS : 0mS.
2025-05-15 13:03:26,073 [INFO] ProjectBuilder:3181 - Time for Copy CMSIS : 0mS.
2025-05-15 13:03:26,833 [INFO] MainUpdater:2872 - connection check result : 10
2025-05-15 13:03:26,834 [INFO] MainUpdater:2872 - connection check result : 10
2025-05-15 13:03:26,983 [INFO] MicroXplorer:468 - Change Database Path : 
2025-05-15 13:03:26,983 [INFO] MicroXplorer:498 - Change Database Version : DB.6.0.141
2025-05-15 13:03:26,997 [ERROR] ProjectManagerView:395 - 
java.lang.NullPointerException: Cannot invoke "javax.swing.JTextField.getText()" because the return value of "java.util.List.get(int)" is null
	at com.st.microxplorer.plugins.projectmanager.gui.ProjectChoiceTab$9.caretUpdate(ProjectChoiceTab.java:2678) ~[filemanager.jar:?]
	at javax.swing.text.JTextComponent.fireCaretUpdate(JTextComponent.java:408) ~[?:?]
	at javax.swing.text.JTextComponent$MutableCaretEvent.fire(JTextComponent.java:4484) ~[?:?]
	at javax.swing.text.JTextComponent$MutableCaretEvent.stateChanged(JTextComponent.java:4506) ~[?:?]
	at javax.swing.text.DefaultCaret.fireStateChanged(DefaultCaret.java:857) ~[?:?]
	at javax.swing.text.DefaultCaret.changeCaretPosition(DefaultCaret.java:1343) ~[?:?]
	at javax.swing.text.DefaultCaret.handleSetDot(DefaultCaret.java:1242) ~[?:?]
	at javax.swing.text.DefaultCaret.setDot(DefaultCaret.java:1223) ~[?:?]
	at javax.swing.text.DefaultCaret$Handler.insertUpdate(DefaultCaret.java:1819) ~[?:?]
	at javax.swing.text.AbstractDocument.fireInsertUpdate(AbstractDocument.java:227) ~[?:?]
	at javax.swing.text.AbstractDocument.handleInsertString(AbstractDocument.java:781) ~[?:?]
	at javax.swing.text.AbstractDocument.insertString(AbstractDocument.java:740) ~[?:?]
	at javax.swing.text.PlainDocument.insertString(PlainDocument.java:131) ~[?:?]
	at javax.swing.text.AbstractDocument.replace(AbstractDocument.java:699) ~[?:?]
	at javax.swing.text.JTextComponent.setText(JTextComponent.java:1725) ~[?:?]
	at com.st.microxplorer.plugins.projectmanager.gui.ProjectChoiceTab.createHeapStackFields(ProjectChoiceTab.java:979) ~[filemanager.jar:?]
	at com.st.microxplorer.plugins.projectmanager.gui.ProjectChoiceTab.buildLinkSettingsPanel(ProjectChoiceTab.java:3766) ~[filemanager.jar:?]
	at com.st.microxplorer.plugins.projectmanager.gui.ProjectChoiceTab.defineWindowsFields(ProjectChoiceTab.java:1962) ~[filemanager.jar:?]
	at com.st.microxplorer.plugins.projectmanager.gui.ProjectChoiceTab.updateSettings(ProjectChoiceTab.java:555) ~[filemanager.jar:?]
	at com.st.microxplorer.plugins.projectmanager.gui.ProjectSettingsPanel.UpdateDialog(ProjectSettingsPanel.java:245) ~[filemanager.jar:?]
	at com.st.microxplorer.plugins.projectmanager.ProjectManagerView.propertyChange(ProjectManagerView.java:392) ~[filemanager.jar:?]
	at java.beans.PropertyChangeSupport.fire(PropertyChangeSupport.java:343) ~[?:?]
	at java.beans.PropertyChangeSupport.firePropertyChange(PropertyChangeSupport.java:335) ~[?:?]
	at java.beans.PropertyChangeSupport.firePropertyChange(PropertyChangeSupport.java:268) ~[?:?]
	at com.st.microxplorer.util.MXPropertyChangeSupport.firePropertyChange(MXPropertyChangeSupport.java:54) ~[STM32CubeMX.jar:?]
	at com.st.microxplorer.mxsystem.MxSystem.closeConfig(MxSystem.java:899) ~[STM32CubeMX.jar:?]
	at com.st.microxplorer.maingui.MainPanel.closeConfig(MainPanel.java:789) ~[STM32CubeMX.jar:?]
	at com.st.microxplorer.plugins.filemanager.engine.OpenFileManager.loadConfigurationFile(OpenFileManager.java:287) ~[filemanager.jar:?]
	at com.st.microxplorer.plugins.filemanager.engine.MainFileManager.userLoadConfig(MainFileManager.java:341) ~[filemanager.jar:?]
	at com.st.microxplorer.plugins.filemanager.engine.MainFileManager.userLoadConfig(MainFileManager.java:319) ~[filemanager.jar:?]
	at com.st.microxplorer.plugins.filemanager.FileManagerView.getSpecificTask(FileManagerView.java:246) ~[filemanager.jar:?]
	at com.st.stm32cube.common.mx.editor.CubeMxEditor.getMxTabbedPaneInstance(CubeMxEditor.java:1198) ~[com.st.stm32cube.common.mx_6.14.1.202504091515/:?]
	at com.st.stm32cube.common.mx.editor.CubeMxEditor$12$1.createSwingComponent(CubeMxEditor.java:1068) ~[com.st.stm32cube.common.mx_6.14.1.202504091515/:?]
	at com.st.stm32cube.common.mx.oss.core.awtswtbridge.EmbeddedSwingComposite.doComponentCreation(EmbeddedSwingComposite.java:492) ~[com.st.stm32cube.common.mx.oss_6.14.1.202504091515/:?]
	at com.st.stm32cube.common.mx.oss.core.awtswtbridge.EmbeddedSwingComposite$4.run(EmbeddedSwingComposite.java:291) ~[com.st.stm32cube.common.mx.oss_6.14.1.202504091515/:?]
	at com.st.stm32cube.common.mx.oss.core.awtswtbridge.AwtEnvironment$2.run(AwtEnvironment.java:166) ~[com.st.stm32cube.common.mx.oss_6.14.1.202504091515/:?]
	at java.awt.event.InvocationEvent.dispatch(InvocationEvent.java:318) ~[?:?]
	at java.awt.EventQueue.dispatchEventImpl(EventQueue.java:773) ~[?:?]
	at java.awt.EventQueue$4.run(EventQueue.java:720) ~[?:?]
	at java.awt.EventQueue$4.run(EventQueue.java:714) ~[?:?]
	at java.security.AccessController.doPrivileged(AccessController.java:400) ~[?:?]
	at java.security.ProtectionDomain$JavaSecurityAccessImpl.doIntersectionPrivilege(ProtectionDomain.java:87) ~[?:?]
	at java.awt.EventQueue.dispatchEvent(EventQueue.java:742) ~[?:?]
	at java.awt.EventDispatchThread.pumpOneEventForFilters(EventDispatchThread.java:203) ~[?:?]
	at java.awt.EventDispatchThread.pumpEventsForFilter(EventDispatchThread.java:124) ~[?:?]
	at java.awt.EventDispatchThread.pumpEventsForHierarchy(EventDispatchThread.java:113) ~[?:?]
	at java.awt.EventDispatchThread.pumpEvents(EventDispatchThread.java:109) ~[?:?]
	at java.awt.EventDispatchThread.pumpEvents(EventDispatchThread.java:101) ~[?:?]
	at java.awt.EventDispatchThread.run(EventDispatchThread.java:90) ~[?:?]
2025-05-15 13:03:26,998 [WARN] ThirdParty:871 - waiting for thirdparty lock release [close project]
2025-05-15 13:03:26,998 [INFO] ThirdParty:873 - entering critical section [close project]
2025-05-15 13:03:26,998 [INFO] ThirdParty:883 - exiting critical section [close project]
2025-05-15 13:03:27,000 [INFO] PinOutPanel:1589 - setPackage(No Configuration,No Configuration)
2025-05-15 13:03:27,007 [WARN] IpParametersView:155 - Warning: This peripheral hasn't parameters
2025-05-15 13:03:27,014 [WARN] MainPanel:289 - <html><b><center>Warning: This peripheral has no parameters to be configured<br></b></html>
2025-05-15 13:03:27,019 [INFO] UtilMem:75 - Begin LoadConfig() Used Memory: 444891424 Bytes (898629632)
2025-05-15 13:03:27,020 [INFO] MicroXplorer:468 - Change Database Path : 
2025-05-15 13:03:27,020 [INFO] MicroXplorer:498 - Change Database Version : DB.6.0.141
2025-05-15 13:03:27,020 [INFO] OpenFileManager:354 - Change cursor
2025-05-15 13:03:27,049 [INFO] RulesReader:64 - Compatibility file has been processed (302 Rules)
2025-05-15 13:03:27,055 [INFO] Mcu:2011 - Initializing MCU STM32F407V(E-G)Tx STM32F407VGTx STM32F407VGT6
2025-05-15 13:03:28,093 [INFO] Context:756 - Trying to add GPIOservice into a context  which must be forbidden
2025-05-15 13:03:28,588 [INFO] ImportTextPane:218 - (OptionalMessage_ERROR) Pin39 (VP_RIF_VS_RIF1) cannot be retrieved for this MCU
2025-05-15 13:03:28,756 [INFO] RtosManager:558 - Registered RTOS mode: class=CMSIS, group=RTOS, mode=CMSIS_V1, owner=FREERTOS
2025-05-15 13:03:28,756 [INFO] RtosManager:558 - Registered RTOS mode: class=CMSIS, group=RTOS2, mode=CMSIS_V2, owner=FREERTOS
2025-05-15 13:03:28,757 [INFO] RtosManager:558 - Registered RTOS mode: class=RTOS, group=Core, mode=CMSIS_V1, owner=FREERTOS
2025-05-15 13:03:28,757 [INFO] RtosManager:558 - Registered RTOS mode: class=RTOS, group=Core, mode=CMSIS_V2, owner=FREERTOS
2025-05-15 13:03:28,757 [WARN] ModelIntegratedComponent:184 - Missing modes for component STMicroelectronics:FreeRTOS:0.0.1:STMicroelectronics:RTOS:FreeRTOS:Core:::10.2.0:
2025-05-15 13:03:28,765 [WARN] ModelIntegratedComponent:63 - No mode defined for component null
2025-05-15 13:03:28,765 [WARN] ModelIntegratedComponent:63 - No mode defined for component null
2025-05-15 13:03:28,766 [WARN] ModelIntegratedComponent:63 - No mode defined for component null
2025-05-15 13:03:28,766 [WARN] ModelIntegratedComponent:63 - No mode defined for component null
2025-05-15 13:03:28,766 [WARN] ModelIntegratedComponent:63 - No mode defined for component null
2025-05-15 13:03:28,766 [WARN] ModelIntegratedComponent:63 - No mode defined for component null
2025-05-15 13:03:28,766 [WARN] ModelIntegratedComponent:63 - No mode defined for component null
2025-05-15 13:03:28,766 [WARN] ModelIntegratedComponent:63 - No mode defined for component null
2025-05-15 13:03:28,766 [WARN] ModelIntegratedComponent:63 - No mode defined for component null
2025-05-15 13:03:28,766 [WARN] ModelIntegratedComponent:63 - No mode defined for component null
2025-05-15 13:03:28,766 [WARN] ModelIntegratedComponent:63 - No mode defined for component null
2025-05-15 13:03:28,766 [WARN] ModelIntegratedComponent:63 - No mode defined for component null
2025-05-15 13:03:28,766 [WARN] ModelIntegratedComponent:63 - No mode defined for component null
2025-05-15 13:03:28,766 [WARN] ModelIntegratedComponent:63 - No mode defined for component null
2025-05-15 13:03:28,766 [WARN] ModelIntegratedComponent:63 - No mode defined for component null
2025-05-15 13:03:28,766 [WARN] ModelIntegratedComponent:63 - No mode defined for component null
2025-05-15 13:03:28,766 [WARN] ModelIntegratedComponent:63 - No mode defined for component null
2025-05-15 13:03:28,766 [WARN] ModelIntegratedComponent:63 - No mode defined for component null
2025-05-15 13:03:28,766 [WARN] ModelIntegratedComponent:63 - No mode defined for component null
2025-05-15 13:03:28,766 [WARN] ModelIntegratedComponent:63 - No mode defined for component null
2025-05-15 13:03:28,766 [WARN] ModelIntegratedComponent:63 - No mode defined for component null
2025-05-15 13:03:28,766 [WARN] ModelIntegratedComponent:63 - No mode defined for component null
2025-05-15 13:03:28,766 [WARN] ModelIntegratedComponent:63 - No mode defined for component null
2025-05-15 13:03:28,766 [WARN] ModelIntegratedComponent:63 - No mode defined for component null
2025-05-15 13:03:28,767 [WARN] ModelIntegratedComponent:63 - No mode defined for component null
2025-05-15 13:03:28,767 [WARN] ModelIntegratedComponent:63 - No mode defined for component null
2025-05-15 13:03:28,767 [WARN] ModelIntegratedComponent:63 - No mode defined for component null
2025-05-15 13:03:28,767 [WARN] ModelIntegratedComponent:63 - No mode defined for component null
2025-05-15 13:03:28,767 [WARN] ModelIntegratedComponent:63 - No mode defined for component null
2025-05-15 13:03:28,767 [WARN] ModelIntegratedComponent:63 - No mode defined for component null
2025-05-15 13:03:28,767 [WARN] ModelIntegratedComponent:63 - No mode defined for component null
2025-05-15 13:03:28,767 [WARN] ModelIntegratedComponent:63 - No mode defined for component null
2025-05-15 13:03:28,767 [WARN] ModelIntegratedComponent:63 - No mode defined for component null
2025-05-15 13:03:28,767 [WARN] ModelIntegratedComponent:63 - No mode defined for component null
2025-05-15 13:03:28,767 [WARN] ModelIntegratedComponent:63 - No mode defined for component null
2025-05-15 13:03:28,767 [WARN] ModelPack:524 - Component already loaded: STMicroelectronics:HAL Drivers:0.0.0:STMicroelectronics:Device:STMicro_Driver:XSPI:HAL::0.0.1:HAL_XSPI
2025-05-15 13:03:28,864 [INFO] ThirdPartyModel:298 - Start build external matchings
2025-05-15 13:03:29,844 [INFO] ThirdPartyModel:316 - End build external matchings
2025-05-15 13:03:29,862 [INFO] ImportTextPane:218 - (OptionalMessage_ERROR) IP (RCC) : Parameter (RTCHSEDivFreq_Value) has invalid value (4000000)
2025-05-15 13:03:30,077 [INFO] UtilMem:75 - End LoadConfig() Used Memory: 721958256 Bytes (898629632)
2025-05-15 13:03:30,122 [WARN] ThirdParty:833 - waiting for thirdparty lock release [change project]
2025-05-15 13:03:30,123 [INFO] ThirdParty:835 - entering critical section [change project]
2025-05-15 13:03:30,123 [INFO] ThirdParty:1030 - CMSIS Pack Vendor :STMicroelectronics USBPD 4.1
2025-05-15 13:03:30,123 [INFO] ThirdParty:1030 - CMSIS Pack Vendor :STMicroelectronics X-CUBE-AZRTOS-H7 3.3.0
2025-05-15 13:03:30,123 [INFO] ThirdParty:1030 - CMSIS Pack Vendor :STMicroelectronics X-CUBE-NFC9 1.0.0
2025-05-15 13:03:30,123 [INFO] ThirdParty:1030 - CMSIS Pack Vendor :STMicroelectronics USB_HOST 2.0.0
2025-05-15 13:03:30,123 [INFO] ThirdParty:1030 - CMSIS Pack Vendor :STMicroelectronics FP-SNS-MOTENVWB1 1.4.0
2025-05-15 13:03:30,123 [INFO] ThirdParty:1030 - CMSIS Pack Vendor :STMicroelectronics X-CUBE-AZRTOS-F4 1.1.0
2025-05-15 13:03:30,123 [INFO] ThirdParty:1030 - CMSIS Pack Vendor :STMicroelectronics LIBJPEG 8.0.0
2025-05-15 13:03:30,123 [INFO] ThirdParty:1030 - CMSIS Pack Vendor :STMicroelectronics FP-ATR-ASTRA1 2.0.2
2025-05-15 13:03:30,123 [INFO] ThirdParty:1030 - CMSIS Pack Vendor :STMicroelectronics X-CUBE-BLE1 7.1.0
2025-05-15 13:03:30,123 [INFO] ThirdParty:1030 - CMSIS Pack Vendor :Avnet-IotConnect X-CUBE-IoTC-DA16k-PMOD 1.0.0
2025-05-15 13:03:30,123 [INFO] ThirdParty:1030 - CMSIS Pack Vendor :STMicroelectronics X-CUBE-SMBUS 2.1.0
2025-05-15 13:03:30,123 [INFO] ThirdParty:1030 - CMSIS Pack Vendor :STMicroelectronics X-CUBE-WB05N 1.1.0
2025-05-15 13:03:30,123 [INFO] ThirdParty:1030 - CMSIS Pack Vendor :wolfSSL I-CUBE-wolfMQTT 1.19.2
2025-05-15 13:03:30,123 [INFO] ThirdParty:1030 - CMSIS Pack Vendor :STMicroelectronics USB_DEVICE 3.0.0
2025-05-15 13:03:30,124 [INFO] ThirdParty:1030 - CMSIS Pack Vendor :STMicroelectronics X-CUBE-ISPU 2.1.0
2025-05-15 13:03:30,124 [INFO] ThirdParty:1030 - CMSIS Pack Vendor :STMicroelectronics X-CUBE-AZRTOS-WB 2.0.0
2025-05-15 13:03:30,124 [INFO] ThirdParty:1030 - CMSIS Pack Vendor :STMicroelectronics X-CUBE-GNSS1 7.0.1
2025-05-15 13:03:30,124 [INFO] ThirdParty:1030 - CMSIS Pack Vendor :STMicroelectronics X-CUBE-AZRTOS-F7 1.1.0
2025-05-15 13:03:30,124 [INFO] ThirdParty:1030 - CMSIS Pack Vendor :STMicroelectronics X-CUBE-AZRTOS-L5 2.0.0
2025-05-15 13:03:30,124 [INFO] ThirdParty:1030 - CMSIS Pack Vendor :STMicroelectronics X-CUBE-TOUCHGFX 4.25.0
2025-05-15 13:03:30,124 [INFO] ThirdParty:1030 - CMSIS Pack Vendor :STMicroelectronics USB_DEVICE 2.0.0
2025-05-15 13:03:30,124 [INFO] ThirdParty:1030 - CMSIS Pack Vendor :STMicroelectronics X-CUBE-NFC6 3.1.0
2025-05-15 13:03:30,124 [INFO] ThirdParty:1030 - CMSIS Pack Vendor :STMicroelectronics FP-SNS-STBOX1 2.0.0
2025-05-15 13:03:30,124 [INFO] ThirdParty:1030 - CMSIS Pack Vendor :STMicroelectronics X-CUBE-MEMS1 11.2.0
2025-05-15 13:03:30,124 [INFO] ThirdParty:1030 - CMSIS Pack Vendor :STMicroelectronics FreeRTOS 0.0.1
2025-05-15 13:03:30,124 [INFO] ThirdParty:1030 - CMSIS Pack Vendor :STMicroelectronics X-CUBE-AZRTOS-G0 1.1.0
2025-05-15 13:03:30,124 [INFO] ThirdParty:1030 - CMSIS Pack Vendor :STMicroelectronics X-CUBE-SAFEA1 1.2.2
2025-05-15 13:03:30,124 [INFO] ThirdParty:1030 - CMSIS Pack Vendor :STMicroelectronics X-CUBE-NFC4 3.0.0
2025-05-15 13:03:30,124 [INFO] ThirdParty:1030 - CMSIS Pack Vendor :STMicroelectronics X-CUBE-SUBG2 5.0.0
2025-05-15 13:03:30,124 [INFO] ThirdParty:1030 - CMSIS Pack Vendor :STMicroelectronics X-CUBE-AZRTOS-H7RS 1.1.0
2025-05-15 13:03:30,124 [INFO] ThirdParty:1030 - CMSIS Pack Vendor :STMicroelectronics STM32_WPAN 1.0.0
2025-05-15 13:03:30,124 [INFO] ThirdParty:1030 - CMSIS Pack Vendor :EmbeddedOffice I-CUBE-FS-RTOS 1.0.1
2025-05-15 13:03:30,124 [INFO] ThirdParty:1030 - CMSIS Pack Vendor :STMicroelectronics lwIP 2.0.3
2025-05-15 13:03:30,124 [INFO] ThirdParty:1030 - CMSIS Pack Vendor :Cesanta I-CUBE-Mongoose 7.13.0
2025-05-15 13:03:30,124 [INFO] ThirdParty:1030 - CMSIS Pack Vendor :STMicroelectronics USB_HOST 1.0.0
2025-05-15 13:03:30,124 [INFO] ThirdParty:1030 - CMSIS Pack Vendor :Infineon AIROC-Wi-Fi-Bluetooth-STM32 1.7.0
2025-05-15 13:03:30,124 [INFO] ThirdParty:1030 - CMSIS Pack Vendor :STMicroelectronics X-CUBE-AZRTOS-G4 2.0.0
2025-05-15 13:03:30,124 [INFO] ThirdParty:1030 - CMSIS Pack Vendor :STMicroelectronics X-CUBE-WB05N 2.0.0
2025-05-15 13:03:30,124 [INFO] ThirdParty:1030 - CMSIS Pack Vendor :STMicroelectronics PDM2PCM 3.1.0
2025-05-15 13:03:30,124 [INFO] ThirdParty:1030 - CMSIS Pack Vendor :STMicroelectronics PDM2PCM 3.3.0
2025-05-15 13:03:30,124 [INFO] ThirdParty:1030 - CMSIS Pack Vendor :wolfSSL I-CUBE-wolfTPM 3.8.0
2025-05-15 13:03:30,124 [INFO] ThirdParty:1030 - CMSIS Pack Vendor :STMicroelectronics X-CUBE-DISPLAY 3.0.0
2025-05-15 13:03:30,125 [INFO] ThirdParty:1030 - CMSIS Pack Vendor :wolfSSL I-CUBE-wolfSSH 1.4.20
2025-05-15 13:03:30,125 [INFO] ThirdParty:1030 - CMSIS Pack Vendor :STMicroelectronics X-CUBE-NFC7 2.0.0
2025-05-15 13:03:30,125 [INFO] ThirdParty:1030 - CMSIS Pack Vendor :STMicroelectronics X-CUBE-TCPP 4.2.0
2025-05-15 13:03:30,125 [INFO] ThirdParty:1030 - CMSIS Pack Vendor :RealThread X-CUBE-RT-Thread_Nano 4.1.1
2025-05-15 13:03:30,125 [INFO] ThirdParty:1030 - CMSIS Pack Vendor :STMicroelectronics FP-ATR-SIGFOX1 3.2.0
2025-05-15 13:03:30,125 [INFO] ThirdParty:1030 - CMSIS Pack Vendor :STMicroelectronics X-CUBE-NFC10 1.0.0
2025-05-15 13:03:30,125 [INFO] ThirdParty:1030 - CMSIS Pack Vendor :STMicroelectronics X-CUBE-BLEMGR 4.0.0
2025-05-15 13:03:30,125 [INFO] ThirdParty:1030 - CMSIS Pack Vendor :STMicroelectronics X-CUBE-EEPRMA1 5.1.0
2025-05-15 13:03:30,125 [INFO] ThirdParty:1030 - CMSIS Pack Vendor :STMicroelectronics X-CUBE-FREERTOS 1.3.1
2025-05-15 13:03:30,125 [INFO] ThirdParty:1030 - CMSIS Pack Vendor :STMicroelectronics HAL Drivers 0.0.0
2025-05-15 13:03:30,125 [INFO] ThirdParty:1030 - CMSIS Pack Vendor :STMicroelectronics MBEDTLS 2.16.2
2025-05-15 13:03:30,125 [INFO] ThirdParty:1030 - CMSIS Pack Vendor :STMicroelectronics X-CUBE-IPS 3.1.0
2025-05-15 13:03:30,125 [INFO] ThirdParty:1030 - CMSIS Pack Vendor :STMicroelectronics X-CUBE-ALS 1.0.2
2025-05-15 13:03:30,125 [INFO] ThirdParty:1030 - CMSIS Pack Vendor :emotas I-CUBE-CANOPEN 1.3.0
2025-05-15 13:03:30,125 [INFO] ThirdParty:1030 - CMSIS Pack Vendor :STMicroelectronics X-CUBE-FREERTOS 1.3.0
2025-05-15 13:03:30,125 [INFO] ThirdParty:1030 - CMSIS Pack Vendor :STMicroelectronics X-CUBE-NFC7 1.0.1
2025-05-15 13:03:30,125 [INFO] ThirdParty:1030 - CMSIS Pack Vendor :STMicroelectronics MBEDTLS 2.14.1
2025-05-15 13:03:30,125 [INFO] ThirdParty:1030 - CMSIS Pack Vendor :wolfSSL I-CUBE-wolfSSL 5.7.6
2025-05-15 13:03:30,125 [INFO] ThirdParty:1030 - CMSIS Pack Vendor :ITTIA_DB I-CUBE-ITTIADB 8.9.0
2025-05-15 13:03:30,125 [INFO] ThirdParty:1030 - CMSIS Pack Vendor :portGmbH I-Cube-SoM-uGOAL 1.1.0
2025-05-15 13:03:30,125 [INFO] ThirdParty:1030 - CMSIS Pack Vendor :quantropi X-CUBE-qispace-sdk-base 2.0.0
2025-05-15 13:03:30,125 [INFO] ThirdParty:1030 - CMSIS Pack Vendor :STMicroelectronics X-CUBE-AI 10.0.0
2025-05-15 13:03:30,126 [INFO] ThirdParty:1030 - CMSIS Pack Vendor :STMicroelectronics ThreadX 1.0.0
2025-05-15 13:03:30,126 [INFO] ThirdParty:1030 - CMSIS Pack Vendor :STMicroelectronics FP-SNS-SMARTAG2 1.2.0
2025-05-15 13:03:30,126 [INFO] ThirdParty:1030 - CMSIS Pack Vendor :STMicroelectronics FP-SNS-FLIGHT1 5.1.0
2025-05-15 13:03:30,126 [INFO] ThirdParty:1030 - CMSIS Pack Vendor :STMicroelectronics X-CUBE-MEMS1 11.1.0
2025-05-15 13:03:30,126 [INFO] ThirdParty:1030 - CMSIS Pack Vendor :STMicroelectronics X-CUBE-AZRTOS-WL 2.0.0
2025-05-15 13:03:30,126 [INFO] ThirdParty:1030 - CMSIS Pack Vendor :SEGGER I-CUBE-embOS 1.3.1
2025-05-15 13:03:30,126 [INFO] ThirdParty:1030 - CMSIS Pack Vendor :STMicroelectronics X-CUBE-ALGOBUILD 1.4.0
2025-05-15 13:03:30,126 [INFO] ThirdParty:1030 - CMSIS Pack Vendor :STMicroelectronics X-CUBE-DPower 1.3.0
2025-05-15 13:03:30,126 [INFO] ThirdParty:1030 - CMSIS Pack Vendor :STMicroelectronics FP-SNS-MOTENV1 5.0.0
2025-05-15 13:03:30,126 [INFO] ThirdParty:1030 - CMSIS Pack Vendor :STMicroelectronics USB_DEVICE 1.0.0
2025-05-15 13:03:30,126 [INFO] ThirdParty:1030 - CMSIS Pack Vendor :STMicroelectronics X-CUBE-AZRTOS-L4 2.0.0
2025-05-15 13:03:30,126 [INFO] ThirdParty:1030 - CMSIS Pack Vendor :STMicroelectronics ThreadX 0.0.2
2025-05-15 13:03:30,126 [INFO] ThirdParty:1030 - CMSIS Pack Vendor :WES I-CUBE-Cesium 1.3.0
2025-05-15 13:03:30,126 [INFO] ThirdParty:1030 - CMSIS Pack Vendor :STMicroelectronics lwIP 2.1.2
2025-05-15 13:03:30,126 [INFO] ThirdParty:1030 - CMSIS Pack Vendor :STMicroelectronics X-CUBE-SFXS2LP1 4.0.0
2025-05-15 13:03:30,126 [INFO] ThirdParty:1030 - CMSIS Pack Vendor :STMicroelectronics X-CUBE-BLE2 3.3.0
2025-05-15 13:03:30,126 [INFO] ThirdParty:1030 - CMSIS Pack Vendor :STMicroelectronics X-CUBE-TOF1 3.4.2
2025-05-15 13:03:30,126 [INFO] ThirdParty:1030 - CMSIS Pack Vendor :STMicroelectronics X-CUBE-TOF1 3.4.3
2025-05-15 13:03:30,126 [INFO] ThirdParty:1030 - CMSIS Pack Vendor :STMicroelectronics PDM2PCM 3.2.0
2025-05-15 13:03:30,126 [INFO] ThirdParty:841 - exiting critical section [change project]
2025-05-15 13:03:30,360 [INFO] PinOutPanel:1589 - setPackage(No Configuration,No Configuration)
2025-05-15 13:03:30,361 [INFO] PinOutPanel:1589 - setPackage(STM32F407VGTx,LQFP100)
2025-05-15 13:03:30,670 [INFO] UtilMem:75 - Before build in PCC Used Memory: 385980632 Bytes (898629632)
2025-05-15 13:03:30,958 [INFO] UtilMem:75 - After build in PCC Used Memory: 432644312 Bytes (898629632)
2025-05-15 13:03:30,961 [INFO] ApiDbMcu:508 - Load IP Config File for USB_HOST
2025-05-15 13:03:30,962 [WARN] BspModel:444 - BSP dependency skipped because of component: name='IOExpander', api='Unknown'
2025-05-15 13:03:30,983 [INFO] IPUIPlugin:80 - create IPUIPlugin
2025-05-15 13:03:30,983 [INFO] IPUIPlugin:80 - create IPUIPlugin
2025-05-15 13:03:30,983 [INFO] IPUIPlugin:80 - create IPUIPlugin
2025-05-15 13:03:30,983 [INFO] IPUIPlugin:80 - create IPUIPlugin
2025-05-15 13:03:30,983 [INFO] IPUIPlugin:80 - create IPUIPlugin
2025-05-15 13:03:30,983 [INFO] IPUIPlugin:80 - create IPUIPlugin
2025-05-15 13:03:30,983 [INFO] IPUIPlugin:80 - create IPUIPlugin
2025-05-15 13:03:30,984 [INFO] IPUIPlugin:80 - create IPUIPlugin
2025-05-15 13:03:30,984 [INFO] IPUIPlugin:80 - create IPUIPlugin
2025-05-15 13:03:30,984 [INFO] IPUIPlugin:80 - create IPUIPlugin
2025-05-15 13:03:30,984 [INFO] IPUIPlugin:80 - create IPUIPlugin
2025-05-15 13:03:30,984 [INFO] IPUIPlugin:80 - create IPUIPlugin
2025-05-15 13:03:30,984 [INFO] IPUIPlugin:80 - create IPUIPlugin
2025-05-15 13:03:30,984 [INFO] IPUIPlugin:80 - create IPUIPlugin
2025-05-15 13:03:30,985 [INFO] IPUIPlugin:80 - create IPUIPlugin
2025-05-15 13:03:30,985 [INFO] IPUIPlugin:80 - create IPUIPlugin
2025-05-15 13:03:30,985 [INFO] IPUIPlugin:80 - create IPUIPlugin
2025-05-15 13:03:30,985 [INFO] IPUIPlugin:80 - create IPUIPlugin
2025-05-15 13:03:30,985 [INFO] IPUIPlugin:80 - create IPUIPlugin
2025-05-15 13:03:30,986 [INFO] IPUIPlugin:80 - create IPUIPlugin
2025-05-15 13:03:30,986 [INFO] IPUIPlugin:80 - create IPUIPlugin
2025-05-15 13:03:30,986 [INFO] IPUIPlugin:80 - create IPUIPlugin
2025-05-15 13:03:30,986 [INFO] IPUIPlugin:80 - create IPUIPlugin
2025-05-15 13:03:30,986 [INFO] IPUIPlugin:80 - create IPUIPlugin
2025-05-15 13:03:30,986 [INFO] IPUIPlugin:80 - create IPUIPlugin
2025-05-15 13:03:30,987 [INFO] IPUIPlugin:80 - create IPUIPlugin
2025-05-15 13:03:30,987 [INFO] IPUIPlugin:80 - create IPUIPlugin
2025-05-15 13:03:30,987 [INFO] IPUIPlugin:80 - create IPUIPlugin
2025-05-15 13:03:30,987 [INFO] IPUIPlugin:80 - create IPUIPlugin
2025-05-15 13:03:30,987 [INFO] IPUIPlugin:80 - create IPUIPlugin
2025-05-15 13:03:30,988 [INFO] IPUIPlugin:80 - create IPUIPlugin
2025-05-15 13:03:30,988 [INFO] IPUIPlugin:80 - create IPUIPlugin
2025-05-15 13:03:30,988 [INFO] IPUIPlugin:80 - create IPUIPlugin
2025-05-15 13:03:30,988 [INFO] IPUIPlugin:80 - create IPUIPlugin
2025-05-15 13:03:30,988 [INFO] IPUIPlugin:80 - create IPUIPlugin
2025-05-15 13:03:30,988 [INFO] IPUIPlugin:80 - create IPUIPlugin
2025-05-15 13:03:30,988 [INFO] IPUIPlugin:80 - create IPUIPlugin
2025-05-15 13:03:30,988 [INFO] IPUIPlugin:80 - create IPUIPlugin
2025-05-15 13:03:30,988 [INFO] IPUIPlugin:80 - create IPUIPlugin
2025-05-15 13:03:30,989 [INFO] IPUIPlugin:80 - create IPUIPlugin
2025-05-15 13:03:30,989 [INFO] IPUIPlugin:80 - create IPUIPlugin
2025-05-15 13:03:30,989 [INFO] IPUIPlugin:80 - create IPUIPlugin
2025-05-15 13:03:30,989 [INFO] IPUIPlugin:80 - create IPUIPlugin
2025-05-15 13:03:30,989 [INFO] IPUIPlugin:80 - create IPUIPlugin
2025-05-15 13:03:30,989 [INFO] IPUIPlugin:80 - create IPUIPlugin
2025-05-15 13:03:30,989 [INFO] IPUIPlugin:80 - create IPUIPlugin
2025-05-15 13:03:30,989 [INFO] IPUIPlugin:80 - create IPUIPlugin
2025-05-15 13:03:30,989 [INFO] IPUIPlugin:80 - create IPUIPlugin
2025-05-15 13:03:30,990 [INFO] IPUIPlugin:80 - create IPUIPlugin
2025-05-15 13:03:30,990 [INFO] IPUIPlugin:80 - create IPUIPlugin
2025-05-15 13:03:30,990 [INFO] IPUIPlugin:80 - create IPUIPlugin
2025-05-15 13:03:30,990 [INFO] IPUIPlugin:80 - create IPUIPlugin
2025-05-15 13:03:30,991 [INFO] IPUIPlugin:80 - create IPUIPlugin
2025-05-15 13:03:30,991 [INFO] IPUIPlugin:80 - create IPUIPlugin
2025-05-15 13:03:30,991 [INFO] IPUIPlugin:80 - create IPUIPlugin
2025-05-15 13:03:30,992 [INFO] IPUIPlugin:80 - create IPUIPlugin
2025-05-15 13:03:30,992 [INFO] IPUIPlugin:80 - create IPUIPlugin
2025-05-15 13:03:30,992 [INFO] IPUIPlugin:80 - create IPUIPlugin
2025-05-15 13:03:31,001 [INFO] ApiDbMcu:508 - Load IP Config File for PDM2PCM
2025-05-15 13:03:31,005 [WARN] IP:2250 - I2C_Coeff_DF not found: check if there is a RefParameter without a condition.
2025-05-15 13:03:31,005 [WARN] IP:2250 - Analog_Filter not found: check if there is a RefParameter without a condition.
2025-05-15 13:03:31,007 [INFO] I2sManager:658 - 9.6E7
2025-05-15 13:03:31,008 [INFO] I2sManager:195 - I2S Clock Value : 9.6E7
2025-05-15 13:03:31,008 [INFO] I2sManager:553 - AudioClock : 93750Divider : 2Odd : 0
2025-05-15 13:03:31,060 [INFO] CADModel:165 - CPN selected for project levelSTM32F407VGT6
2025-05-15 13:03:31,060 [INFO] CADModel:114 - Register for checkConnection events
2025-05-15 13:03:31,096 [INFO] OpenFileManager:385 - Restore cursor
2025-05-15 13:03:31,274 [WARN] IP:2250 - I2C_Coeff_DF not found: check if there is a RefParameter without a condition.
2025-05-15 13:03:31,274 [WARN] IP:2250 - Analog_Filter not found: check if there is a RefParameter without a condition.
2025-05-15 13:03:31,274 [WARN] IP:2250 - I2C_Coeff_DF not found: check if there is a RefParameter without a condition.
2025-05-15 13:03:31,274 [WARN] IP:2250 - Analog_Filter not found: check if there is a RefParameter without a condition.
2025-05-15 13:04:42,002 [INFO] MainUpdater:2872 - connection check result : 10
2025-05-15 13:04:42,182 [INFO] McuFinderGlobals:76 - Set McuFinderConnectedMode to true
2025-05-15 13:04:42,183 [INFO] MultiScanPanel:200 - Auto-refresh data requested => check proxy status ongoing
2025-05-15 13:04:42,183 [INFO] FinderPluginLoader:95 - Searching for filters in installed packs
2025-05-15 13:04:42,989 [INFO] LoadUrlFilesThread:185 - End of LoadServerUrlFiles without Thread
2025-05-15 13:04:42,990 [INFO] DetailPanel:341 - Set advertising image to /Users/winstonhar/STM32Cube/Repository//en.summit-h1-25-promotion.jpg
2025-05-15 13:05:07,011 [INFO] MainUpdater:2872 - connection check result : 10
2025-05-15 13:05:07,011 [INFO] MainUpdater:2872 - connection check result : 10
2025-05-15 13:05:07,067 [INFO] I2sManager:658 - 9.6E7
2025-05-15 13:05:07,067 [INFO] I2sManager:195 - I2S Clock Value : 9.6E7
2025-05-15 13:05:07,068 [INFO] I2sManager:553 - AudioClock : 93750Divider : 2Odd : 0
2025-05-15 13:05:07,069 [INFO] MicroXplorer:468 - Change Database Path : 
2025-05-15 13:05:07,069 [INFO] MicroXplorer:498 - Change Database Version : DB.6.0.141
2025-05-15 13:05:07,077 [ERROR] ProjectManagerView:395 - 
java.lang.NullPointerException: Cannot invoke "javax.swing.JTextField.getText()" because the return value of "java.util.List.get(int)" is null
	at com.st.microxplorer.plugins.projectmanager.gui.ProjectChoiceTab$9.caretUpdate(ProjectChoiceTab.java:2678) ~[filemanager.jar:?]
	at javax.swing.text.JTextComponent.fireCaretUpdate(JTextComponent.java:408) ~[?:?]
	at javax.swing.text.JTextComponent$MutableCaretEvent.fire(JTextComponent.java:4484) ~[?:?]
	at javax.swing.text.JTextComponent$MutableCaretEvent.stateChanged(JTextComponent.java:4506) ~[?:?]
	at javax.swing.text.DefaultCaret.fireStateChanged(DefaultCaret.java:857) ~[?:?]
	at javax.swing.text.DefaultCaret.changeCaretPosition(DefaultCaret.java:1343) ~[?:?]
	at javax.swing.text.DefaultCaret.handleSetDot(DefaultCaret.java:1242) ~[?:?]
	at javax.swing.text.DefaultCaret.setDot(DefaultCaret.java:1223) ~[?:?]
	at javax.swing.text.DefaultCaret$Handler.insertUpdate(DefaultCaret.java:1819) ~[?:?]
	at javax.swing.text.AbstractDocument.fireInsertUpdate(AbstractDocument.java:227) ~[?:?]
	at javax.swing.text.AbstractDocument.handleInsertString(AbstractDocument.java:781) ~[?:?]
	at javax.swing.text.AbstractDocument.insertString(AbstractDocument.java:740) ~[?:?]
	at javax.swing.text.PlainDocument.insertString(PlainDocument.java:131) ~[?:?]
	at javax.swing.text.AbstractDocument.replace(AbstractDocument.java:699) ~[?:?]
	at javax.swing.text.JTextComponent.setText(JTextComponent.java:1725) ~[?:?]
	at com.st.microxplorer.plugins.projectmanager.gui.ProjectChoiceTab.createHeapStackFields(ProjectChoiceTab.java:979) ~[filemanager.jar:?]
	at com.st.microxplorer.plugins.projectmanager.gui.ProjectChoiceTab.buildLinkSettingsPanel(ProjectChoiceTab.java:3766) ~[filemanager.jar:?]
	at com.st.microxplorer.plugins.projectmanager.gui.ProjectChoiceTab.defineWindowsFields(ProjectChoiceTab.java:1962) ~[filemanager.jar:?]
	at com.st.microxplorer.plugins.projectmanager.gui.ProjectChoiceTab.updateSettings(ProjectChoiceTab.java:555) ~[filemanager.jar:?]
	at com.st.microxplorer.plugins.projectmanager.gui.ProjectSettingsPanel.UpdateDialog(ProjectSettingsPanel.java:245) ~[filemanager.jar:?]
	at com.st.microxplorer.plugins.projectmanager.ProjectManagerView.propertyChange(ProjectManagerView.java:392) ~[filemanager.jar:?]
	at java.beans.PropertyChangeSupport.fire(PropertyChangeSupport.java:343) ~[?:?]
	at java.beans.PropertyChangeSupport.firePropertyChange(PropertyChangeSupport.java:335) ~[?:?]
	at java.beans.PropertyChangeSupport.firePropertyChange(PropertyChangeSupport.java:268) ~[?:?]
	at com.st.microxplorer.util.MXPropertyChangeSupport.firePropertyChange(MXPropertyChangeSupport.java:54) ~[STM32CubeMX.jar:?]
	at com.st.microxplorer.mxsystem.MxSystem.closeConfig(MxSystem.java:899) ~[STM32CubeMX.jar:?]
	at com.st.microxplorer.maingui.MainPanel.closeConfig(MainPanel.java:789) ~[STM32CubeMX.jar:?]
	at com.st.microxplorer.plugins.filemanager.engine.OpenFileManager.loadConfigurationFile(OpenFileManager.java:287) ~[filemanager.jar:?]
	at com.st.microxplorer.plugins.filemanager.engine.MainFileManager.userLoadConfig(MainFileManager.java:341) ~[filemanager.jar:?]
	at com.st.microxplorer.plugins.filemanager.engine.MainFileManager.userLoadConfig(MainFileManager.java:319) ~[filemanager.jar:?]
	at com.st.microxplorer.plugins.filemanager.FileManagerView.getSpecificTask(FileManagerView.java:246) ~[filemanager.jar:?]
	at com.st.stm32cube.common.mx.editor.CubeMxEditor.getMxTabbedPaneInstance(CubeMxEditor.java:1198) ~[com.st.stm32cube.common.mx_6.14.1.202504091515/:?]
	at com.st.stm32cube.common.mx.editor.CubeMxEditor$12$1.createSwingComponent(CubeMxEditor.java:1068) ~[com.st.stm32cube.common.mx_6.14.1.202504091515/:?]
	at com.st.stm32cube.common.mx.oss.core.awtswtbridge.EmbeddedSwingComposite.doComponentCreation(EmbeddedSwingComposite.java:492) ~[com.st.stm32cube.common.mx.oss_6.14.1.202504091515/:?]
	at com.st.stm32cube.common.mx.oss.core.awtswtbridge.EmbeddedSwingComposite$4.run(EmbeddedSwingComposite.java:291) ~[com.st.stm32cube.common.mx.oss_6.14.1.202504091515/:?]
	at com.st.stm32cube.common.mx.oss.core.awtswtbridge.AwtEnvironment$2.run(AwtEnvironment.java:166) ~[com.st.stm32cube.common.mx.oss_6.14.1.202504091515/:?]
	at java.awt.event.InvocationEvent.dispatch(InvocationEvent.java:318) ~[?:?]
	at java.awt.EventQueue.dispatchEventImpl(EventQueue.java:773) ~[?:?]
	at java.awt.EventQueue$4.run(EventQueue.java:720) ~[?:?]
	at java.awt.EventQueue$4.run(EventQueue.java:714) ~[?:?]
	at java.security.AccessController.doPrivileged(AccessController.java:400) ~[?:?]
	at java.security.ProtectionDomain$JavaSecurityAccessImpl.doIntersectionPrivilege(ProtectionDomain.java:87) ~[?:?]
	at java.awt.EventQueue.dispatchEvent(EventQueue.java:742) ~[?:?]
	at java.awt.EventDispatchThread.pumpOneEventForFilters(EventDispatchThread.java:203) ~[?:?]
	at java.awt.EventDispatchThread.pumpEventsForFilter(EventDispatchThread.java:124) ~[?:?]
	at java.awt.EventDispatchThread.pumpEventsForHierarchy(EventDispatchThread.java:113) ~[?:?]
	at java.awt.EventDispatchThread.pumpEvents(EventDispatchThread.java:109) ~[?:?]
	at java.awt.EventDispatchThread.pumpEvents(EventDispatchThread.java:101) ~[?:?]
	at java.awt.EventDispatchThread.run(EventDispatchThread.java:90) ~[?:?]
2025-05-15 13:05:07,077 [WARN] ThirdParty:871 - waiting for thirdparty lock release [close project]
2025-05-15 13:05:07,077 [INFO] ThirdParty:873 - entering critical section [close project]
2025-05-15 13:05:07,077 [INFO] ThirdParty:883 - exiting critical section [close project]
2025-05-15 13:05:07,079 [INFO] PinOutPanel:1589 - setPackage(No Configuration,No Configuration)
2025-05-15 13:05:07,086 [WARN] IpParametersView:155 - Warning: This peripheral hasn't parameters
2025-05-15 13:05:07,090 [WARN] MainPanel:289 - <html><b><center>Warning: This peripheral has no parameters to be configured<br></b></html>
2025-05-15 13:05:07,093 [INFO] UtilMem:75 - Begin LoadConfig() Used Memory: 443067232 Bytes (898629632)
2025-05-15 13:05:07,094 [INFO] MicroXplorer:468 - Change Database Path : 
2025-05-15 13:05:07,094 [INFO] MicroXplorer:498 - Change Database Version : DB.6.0.141
2025-05-15 13:05:07,094 [INFO] OpenFileManager:354 - Change cursor
2025-05-15 13:05:07,103 [INFO] Mcu:2011 - Initializing MCU STM32F407V(E-G)Tx STM32F407VGTx STM32F407VGT6
2025-05-15 13:05:07,936 [INFO] Context:756 - Trying to add GPIOservice into a context  which must be forbidden
2025-05-15 13:05:08,249 [INFO] ImportTextPane:218 - (OptionalMessage_ERROR) Pin37 (VP_RIF_VS_RIF1) cannot be retrieved for this MCU
2025-05-15 13:05:08,426 [INFO] RtosManager:558 - Registered RTOS mode: class=CMSIS, group=RTOS, mode=CMSIS_V1, owner=FREERTOS
2025-05-15 13:05:08,426 [INFO] RtosManager:558 - Registered RTOS mode: class=CMSIS, group=RTOS2, mode=CMSIS_V2, owner=FREERTOS
2025-05-15 13:05:08,426 [INFO] RtosManager:558 - Registered RTOS mode: class=RTOS, group=Core, mode=CMSIS_V1, owner=FREERTOS
2025-05-15 13:05:08,426 [INFO] RtosManager:558 - Registered RTOS mode: class=RTOS, group=Core, mode=CMSIS_V2, owner=FREERTOS
2025-05-15 13:05:08,426 [WARN] ModelIntegratedComponent:184 - Missing modes for component STMicroelectronics:FreeRTOS:0.0.1:STMicroelectronics:RTOS:FreeRTOS:Core:::10.2.0:
2025-05-15 13:05:08,436 [WARN] ModelIntegratedComponent:63 - No mode defined for component null
2025-05-15 13:05:08,436 [WARN] ModelIntegratedComponent:63 - No mode defined for component null
2025-05-15 13:05:08,436 [WARN] ModelIntegratedComponent:63 - No mode defined for component null
2025-05-15 13:05:08,436 [WARN] ModelIntegratedComponent:63 - No mode defined for component null
2025-05-15 13:05:08,436 [WARN] ModelIntegratedComponent:63 - No mode defined for component null
2025-05-15 13:05:08,436 [WARN] ModelIntegratedComponent:63 - No mode defined for component null
2025-05-15 13:05:08,436 [WARN] ModelIntegratedComponent:63 - No mode defined for component null
2025-05-15 13:05:08,436 [WARN] ModelIntegratedComponent:63 - No mode defined for component null
2025-05-15 13:05:08,436 [WARN] ModelIntegratedComponent:63 - No mode defined for component null
2025-05-15 13:05:08,436 [WARN] ModelIntegratedComponent:63 - No mode defined for component null
2025-05-15 13:05:08,436 [WARN] ModelIntegratedComponent:63 - No mode defined for component null
2025-05-15 13:05:08,437 [WARN] ModelIntegratedComponent:63 - No mode defined for component null
2025-05-15 13:05:08,437 [WARN] ModelIntegratedComponent:63 - No mode defined for component null
2025-05-15 13:05:08,437 [WARN] ModelIntegratedComponent:63 - No mode defined for component null
2025-05-15 13:05:08,437 [WARN] ModelIntegratedComponent:63 - No mode defined for component null
2025-05-15 13:05:08,437 [WARN] ModelIntegratedComponent:63 - No mode defined for component null
2025-05-15 13:05:08,437 [WARN] ModelIntegratedComponent:63 - No mode defined for component null
2025-05-15 13:05:08,437 [WARN] ModelIntegratedComponent:63 - No mode defined for component null
2025-05-15 13:05:08,437 [WARN] ModelIntegratedComponent:63 - No mode defined for component null
2025-05-15 13:05:08,437 [WARN] ModelIntegratedComponent:63 - No mode defined for component null
2025-05-15 13:05:08,437 [WARN] ModelIntegratedComponent:63 - No mode defined for component null
2025-05-15 13:05:08,437 [WARN] ModelIntegratedComponent:63 - No mode defined for component null
2025-05-15 13:05:08,437 [WARN] ModelIntegratedComponent:63 - No mode defined for component null
2025-05-15 13:05:08,437 [WARN] ModelIntegratedComponent:63 - No mode defined for component null
2025-05-15 13:05:08,437 [WARN] ModelIntegratedComponent:63 - No mode defined for component null
2025-05-15 13:05:08,437 [WARN] ModelIntegratedComponent:63 - No mode defined for component null
2025-05-15 13:05:08,437 [WARN] ModelIntegratedComponent:63 - No mode defined for component null
2025-05-15 13:05:08,437 [WARN] ModelIntegratedComponent:63 - No mode defined for component null
2025-05-15 13:05:08,437 [WARN] ModelIntegratedComponent:63 - No mode defined for component null
2025-05-15 13:05:08,437 [WARN] ModelIntegratedComponent:63 - No mode defined for component null
2025-05-15 13:05:08,437 [WARN] ModelIntegratedComponent:63 - No mode defined for component null
2025-05-15 13:05:08,437 [WARN] ModelIntegratedComponent:63 - No mode defined for component null
2025-05-15 13:05:08,437 [WARN] ModelIntegratedComponent:63 - No mode defined for component null
2025-05-15 13:05:08,437 [WARN] ModelIntegratedComponent:63 - No mode defined for component null
2025-05-15 13:05:08,437 [WARN] ModelIntegratedComponent:63 - No mode defined for component null
2025-05-15 13:05:08,437 [WARN] ModelPack:524 - Component already loaded: STMicroelectronics:HAL Drivers:0.0.0:STMicroelectronics:Device:STMicro_Driver:XSPI:HAL::0.0.1:HAL_XSPI
2025-05-15 13:05:08,552 [INFO] ThirdPartyModel:298 - Start build external matchings
2025-05-15 13:05:09,526 [INFO] ThirdPartyModel:316 - End build external matchings
2025-05-15 13:05:09,548 [INFO] ImportTextPane:218 - (OptionalMessage_ERROR) IP (DMA) : Parameter (Instance) has Id (DAC1) currently not set
2025-05-15 13:05:09,548 [INFO] ImportTextPane:218 - (OptionalMessage_ERROR) IP (DMA) : Parameter (Channel) has Id (DAC1) currently not set
2025-05-15 13:05:09,548 [INFO] ImportTextPane:218 - (OptionalMessage_ERROR) IP (DMA) : Parameter (Direction) has Id (DAC1) currently not set
2025-05-15 13:05:09,548 [INFO] ImportTextPane:218 - (OptionalMessage_ERROR) IP (DMA) : Parameter (PeriphInc) has Id (DAC1) currently not set
2025-05-15 13:05:09,548 [INFO] ImportTextPane:218 - (OptionalMessage_ERROR) IP (DMA) : Parameter (MemInc) has Id (DAC1) currently not set
2025-05-15 13:05:09,548 [INFO] ImportTextPane:218 - (OptionalMessage_ERROR) IP (DMA) : Parameter (PeriphDataAlignment) has Id (DAC1) currently not set
2025-05-15 13:05:09,548 [INFO] ImportTextPane:218 - (OptionalMessage_ERROR) IP (DMA) : Parameter (MemDataAlignment) has Id (DAC1) currently not set
2025-05-15 13:05:09,548 [INFO] ImportTextPane:218 - (OptionalMessage_ERROR) IP (DMA) : Parameter (Mode) has Id (DAC1) currently not set
2025-05-15 13:05:09,548 [INFO] ImportTextPane:218 - (OptionalMessage_ERROR) IP (DMA) : Parameter (Priority) has Id (DAC1) currently not set
2025-05-15 13:05:09,548 [INFO] ImportTextPane:218 - (OptionalMessage_ERROR) IP (DMA) : Parameter (FIFOMode) has Id (DAC1) currently not set
2025-05-15 13:05:09,549 [INFO] ImportTextPane:218 - (OptionalMessage_ERROR) IP (RCC) : Parameter (RTCHSEDivFreq_Value) has invalid value (4000000)
2025-05-15 13:05:09,747 [INFO] UtilMem:75 - End LoadConfig() Used Memory: 451763216 Bytes (898629632)
2025-05-15 13:05:09,797 [WARN] ThirdParty:833 - waiting for thirdparty lock release [change project]
2025-05-15 13:05:09,797 [INFO] ThirdParty:835 - entering critical section [change project]
2025-05-15 13:05:09,797 [INFO] ThirdParty:1030 - CMSIS Pack Vendor :STMicroelectronics USBPD 4.1
2025-05-15 13:05:09,797 [INFO] ThirdParty:1030 - CMSIS Pack Vendor :STMicroelectronics X-CUBE-AZRTOS-H7 3.3.0
2025-05-15 13:05:09,797 [INFO] ThirdParty:1030 - CMSIS Pack Vendor :STMicroelectronics X-CUBE-NFC9 1.0.0
2025-05-15 13:05:09,797 [INFO] ThirdParty:1030 - CMSIS Pack Vendor :STMicroelectronics USB_HOST 2.0.0
2025-05-15 13:05:09,797 [INFO] ThirdParty:1030 - CMSIS Pack Vendor :STMicroelectronics FP-SNS-MOTENVWB1 1.4.0
2025-05-15 13:05:09,797 [INFO] ThirdParty:1030 - CMSIS Pack Vendor :STMicroelectronics X-CUBE-AZRTOS-F4 1.1.0
2025-05-15 13:05:09,797 [INFO] ThirdParty:1030 - CMSIS Pack Vendor :STMicroelectronics LIBJPEG 8.0.0
2025-05-15 13:05:09,797 [INFO] ThirdParty:1030 - CMSIS Pack Vendor :STMicroelectronics FP-ATR-ASTRA1 2.0.2
2025-05-15 13:05:09,797 [INFO] ThirdParty:1030 - CMSIS Pack Vendor :STMicroelectronics X-CUBE-BLE1 7.1.0
2025-05-15 13:05:09,797 [INFO] ThirdParty:1030 - CMSIS Pack Vendor :Avnet-IotConnect X-CUBE-IoTC-DA16k-PMOD 1.0.0
2025-05-15 13:05:09,797 [INFO] ThirdParty:1030 - CMSIS Pack Vendor :STMicroelectronics X-CUBE-SMBUS 2.1.0
2025-05-15 13:05:09,797 [INFO] ThirdParty:1030 - CMSIS Pack Vendor :STMicroelectronics X-CUBE-WB05N 1.1.0
2025-05-15 13:05:09,797 [INFO] ThirdParty:1030 - CMSIS Pack Vendor :wolfSSL I-CUBE-wolfMQTT 1.19.2
2025-05-15 13:05:09,797 [INFO] ThirdParty:1030 - CMSIS Pack Vendor :STMicroelectronics USB_DEVICE 3.0.0
2025-05-15 13:05:09,798 [INFO] ThirdParty:1030 - CMSIS Pack Vendor :STMicroelectronics X-CUBE-ISPU 2.1.0
2025-05-15 13:05:09,798 [INFO] ThirdParty:1030 - CMSIS Pack Vendor :STMicroelectronics X-CUBE-AZRTOS-WB 2.0.0
2025-05-15 13:05:09,798 [INFO] ThirdParty:1030 - CMSIS Pack Vendor :STMicroelectronics X-CUBE-GNSS1 7.0.1
2025-05-15 13:05:09,798 [INFO] ThirdParty:1030 - CMSIS Pack Vendor :STMicroelectronics X-CUBE-AZRTOS-F7 1.1.0
2025-05-15 13:05:09,798 [INFO] ThirdParty:1030 - CMSIS Pack Vendor :STMicroelectronics X-CUBE-AZRTOS-L5 2.0.0
2025-05-15 13:05:09,798 [INFO] ThirdParty:1030 - CMSIS Pack Vendor :STMicroelectronics X-CUBE-TOUCHGFX 4.25.0
2025-05-15 13:05:09,798 [INFO] ThirdParty:1030 - CMSIS Pack Vendor :STMicroelectronics USB_DEVICE 2.0.0
2025-05-15 13:05:09,798 [INFO] ThirdParty:1030 - CMSIS Pack Vendor :STMicroelectronics X-CUBE-NFC6 3.1.0
2025-05-15 13:05:09,798 [INFO] ThirdParty:1030 - CMSIS Pack Vendor :STMicroelectronics FP-SNS-STBOX1 2.0.0
2025-05-15 13:05:09,798 [INFO] ThirdParty:1030 - CMSIS Pack Vendor :STMicroelectronics X-CUBE-MEMS1 11.2.0
2025-05-15 13:05:09,798 [INFO] ThirdParty:1030 - CMSIS Pack Vendor :STMicroelectronics FreeRTOS 0.0.1
2025-05-15 13:05:09,798 [INFO] ThirdParty:1030 - CMSIS Pack Vendor :STMicroelectronics X-CUBE-AZRTOS-G0 1.1.0
2025-05-15 13:05:09,798 [INFO] ThirdParty:1030 - CMSIS Pack Vendor :STMicroelectronics X-CUBE-SAFEA1 1.2.2
2025-05-15 13:05:09,798 [INFO] ThirdParty:1030 - CMSIS Pack Vendor :STMicroelectronics X-CUBE-NFC4 3.0.0
2025-05-15 13:05:09,798 [INFO] ThirdParty:1030 - CMSIS Pack Vendor :STMicroelectronics X-CUBE-SUBG2 5.0.0
2025-05-15 13:05:09,798 [INFO] ThirdParty:1030 - CMSIS Pack Vendor :STMicroelectronics X-CUBE-AZRTOS-H7RS 1.1.0
2025-05-15 13:05:09,799 [INFO] ThirdParty:1030 - CMSIS Pack Vendor :STMicroelectronics STM32_WPAN 1.0.0
2025-05-15 13:05:09,799 [INFO] ThirdParty:1030 - CMSIS Pack Vendor :EmbeddedOffice I-CUBE-FS-RTOS 1.0.1
2025-05-15 13:05:09,799 [INFO] ThirdParty:1030 - CMSIS Pack Vendor :STMicroelectronics lwIP 2.0.3
2025-05-15 13:05:09,799 [INFO] ThirdParty:1030 - CMSIS Pack Vendor :Cesanta I-CUBE-Mongoose 7.13.0
2025-05-15 13:05:09,799 [INFO] ThirdParty:1030 - CMSIS Pack Vendor :STMicroelectronics USB_HOST 1.0.0
2025-05-15 13:05:09,799 [INFO] ThirdParty:1030 - CMSIS Pack Vendor :Infineon AIROC-Wi-Fi-Bluetooth-STM32 1.7.0
2025-05-15 13:05:09,799 [INFO] ThirdParty:1030 - CMSIS Pack Vendor :STMicroelectronics X-CUBE-AZRTOS-G4 2.0.0
2025-05-15 13:05:09,799 [INFO] ThirdParty:1030 - CMSIS Pack Vendor :STMicroelectronics X-CUBE-WB05N 2.0.0
2025-05-15 13:05:09,799 [INFO] ThirdParty:1030 - CMSIS Pack Vendor :STMicroelectronics PDM2PCM 3.1.0
2025-05-15 13:05:09,799 [INFO] ThirdParty:1030 - CMSIS Pack Vendor :STMicroelectronics PDM2PCM 3.3.0
2025-05-15 13:05:09,799 [INFO] ThirdParty:1030 - CMSIS Pack Vendor :wolfSSL I-CUBE-wolfTPM 3.8.0
2025-05-15 13:05:09,799 [INFO] ThirdParty:1030 - CMSIS Pack Vendor :STMicroelectronics X-CUBE-DISPLAY 3.0.0
2025-05-15 13:05:09,799 [INFO] ThirdParty:1030 - CMSIS Pack Vendor :wolfSSL I-CUBE-wolfSSH 1.4.20
2025-05-15 13:05:09,799 [INFO] ThirdParty:1030 - CMSIS Pack Vendor :STMicroelectronics X-CUBE-NFC7 2.0.0
2025-05-15 13:05:09,799 [INFO] ThirdParty:1030 - CMSIS Pack Vendor :STMicroelectronics X-CUBE-TCPP 4.2.0
2025-05-15 13:05:09,799 [INFO] ThirdParty:1030 - CMSIS Pack Vendor :RealThread X-CUBE-RT-Thread_Nano 4.1.1
2025-05-15 13:05:09,800 [INFO] ThirdParty:1030 - CMSIS Pack Vendor :STMicroelectronics FP-ATR-SIGFOX1 3.2.0
2025-05-15 13:05:09,800 [INFO] ThirdParty:1030 - CMSIS Pack Vendor :STMicroelectronics X-CUBE-NFC10 1.0.0
2025-05-15 13:05:09,800 [INFO] ThirdParty:1030 - CMSIS Pack Vendor :STMicroelectronics X-CUBE-BLEMGR 4.0.0
2025-05-15 13:05:09,800 [INFO] ThirdParty:1030 - CMSIS Pack Vendor :STMicroelectronics X-CUBE-EEPRMA1 5.1.0
2025-05-15 13:05:09,800 [INFO] ThirdParty:1030 - CMSIS Pack Vendor :STMicroelectronics X-CUBE-FREERTOS 1.3.1
2025-05-15 13:05:09,800 [INFO] ThirdParty:1030 - CMSIS Pack Vendor :STMicroelectronics HAL Drivers 0.0.0
2025-05-15 13:05:09,800 [INFO] ThirdParty:1030 - CMSIS Pack Vendor :STMicroelectronics MBEDTLS 2.16.2
2025-05-15 13:05:09,800 [INFO] ThirdParty:1030 - CMSIS Pack Vendor :STMicroelectronics X-CUBE-IPS 3.1.0
2025-05-15 13:05:09,800 [INFO] ThirdParty:1030 - CMSIS Pack Vendor :STMicroelectronics X-CUBE-ALS 1.0.2
2025-05-15 13:05:09,800 [INFO] ThirdParty:1030 - CMSIS Pack Vendor :emotas I-CUBE-CANOPEN 1.3.0
2025-05-15 13:05:09,800 [INFO] ThirdParty:1030 - CMSIS Pack Vendor :STMicroelectronics X-CUBE-FREERTOS 1.3.0
2025-05-15 13:05:09,800 [INFO] ThirdParty:1030 - CMSIS Pack Vendor :STMicroelectronics X-CUBE-NFC7 1.0.1
2025-05-15 13:05:09,800 [INFO] ThirdParty:1030 - CMSIS Pack Vendor :STMicroelectronics MBEDTLS 2.14.1
2025-05-15 13:05:09,800 [INFO] ThirdParty:1030 - CMSIS Pack Vendor :wolfSSL I-CUBE-wolfSSL 5.7.6
2025-05-15 13:05:09,800 [INFO] ThirdParty:1030 - CMSIS Pack Vendor :ITTIA_DB I-CUBE-ITTIADB 8.9.0
2025-05-15 13:05:09,800 [INFO] ThirdParty:1030 - CMSIS Pack Vendor :portGmbH I-Cube-SoM-uGOAL 1.1.0
2025-05-15 13:05:09,800 [INFO] ThirdParty:1030 - CMSIS Pack Vendor :quantropi X-CUBE-qispace-sdk-base 2.0.0
2025-05-15 13:05:09,800 [INFO] ThirdParty:1030 - CMSIS Pack Vendor :STMicroelectronics X-CUBE-AI 10.0.0
2025-05-15 13:05:09,800 [INFO] ThirdParty:1030 - CMSIS Pack Vendor :STMicroelectronics ThreadX 1.0.0
2025-05-15 13:05:09,800 [INFO] ThirdParty:1030 - CMSIS Pack Vendor :STMicroelectronics FP-SNS-SMARTAG2 1.2.0
2025-05-15 13:05:09,800 [INFO] ThirdParty:1030 - CMSIS Pack Vendor :STMicroelectronics FP-SNS-FLIGHT1 5.1.0
2025-05-15 13:05:09,801 [INFO] ThirdParty:1030 - CMSIS Pack Vendor :STMicroelectronics X-CUBE-MEMS1 11.1.0
2025-05-15 13:05:09,801 [INFO] ThirdParty:1030 - CMSIS Pack Vendor :STMicroelectronics X-CUBE-AZRTOS-WL 2.0.0
2025-05-15 13:05:09,801 [INFO] ThirdParty:1030 - CMSIS Pack Vendor :SEGGER I-CUBE-embOS 1.3.1
2025-05-15 13:05:09,801 [INFO] ThirdParty:1030 - CMSIS Pack Vendor :STMicroelectronics X-CUBE-ALGOBUILD 1.4.0
2025-05-15 13:05:09,801 [INFO] ThirdParty:1030 - CMSIS Pack Vendor :STMicroelectronics X-CUBE-DPower 1.3.0
2025-05-15 13:05:09,801 [INFO] ThirdParty:1030 - CMSIS Pack Vendor :STMicroelectronics FP-SNS-MOTENV1 5.0.0
2025-05-15 13:05:09,801 [INFO] ThirdParty:1030 - CMSIS Pack Vendor :STMicroelectronics USB_DEVICE 1.0.0
2025-05-15 13:05:09,801 [INFO] ThirdParty:1030 - CMSIS Pack Vendor :STMicroelectronics X-CUBE-AZRTOS-L4 2.0.0
2025-05-15 13:05:09,801 [INFO] ThirdParty:1030 - CMSIS Pack Vendor :STMicroelectronics ThreadX 0.0.2
2025-05-15 13:05:09,801 [INFO] ThirdParty:1030 - CMSIS Pack Vendor :WES I-CUBE-Cesium 1.3.0
2025-05-15 13:05:09,801 [INFO] ThirdParty:1030 - CMSIS Pack Vendor :STMicroelectronics lwIP 2.1.2
2025-05-15 13:05:09,801 [INFO] ThirdParty:1030 - CMSIS Pack Vendor :STMicroelectronics X-CUBE-SFXS2LP1 4.0.0
2025-05-15 13:05:09,801 [INFO] ThirdParty:1030 - CMSIS Pack Vendor :STMicroelectronics X-CUBE-BLE2 3.3.0
2025-05-15 13:05:09,801 [INFO] ThirdParty:1030 - CMSIS Pack Vendor :STMicroelectronics X-CUBE-TOF1 3.4.2
2025-05-15 13:05:09,801 [INFO] ThirdParty:1030 - CMSIS Pack Vendor :STMicroelectronics X-CUBE-TOF1 3.4.3
2025-05-15 13:05:09,801 [INFO] ThirdParty:1030 - CMSIS Pack Vendor :STMicroelectronics PDM2PCM 3.2.0
2025-05-15 13:05:09,802 [INFO] ThirdParty:841 - exiting critical section [change project]
2025-05-15 13:05:10,027 [INFO] PinOutPanel:1589 - setPackage(No Configuration,No Configuration)
2025-05-15 13:05:10,028 [INFO] PinOutPanel:1589 - setPackage(STM32F407VGTx,LQFP100)
2025-05-15 13:05:10,185 [INFO] UtilMem:75 - Before build in PCC Used Memory: 652041232 Bytes (898629632)
2025-05-15 13:05:10,304 [INFO] UtilMem:75 - After build in PCC Used Memory: 697130000 Bytes (898629632)
2025-05-15 13:05:10,306 [INFO] ApiDbMcu:508 - Load IP Config File for USB_HOST
2025-05-15 13:05:10,307 [WARN] BspModel:444 - BSP dependency skipped because of component: name='IOExpander', api='Unknown'
2025-05-15 13:05:10,325 [INFO] IPUIPlugin:80 - create IPUIPlugin
2025-05-15 13:05:10,325 [INFO] IPUIPlugin:80 - create IPUIPlugin
2025-05-15 13:05:10,325 [INFO] IPUIPlugin:80 - create IPUIPlugin
2025-05-15 13:05:10,325 [INFO] IPUIPlugin:80 - create IPUIPlugin
2025-05-15 13:05:10,325 [INFO] IPUIPlugin:80 - create IPUIPlugin
2025-05-15 13:05:10,325 [INFO] IPUIPlugin:80 - create IPUIPlugin
2025-05-15 13:05:10,325 [INFO] IPUIPlugin:80 - create IPUIPlugin
2025-05-15 13:05:10,325 [INFO] IPUIPlugin:80 - create IPUIPlugin
2025-05-15 13:05:10,325 [INFO] IPUIPlugin:80 - create IPUIPlugin
2025-05-15 13:05:10,326 [INFO] IPUIPlugin:80 - create IPUIPlugin
2025-05-15 13:05:10,326 [INFO] IPUIPlugin:80 - create IPUIPlugin
2025-05-15 13:05:10,326 [INFO] IPUIPlugin:80 - create IPUIPlugin
2025-05-15 13:05:10,326 [INFO] IPUIPlugin:80 - create IPUIPlugin
2025-05-15 13:05:10,326 [INFO] IPUIPlugin:80 - create IPUIPlugin
2025-05-15 13:05:10,326 [INFO] IPUIPlugin:80 - create IPUIPlugin
2025-05-15 13:05:10,326 [INFO] IPUIPlugin:80 - create IPUIPlugin
2025-05-15 13:05:10,326 [INFO] IPUIPlugin:80 - create IPUIPlugin
2025-05-15 13:05:10,327 [INFO] IPUIPlugin:80 - create IPUIPlugin
2025-05-15 13:05:10,327 [INFO] IPUIPlugin:80 - create IPUIPlugin
2025-05-15 13:05:10,327 [INFO] IPUIPlugin:80 - create IPUIPlugin
2025-05-15 13:05:10,327 [INFO] IPUIPlugin:80 - create IPUIPlugin
2025-05-15 13:05:10,327 [INFO] IPUIPlugin:80 - create IPUIPlugin
2025-05-15 13:05:10,328 [INFO] IPUIPlugin:80 - create IPUIPlugin
2025-05-15 13:05:10,328 [INFO] IPUIPlugin:80 - create IPUIPlugin
2025-05-15 13:05:10,328 [INFO] IPUIPlugin:80 - create IPUIPlugin
2025-05-15 13:05:10,328 [INFO] IPUIPlugin:80 - create IPUIPlugin
2025-05-15 13:05:10,328 [INFO] IPUIPlugin:80 - create IPUIPlugin
2025-05-15 13:05:10,328 [INFO] IPUIPlugin:80 - create IPUIPlugin
2025-05-15 13:05:10,328 [INFO] IPUIPlugin:80 - create IPUIPlugin
2025-05-15 13:05:10,329 [INFO] IPUIPlugin:80 - create IPUIPlugin
2025-05-15 13:05:10,329 [INFO] IPUIPlugin:80 - create IPUIPlugin
2025-05-15 13:05:10,329 [INFO] IPUIPlugin:80 - create IPUIPlugin
2025-05-15 13:05:10,329 [INFO] IPUIPlugin:80 - create IPUIPlugin
2025-05-15 13:05:10,329 [INFO] IPUIPlugin:80 - create IPUIPlugin
2025-05-15 13:05:10,329 [INFO] IPUIPlugin:80 - create IPUIPlugin
2025-05-15 13:05:10,329 [INFO] IPUIPlugin:80 - create IPUIPlugin
2025-05-15 13:05:10,329 [INFO] IPUIPlugin:80 - create IPUIPlugin
2025-05-15 13:05:10,329 [INFO] IPUIPlugin:80 - create IPUIPlugin
2025-05-15 13:05:10,329 [INFO] IPUIPlugin:80 - create IPUIPlugin
2025-05-15 13:05:10,330 [INFO] IPUIPlugin:80 - create IPUIPlugin
2025-05-15 13:05:10,330 [INFO] IPUIPlugin:80 - create IPUIPlugin
2025-05-15 13:05:10,330 [INFO] IPUIPlugin:80 - create IPUIPlugin
2025-05-15 13:05:10,330 [INFO] IPUIPlugin:80 - create IPUIPlugin
2025-05-15 13:05:10,330 [INFO] IPUIPlugin:80 - create IPUIPlugin
2025-05-15 13:05:10,330 [INFO] IPUIPlugin:80 - create IPUIPlugin
2025-05-15 13:05:10,330 [INFO] IPUIPlugin:80 - create IPUIPlugin
2025-05-15 13:05:10,330 [INFO] IPUIPlugin:80 - create IPUIPlugin
2025-05-15 13:05:10,330 [INFO] IPUIPlugin:80 - create IPUIPlugin
2025-05-15 13:05:10,330 [INFO] IPUIPlugin:80 - create IPUIPlugin
2025-05-15 13:05:10,331 [INFO] IPUIPlugin:80 - create IPUIPlugin
2025-05-15 13:05:10,331 [INFO] IPUIPlugin:80 - create IPUIPlugin
2025-05-15 13:05:10,331 [INFO] IPUIPlugin:80 - create IPUIPlugin
2025-05-15 13:05:10,331 [INFO] IPUIPlugin:80 - create IPUIPlugin
2025-05-15 13:05:10,332 [INFO] IPUIPlugin:80 - create IPUIPlugin
2025-05-15 13:05:10,332 [INFO] IPUIPlugin:80 - create IPUIPlugin
2025-05-15 13:05:10,332 [INFO] IPUIPlugin:80 - create IPUIPlugin
2025-05-15 13:05:10,333 [INFO] IPUIPlugin:80 - create IPUIPlugin
2025-05-15 13:05:10,333 [INFO] IPUIPlugin:80 - create IPUIPlugin
2025-05-15 13:05:10,334 [INFO] ApiDbMcu:508 - Load IP Config File for PDM2PCM
2025-05-15 13:05:10,335 [WARN] IP:2250 - I2C_Coeff_DF not found: check if there is a RefParameter without a condition.
2025-05-15 13:05:10,335 [WARN] IP:2250 - Analog_Filter not found: check if there is a RefParameter without a condition.
2025-05-15 13:05:10,382 [INFO] CADModel:165 - CPN selected for project levelSTM32F407VGT6
2025-05-15 13:05:10,382 [INFO] CADModel:114 - Register for checkConnection events
2025-05-15 13:05:10,420 [INFO] OpenFileManager:385 - Restore cursor
2025-05-15 13:05:10,579 [WARN] IP:2250 - I2C_Coeff_DF not found: check if there is a RefParameter without a condition.
2025-05-15 13:05:10,579 [WARN] IP:2250 - Analog_Filter not found: check if there is a RefParameter without a condition.
2025-05-15 13:05:10,579 [WARN] IP:2250 - I2C_Coeff_DF not found: check if there is a RefParameter without a condition.
2025-05-15 13:05:10,580 [WARN] IP:2250 - Analog_Filter not found: check if there is a RefParameter without a condition.
2025-05-15 13:05:10,976 [INFO] UtilMem:75 - End SaveConfig() Used Memory: 406829136 Bytes (898629632)
2025-05-15 13:05:11,139 [INFO] UtilMem:75 - End SaveConfig() Used Memory: 428849232 Bytes (898629632)
2025-05-15 13:05:11,444 [INFO] BlockDiagram:2775 - set Specific Code input for plugin: SPI
2025-05-15 13:05:11,444 [INFO] BlockDiagram:2775 - set Specific Code input for plugin: TIM1_8
2025-05-15 13:05:11,444 [INFO] BlockDiagram:2775 - set Specific Code input for plugin: SYS
2025-05-15 13:05:11,444 [INFO] BlockDiagram:2775 - set Specific Code input for plugin: RCC
2025-05-15 13:05:11,444 [INFO] BlockDiagram:2775 - set Specific Code input for plugin: I2C
2025-05-15 13:05:11,444 [INFO] BlockDiagram:2775 - set Specific Code input for plugin: USB_OTG_FS
2025-05-15 13:05:11,444 [INFO] BlockDiagram:2775 - set Specific Code input for plugin: NVIC
2025-05-15 13:05:11,444 [INFO] BlockDiagram:2775 - set Specific Code input for plugin: USB_HOST
2025-05-15 13:05:11,444 [INFO] BlockDiagram:2775 - set Specific Code input for plugin: DMA
2025-05-15 13:05:11,444 [INFO] BlockDiagram:2775 - set Specific Code input for plugin: DAC
2025-05-15 13:05:11,444 [INFO] BlockDiagram:2775 - set Specific Code input for plugin: GPIO
2025-05-15 13:05:11,445 [INFO] CodeGenerator:882 - code generatio: config db path: /Applications/STM32CubeIDE.app/Contents/Eclipse/plugins/com.st.stm32cube.common.mx_6.14.1.202504091515//db/
2025-05-15 13:05:11,446 [INFO] Argument:325 - Argument : hdmavalue: null
2025-05-15 13:05:11,446 [INFO] Argument:327 - 	 sub Args: 
2025-05-15 13:05:11,446 [INFO] Argument:325 - Argument : Instancevalue: DMA1_Stream5
2025-05-15 13:05:11,446 [INFO] Argument:335 - Argument : Instancevalue: DMA1_Stream5
2025-05-15 13:05:11,446 [INFO] Argument:325 - Argument : Initvalue: null
2025-05-15 13:05:11,447 [INFO] Argument:327 - 	 sub Args: 
2025-05-15 13:05:11,447 [INFO] Argument:325 - Argument : Channelvalue: DMA_CHANNEL_7
2025-05-15 13:05:11,447 [INFO] Argument:335 - Argument : Channelvalue: DMA_CHANNEL_7
2025-05-15 13:05:11,447 [INFO] Argument:325 - Argument : Directionvalue: DMA_MEMORY_TO_PERIPH
2025-05-15 13:05:11,447 [INFO] Argument:335 - Argument : Directionvalue: DMA_MEMORY_TO_PERIPH
2025-05-15 13:05:11,447 [INFO] Argument:325 - Argument : PeriphIncvalue: DMA_PINC_DISABLE
2025-05-15 13:05:11,447 [INFO] Argument:335 - Argument : PeriphIncvalue: DMA_PINC_DISABLE
2025-05-15 13:05:11,447 [INFO] Argument:325 - Argument : MemIncvalue: DMA_MINC_ENABLE
2025-05-15 13:05:11,447 [INFO] Argument:335 - Argument : MemIncvalue: DMA_MINC_ENABLE
2025-05-15 13:05:11,447 [INFO] Argument:325 - Argument : PeriphDataAlignmentvalue: DMA_PDATAALIGN_WORD
2025-05-15 13:05:11,447 [INFO] Argument:335 - Argument : PeriphDataAlignmentvalue: DMA_PDATAALIGN_WORD
2025-05-15 13:05:11,447 [INFO] Argument:325 - Argument : MemDataAlignmentvalue: DMA_MDATAALIGN_WORD
2025-05-15 13:05:11,447 [INFO] Argument:335 - Argument : MemDataAlignmentvalue: DMA_MDATAALIGN_WORD
2025-05-15 13:05:11,447 [INFO] Argument:325 - Argument : Modevalue: DMA_CIRCULAR
2025-05-15 13:05:11,447 [INFO] Argument:335 - Argument : Modevalue: DMA_CIRCULAR
2025-05-15 13:05:11,447 [INFO] Argument:325 - Argument : Priorityvalue: DMA_PRIORITY_LOW
2025-05-15 13:05:11,447 [INFO] Argument:335 - Argument : Priorityvalue: DMA_PRIORITY_LOW
2025-05-15 13:05:11,447 [INFO] Argument:325 - Argument : FIFOModevalue: DMA_FIFOMODE_DISABLE
2025-05-15 13:05:11,447 [INFO] Argument:335 - Argument : FIFOModevalue: DMA_FIFOMODE_DISABLE
2025-05-15 13:05:11,447 [INFO] Argument:325 - Argument : FIFOThresholdvalue: null
2025-05-15 13:05:11,447 [INFO] Argument:335 - Argument : FIFOThresholdvalue: null
2025-05-15 13:05:11,447 [INFO] Argument:325 - Argument : MemBurstvalue: null
2025-05-15 13:05:11,447 [INFO] Argument:335 - Argument : MemBurstvalue: null
2025-05-15 13:05:11,447 [INFO] Argument:325 - Argument : PeriphBurstvalue: null
2025-05-15 13:05:11,447 [INFO] Argument:335 - Argument : PeriphBurstvalue: null
2025-05-15 13:05:11,447 [INFO] Argument:325 - Argument : Lockvalue: null
2025-05-15 13:05:11,447 [INFO] Argument:335 - Argument : Lockvalue: null
2025-05-15 13:05:11,447 [INFO] Argument:325 - Argument : Statevalue: null
2025-05-15 13:05:11,447 [INFO] Argument:335 - Argument : Statevalue: null
2025-05-15 13:05:11,447 [INFO] Argument:325 - Argument : Parentvalue: null
2025-05-15 13:05:11,447 [INFO] Argument:335 - Argument : Parentvalue: null
2025-05-15 13:05:11,447 [INFO] Argument:325 - Argument : XferCpltCallbackvalue: null
2025-05-15 13:05:11,447 [INFO] Argument:335 - Argument : XferCpltCallbackvalue: null
2025-05-15 13:05:11,447 [INFO] Argument:325 - Argument : XferHalfCpltCallbackvalue: null
2025-05-15 13:05:11,447 [INFO] Argument:335 - Argument : XferHalfCpltCallbackvalue: null
2025-05-15 13:05:11,448 [INFO] Argument:325 - Argument : XferM1CpltCallbackvalue: null
2025-05-15 13:05:11,448 [INFO] Argument:335 - Argument : XferM1CpltCallbackvalue: null
2025-05-15 13:05:11,448 [INFO] Argument:325 - Argument : XferErrorCallbackvalue: null
2025-05-15 13:05:11,448 [INFO] Argument:335 - Argument : XferErrorCallbackvalue: null
2025-05-15 13:05:11,448 [INFO] Argument:325 - Argument : ErrorCodevalue: null
2025-05-15 13:05:11,448 [INFO] Argument:335 - Argument : ErrorCodevalue: null
2025-05-15 13:05:11,448 [WARN] IP:2250 - I2C_Coeff_DF not found: check if there is a RefParameter without a condition.
2025-05-15 13:05:11,448 [WARN] IP:2250 - Analog_Filter not found: check if there is a RefParameter without a condition.
2025-05-15 13:05:11,545 [INFO] CodeEngine:263 - oldGeneratedFile, /Users/winstonhar/ENCE-3231/Phase A/Projects/2025_STM32F407_DAC_Challenge/MXTmpFiles/license.tmp_save
2025-05-15 13:05:11,751 [INFO] CodeEngine:287 - Generated code: /Users/winstonhar/ENCE-3231/Phase A/Projects/2025_STM32F407_DAC_Challenge/MXTmpFiles/license.tmp
2025-05-15 13:05:11,798 [INFO] CodeEngine:263 - oldGeneratedFile, /Users/winstonhar/ENCE-3231/Phase A/Projects/2025_STM32F407_DAC_Challenge/MXTmpFiles/gpio.tmp_save
2025-05-15 13:05:11,952 [INFO] CodeEngine:287 - Generated code: /Users/winstonhar/ENCE-3231/Phase A/Projects/2025_STM32F407_DAC_Challenge/MXTmpFiles/gpio.tmp
2025-05-15 13:05:12,005 [WARN] IPConfigManager:3217 - Warning: the RefConfig PWREx_EnableUSBVoltageDetector is not available in your config.xml file
2025-05-15 13:05:12,010 [INFO] CodeEngine:263 - oldGeneratedFile, /Users/winstonhar/ENCE-3231/Phase A/Projects/2025_STM32F407_DAC_Challenge/MXTmpFiles/usb_otg_fs_vars.tmp_save
2025-05-15 13:05:12,121 [INFO] CodeEngine:287 - Generated code: /Users/winstonhar/ENCE-3231/Phase A/Projects/2025_STM32F407_DAC_Challenge/MXTmpFiles/usb_otg_fs_vars.tmp
2025-05-15 13:05:12,122 [INFO] CodeEngine:263 - oldGeneratedFile, /Users/winstonhar/ENCE-3231/Phase A/Projects/2025_STM32F407_DAC_Challenge/MXTmpFiles/usb_otg_fs_inc.tmp_save
2025-05-15 13:05:12,199 [INFO] CodeEngine:287 - Generated code: /Users/winstonhar/ENCE-3231/Phase A/Projects/2025_STM32F407_DAC_Challenge/MXTmpFiles/usb_otg_fs_inc.tmp
2025-05-15 13:05:12,201 [INFO] CodeEngine:263 - oldGeneratedFile, /Users/winstonhar/ENCE-3231/Phase A/Projects/2025_STM32F407_DAC_Challenge/MXTmpFiles/usb_otg_fs_HalInit.tmp_save
2025-05-15 13:05:12,279 [INFO] CodeEngine:287 - Generated code: /Users/winstonhar/ENCE-3231/Phase A/Projects/2025_STM32F407_DAC_Challenge/MXTmpFiles/usb_otg_fs_HalInit.tmp
2025-05-15 13:05:12,281 [INFO] CodeEngine:263 - oldGeneratedFile, /Users/winstonhar/ENCE-3231/Phase A/Projects/2025_STM32F407_DAC_Challenge/MXTmpFiles/usb_otg_fs_Msp.tmp_save
2025-05-15 13:05:12,353 [INFO] CodeEngine:287 - Generated code: /Users/winstonhar/ENCE-3231/Phase A/Projects/2025_STM32F407_DAC_Challenge/MXTmpFiles/usb_otg_fs_Msp.tmp
2025-05-15 13:05:12,563 [INFO] CodeEngine:263 - oldGeneratedFile, /Users/winstonhar/ENCE-3231/Phase A/Projects/2025_STM32F407_DAC_Challenge/MXTmpFiles/dma.tmp_save
2025-05-15 13:05:12,623 [INFO] CodeEngine:287 - Generated code: /Users/winstonhar/ENCE-3231/Phase A/Projects/2025_STM32F407_DAC_Challenge/MXTmpFiles/dma.tmp
2025-05-15 13:05:12,624 [INFO] CodeEngine:263 - oldGeneratedFile, /Users/winstonhar/ENCE-3231/Phase A/Projects/2025_STM32F407_DAC_Challenge/MXTmpFiles/dma_GV.tmp_save
2025-05-15 13:05:12,676 [INFO] CodeEngine:287 - Generated code: /Users/winstonhar/ENCE-3231/Phase A/Projects/2025_STM32F407_DAC_Challenge/MXTmpFiles/dma_GV.tmp
2025-05-15 13:05:12,687 [INFO] CodeEngine:263 - oldGeneratedFile, /Users/winstonhar/ENCE-3231/Phase A/Projects/2025_STM32F407_DAC_Challenge/USB_HOST/App/usb_host.c_save
2025-05-15 13:05:12,749 [INFO] CodeEngine:287 - Generated code: /Users/winstonhar/ENCE-3231/Phase A/Projects/2025_STM32F407_DAC_Challenge/USB_HOST/App/usb_host.c
2025-05-15 13:05:12,751 [INFO] CodeEngine:263 - oldGeneratedFile, /Users/winstonhar/ENCE-3231/Phase A/Projects/2025_STM32F407_DAC_Challenge/USB_HOST/App/usb_host.h_save
2025-05-15 13:05:12,802 [INFO] CodeEngine:287 - Generated code: /Users/winstonhar/ENCE-3231/Phase A/Projects/2025_STM32F407_DAC_Challenge/USB_HOST/App/usb_host.h
2025-05-15 13:05:12,804 [INFO] CodeEngine:263 - oldGeneratedFile, /Users/winstonhar/ENCE-3231/Phase A/Projects/2025_STM32F407_DAC_Challenge/USB_HOST/Target/usbh_conf.h_save
2025-05-15 13:05:12,881 [INFO] CodeEngine:287 - Generated code: /Users/winstonhar/ENCE-3231/Phase A/Projects/2025_STM32F407_DAC_Challenge/USB_HOST/Target/usbh_conf.h
2025-05-15 13:05:12,883 [INFO] CodeEngine:263 - oldGeneratedFile, /Users/winstonhar/ENCE-3231/Phase A/Projects/2025_STM32F407_DAC_Challenge/USB_HOST/Target/usbh_conf.c_save
2025-05-15 13:05:12,942 [INFO] CodeEngine:287 - Generated code: /Users/winstonhar/ENCE-3231/Phase A/Projects/2025_STM32F407_DAC_Challenge/USB_HOST/Target/usbh_conf.c
2025-05-15 13:05:12,944 [INFO] CodeEngine:263 - oldGeneratedFile, /Users/winstonhar/ENCE-3231/Phase A/Projects/2025_STM32F407_DAC_Challenge/USB_HOST/Target/usbh_platform.c_save
2025-05-15 13:05:12,999 [INFO] CodeEngine:287 - Generated code: /Users/winstonhar/ENCE-3231/Phase A/Projects/2025_STM32F407_DAC_Challenge/USB_HOST/Target/usbh_platform.c
2025-05-15 13:05:13,001 [INFO] CodeEngine:263 - oldGeneratedFile, /Users/winstonhar/ENCE-3231/Phase A/Projects/2025_STM32F407_DAC_Challenge/USB_HOST/Target/usbh_platform.h_save
2025-05-15 13:05:13,054 [INFO] CodeEngine:287 - Generated code: /Users/winstonhar/ENCE-3231/Phase A/Projects/2025_STM32F407_DAC_Challenge/USB_HOST/Target/usbh_platform.h
2025-05-15 13:05:13,062 [INFO] CodeEngine:263 - oldGeneratedFile, /Users/winstonhar/ENCE-3231/Phase A/Projects/2025_STM32F407_DAC_Challenge/Core/Src/stm32f4xx_it.c_save
2025-05-15 13:05:13,125 [INFO] CodeEngine:287 - Generated code: /Users/winstonhar/ENCE-3231/Phase A/Projects/2025_STM32F407_DAC_Challenge/Core/Src/stm32f4xx_it.c
2025-05-15 13:05:13,127 [INFO] CodeEngine:263 - oldGeneratedFile, /Users/winstonhar/ENCE-3231/Phase A/Projects/2025_STM32F407_DAC_Challenge/Core/Inc/stm32f4xx_it.h_save
2025-05-15 13:05:13,182 [INFO] CodeEngine:287 - Generated code: /Users/winstonhar/ENCE-3231/Phase A/Projects/2025_STM32F407_DAC_Challenge/Core/Inc/stm32f4xx_it.h
2025-05-15 13:05:13,192 [INFO] CodeEngine:263 - oldGeneratedFile, /Users/winstonhar/ENCE-3231/Phase A/Projects/2025_STM32F407_DAC_Challenge/Core/Src/stm32f4xx_hal_msp.c_save
2025-05-15 13:05:13,282 [INFO] CodeEngine:287 - Generated code: /Users/winstonhar/ENCE-3231/Phase A/Projects/2025_STM32F407_DAC_Challenge/Core/Src/stm32f4xx_hal_msp.c
2025-05-15 13:05:13,285 [INFO] CodeEngine:263 - oldGeneratedFile, /Users/winstonhar/ENCE-3231/Phase A/Projects/2025_STM32F407_DAC_Challenge/MXTmpFiles/system.tmp_save
2025-05-15 13:05:13,341 [INFO] CodeEngine:287 - Generated code: /Users/winstonhar/ENCE-3231/Phase A/Projects/2025_STM32F407_DAC_Challenge/MXTmpFiles/system.tmp
2025-05-15 13:05:13,346 [INFO] CodeEngine:319 - oldGeneratedFile, /Users/winstonhar/ENCE-3231/Phase A/Projects/2025_STM32F407_DAC_Challenge/Core/Inc/stm32f4xx_hal_conf.h_save
2025-05-15 13:05:13,411 [INFO] CodeEngine:343 - Generated code: /Users/winstonhar/ENCE-3231/Phase A/Projects/2025_STM32F407_DAC_Challenge/Core/Inc/stm32f4xx_hal_conf.h
2025-05-15 13:05:13,438 [INFO] ApiDbMcu:508 - Load IP Config File for DAC
2025-05-15 13:05:13,442 [INFO] ApiDbMcu:508 - Load IP Config File for I2C1
2025-05-15 13:05:13,446 [INFO] ApiDbMcu:508 - Load IP Config File for SPI1
2025-05-15 13:05:13,461 [INFO] ApiDbMcu:508 - Load IP Config File for TIM2
2025-05-15 13:05:13,465 [INFO] ApiDbMcu:508 - Load IP Config File for RCC
2025-05-15 13:05:13,467 [WARN] IPConfigManager:3790 - IP not found : TIM
2025-05-15 13:05:13,468 [WARN] CodeGenerator:4198 - IP not found : null
2025-05-15 13:05:13,473 [INFO] CodeEngine:263 - oldGeneratedFile, /Users/winstonhar/ENCE-3231/Phase A/Projects/2025_STM32F407_DAC_Challenge/Core/Inc/main.h_save
2025-05-15 13:05:13,541 [INFO] CodeEngine:287 - Generated code: /Users/winstonhar/ENCE-3231/Phase A/Projects/2025_STM32F407_DAC_Challenge/Core/Inc/main.h
2025-05-15 13:05:13,543 [INFO] CodeEngine:263 - oldGeneratedFile, /Users/winstonhar/ENCE-3231/Phase A/Projects/2025_STM32F407_DAC_Challenge/Core/Src/main.c_save
2025-05-15 13:05:13,629 [INFO] CodeEngine:287 - Generated code: /Users/winstonhar/ENCE-3231/Phase A/Projects/2025_STM32F407_DAC_Challenge/Core/Src/main.c
2025-05-15 13:05:14,050 [INFO] ProjectBuilder:3324 - Time for Copy HAL[1] : 142mS.
2025-05-15 13:05:14,055 [INFO] ProjectBuilder:4912 - Project Generator version: 4.6.0.1-B1
2025-05-15 13:05:14,200 [INFO] ConfigFileManager:1590 - The Die is : DIE413
2025-05-15 13:05:14,204 [INFO] ApiDbMcu:508 - Load IP Config File for FATFS
2025-05-15 13:05:14,210 [INFO] ApiDbMcu:508 - Load IP Config File for FREERTOS
2025-05-15 13:05:14,213 [INFO] ApiDbMcu:508 - Load IP Config File for LIBJPEG
2025-05-15 13:05:14,221 [INFO] ApiDbMcu:508 - Load IP Config File for LWIP
2025-05-15 13:05:14,228 [INFO] ApiDbMcu:508 - Load IP Config File for MBEDTLS
2025-05-15 13:05:14,237 [INFO] ApiDbMcu:508 - Load IP Config File for USB_DEVICE
2025-05-15 13:05:16,426 [INFO] ProjectBuilder:5191 - Time for Generating toolchain IDE Files: 2371mS.
2025-05-15 13:05:16,426 [INFO] ProjectBuilder:3181 - Time for Copy CMSIS : 0mS.
2025-05-15 13:05:16,428 [INFO] ProjectBuilder:3181 - Time for Copy CMSIS : 0mS.
2025-05-15 13:05:16,775 [INFO] McuFinderGlobals:76 - Set McuFinderConnectedMode to true
2025-05-15 13:05:16,781 [INFO] ApiDb:448 - Save user favorites file /Users/winstonhar/.stm32cubeide/favorites.mcus.txt: 1 item(s)
2025-05-15 13:05:16,781 [INFO] ApiDb:452 - User favorites MCUs=[STM32F103RCT6]
2025-05-15 13:09:08,983 [INFO] MainUpdater:2872 - connection check result : 10
2025-05-15 13:09:08,983 [INFO] MainUpdater:2872 - connection check result : 10
2025-05-15 13:09:09,127 [INFO] MicroXplorer:468 - Change Database Path : 
2025-05-15 13:09:09,127 [INFO] MicroXplorer:498 - Change Database Version : DB.6.0.141
2025-05-15 13:09:09,147 [ERROR] ProjectManagerView:395 - 
java.lang.NullPointerException: Cannot invoke "javax.swing.JTextField.getText()" because the return value of "java.util.List.get(int)" is null
	at com.st.microxplorer.plugins.projectmanager.gui.ProjectChoiceTab$9.caretUpdate(ProjectChoiceTab.java:2678) ~[filemanager.jar:?]
	at javax.swing.text.JTextComponent.fireCaretUpdate(JTextComponent.java:408) ~[?:?]
	at javax.swing.text.JTextComponent$MutableCaretEvent.fire(JTextComponent.java:4484) ~[?:?]
	at javax.swing.text.JTextComponent$MutableCaretEvent.stateChanged(JTextComponent.java:4506) ~[?:?]
	at javax.swing.text.DefaultCaret.fireStateChanged(DefaultCaret.java:857) ~[?:?]
	at javax.swing.text.DefaultCaret.changeCaretPosition(DefaultCaret.java:1343) ~[?:?]
	at javax.swing.text.DefaultCaret.handleSetDot(DefaultCaret.java:1242) ~[?:?]
	at javax.swing.text.DefaultCaret.setDot(DefaultCaret.java:1223) ~[?:?]
	at javax.swing.text.DefaultCaret$Handler.insertUpdate(DefaultCaret.java:1819) ~[?:?]
	at javax.swing.text.AbstractDocument.fireInsertUpdate(AbstractDocument.java:227) ~[?:?]
	at javax.swing.text.AbstractDocument.handleInsertString(AbstractDocument.java:781) ~[?:?]
	at javax.swing.text.AbstractDocument.insertString(AbstractDocument.java:740) ~[?:?]
	at javax.swing.text.PlainDocument.insertString(PlainDocument.java:131) ~[?:?]
	at javax.swing.text.AbstractDocument.replace(AbstractDocument.java:699) ~[?:?]
	at javax.swing.text.JTextComponent.setText(JTextComponent.java:1725) ~[?:?]
	at com.st.microxplorer.plugins.projectmanager.gui.ProjectChoiceTab.createHeapStackFields(ProjectChoiceTab.java:979) ~[filemanager.jar:?]
	at com.st.microxplorer.plugins.projectmanager.gui.ProjectChoiceTab.buildLinkSettingsPanel(ProjectChoiceTab.java:3766) ~[filemanager.jar:?]
	at com.st.microxplorer.plugins.projectmanager.gui.ProjectChoiceTab.defineWindowsFields(ProjectChoiceTab.java:1962) ~[filemanager.jar:?]
	at com.st.microxplorer.plugins.projectmanager.gui.ProjectChoiceTab.updateSettings(ProjectChoiceTab.java:555) ~[filemanager.jar:?]
	at com.st.microxplorer.plugins.projectmanager.gui.ProjectSettingsPanel.UpdateDialog(ProjectSettingsPanel.java:245) ~[filemanager.jar:?]
	at com.st.microxplorer.plugins.projectmanager.ProjectManagerView.propertyChange(ProjectManagerView.java:392) ~[filemanager.jar:?]
	at java.beans.PropertyChangeSupport.fire(PropertyChangeSupport.java:343) ~[?:?]
	at java.beans.PropertyChangeSupport.firePropertyChange(PropertyChangeSupport.java:335) ~[?:?]
	at java.beans.PropertyChangeSupport.firePropertyChange(PropertyChangeSupport.java:268) ~[?:?]
	at com.st.microxplorer.util.MXPropertyChangeSupport.firePropertyChange(MXPropertyChangeSupport.java:54) ~[STM32CubeMX.jar:?]
	at com.st.microxplorer.mxsystem.MxSystem.closeConfig(MxSystem.java:899) ~[STM32CubeMX.jar:?]
	at com.st.microxplorer.maingui.MainPanel.closeConfig(MainPanel.java:789) ~[STM32CubeMX.jar:?]
	at com.st.microxplorer.plugins.filemanager.engine.OpenFileManager.loadConfigurationFile(OpenFileManager.java:287) ~[filemanager.jar:?]
	at com.st.microxplorer.plugins.filemanager.engine.MainFileManager.userLoadConfig(MainFileManager.java:341) ~[filemanager.jar:?]
	at com.st.microxplorer.plugins.filemanager.engine.MainFileManager.userLoadConfig(MainFileManager.java:319) ~[filemanager.jar:?]
	at com.st.microxplorer.plugins.filemanager.FileManagerView.getSpecificTask(FileManagerView.java:246) ~[filemanager.jar:?]
	at com.st.stm32cube.common.mx.editor.CubeMxEditor.getMxTabbedPaneInstance(CubeMxEditor.java:1198) ~[com.st.stm32cube.common.mx_6.14.1.202504091515/:?]
	at com.st.stm32cube.common.mx.editor.CubeMxEditor$12$1.createSwingComponent(CubeMxEditor.java:1068) ~[com.st.stm32cube.common.mx_6.14.1.202504091515/:?]
	at com.st.stm32cube.common.mx.oss.core.awtswtbridge.EmbeddedSwingComposite.doComponentCreation(EmbeddedSwingComposite.java:492) ~[com.st.stm32cube.common.mx.oss_6.14.1.202504091515/:?]
	at com.st.stm32cube.common.mx.oss.core.awtswtbridge.EmbeddedSwingComposite$4.run(EmbeddedSwingComposite.java:291) ~[com.st.stm32cube.common.mx.oss_6.14.1.202504091515/:?]
	at com.st.stm32cube.common.mx.oss.core.awtswtbridge.AwtEnvironment$2.run(AwtEnvironment.java:166) ~[com.st.stm32cube.common.mx.oss_6.14.1.202504091515/:?]
	at java.awt.event.InvocationEvent.dispatch(InvocationEvent.java:318) ~[?:?]
	at java.awt.EventQueue.dispatchEventImpl(EventQueue.java:773) ~[?:?]
	at java.awt.EventQueue$4.run(EventQueue.java:720) ~[?:?]
	at java.awt.EventQueue$4.run(EventQueue.java:714) ~[?:?]
	at java.security.AccessController.doPrivileged(AccessController.java:400) ~[?:?]
	at java.security.ProtectionDomain$JavaSecurityAccessImpl.doIntersectionPrivilege(ProtectionDomain.java:87) ~[?:?]
	at java.awt.EventQueue.dispatchEvent(EventQueue.java:742) ~[?:?]
	at java.awt.EventDispatchThread.pumpOneEventForFilters(EventDispatchThread.java:203) ~[?:?]
	at java.awt.EventDispatchThread.pumpEventsForFilter(EventDispatchThread.java:124) ~[?:?]
	at java.awt.EventDispatchThread.pumpEventsForHierarchy(EventDispatchThread.java:113) ~[?:?]
	at java.awt.EventDispatchThread.pumpEvents(EventDispatchThread.java:109) ~[?:?]
	at java.awt.EventDispatchThread.pumpEvents(EventDispatchThread.java:101) ~[?:?]
	at java.awt.EventDispatchThread.run(EventDispatchThread.java:90) ~[?:?]
2025-05-15 13:09:09,148 [WARN] ThirdParty:871 - waiting for thirdparty lock release [close project]
2025-05-15 13:09:09,149 [INFO] ThirdParty:873 - entering critical section [close project]
2025-05-15 13:09:09,149 [INFO] ThirdParty:883 - exiting critical section [close project]
2025-05-15 13:09:09,151 [INFO] PinOutPanel:1589 - setPackage(No Configuration,No Configuration)
2025-05-15 13:09:09,158 [WARN] IpParametersView:155 - Warning: This peripheral hasn't parameters
2025-05-15 13:09:09,165 [WARN] MainPanel:289 - <html><b><center>Warning: This peripheral has no parameters to be configured<br></b></html>
2025-05-15 13:09:09,168 [INFO] UtilMem:75 - Begin LoadConfig() Used Memory: 507731608 Bytes (898629632)
2025-05-15 13:09:09,169 [INFO] MicroXplorer:468 - Change Database Path : 
2025-05-15 13:09:09,169 [INFO] MicroXplorer:498 - Change Database Version : DB.6.0.141
2025-05-15 13:09:09,169 [INFO] OpenFileManager:354 - Change cursor
2025-05-15 13:09:09,214 [INFO] RulesReader:64 - Compatibility file has been processed (302 Rules)
2025-05-15 13:09:09,222 [INFO] Mcu:2011 - Initializing MCU STM32F407V(E-G)Tx STM32F407VGTx STM32F407VGT6
2025-05-15 13:09:10,460 [INFO] Context:756 - Trying to add GPIOservice into a context  which must be forbidden
2025-05-15 13:09:11,084 [INFO] ImportTextPane:218 - (OptionalMessage_ERROR) Pin39 (VP_RIF_VS_RIF1) cannot be retrieved for this MCU
2025-05-15 13:09:11,406 [INFO] RtosManager:558 - Registered RTOS mode: class=CMSIS, group=RTOS, mode=CMSIS_V1, owner=FREERTOS
2025-05-15 13:09:11,407 [INFO] RtosManager:558 - Registered RTOS mode: class=CMSIS, group=RTOS2, mode=CMSIS_V2, owner=FREERTOS
2025-05-15 13:09:11,407 [INFO] RtosManager:558 - Registered RTOS mode: class=RTOS, group=Core, mode=CMSIS_V1, owner=FREERTOS
2025-05-15 13:09:11,407 [INFO] RtosManager:558 - Registered RTOS mode: class=RTOS, group=Core, mode=CMSIS_V2, owner=FREERTOS
2025-05-15 13:09:11,407 [WARN] ModelIntegratedComponent:184 - Missing modes for component STMicroelectronics:FreeRTOS:0.0.1:STMicroelectronics:RTOS:FreeRTOS:Core:::10.2.0:
2025-05-15 13:09:11,415 [WARN] ModelIntegratedComponent:63 - No mode defined for component null
2025-05-15 13:09:11,415 [WARN] ModelIntegratedComponent:63 - No mode defined for component null
2025-05-15 13:09:11,415 [WARN] ModelIntegratedComponent:63 - No mode defined for component null
2025-05-15 13:09:11,415 [WARN] ModelIntegratedComponent:63 - No mode defined for component null
2025-05-15 13:09:11,416 [WARN] ModelIntegratedComponent:63 - No mode defined for component null
2025-05-15 13:09:11,416 [WARN] ModelIntegratedComponent:63 - No mode defined for component null
2025-05-15 13:09:11,416 [WARN] ModelIntegratedComponent:63 - No mode defined for component null
2025-05-15 13:09:11,416 [WARN] ModelIntegratedComponent:63 - No mode defined for component null
2025-05-15 13:09:11,416 [WARN] ModelIntegratedComponent:63 - No mode defined for component null
2025-05-15 13:09:11,416 [WARN] ModelIntegratedComponent:63 - No mode defined for component null
2025-05-15 13:09:11,416 [WARN] ModelIntegratedComponent:63 - No mode defined for component null
2025-05-15 13:09:11,416 [WARN] ModelIntegratedComponent:63 - No mode defined for component null
2025-05-15 13:09:11,417 [WARN] ModelIntegratedComponent:63 - No mode defined for component null
2025-05-15 13:09:11,417 [WARN] ModelIntegratedComponent:63 - No mode defined for component null
2025-05-15 13:09:11,417 [WARN] ModelIntegratedComponent:63 - No mode defined for component null
2025-05-15 13:09:11,417 [WARN] ModelIntegratedComponent:63 - No mode defined for component null
2025-05-15 13:09:11,417 [WARN] ModelIntegratedComponent:63 - No mode defined for component null
2025-05-15 13:09:11,417 [WARN] ModelIntegratedComponent:63 - No mode defined for component null
2025-05-15 13:09:11,417 [WARN] ModelIntegratedComponent:63 - No mode defined for component null
2025-05-15 13:09:11,417 [WARN] ModelIntegratedComponent:63 - No mode defined for component null
2025-05-15 13:09:11,417 [WARN] ModelIntegratedComponent:63 - No mode defined for component null
2025-05-15 13:09:11,417 [WARN] ModelIntegratedComponent:63 - No mode defined for component null
2025-05-15 13:09:11,418 [WARN] ModelIntegratedComponent:63 - No mode defined for component null
2025-05-15 13:09:11,418 [WARN] ModelIntegratedComponent:63 - No mode defined for component null
2025-05-15 13:09:11,418 [WARN] ModelIntegratedComponent:63 - No mode defined for component null
2025-05-15 13:09:11,418 [WARN] ModelIntegratedComponent:63 - No mode defined for component null
2025-05-15 13:09:11,418 [WARN] ModelIntegratedComponent:63 - No mode defined for component null
2025-05-15 13:09:11,418 [WARN] ModelIntegratedComponent:63 - No mode defined for component null
2025-05-15 13:09:11,418 [WARN] ModelIntegratedComponent:63 - No mode defined for component null
2025-05-15 13:09:11,418 [WARN] ModelIntegratedComponent:63 - No mode defined for component null
2025-05-15 13:09:11,418 [WARN] ModelIntegratedComponent:63 - No mode defined for component null
2025-05-15 13:09:11,418 [WARN] ModelIntegratedComponent:63 - No mode defined for component null
2025-05-15 13:09:11,418 [WARN] ModelIntegratedComponent:63 - No mode defined for component null
2025-05-15 13:09:11,418 [WARN] ModelIntegratedComponent:63 - No mode defined for component null
2025-05-15 13:09:11,418 [WARN] ModelIntegratedComponent:63 - No mode defined for component null
2025-05-15 13:09:11,418 [WARN] ModelPack:524 - Component already loaded: STMicroelectronics:HAL Drivers:0.0.0:STMicroelectronics:Device:STMicro_Driver:XSPI:HAL::0.0.1:HAL_XSPI
2025-05-15 13:09:11,518 [INFO] ThirdPartyModel:298 - Start build external matchings
2025-05-15 13:09:12,439 [INFO] ThirdPartyModel:316 - End build external matchings
2025-05-15 13:09:12,468 [INFO] ImportTextPane:218 - (OptionalMessage_ERROR) IP (RCC) : Parameter (RTCHSEDivFreq_Value) has invalid value (4000000)
2025-05-15 13:09:12,662 [INFO] UtilMem:75 - End LoadConfig() Used Memory: 808382920 Bytes (898629632)
2025-05-15 13:09:12,706 [WARN] ThirdParty:833 - waiting for thirdparty lock release [change project]
2025-05-15 13:09:12,706 [INFO] ThirdParty:835 - entering critical section [change project]
2025-05-15 13:09:12,707 [INFO] ThirdParty:1030 - CMSIS Pack Vendor :STMicroelectronics USBPD 4.1
2025-05-15 13:09:12,707 [INFO] ThirdParty:1030 - CMSIS Pack Vendor :STMicroelectronics X-CUBE-AZRTOS-H7 3.3.0
2025-05-15 13:09:12,707 [INFO] ThirdParty:1030 - CMSIS Pack Vendor :STMicroelectronics X-CUBE-NFC9 1.0.0
2025-05-15 13:09:12,707 [INFO] ThirdParty:1030 - CMSIS Pack Vendor :STMicroelectronics USB_HOST 2.0.0
2025-05-15 13:09:12,707 [INFO] ThirdParty:1030 - CMSIS Pack Vendor :STMicroelectronics FP-SNS-MOTENVWB1 1.4.0
2025-05-15 13:09:12,707 [INFO] ThirdParty:1030 - CMSIS Pack Vendor :STMicroelectronics X-CUBE-AZRTOS-F4 1.1.0
2025-05-15 13:09:12,707 [INFO] ThirdParty:1030 - CMSIS Pack Vendor :STMicroelectronics LIBJPEG 8.0.0
2025-05-15 13:09:12,707 [INFO] ThirdParty:1030 - CMSIS Pack Vendor :STMicroelectronics FP-ATR-ASTRA1 2.0.2
2025-05-15 13:09:12,707 [INFO] ThirdParty:1030 - CMSIS Pack Vendor :STMicroelectronics X-CUBE-BLE1 7.1.0
2025-05-15 13:09:12,708 [INFO] ThirdParty:1030 - CMSIS Pack Vendor :Avnet-IotConnect X-CUBE-IoTC-DA16k-PMOD 1.0.0
2025-05-15 13:09:12,708 [INFO] ThirdParty:1030 - CMSIS Pack Vendor :STMicroelectronics X-CUBE-SMBUS 2.1.0
2025-05-15 13:09:12,708 [INFO] ThirdParty:1030 - CMSIS Pack Vendor :STMicroelectronics X-CUBE-WB05N 1.1.0
2025-05-15 13:09:12,708 [INFO] ThirdParty:1030 - CMSIS Pack Vendor :wolfSSL I-CUBE-wolfMQTT 1.19.2
2025-05-15 13:09:12,708 [INFO] ThirdParty:1030 - CMSIS Pack Vendor :STMicroelectronics USB_DEVICE 3.0.0
2025-05-15 13:09:12,708 [INFO] ThirdParty:1030 - CMSIS Pack Vendor :STMicroelectronics X-CUBE-ISPU 2.1.0
2025-05-15 13:09:12,708 [INFO] ThirdParty:1030 - CMSIS Pack Vendor :STMicroelectronics X-CUBE-AZRTOS-WB 2.0.0
2025-05-15 13:09:12,708 [INFO] ThirdParty:1030 - CMSIS Pack Vendor :STMicroelectronics X-CUBE-GNSS1 7.0.1
2025-05-15 13:09:12,708 [INFO] ThirdParty:1030 - CMSIS Pack Vendor :STMicroelectronics X-CUBE-AZRTOS-F7 1.1.0
2025-05-15 13:09:12,708 [INFO] ThirdParty:1030 - CMSIS Pack Vendor :STMicroelectronics X-CUBE-AZRTOS-L5 2.0.0
2025-05-15 13:09:12,708 [INFO] ThirdParty:1030 - CMSIS Pack Vendor :STMicroelectronics X-CUBE-TOUCHGFX 4.25.0
2025-05-15 13:09:12,708 [INFO] ThirdParty:1030 - CMSIS Pack Vendor :STMicroelectronics USB_DEVICE 2.0.0
2025-05-15 13:09:12,709 [INFO] ThirdParty:1030 - CMSIS Pack Vendor :STMicroelectronics X-CUBE-NFC6 3.1.0
2025-05-15 13:09:12,709 [INFO] ThirdParty:1030 - CMSIS Pack Vendor :STMicroelectronics FP-SNS-STBOX1 2.0.0
2025-05-15 13:09:12,709 [INFO] ThirdParty:1030 - CMSIS Pack Vendor :STMicroelectronics X-CUBE-MEMS1 11.2.0
2025-05-15 13:09:12,709 [INFO] ThirdParty:1030 - CMSIS Pack Vendor :STMicroelectronics FreeRTOS 0.0.1
2025-05-15 13:09:12,709 [INFO] ThirdParty:1030 - CMSIS Pack Vendor :STMicroelectronics X-CUBE-AZRTOS-G0 1.1.0
2025-05-15 13:09:12,709 [INFO] ThirdParty:1030 - CMSIS Pack Vendor :STMicroelectronics X-CUBE-SAFEA1 1.2.2
2025-05-15 13:09:12,709 [INFO] ThirdParty:1030 - CMSIS Pack Vendor :STMicroelectronics X-CUBE-NFC4 3.0.0
2025-05-15 13:09:12,709 [INFO] ThirdParty:1030 - CMSIS Pack Vendor :STMicroelectronics X-CUBE-SUBG2 5.0.0
2025-05-15 13:09:12,709 [INFO] ThirdParty:1030 - CMSIS Pack Vendor :STMicroelectronics X-CUBE-AZRTOS-H7RS 1.1.0
2025-05-15 13:09:12,710 [INFO] ThirdParty:1030 - CMSIS Pack Vendor :STMicroelectronics STM32_WPAN 1.0.0
2025-05-15 13:09:12,710 [INFO] ThirdParty:1030 - CMSIS Pack Vendor :EmbeddedOffice I-CUBE-FS-RTOS 1.0.1
2025-05-15 13:09:12,710 [INFO] ThirdParty:1030 - CMSIS Pack Vendor :STMicroelectronics lwIP 2.0.3
2025-05-15 13:09:12,710 [INFO] ThirdParty:1030 - CMSIS Pack Vendor :Cesanta I-CUBE-Mongoose 7.13.0
2025-05-15 13:09:12,710 [INFO] ThirdParty:1030 - CMSIS Pack Vendor :STMicroelectronics USB_HOST 1.0.0
2025-05-15 13:09:12,710 [INFO] ThirdParty:1030 - CMSIS Pack Vendor :Infineon AIROC-Wi-Fi-Bluetooth-STM32 1.7.0
2025-05-15 13:09:12,710 [INFO] ThirdParty:1030 - CMSIS Pack Vendor :STMicroelectronics X-CUBE-AZRTOS-G4 2.0.0
2025-05-15 13:09:12,710 [INFO] ThirdParty:1030 - CMSIS Pack Vendor :STMicroelectronics X-CUBE-WB05N 2.0.0
2025-05-15 13:09:12,710 [INFO] ThirdParty:1030 - CMSIS Pack Vendor :STMicroelectronics PDM2PCM 3.1.0
2025-05-15 13:09:12,711 [INFO] ThirdParty:1030 - CMSIS Pack Vendor :STMicroelectronics PDM2PCM 3.3.0
2025-05-15 13:09:12,711 [INFO] ThirdParty:1030 - CMSIS Pack Vendor :wolfSSL I-CUBE-wolfTPM 3.8.0
2025-05-15 13:09:12,711 [INFO] ThirdParty:1030 - CMSIS Pack Vendor :STMicroelectronics X-CUBE-DISPLAY 3.0.0
2025-05-15 13:09:12,711 [INFO] ThirdParty:1030 - CMSIS Pack Vendor :wolfSSL I-CUBE-wolfSSH 1.4.20
2025-05-15 13:09:12,711 [INFO] ThirdParty:1030 - CMSIS Pack Vendor :STMicroelectronics X-CUBE-NFC7 2.0.0
2025-05-15 13:09:12,711 [INFO] ThirdParty:1030 - CMSIS Pack Vendor :STMicroelectronics X-CUBE-TCPP 4.2.0
2025-05-15 13:09:12,711 [INFO] ThirdParty:1030 - CMSIS Pack Vendor :RealThread X-CUBE-RT-Thread_Nano 4.1.1
2025-05-15 13:09:12,711 [INFO] ThirdParty:1030 - CMSIS Pack Vendor :STMicroelectronics FP-ATR-SIGFOX1 3.2.0
2025-05-15 13:09:12,711 [INFO] ThirdParty:1030 - CMSIS Pack Vendor :STMicroelectronics X-CUBE-NFC10 1.0.0
2025-05-15 13:09:12,711 [INFO] ThirdParty:1030 - CMSIS Pack Vendor :STMicroelectronics X-CUBE-BLEMGR 4.0.0
2025-05-15 13:09:12,711 [INFO] ThirdParty:1030 - CMSIS Pack Vendor :STMicroelectronics X-CUBE-EEPRMA1 5.1.0
2025-05-15 13:09:12,711 [INFO] ThirdParty:1030 - CMSIS Pack Vendor :STMicroelectronics X-CUBE-FREERTOS 1.3.1
2025-05-15 13:09:12,711 [INFO] ThirdParty:1030 - CMSIS Pack Vendor :STMicroelectronics HAL Drivers 0.0.0
2025-05-15 13:09:12,712 [INFO] ThirdParty:1030 - CMSIS Pack Vendor :STMicroelectronics MBEDTLS 2.16.2
2025-05-15 13:09:12,712 [INFO] ThirdParty:1030 - CMSIS Pack Vendor :STMicroelectronics X-CUBE-IPS 3.1.0
2025-05-15 13:09:12,712 [INFO] ThirdParty:1030 - CMSIS Pack Vendor :STMicroelectronics X-CUBE-ALS 1.0.2
2025-05-15 13:09:12,712 [INFO] ThirdParty:1030 - CMSIS Pack Vendor :emotas I-CUBE-CANOPEN 1.3.0
2025-05-15 13:09:12,712 [INFO] ThirdParty:1030 - CMSIS Pack Vendor :STMicroelectronics X-CUBE-FREERTOS 1.3.0
2025-05-15 13:09:12,712 [INFO] ThirdParty:1030 - CMSIS Pack Vendor :STMicroelectronics X-CUBE-NFC7 1.0.1
2025-05-15 13:09:12,712 [INFO] ThirdParty:1030 - CMSIS Pack Vendor :STMicroelectronics MBEDTLS 2.14.1
2025-05-15 13:09:12,712 [INFO] ThirdParty:1030 - CMSIS Pack Vendor :wolfSSL I-CUBE-wolfSSL 5.7.6
2025-05-15 13:09:12,713 [INFO] ThirdParty:1030 - CMSIS Pack Vendor :ITTIA_DB I-CUBE-ITTIADB 8.9.0
2025-05-15 13:09:12,713 [INFO] ThirdParty:1030 - CMSIS Pack Vendor :portGmbH I-Cube-SoM-uGOAL 1.1.0
2025-05-15 13:09:12,714 [INFO] ThirdParty:1030 - CMSIS Pack Vendor :quantropi X-CUBE-qispace-sdk-base 2.0.0
2025-05-15 13:09:12,714 [INFO] ThirdParty:1030 - CMSIS Pack Vendor :STMicroelectronics X-CUBE-AI 10.0.0
2025-05-15 13:09:12,714 [INFO] ThirdParty:1030 - CMSIS Pack Vendor :STMicroelectronics ThreadX 1.0.0
2025-05-15 13:09:12,714 [INFO] ThirdParty:1030 - CMSIS Pack Vendor :STMicroelectronics FP-SNS-SMARTAG2 1.2.0
2025-05-15 13:09:12,714 [INFO] ThirdParty:1030 - CMSIS Pack Vendor :STMicroelectronics FP-SNS-FLIGHT1 5.1.0
2025-05-15 13:09:12,714 [INFO] ThirdParty:1030 - CMSIS Pack Vendor :STMicroelectronics X-CUBE-MEMS1 11.1.0
2025-05-15 13:09:12,714 [INFO] ThirdParty:1030 - CMSIS Pack Vendor :STMicroelectronics X-CUBE-AZRTOS-WL 2.0.0
2025-05-15 13:09:12,714 [INFO] ThirdParty:1030 - CMSIS Pack Vendor :SEGGER I-CUBE-embOS 1.3.1
2025-05-15 13:09:12,715 [INFO] ThirdParty:1030 - CMSIS Pack Vendor :STMicroelectronics X-CUBE-ALGOBUILD 1.4.0
2025-05-15 13:09:12,716 [INFO] ThirdParty:1030 - CMSIS Pack Vendor :STMicroelectronics X-CUBE-DPower 1.3.0
2025-05-15 13:09:12,716 [INFO] ThirdParty:1030 - CMSIS Pack Vendor :STMicroelectronics FP-SNS-MOTENV1 5.0.0
2025-05-15 13:09:12,716 [INFO] ThirdParty:1030 - CMSIS Pack Vendor :STMicroelectronics USB_DEVICE 1.0.0
2025-05-15 13:09:12,716 [INFO] ThirdParty:1030 - CMSIS Pack Vendor :STMicroelectronics X-CUBE-AZRTOS-L4 2.0.0
2025-05-15 13:09:12,716 [INFO] ThirdParty:1030 - CMSIS Pack Vendor :STMicroelectronics ThreadX 0.0.2
2025-05-15 13:09:12,716 [INFO] ThirdParty:1030 - CMSIS Pack Vendor :WES I-CUBE-Cesium 1.3.0
2025-05-15 13:09:12,716 [INFO] ThirdParty:1030 - CMSIS Pack Vendor :STMicroelectronics lwIP 2.1.2
2025-05-15 13:09:12,716 [INFO] ThirdParty:1030 - CMSIS Pack Vendor :STMicroelectronics X-CUBE-SFXS2LP1 4.0.0
2025-05-15 13:09:12,716 [INFO] ThirdParty:1030 - CMSIS Pack Vendor :STMicroelectronics X-CUBE-BLE2 3.3.0
2025-05-15 13:09:12,716 [INFO] ThirdParty:1030 - CMSIS Pack Vendor :STMicroelectronics X-CUBE-TOF1 3.4.2
2025-05-15 13:09:12,716 [INFO] ThirdParty:1030 - CMSIS Pack Vendor :STMicroelectronics X-CUBE-TOF1 3.4.3
2025-05-15 13:09:12,717 [INFO] ThirdParty:1030 - CMSIS Pack Vendor :STMicroelectronics PDM2PCM 3.2.0
2025-05-15 13:09:12,717 [INFO] ThirdParty:841 - exiting critical section [change project]
2025-05-15 13:09:13,043 [INFO] PinOutPanel:1589 - setPackage(No Configuration,No Configuration)
2025-05-15 13:09:13,044 [INFO] PinOutPanel:1589 - setPackage(STM32F407VGTx,LQFP100)
2025-05-15 13:09:13,290 [INFO] UtilMem:75 - Before build in PCC Used Memory: 521600152 Bytes (898629632)
2025-05-15 13:09:13,570 [INFO] UtilMem:75 - After build in PCC Used Memory: 569312408 Bytes (898629632)
2025-05-15 13:09:13,578 [INFO] ApiDbMcu:508 - Load IP Config File for USB_HOST
2025-05-15 13:09:13,578 [WARN] BspModel:444 - BSP dependency skipped because of component: name='IOExpander', api='Unknown'
2025-05-15 13:09:13,599 [INFO] IPUIPlugin:80 - create IPUIPlugin
2025-05-15 13:09:13,600 [INFO] IPUIPlugin:80 - create IPUIPlugin
2025-05-15 13:09:13,600 [INFO] IPUIPlugin:80 - create IPUIPlugin
2025-05-15 13:09:13,600 [INFO] IPUIPlugin:80 - create IPUIPlugin
2025-05-15 13:09:13,600 [INFO] IPUIPlugin:80 - create IPUIPlugin
2025-05-15 13:09:13,600 [INFO] IPUIPlugin:80 - create IPUIPlugin
2025-05-15 13:09:13,600 [INFO] IPUIPlugin:80 - create IPUIPlugin
2025-05-15 13:09:13,601 [INFO] IPUIPlugin:80 - create IPUIPlugin
2025-05-15 13:09:13,601 [INFO] IPUIPlugin:80 - create IPUIPlugin
2025-05-15 13:09:13,601 [INFO] IPUIPlugin:80 - create IPUIPlugin
2025-05-15 13:09:13,601 [INFO] IPUIPlugin:80 - create IPUIPlugin
2025-05-15 13:09:13,601 [INFO] IPUIPlugin:80 - create IPUIPlugin
2025-05-15 13:09:13,601 [INFO] IPUIPlugin:80 - create IPUIPlugin
2025-05-15 13:09:13,601 [INFO] IPUIPlugin:80 - create IPUIPlugin
2025-05-15 13:09:13,602 [INFO] IPUIPlugin:80 - create IPUIPlugin
2025-05-15 13:09:13,602 [INFO] IPUIPlugin:80 - create IPUIPlugin
2025-05-15 13:09:13,602 [INFO] IPUIPlugin:80 - create IPUIPlugin
2025-05-15 13:09:13,602 [INFO] IPUIPlugin:80 - create IPUIPlugin
2025-05-15 13:09:13,603 [INFO] IPUIPlugin:80 - create IPUIPlugin
2025-05-15 13:09:13,603 [INFO] IPUIPlugin:80 - create IPUIPlugin
2025-05-15 13:09:13,603 [INFO] IPUIPlugin:80 - create IPUIPlugin
2025-05-15 13:09:13,603 [INFO] IPUIPlugin:80 - create IPUIPlugin
2025-05-15 13:09:13,604 [INFO] IPUIPlugin:80 - create IPUIPlugin
2025-05-15 13:09:13,604 [INFO] IPUIPlugin:80 - create IPUIPlugin
2025-05-15 13:09:13,604 [INFO] IPUIPlugin:80 - create IPUIPlugin
2025-05-15 13:09:13,604 [INFO] IPUIPlugin:80 - create IPUIPlugin
2025-05-15 13:09:13,605 [INFO] IPUIPlugin:80 - create IPUIPlugin
2025-05-15 13:09:13,605 [INFO] IPUIPlugin:80 - create IPUIPlugin
2025-05-15 13:09:13,605 [INFO] IPUIPlugin:80 - create IPUIPlugin
2025-05-15 13:09:13,605 [INFO] IPUIPlugin:80 - create IPUIPlugin
2025-05-15 13:09:13,605 [INFO] IPUIPlugin:80 - create IPUIPlugin
2025-05-15 13:09:13,606 [INFO] IPUIPlugin:80 - create IPUIPlugin
2025-05-15 13:09:13,606 [INFO] IPUIPlugin:80 - create IPUIPlugin
2025-05-15 13:09:13,606 [INFO] IPUIPlugin:80 - create IPUIPlugin
2025-05-15 13:09:13,606 [INFO] IPUIPlugin:80 - create IPUIPlugin
2025-05-15 13:09:13,606 [INFO] IPUIPlugin:80 - create IPUIPlugin
2025-05-15 13:09:13,607 [INFO] IPUIPlugin:80 - create IPUIPlugin
2025-05-15 13:09:13,607 [INFO] IPUIPlugin:80 - create IPUIPlugin
2025-05-15 13:09:13,607 [INFO] IPUIPlugin:80 - create IPUIPlugin
2025-05-15 13:09:13,607 [INFO] IPUIPlugin:80 - create IPUIPlugin
2025-05-15 13:09:13,607 [INFO] IPUIPlugin:80 - create IPUIPlugin
2025-05-15 13:09:13,607 [INFO] IPUIPlugin:80 - create IPUIPlugin
2025-05-15 13:09:13,607 [INFO] IPUIPlugin:80 - create IPUIPlugin
2025-05-15 13:09:13,607 [INFO] IPUIPlugin:80 - create IPUIPlugin
2025-05-15 13:09:13,608 [INFO] IPUIPlugin:80 - create IPUIPlugin
2025-05-15 13:09:13,608 [INFO] IPUIPlugin:80 - create IPUIPlugin
2025-05-15 13:09:13,608 [INFO] IPUIPlugin:80 - create IPUIPlugin
2025-05-15 13:09:13,608 [INFO] IPUIPlugin:80 - create IPUIPlugin
2025-05-15 13:09:13,608 [INFO] IPUIPlugin:80 - create IPUIPlugin
2025-05-15 13:09:13,609 [INFO] IPUIPlugin:80 - create IPUIPlugin
2025-05-15 13:09:13,609 [INFO] IPUIPlugin:80 - create IPUIPlugin
2025-05-15 13:09:13,609 [INFO] IPUIPlugin:80 - create IPUIPlugin
2025-05-15 13:09:13,609 [INFO] IPUIPlugin:80 - create IPUIPlugin
2025-05-15 13:09:13,610 [INFO] IPUIPlugin:80 - create IPUIPlugin
2025-05-15 13:09:13,610 [INFO] IPUIPlugin:80 - create IPUIPlugin
2025-05-15 13:09:13,611 [INFO] IPUIPlugin:80 - create IPUIPlugin
2025-05-15 13:09:13,611 [INFO] IPUIPlugin:80 - create IPUIPlugin
2025-05-15 13:09:13,612 [INFO] IPUIPlugin:80 - create IPUIPlugin
2025-05-15 13:09:13,615 [INFO] ApiDbMcu:508 - Load IP Config File for PDM2PCM
2025-05-15 13:09:13,616 [WARN] IP:2250 - I2C_Coeff_DF not found: check if there is a RefParameter without a condition.
2025-05-15 13:09:13,616 [WARN] IP:2250 - Analog_Filter not found: check if there is a RefParameter without a condition.
2025-05-15 13:09:13,619 [INFO] I2sManager:658 - 9.6E7
2025-05-15 13:09:13,619 [INFO] I2sManager:195 - I2S Clock Value : 9.6E7
2025-05-15 13:09:13,619 [INFO] I2sManager:553 - AudioClock : 93750Divider : 2Odd : 0
2025-05-15 13:09:13,678 [INFO] CADModel:165 - CPN selected for project levelSTM32F407VGT6
2025-05-15 13:09:13,678 [INFO] CADModel:114 - Register for checkConnection events
2025-05-15 13:09:13,715 [INFO] OpenFileManager:385 - Restore cursor
2025-05-15 13:09:13,932 [WARN] IP:2250 - I2C_Coeff_DF not found: check if there is a RefParameter without a condition.
2025-05-15 13:09:13,932 [WARN] IP:2250 - Analog_Filter not found: check if there is a RefParameter without a condition.
2025-05-15 13:09:13,932 [WARN] IP:2250 - I2C_Coeff_DF not found: check if there is a RefParameter without a condition.
2025-05-15 13:09:13,932 [WARN] IP:2250 - Analog_Filter not found: check if there is a RefParameter without a condition.
2025-05-15 13:10:23,143 [WARN] BspModel:444 - BSP dependency skipped because of component: name='IOExpander', api='Unknown'
2025-05-15 13:10:23,235 [WARN] IP:2250 - I2C_Coeff_DF not found: check if there is a RefParameter without a condition.
2025-05-15 13:10:23,235 [WARN] IP:2250 - Analog_Filter not found: check if there is a RefParameter without a condition.
2025-05-15 13:10:23,236 [WARN] IP:2250 - I2C_Coeff_DF not found: check if there is a RefParameter without a condition.
2025-05-15 13:10:23,236 [WARN] IP:2250 - Analog_Filter not found: check if there is a RefParameter without a condition.
2025-05-15 13:10:23,287 [WARN] IP:2250 - I2C_Coeff_DF not found: check if there is a RefParameter without a condition.
2025-05-15 13:10:23,287 [WARN] IP:2250 - Analog_Filter not found: check if there is a RefParameter without a condition.
2025-05-15 13:10:23,337 [WARN] IP:2250 - I2C_Coeff_DF not found: check if there is a RefParameter without a condition.
2025-05-15 13:10:23,337 [WARN] IP:2250 - Analog_Filter not found: check if there is a RefParameter without a condition.
2025-05-15 13:11:24,741 [WARN] BspModel:444 - BSP dependency skipped because of component: name='IOExpander', api='Unknown'
2025-05-15 13:11:24,863 [INFO] ParamManager:896 - [Generic UI] PropertyChangeEvent: TAB_STATUS_CHANGED , "dont care", "never mind"
2025-05-15 13:11:24,888 [INFO] ParamManager:896 - [Generic UI] PropertyChangeEvent: TAB_STATUS_CHANGED , "dont care", "never mind"
2025-05-15 13:11:24,898 [INFO] ADCParametersView:116 -                Rank 1 : false
2025-05-15 13:11:24,954 [INFO] ADCParametersView:116 -                Rank 1 : false
2025-05-15 13:11:24,954 [INFO] ADCParametersView:116 -                Rank 1 : false
2025-05-15 13:11:24,955 [INFO] ADCParametersView:116 -                Rank 1 : false
2025-05-15 13:11:24,955 [INFO] ADCParametersView:116 -                Rank 1 : false
2025-05-15 13:11:24,956 [INFO] ADCParametersView:116 -                Rank 1 : false
2025-05-15 13:11:24,956 [INFO] ADCParametersView:116 -                Rank 1 : false
2025-05-15 13:11:24,957 [INFO] ADCParametersView:116 -                Rank 1 : false
2025-05-15 13:11:24,957 [INFO] ADCParametersView:116 -                Rank 1 : false
2025-05-15 13:11:24,957 [INFO] ADCParametersView:116 -                Rank 1 : false
2025-05-15 13:11:24,958 [INFO] ADCParametersView:116 -                Rank 1 : false
2025-05-15 13:11:24,958 [INFO] ADCParametersView:116 -                Rank 1 : false
2025-05-15 13:11:24,958 [INFO] ADCParametersView:116 -                Rank 1 : false
2025-05-15 13:11:24,958 [INFO] ADCParametersView:116 -                Rank 1 : false
2025-05-15 13:11:24,958 [INFO] ADCParametersView:116 -                Rank 1 : false
2025-05-15 13:11:24,975 [INFO] ADCParametersView:116 -                Rank 1 : false
2025-05-15 13:11:24,984 [WARN] BspModel:444 - BSP dependency skipped because of component: name='IOExpander', api='Unknown'
2025-05-15 13:11:25,116 [INFO] NvicIntPanel:101 - NVIC parent = com.st.microxplorer.plugins.ip.nvic.MultiNvicIntPanel[,0,0,0x0,invalid,layout=javax.swing.BoxLayout,alignmentX=0.0,alignmentY=0.0,border=,flags=9,maximumSize=,minimumSize=,preferredSize=]
2025-05-15 13:11:25,274 [INFO] NvicIntPanel:101 - NVIC parent = com.st.microxplorer.plugins.ip.nvic.MultiNvicIntPanel[,0,0,0x0,invalid,layout=javax.swing.BoxLayout,alignmentX=0.0,alignmentY=0.0,border=,flags=9,maximumSize=,minimumSize=,preferredSize=]
2025-05-15 13:11:25,342 [INFO] ADCParametersView:116 -                Rank 1 : false
2025-05-15 13:11:25,342 [INFO] ADCParametersView:116 -                Rank 1 : false
2025-05-15 13:11:25,342 [INFO] ADCParametersView:116 -                Rank 1 : false
2025-05-15 13:11:25,342 [INFO] ADCParametersView:116 -                Rank 1 : false
2025-05-15 13:11:25,342 [INFO] ADCParametersView:116 -                Rank 1 : false
2025-05-15 13:11:25,343 [INFO] ADCParametersView:116 -                Rank 1 : false
2025-05-15 13:11:25,343 [INFO] ADCParametersView:116 -                Rank 1 : false
2025-05-15 13:11:25,343 [INFO] ADCParametersView:116 -                Rank 1 : false
2025-05-15 13:11:25,343 [INFO] ADCParametersView:116 -                Rank 1 : false
2025-05-15 13:11:25,343 [INFO] ADCParametersView:116 -                Rank 1 : false
2025-05-15 13:11:25,343 [INFO] ADCParametersView:116 -                Rank 1 : false
2025-05-15 13:11:25,343 [INFO] ADCParametersView:116 -                Rank 1 : false
2025-05-15 13:11:25,343 [INFO] ADCParametersView:116 -                Rank 1 : false
2025-05-15 13:11:25,343 [INFO] ADCParametersView:116 -                Rank 1 : false
2025-05-15 13:11:25,375 [INFO] ADCParametersView:116 -                Rank 1 : false
2025-05-15 13:11:25,425 [INFO] ADCParametersView:116 -                Rank 1 : false
2025-05-15 13:11:25,425 [INFO] ADCParametersView:116 -                Rank 1 : false
2025-05-15 13:11:25,426 [INFO] ADCParametersView:116 -                Rank 1 : false
2025-05-15 13:11:25,426 [INFO] ADCParametersView:116 -                Rank 1 : false
2025-05-15 13:11:25,426 [INFO] ADCParametersView:116 -                Rank 1 : false
2025-05-15 13:11:25,426 [INFO] ADCParametersView:116 -                Rank 1 : false
2025-05-15 13:11:25,426 [INFO] ADCParametersView:116 -                Rank 1 : false
2025-05-15 13:11:25,426 [INFO] ADCParametersView:116 -                Rank 1 : false
2025-05-15 13:11:25,426 [INFO] ADCParametersView:116 -                Rank 1 : false
2025-05-15 13:11:25,426 [INFO] ADCParametersView:116 -                Rank 1 : false
2025-05-15 13:11:25,426 [INFO] ADCParametersView:116 -                Rank 1 : false
2025-05-15 13:11:25,426 [INFO] ADCParametersView:116 -                Rank 1 : false
2025-05-15 13:11:25,426 [INFO] ADCParametersView:116 -                Rank 1 : false
2025-05-15 13:11:25,427 [INFO] ADCParametersView:116 -                Rank 1 : false
2025-05-15 13:11:25,455 [INFO] ADCParametersView:116 -                Rank 1 : false
2025-05-15 13:11:31,741 [WARN] BspModel:444 - BSP dependency skipped because of component: name='IOExpander', api='Unknown'
2025-05-15 13:11:31,771 [WARN] BspModel:444 - BSP dependency skipped because of component: name='IOExpander', api='Unknown'
2025-05-15 13:11:35,209 [WARN] BspModel:444 - BSP dependency skipped because of component: name='IOExpander', api='Unknown'
2025-05-15 13:11:35,298 [INFO] ParamManager:896 - [Generic UI] PropertyChangeEvent: TAB_STATUS_CHANGED , "dont care", "never mind"
2025-05-15 13:11:35,302 [INFO] ADCParametersView:116 -                Rank 1 : false
2025-05-15 13:11:35,302 [INFO] ADCParametersView:116 -                Rank 1 : false
2025-05-15 13:11:35,302 [INFO] ADCParametersView:116 -                Rank 1 : false
2025-05-15 13:11:35,302 [INFO] ADCParametersView:116 -                Rank 1 : false
2025-05-15 13:11:35,303 [INFO] ADCParametersView:116 -                Rank 1 : false
2025-05-15 13:11:35,303 [INFO] ADCParametersView:116 -                Rank 1 : false
2025-05-15 13:11:35,303 [INFO] ADCParametersView:116 -                Rank 1 : false
2025-05-15 13:11:35,303 [INFO] ADCParametersView:116 -                Rank 1 : false
2025-05-15 13:11:35,303 [INFO] ADCParametersView:116 -                Rank 1 : false
2025-05-15 13:11:35,303 [INFO] ADCParametersView:116 -                Rank 1 : false
2025-05-15 13:11:35,303 [INFO] ADCParametersView:116 -                Rank 1 : false
2025-05-15 13:11:35,303 [INFO] ADCParametersView:116 -                Rank 1 : false
2025-05-15 13:11:35,303 [INFO] ADCParametersView:116 -                Rank 1 : false
2025-05-15 13:11:35,303 [INFO] ADCParametersView:116 -                Rank 1 : false
2025-05-15 13:11:35,310 [INFO] ParamManager:896 - [Generic UI] PropertyChangeEvent: TAB_STATUS_CHANGED , "dont care", "never mind"
2025-05-15 13:11:35,315 [INFO] ADCParametersView:116 -                Rank 1 : false
2025-05-15 13:11:35,337 [INFO] ADCParametersView:116 -                Rank 1 : false
2025-05-15 13:11:35,337 [INFO] ADCParametersView:116 -                Rank 1 : false
2025-05-15 13:11:35,337 [INFO] ADCParametersView:116 -                Rank 1 : false
2025-05-15 13:11:35,337 [INFO] ADCParametersView:116 -                Rank 1 : false
2025-05-15 13:11:35,337 [INFO] ADCParametersView:116 -                Rank 1 : false
2025-05-15 13:11:35,337 [INFO] ADCParametersView:116 -                Rank 1 : false
2025-05-15 13:11:35,337 [INFO] ADCParametersView:116 -                Rank 1 : false
2025-05-15 13:11:35,337 [INFO] ADCParametersView:116 -                Rank 1 : false
2025-05-15 13:11:35,337 [INFO] ADCParametersView:116 -                Rank 1 : false
2025-05-15 13:11:35,337 [INFO] ADCParametersView:116 -                Rank 1 : false
2025-05-15 13:11:35,337 [INFO] ADCParametersView:116 -                Rank 1 : false
2025-05-15 13:11:35,337 [INFO] ADCParametersView:116 -                Rank 1 : false
2025-05-15 13:11:35,337 [INFO] ADCParametersView:116 -                Rank 1 : false
2025-05-15 13:11:35,337 [INFO] ADCParametersView:116 -                Rank 1 : false
2025-05-15 13:11:35,346 [INFO] ADCParametersView:116 -                Rank 1 : false
2025-05-15 13:11:35,351 [WARN] BspModel:444 - BSP dependency skipped because of component: name='IOExpander', api='Unknown'
2025-05-15 13:11:35,423 [INFO] NvicIntPanel:101 - NVIC parent = com.st.microxplorer.plugins.ip.nvic.MultiNvicIntPanel[,0,0,0x0,invalid,layout=javax.swing.BoxLayout,alignmentX=0.0,alignmentY=0.0,border=,flags=9,maximumSize=,minimumSize=,preferredSize=]
2025-05-15 13:11:35,503 [INFO] NvicIntPanel:101 - NVIC parent = com.st.microxplorer.plugins.ip.nvic.MultiNvicIntPanel[,0,0,0x0,invalid,layout=javax.swing.BoxLayout,alignmentX=0.0,alignmentY=0.0,border=,flags=9,maximumSize=,minimumSize=,preferredSize=]
2025-05-15 13:11:35,549 [INFO] ADCParametersView:116 -                Rank 1 : false
2025-05-15 13:11:35,550 [INFO] ADCParametersView:116 -                Rank 1 : false
2025-05-15 13:11:35,550 [INFO] ADCParametersView:116 -                Rank 1 : false
2025-05-15 13:11:35,550 [INFO] ADCParametersView:116 -                Rank 1 : false
2025-05-15 13:11:35,550 [INFO] ADCParametersView:116 -                Rank 1 : false
2025-05-15 13:11:35,550 [INFO] ADCParametersView:116 -                Rank 1 : false
2025-05-15 13:11:35,550 [INFO] ADCParametersView:116 -                Rank 1 : false
2025-05-15 13:11:35,550 [INFO] ADCParametersView:116 -                Rank 1 : false
2025-05-15 13:11:35,550 [INFO] ADCParametersView:116 -                Rank 1 : false
2025-05-15 13:11:35,550 [INFO] ADCParametersView:116 -                Rank 1 : false
2025-05-15 13:11:35,550 [INFO] ADCParametersView:116 -                Rank 1 : false
2025-05-15 13:11:35,550 [INFO] ADCParametersView:116 -                Rank 1 : false
2025-05-15 13:11:35,550 [INFO] ADCParametersView:116 -                Rank 1 : false
2025-05-15 13:11:35,550 [INFO] ADCParametersView:116 -                Rank 1 : false
2025-05-15 13:11:35,569 [INFO] ADCParametersView:116 -                Rank 1 : false
2025-05-15 13:11:35,599 [INFO] ADCParametersView:116 -                Rank 1 : false
2025-05-15 13:11:35,599 [INFO] ADCParametersView:116 -                Rank 1 : false
2025-05-15 13:11:35,599 [INFO] ADCParametersView:116 -                Rank 1 : false
2025-05-15 13:11:35,599 [INFO] ADCParametersView:116 -                Rank 1 : false
2025-05-15 13:11:35,600 [INFO] ADCParametersView:116 -                Rank 1 : false
2025-05-15 13:11:35,600 [INFO] ADCParametersView:116 -                Rank 1 : false
2025-05-15 13:11:35,600 [INFO] ADCParametersView:116 -                Rank 1 : false
2025-05-15 13:11:35,600 [INFO] ADCParametersView:116 -                Rank 1 : false
2025-05-15 13:11:35,600 [INFO] ADCParametersView:116 -                Rank 1 : false
2025-05-15 13:11:35,600 [INFO] ADCParametersView:116 -                Rank 1 : false
2025-05-15 13:11:35,600 [INFO] ADCParametersView:116 -                Rank 1 : false
2025-05-15 13:11:35,600 [INFO] ADCParametersView:116 -                Rank 1 : false
2025-05-15 13:11:35,600 [INFO] ADCParametersView:116 -                Rank 1 : false
2025-05-15 13:11:35,600 [INFO] ADCParametersView:116 -                Rank 1 : false
2025-05-15 13:11:35,620 [INFO] ADCParametersView:116 -                Rank 1 : false
2025-05-15 13:11:36,662 [WARN] BspModel:444 - BSP dependency skipped because of component: name='IOExpander', api='Unknown'
2025-05-15 13:11:36,694 [WARN] BspModel:444 - BSP dependency skipped because of component: name='IOExpander', api='Unknown'
2025-05-15 13:11:37,484 [WARN] BspModel:444 - BSP dependency skipped because of component: name='IOExpander', api='Unknown'
2025-05-15 13:11:37,557 [INFO] ParamManager:896 - [Generic UI] PropertyChangeEvent: TAB_STATUS_CHANGED , "dont care", "never mind"
2025-05-15 13:11:37,562 [INFO] ADCParametersView:116 -                Rank 1 : false
2025-05-15 13:11:37,562 [INFO] ADCParametersView:116 -                Rank 1 : false
2025-05-15 13:11:37,562 [INFO] ADCParametersView:116 -                Rank 1 : false
2025-05-15 13:11:37,562 [INFO] ADCParametersView:116 -                Rank 1 : false
2025-05-15 13:11:37,563 [INFO] ADCParametersView:116 -                Rank 1 : false
2025-05-15 13:11:37,563 [INFO] ADCParametersView:116 -                Rank 1 : false
2025-05-15 13:11:37,563 [INFO] ADCParametersView:116 -                Rank 1 : false
2025-05-15 13:11:37,563 [INFO] ADCParametersView:116 -                Rank 1 : false
2025-05-15 13:11:37,563 [INFO] ADCParametersView:116 -                Rank 1 : false
2025-05-15 13:11:37,563 [INFO] ADCParametersView:116 -                Rank 1 : false
2025-05-15 13:11:37,563 [INFO] ADCParametersView:116 -                Rank 1 : false
2025-05-15 13:11:37,563 [INFO] ADCParametersView:116 -                Rank 1 : false
2025-05-15 13:11:37,563 [INFO] ADCParametersView:116 -                Rank 1 : false
2025-05-15 13:11:37,563 [INFO] ADCParametersView:116 -                Rank 1 : false
2025-05-15 13:11:37,570 [INFO] ParamManager:896 - [Generic UI] PropertyChangeEvent: TAB_STATUS_CHANGED , "dont care", "never mind"
2025-05-15 13:11:37,575 [INFO] ADCParametersView:116 -                Rank 1 : false
2025-05-15 13:11:37,600 [INFO] ADCParametersView:116 -                Rank 1 : false
2025-05-15 13:11:37,600 [INFO] ADCParametersView:116 -                Rank 1 : false
2025-05-15 13:11:37,601 [INFO] ADCParametersView:116 -                Rank 1 : false
2025-05-15 13:11:37,601 [INFO] ADCParametersView:116 -                Rank 1 : false
2025-05-15 13:11:37,601 [INFO] ADCParametersView:116 -                Rank 1 : false
2025-05-15 13:11:37,601 [INFO] ADCParametersView:116 -                Rank 1 : false
2025-05-15 13:11:37,601 [INFO] ADCParametersView:116 -                Rank 1 : false
2025-05-15 13:11:37,601 [INFO] ADCParametersView:116 -                Rank 1 : false
2025-05-15 13:11:37,601 [INFO] ADCParametersView:116 -                Rank 1 : false
2025-05-15 13:11:37,601 [INFO] ADCParametersView:116 -                Rank 1 : false
2025-05-15 13:11:37,602 [INFO] ADCParametersView:116 -                Rank 1 : false
2025-05-15 13:11:37,602 [INFO] ADCParametersView:116 -                Rank 1 : false
2025-05-15 13:11:37,602 [INFO] ADCParametersView:116 -                Rank 1 : false
2025-05-15 13:11:37,602 [INFO] ADCParametersView:116 -                Rank 1 : false
2025-05-15 13:11:37,613 [INFO] ADCParametersView:116 -                Rank 1 : false
2025-05-15 13:11:37,618 [WARN] BspModel:444 - BSP dependency skipped because of component: name='IOExpander', api='Unknown'
2025-05-15 13:11:37,698 [INFO] NvicIntPanel:101 - NVIC parent = com.st.microxplorer.plugins.ip.nvic.MultiNvicIntPanel[,0,0,0x0,invalid,layout=javax.swing.BoxLayout,alignmentX=0.0,alignmentY=0.0,border=,flags=9,maximumSize=,minimumSize=,preferredSize=]
2025-05-15 13:11:37,782 [INFO] NvicIntPanel:101 - NVIC parent = com.st.microxplorer.plugins.ip.nvic.MultiNvicIntPanel[,0,0,0x0,invalid,layout=javax.swing.BoxLayout,alignmentX=0.0,alignmentY=0.0,border=,flags=9,maximumSize=,minimumSize=,preferredSize=]
2025-05-15 13:11:37,820 [INFO] ADCParametersView:116 -                Rank 1 : false
2025-05-15 13:11:37,820 [INFO] ADCParametersView:116 -                Rank 1 : false
2025-05-15 13:11:37,820 [INFO] ADCParametersView:116 -                Rank 1 : false
2025-05-15 13:11:37,820 [INFO] ADCParametersView:116 -                Rank 1 : false
2025-05-15 13:11:37,820 [INFO] ADCParametersView:116 -                Rank 1 : false
2025-05-15 13:11:37,820 [INFO] ADCParametersView:116 -                Rank 1 : false
2025-05-15 13:11:37,820 [INFO] ADCParametersView:116 -                Rank 1 : false
2025-05-15 13:11:37,820 [INFO] ADCParametersView:116 -                Rank 1 : false
2025-05-15 13:11:37,821 [INFO] ADCParametersView:116 -                Rank 1 : false
2025-05-15 13:11:37,821 [INFO] ADCParametersView:116 -                Rank 1 : false
2025-05-15 13:11:37,821 [INFO] ADCParametersView:116 -                Rank 1 : false
2025-05-15 13:11:37,821 [INFO] ADCParametersView:116 -                Rank 1 : false
2025-05-15 13:11:37,821 [INFO] ADCParametersView:116 -                Rank 1 : false
2025-05-15 13:11:37,821 [INFO] ADCParametersView:116 -                Rank 1 : false
2025-05-15 13:11:37,836 [INFO] ADCParametersView:116 -                Rank 1 : false
2025-05-15 13:11:37,859 [INFO] ADCParametersView:116 -                Rank 1 : false
2025-05-15 13:11:37,860 [INFO] ADCParametersView:116 -                Rank 1 : false
2025-05-15 13:11:37,860 [INFO] ADCParametersView:116 -                Rank 1 : false
2025-05-15 13:11:37,860 [INFO] ADCParametersView:116 -                Rank 1 : false
2025-05-15 13:11:37,860 [INFO] ADCParametersView:116 -                Rank 1 : false
2025-05-15 13:11:37,860 [INFO] ADCParametersView:116 -                Rank 1 : false
2025-05-15 13:11:37,860 [INFO] ADCParametersView:116 -                Rank 1 : false
2025-05-15 13:11:37,860 [INFO] ADCParametersView:116 -                Rank 1 : false
2025-05-15 13:11:37,860 [INFO] ADCParametersView:116 -                Rank 1 : false
2025-05-15 13:11:37,860 [INFO] ADCParametersView:116 -                Rank 1 : false
2025-05-15 13:11:37,860 [INFO] ADCParametersView:116 -                Rank 1 : false
2025-05-15 13:11:37,860 [INFO] ADCParametersView:116 -                Rank 1 : false
2025-05-15 13:11:37,860 [INFO] ADCParametersView:116 -                Rank 1 : false
2025-05-15 13:11:37,860 [INFO] ADCParametersView:116 -                Rank 1 : false
2025-05-15 13:11:37,876 [INFO] ADCParametersView:116 -                Rank 1 : false
2025-05-15 13:11:46,340 [INFO] ADCParametersView:116 -                Rank 1 : false
2025-05-15 13:11:46,341 [INFO] ADCParametersView:116 -                Rank 1 : false
2025-05-15 13:11:46,341 [INFO] ADCParametersView:116 -                Rank 1 : false
2025-05-15 13:11:46,341 [INFO] ADCParametersView:116 -                Rank 1 : false
2025-05-15 13:11:46,341 [INFO] ADCParametersView:116 -                Rank 1 : false
2025-05-15 13:11:46,341 [INFO] ADCParametersView:116 -                Rank 1 : false
2025-05-15 13:11:46,341 [INFO] ADCParametersView:116 -                Rank 1 : false
2025-05-15 13:11:46,341 [INFO] ADCParametersView:116 -                Rank 1 : false
2025-05-15 13:11:46,341 [INFO] ADCParametersView:116 -                Rank 1 : false
2025-05-15 13:11:46,341 [INFO] ADCParametersView:116 -                Rank 1 : false
2025-05-15 13:11:46,341 [INFO] ADCParametersView:116 -                Rank 1 : false
2025-05-15 13:11:46,341 [INFO] ADCParametersView:116 -                Rank 1 : false
2025-05-15 13:11:46,341 [INFO] ADCParametersView:116 -                Rank 1 : false
2025-05-15 13:11:46,341 [INFO] ADCParametersView:116 -                Rank 1 : false
2025-05-15 13:11:46,366 [INFO] ADCParametersView:116 -                Rank 1 : false
2025-05-15 13:11:46,404 [INFO] ADCParametersView:116 -                Rank 1 : false
2025-05-15 13:11:46,404 [INFO] ADCParametersView:116 -                Rank 1 : false
2025-05-15 13:11:46,404 [INFO] ADCParametersView:116 -                Rank 1 : false
2025-05-15 13:11:46,404 [INFO] ADCParametersView:116 -                Rank 1 : false
2025-05-15 13:11:46,405 [INFO] ADCParametersView:116 -                Rank 1 : false
2025-05-15 13:11:46,405 [INFO] ADCParametersView:116 -                Rank 1 : false
2025-05-15 13:11:46,405 [INFO] ADCParametersView:116 -                Rank 1 : false
2025-05-15 13:11:46,405 [INFO] ADCParametersView:116 -                Rank 1 : false
2025-05-15 13:11:46,405 [INFO] ADCParametersView:116 -                Rank 1 : false
2025-05-15 13:11:46,405 [INFO] ADCParametersView:116 -                Rank 1 : false
2025-05-15 13:11:46,405 [INFO] ADCParametersView:116 -                Rank 1 : false
2025-05-15 13:11:46,405 [INFO] ADCParametersView:116 -                Rank 1 : false
2025-05-15 13:11:46,405 [INFO] ADCParametersView:116 -                Rank 1 : false
2025-05-15 13:11:46,405 [INFO] ADCParametersView:116 -                Rank 1 : false
2025-05-15 13:11:46,428 [INFO] ADCParametersView:116 -                Rank 1 : false
2025-05-15 13:11:46,443 [WARN] BspModel:444 - BSP dependency skipped because of component: name='IOExpander', api='Unknown'
2025-05-15 13:11:46,586 [WARN] IP:2250 - I2C_Coeff_DF not found: check if there is a RefParameter without a condition.
2025-05-15 13:11:46,587 [WARN] IP:2250 - Analog_Filter not found: check if there is a RefParameter without a condition.
2025-05-15 13:11:46,588 [WARN] IP:2250 - I2C_Coeff_DF not found: check if there is a RefParameter without a condition.
2025-05-15 13:11:46,588 [WARN] IP:2250 - Analog_Filter not found: check if there is a RefParameter without a condition.
2025-05-15 13:11:46,723 [WARN] IP:2250 - I2C_Coeff_DF not found: check if there is a RefParameter without a condition.
2025-05-15 13:11:46,723 [WARN] IP:2250 - Analog_Filter not found: check if there is a RefParameter without a condition.
2025-05-15 13:11:46,815 [WARN] IP:2250 - I2C_Coeff_DF not found: check if there is a RefParameter without a condition.
2025-05-15 13:11:46,816 [WARN] IP:2250 - Analog_Filter not found: check if there is a RefParameter without a condition.
2025-05-15 13:11:46,844 [INFO] ADCParametersView:116 -                Rank 1 : false
2025-05-15 13:11:46,844 [INFO] ADCParametersView:116 -                Rank 1 : false
2025-05-15 13:11:46,844 [INFO] ADCParametersView:116 -                Rank 1 : false
2025-05-15 13:11:46,844 [INFO] ADCParametersView:116 -                Rank 1 : false
2025-05-15 13:11:46,844 [INFO] ADCParametersView:116 -                Rank 1 : false
2025-05-15 13:11:46,844 [INFO] ADCParametersView:116 -                Rank 1 : false
2025-05-15 13:11:46,844 [INFO] ADCParametersView:116 -                Rank 1 : false
2025-05-15 13:11:46,844 [INFO] ADCParametersView:116 -                Rank 1 : false
2025-05-15 13:11:46,844 [INFO] ADCParametersView:116 -                Rank 1 : false
2025-05-15 13:11:46,845 [INFO] ADCParametersView:116 -                Rank 1 : false
2025-05-15 13:11:46,845 [INFO] ADCParametersView:116 -                Rank 1 : false
2025-05-15 13:11:46,845 [INFO] ADCParametersView:116 -                Rank 1 : false
2025-05-15 13:11:46,845 [INFO] ADCParametersView:116 -                Rank 1 : false
2025-05-15 13:11:46,845 [INFO] ADCParametersView:116 -                Rank 1 : false
2025-05-15 13:11:46,869 [INFO] ADCParametersView:116 -                Rank 1 : false
2025-05-15 13:11:46,909 [INFO] ADCParametersView:116 -                Rank 1 : false
2025-05-15 13:11:46,909 [INFO] ADCParametersView:116 -                Rank 1 : false
2025-05-15 13:11:46,909 [INFO] ADCParametersView:116 -                Rank 1 : false
2025-05-15 13:11:46,909 [INFO] ADCParametersView:116 -                Rank 1 : false
2025-05-15 13:11:46,910 [INFO] ADCParametersView:116 -                Rank 1 : false
2025-05-15 13:11:46,910 [INFO] ADCParametersView:116 -                Rank 1 : false
2025-05-15 13:11:46,910 [INFO] ADCParametersView:116 -                Rank 1 : false
2025-05-15 13:11:46,910 [INFO] ADCParametersView:116 -                Rank 1 : false
2025-05-15 13:11:46,910 [INFO] ADCParametersView:116 -                Rank 1 : false
2025-05-15 13:11:46,910 [INFO] ADCParametersView:116 -                Rank 1 : false
2025-05-15 13:11:46,910 [INFO] ADCParametersView:116 -                Rank 1 : false
2025-05-15 13:11:46,910 [INFO] ADCParametersView:116 -                Rank 1 : false
2025-05-15 13:11:46,910 [INFO] ADCParametersView:116 -                Rank 1 : false
2025-05-15 13:11:46,910 [INFO] ADCParametersView:116 -                Rank 1 : false
2025-05-15 13:11:46,935 [INFO] ADCParametersView:116 -                Rank 1 : false
2025-05-15 13:18:13,430 [WARN] BspModel:444 - BSP dependency skipped because of component: name='IOExpander', api='Unknown'
2025-05-15 13:18:13,472 [WARN] BspModel:444 - BSP dependency skipped because of component: name='IOExpander', api='Unknown'
2025-05-15 13:18:30,614 [INFO] MainUpdater:2872 - connection check result : 10
2025-05-15 13:18:30,615 [INFO] MainUpdater:2872 - connection check result : 10
2025-05-15 13:18:30,742 [INFO] I2sManager:658 - 9.6E7
2025-05-15 13:18:30,742 [INFO] I2sManager:195 - I2S Clock Value : 9.6E7
2025-05-15 13:18:30,743 [INFO] I2sManager:553 - AudioClock : 93750Divider : 2Odd : 0
2025-05-15 13:18:30,744 [INFO] MicroXplorer:468 - Change Database Path : 
2025-05-15 13:18:30,745 [INFO] MicroXplorer:498 - Change Database Version : DB.6.0.141
2025-05-15 13:18:30,757 [ERROR] ProjectManagerView:395 - 
java.lang.NullPointerException: Cannot invoke "javax.swing.JTextField.getText()" because the return value of "java.util.List.get(int)" is null
	at com.st.microxplorer.plugins.projectmanager.gui.ProjectChoiceTab$9.caretUpdate(ProjectChoiceTab.java:2678) ~[filemanager.jar:?]
	at javax.swing.text.JTextComponent.fireCaretUpdate(JTextComponent.java:408) ~[?:?]
	at javax.swing.text.JTextComponent$MutableCaretEvent.fire(JTextComponent.java:4484) ~[?:?]
	at javax.swing.text.JTextComponent$MutableCaretEvent.stateChanged(JTextComponent.java:4506) ~[?:?]
	at javax.swing.text.DefaultCaret.fireStateChanged(DefaultCaret.java:857) ~[?:?]
	at javax.swing.text.DefaultCaret.changeCaretPosition(DefaultCaret.java:1343) ~[?:?]
	at javax.swing.text.DefaultCaret.handleSetDot(DefaultCaret.java:1242) ~[?:?]
	at javax.swing.text.DefaultCaret.setDot(DefaultCaret.java:1223) ~[?:?]
	at javax.swing.text.DefaultCaret$Handler.insertUpdate(DefaultCaret.java:1819) ~[?:?]
	at javax.swing.text.AbstractDocument.fireInsertUpdate(AbstractDocument.java:227) ~[?:?]
	at javax.swing.text.AbstractDocument.handleInsertString(AbstractDocument.java:781) ~[?:?]
	at javax.swing.text.AbstractDocument.insertString(AbstractDocument.java:740) ~[?:?]
	at javax.swing.text.PlainDocument.insertString(PlainDocument.java:131) ~[?:?]
	at javax.swing.text.AbstractDocument.replace(AbstractDocument.java:699) ~[?:?]
	at javax.swing.text.JTextComponent.setText(JTextComponent.java:1725) ~[?:?]
	at com.st.microxplorer.plugins.projectmanager.gui.ProjectChoiceTab.createHeapStackFields(ProjectChoiceTab.java:979) ~[filemanager.jar:?]
	at com.st.microxplorer.plugins.projectmanager.gui.ProjectChoiceTab.buildLinkSettingsPanel(ProjectChoiceTab.java:3766) ~[filemanager.jar:?]
	at com.st.microxplorer.plugins.projectmanager.gui.ProjectChoiceTab.defineWindowsFields(ProjectChoiceTab.java:1962) ~[filemanager.jar:?]
	at com.st.microxplorer.plugins.projectmanager.gui.ProjectChoiceTab.updateSettings(ProjectChoiceTab.java:555) ~[filemanager.jar:?]
	at com.st.microxplorer.plugins.projectmanager.gui.ProjectSettingsPanel.UpdateDialog(ProjectSettingsPanel.java:245) ~[filemanager.jar:?]
	at com.st.microxplorer.plugins.projectmanager.ProjectManagerView.propertyChange(ProjectManagerView.java:392) ~[filemanager.jar:?]
	at java.beans.PropertyChangeSupport.fire(PropertyChangeSupport.java:343) ~[?:?]
	at java.beans.PropertyChangeSupport.firePropertyChange(PropertyChangeSupport.java:335) ~[?:?]
	at java.beans.PropertyChangeSupport.firePropertyChange(PropertyChangeSupport.java:268) ~[?:?]
	at com.st.microxplorer.util.MXPropertyChangeSupport.firePropertyChange(MXPropertyChangeSupport.java:54) ~[STM32CubeMX.jar:?]
	at com.st.microxplorer.mxsystem.MxSystem.closeConfig(MxSystem.java:899) ~[STM32CubeMX.jar:?]
	at com.st.microxplorer.maingui.MainPanel.closeConfig(MainPanel.java:789) ~[STM32CubeMX.jar:?]
	at com.st.microxplorer.plugins.filemanager.engine.OpenFileManager.loadConfigurationFile(OpenFileManager.java:287) ~[filemanager.jar:?]
	at com.st.microxplorer.plugins.filemanager.engine.MainFileManager.userLoadConfig(MainFileManager.java:341) ~[filemanager.jar:?]
	at com.st.microxplorer.plugins.filemanager.engine.MainFileManager.userLoadConfig(MainFileManager.java:319) ~[filemanager.jar:?]
	at com.st.microxplorer.plugins.filemanager.FileManagerView.getSpecificTask(FileManagerView.java:246) ~[filemanager.jar:?]
	at com.st.stm32cube.common.mx.editor.CubeMxEditor.getMxTabbedPaneInstance(CubeMxEditor.java:1198) ~[com.st.stm32cube.common.mx_6.14.1.202504091515/:?]
	at com.st.stm32cube.common.mx.editor.CubeMxEditor$12$1.createSwingComponent(CubeMxEditor.java:1068) ~[com.st.stm32cube.common.mx_6.14.1.202504091515/:?]
	at com.st.stm32cube.common.mx.oss.core.awtswtbridge.EmbeddedSwingComposite.doComponentCreation(EmbeddedSwingComposite.java:492) ~[com.st.stm32cube.common.mx.oss_6.14.1.202504091515/:?]
	at com.st.stm32cube.common.mx.oss.core.awtswtbridge.EmbeddedSwingComposite$4.run(EmbeddedSwingComposite.java:291) ~[com.st.stm32cube.common.mx.oss_6.14.1.202504091515/:?]
	at com.st.stm32cube.common.mx.oss.core.awtswtbridge.AwtEnvironment$2.run(AwtEnvironment.java:166) ~[com.st.stm32cube.common.mx.oss_6.14.1.202504091515/:?]
	at java.awt.event.InvocationEvent.dispatch(InvocationEvent.java:318) ~[?:?]
	at java.awt.EventQueue.dispatchEventImpl(EventQueue.java:773) ~[?:?]
	at java.awt.EventQueue$4.run(EventQueue.java:720) ~[?:?]
	at java.awt.EventQueue$4.run(EventQueue.java:714) ~[?:?]
	at java.security.AccessController.doPrivileged(AccessController.java:400) ~[?:?]
	at java.security.ProtectionDomain$JavaSecurityAccessImpl.doIntersectionPrivilege(ProtectionDomain.java:87) ~[?:?]
	at java.awt.EventQueue.dispatchEvent(EventQueue.java:742) ~[?:?]
	at java.awt.EventDispatchThread.pumpOneEventForFilters(EventDispatchThread.java:203) ~[?:?]
	at java.awt.EventDispatchThread.pumpEventsForFilter(EventDispatchThread.java:124) ~[?:?]
	at java.awt.EventDispatchThread.pumpEventsForHierarchy(EventDispatchThread.java:113) ~[?:?]
	at java.awt.EventDispatchThread.pumpEvents(EventDispatchThread.java:109) ~[?:?]
	at java.awt.EventDispatchThread.pumpEvents(EventDispatchThread.java:101) ~[?:?]
	at java.awt.EventDispatchThread.run(EventDispatchThread.java:90) ~[?:?]
2025-05-15 13:18:30,758 [WARN] ThirdParty:871 - waiting for thirdparty lock release [close project]
2025-05-15 13:18:30,758 [INFO] ThirdParty:873 - entering critical section [close project]
2025-05-15 13:18:30,758 [INFO] ThirdParty:883 - exiting critical section [close project]
2025-05-15 13:18:30,760 [INFO] PinOutPanel:1589 - setPackage(No Configuration,No Configuration)
2025-05-15 13:18:30,766 [WARN] IpParametersView:155 - Warning: This peripheral hasn't parameters
2025-05-15 13:18:30,769 [WARN] MainPanel:289 - <html><b><center>Warning: This peripheral has no parameters to be configured<br></b></html>
2025-05-15 13:18:30,772 [INFO] UtilMem:75 - Begin LoadConfig() Used Memory: 634829472 Bytes (898629632)
2025-05-15 13:18:30,773 [INFO] MicroXplorer:468 - Change Database Path : 
2025-05-15 13:18:30,773 [INFO] MicroXplorer:498 - Change Database Version : DB.6.0.141
2025-05-15 13:18:30,773 [INFO] OpenFileManager:354 - Change cursor
2025-05-15 13:18:30,790 [INFO] Mcu:2011 - Initializing MCU STM32F407V(E-G)Tx STM32F407VGTx STM32F407VGT6
2025-05-15 13:18:31,889 [INFO] Context:756 - Trying to add GPIOservice into a context  which must be forbidden
2025-05-15 13:18:32,336 [INFO] ImportTextPane:218 - (OptionalMessage_ERROR) Pin37 (VP_RIF_VS_RIF1) cannot be retrieved for this MCU
2025-05-15 13:18:32,674 [INFO] RtosManager:558 - Registered RTOS mode: class=CMSIS, group=RTOS, mode=CMSIS_V1, owner=FREERTOS
2025-05-15 13:18:32,675 [INFO] RtosManager:558 - Registered RTOS mode: class=CMSIS, group=RTOS2, mode=CMSIS_V2, owner=FREERTOS
2025-05-15 13:18:32,675 [INFO] RtosManager:558 - Registered RTOS mode: class=RTOS, group=Core, mode=CMSIS_V1, owner=FREERTOS
2025-05-15 13:18:32,675 [INFO] RtosManager:558 - Registered RTOS mode: class=RTOS, group=Core, mode=CMSIS_V2, owner=FREERTOS
2025-05-15 13:18:32,675 [WARN] ModelIntegratedComponent:184 - Missing modes for component STMicroelectronics:FreeRTOS:0.0.1:STMicroelectronics:RTOS:FreeRTOS:Core:::10.2.0:
2025-05-15 13:18:32,689 [WARN] ModelIntegratedComponent:63 - No mode defined for component null
2025-05-15 13:18:32,689 [WARN] ModelIntegratedComponent:63 - No mode defined for component null
2025-05-15 13:18:32,689 [WARN] ModelIntegratedComponent:63 - No mode defined for component null
2025-05-15 13:18:32,689 [WARN] ModelIntegratedComponent:63 - No mode defined for component null
2025-05-15 13:18:32,689 [WARN] ModelIntegratedComponent:63 - No mode defined for component null
2025-05-15 13:18:32,689 [WARN] ModelIntegratedComponent:63 - No mode defined for component null
2025-05-15 13:18:32,689 [WARN] ModelIntegratedComponent:63 - No mode defined for component null
2025-05-15 13:18:32,689 [WARN] ModelIntegratedComponent:63 - No mode defined for component null
2025-05-15 13:18:32,689 [WARN] ModelIntegratedComponent:63 - No mode defined for component null
2025-05-15 13:18:32,689 [WARN] ModelIntegratedComponent:63 - No mode defined for component null
2025-05-15 13:18:32,689 [WARN] ModelIntegratedComponent:63 - No mode defined for component null
2025-05-15 13:18:32,689 [WARN] ModelIntegratedComponent:63 - No mode defined for component null
2025-05-15 13:18:32,689 [WARN] ModelIntegratedComponent:63 - No mode defined for component null
2025-05-15 13:18:32,689 [WARN] ModelIntegratedComponent:63 - No mode defined for component null
2025-05-15 13:18:32,689 [WARN] ModelIntegratedComponent:63 - No mode defined for component null
2025-05-15 13:18:32,689 [WARN] ModelIntegratedComponent:63 - No mode defined for component null
2025-05-15 13:18:32,689 [WARN] ModelIntegratedComponent:63 - No mode defined for component null
2025-05-15 13:18:32,690 [WARN] ModelIntegratedComponent:63 - No mode defined for component null
2025-05-15 13:18:32,690 [WARN] ModelIntegratedComponent:63 - No mode defined for component null
2025-05-15 13:18:32,690 [WARN] ModelIntegratedComponent:63 - No mode defined for component null
2025-05-15 13:18:32,690 [WARN] ModelIntegratedComponent:63 - No mode defined for component null
2025-05-15 13:18:32,690 [WARN] ModelIntegratedComponent:63 - No mode defined for component null
2025-05-15 13:18:32,690 [WARN] ModelIntegratedComponent:63 - No mode defined for component null
2025-05-15 13:18:32,690 [WARN] ModelIntegratedComponent:63 - No mode defined for component null
2025-05-15 13:18:32,690 [WARN] ModelIntegratedComponent:63 - No mode defined for component null
2025-05-15 13:18:32,690 [WARN] ModelIntegratedComponent:63 - No mode defined for component null
2025-05-15 13:18:32,690 [WARN] ModelIntegratedComponent:63 - No mode defined for component null
2025-05-15 13:18:32,690 [WARN] ModelIntegratedComponent:63 - No mode defined for component null
2025-05-15 13:18:32,690 [WARN] ModelIntegratedComponent:63 - No mode defined for component null
2025-05-15 13:18:32,690 [WARN] ModelIntegratedComponent:63 - No mode defined for component null
2025-05-15 13:18:32,690 [WARN] ModelIntegratedComponent:63 - No mode defined for component null
2025-05-15 13:18:32,690 [WARN] ModelIntegratedComponent:63 - No mode defined for component null
2025-05-15 13:18:32,690 [WARN] ModelIntegratedComponent:63 - No mode defined for component null
2025-05-15 13:18:32,690 [WARN] ModelIntegratedComponent:63 - No mode defined for component null
2025-05-15 13:18:32,690 [WARN] ModelIntegratedComponent:63 - No mode defined for component null
2025-05-15 13:18:32,690 [WARN] ModelPack:524 - Component already loaded: STMicroelectronics:HAL Drivers:0.0.0:STMicroelectronics:Device:STMicro_Driver:XSPI:HAL::0.0.1:HAL_XSPI
2025-05-15 13:18:33,012 [INFO] ThirdPartyModel:298 - Start build external matchings
2025-05-15 13:18:34,571 [INFO] ThirdPartyModel:316 - End build external matchings
2025-05-15 13:18:34,583 [INFO] ImportTextPane:218 - (OptionalMessage_ERROR) IP (DMA) : Parameter (Instance) has Id (DAC1) currently not set
2025-05-15 13:18:34,584 [INFO] ImportTextPane:218 - (OptionalMessage_ERROR) IP (DMA) : Parameter (Channel) has Id (DAC1) currently not set
2025-05-15 13:18:34,584 [INFO] ImportTextPane:218 - (OptionalMessage_ERROR) IP (DMA) : Parameter (Direction) has Id (DAC1) currently not set
2025-05-15 13:18:34,584 [INFO] ImportTextPane:218 - (OptionalMessage_ERROR) IP (DMA) : Parameter (PeriphInc) has Id (DAC1) currently not set
2025-05-15 13:18:34,584 [INFO] ImportTextPane:218 - (OptionalMessage_ERROR) IP (DMA) : Parameter (MemInc) has Id (DAC1) currently not set
2025-05-15 13:18:34,584 [INFO] ImportTextPane:218 - (OptionalMessage_ERROR) IP (DMA) : Parameter (PeriphDataAlignment) has Id (DAC1) currently not set
2025-05-15 13:18:34,584 [INFO] ImportTextPane:218 - (OptionalMessage_ERROR) IP (DMA) : Parameter (MemDataAlignment) has Id (DAC1) currently not set
2025-05-15 13:18:34,584 [INFO] ImportTextPane:218 - (OptionalMessage_ERROR) IP (DMA) : Parameter (Mode) has Id (DAC1) currently not set
2025-05-15 13:18:34,584 [INFO] ImportTextPane:218 - (OptionalMessage_ERROR) IP (DMA) : Parameter (Priority) has Id (DAC1) currently not set
2025-05-15 13:18:34,584 [INFO] ImportTextPane:218 - (OptionalMessage_ERROR) IP (DMA) : Parameter (FIFOMode) has Id (DAC1) currently not set
2025-05-15 13:18:34,585 [INFO] ImportTextPane:218 - (OptionalMessage_ERROR) IP (RCC) : Parameter (RTCHSEDivFreq_Value) has invalid value (4000000)
2025-05-15 13:18:34,736 [INFO] UtilMem:75 - End LoadConfig() Used Memory: 385757016 Bytes (898629632)
2025-05-15 13:18:34,799 [WARN] ThirdParty:833 - waiting for thirdparty lock release [change project]
2025-05-15 13:18:34,799 [INFO] ThirdParty:835 - entering critical section [change project]
2025-05-15 13:18:34,799 [INFO] ThirdParty:1030 - CMSIS Pack Vendor :STMicroelectronics USBPD 4.1
2025-05-15 13:18:34,799 [INFO] ThirdParty:1030 - CMSIS Pack Vendor :STMicroelectronics X-CUBE-AZRTOS-H7 3.3.0
2025-05-15 13:18:34,800 [INFO] ThirdParty:1030 - CMSIS Pack Vendor :STMicroelectronics X-CUBE-NFC9 1.0.0
2025-05-15 13:18:34,800 [INFO] ThirdParty:1030 - CMSIS Pack Vendor :STMicroelectronics USB_HOST 2.0.0
2025-05-15 13:18:34,800 [INFO] ThirdParty:1030 - CMSIS Pack Vendor :STMicroelectronics FP-SNS-MOTENVWB1 1.4.0
2025-05-15 13:18:34,800 [INFO] ThirdParty:1030 - CMSIS Pack Vendor :STMicroelectronics X-CUBE-AZRTOS-F4 1.1.0
2025-05-15 13:18:34,800 [INFO] ThirdParty:1030 - CMSIS Pack Vendor :STMicroelectronics LIBJPEG 8.0.0
2025-05-15 13:18:34,800 [INFO] ThirdParty:1030 - CMSIS Pack Vendor :STMicroelectronics FP-ATR-ASTRA1 2.0.2
2025-05-15 13:18:34,800 [INFO] ThirdParty:1030 - CMSIS Pack Vendor :STMicroelectronics X-CUBE-BLE1 7.1.0
2025-05-15 13:18:34,800 [INFO] ThirdParty:1030 - CMSIS Pack Vendor :Avnet-IotConnect X-CUBE-IoTC-DA16k-PMOD 1.0.0
2025-05-15 13:18:34,800 [INFO] ThirdParty:1030 - CMSIS Pack Vendor :STMicroelectronics X-CUBE-SMBUS 2.1.0
2025-05-15 13:18:34,800 [INFO] ThirdParty:1030 - CMSIS Pack Vendor :STMicroelectronics X-CUBE-WB05N 1.1.0
2025-05-15 13:18:34,800 [INFO] ThirdParty:1030 - CMSIS Pack Vendor :wolfSSL I-CUBE-wolfMQTT 1.19.2
2025-05-15 13:18:34,800 [INFO] ThirdParty:1030 - CMSIS Pack Vendor :STMicroelectronics USB_DEVICE 3.0.0
2025-05-15 13:18:34,800 [INFO] ThirdParty:1030 - CMSIS Pack Vendor :STMicroelectronics X-CUBE-ISPU 2.1.0
2025-05-15 13:18:34,800 [INFO] ThirdParty:1030 - CMSIS Pack Vendor :STMicroelectronics X-CUBE-AZRTOS-WB 2.0.0
2025-05-15 13:18:34,800 [INFO] ThirdParty:1030 - CMSIS Pack Vendor :STMicroelectronics X-CUBE-GNSS1 7.0.1
2025-05-15 13:18:34,800 [INFO] ThirdParty:1030 - CMSIS Pack Vendor :STMicroelectronics X-CUBE-AZRTOS-F7 1.1.0
2025-05-15 13:18:34,800 [INFO] ThirdParty:1030 - CMSIS Pack Vendor :STMicroelectronics X-CUBE-AZRTOS-L5 2.0.0
2025-05-15 13:18:34,800 [INFO] ThirdParty:1030 - CMSIS Pack Vendor :STMicroelectronics X-CUBE-TOUCHGFX 4.25.0
2025-05-15 13:18:34,800 [INFO] ThirdParty:1030 - CMSIS Pack Vendor :STMicroelectronics USB_DEVICE 2.0.0
2025-05-15 13:18:34,800 [INFO] ThirdParty:1030 - CMSIS Pack Vendor :STMicroelectronics X-CUBE-NFC6 3.1.0
2025-05-15 13:18:34,800 [INFO] ThirdParty:1030 - CMSIS Pack Vendor :STMicroelectronics FP-SNS-STBOX1 2.0.0
2025-05-15 13:18:34,800 [INFO] ThirdParty:1030 - CMSIS Pack Vendor :STMicroelectronics X-CUBE-MEMS1 11.2.0
2025-05-15 13:18:34,800 [INFO] ThirdParty:1030 - CMSIS Pack Vendor :STMicroelectronics FreeRTOS 0.0.1
2025-05-15 13:18:34,800 [INFO] ThirdParty:1030 - CMSIS Pack Vendor :STMicroelectronics X-CUBE-AZRTOS-G0 1.1.0
2025-05-15 13:18:34,800 [INFO] ThirdParty:1030 - CMSIS Pack Vendor :STMicroelectronics X-CUBE-SAFEA1 1.2.2
2025-05-15 13:18:34,800 [INFO] ThirdParty:1030 - CMSIS Pack Vendor :STMicroelectronics X-CUBE-NFC4 3.0.0
2025-05-15 13:18:34,800 [INFO] ThirdParty:1030 - CMSIS Pack Vendor :STMicroelectronics X-CUBE-SUBG2 5.0.0
2025-05-15 13:18:34,800 [INFO] ThirdParty:1030 - CMSIS Pack Vendor :STMicroelectronics X-CUBE-AZRTOS-H7RS 1.1.0
2025-05-15 13:18:34,800 [INFO] ThirdParty:1030 - CMSIS Pack Vendor :STMicroelectronics STM32_WPAN 1.0.0
2025-05-15 13:18:34,800 [INFO] ThirdParty:1030 - CMSIS Pack Vendor :EmbeddedOffice I-CUBE-FS-RTOS 1.0.1
2025-05-15 13:18:34,801 [INFO] ThirdParty:1030 - CMSIS Pack Vendor :STMicroelectronics lwIP 2.0.3
2025-05-15 13:18:34,801 [INFO] ThirdParty:1030 - CMSIS Pack Vendor :Cesanta I-CUBE-Mongoose 7.13.0
2025-05-15 13:18:34,801 [INFO] ThirdParty:1030 - CMSIS Pack Vendor :STMicroelectronics USB_HOST 1.0.0
2025-05-15 13:18:34,801 [INFO] ThirdParty:1030 - CMSIS Pack Vendor :Infineon AIROC-Wi-Fi-Bluetooth-STM32 1.7.0
2025-05-15 13:18:34,801 [INFO] ThirdParty:1030 - CMSIS Pack Vendor :STMicroelectronics X-CUBE-AZRTOS-G4 2.0.0
2025-05-15 13:18:34,801 [INFO] ThirdParty:1030 - CMSIS Pack Vendor :STMicroelectronics X-CUBE-WB05N 2.0.0
2025-05-15 13:18:34,801 [INFO] ThirdParty:1030 - CMSIS Pack Vendor :STMicroelectronics PDM2PCM 3.1.0
2025-05-15 13:18:34,801 [INFO] ThirdParty:1030 - CMSIS Pack Vendor :STMicroelectronics PDM2PCM 3.3.0
2025-05-15 13:18:34,801 [INFO] ThirdParty:1030 - CMSIS Pack Vendor :wolfSSL I-CUBE-wolfTPM 3.8.0
2025-05-15 13:18:34,801 [INFO] ThirdParty:1030 - CMSIS Pack Vendor :STMicroelectronics X-CUBE-DISPLAY 3.0.0
2025-05-15 13:18:34,801 [INFO] ThirdParty:1030 - CMSIS Pack Vendor :wolfSSL I-CUBE-wolfSSH 1.4.20
2025-05-15 13:18:34,801 [INFO] ThirdParty:1030 - CMSIS Pack Vendor :STMicroelectronics X-CUBE-NFC7 2.0.0
2025-05-15 13:18:34,801 [INFO] ThirdParty:1030 - CMSIS Pack Vendor :STMicroelectronics X-CUBE-TCPP 4.2.0
2025-05-15 13:18:34,801 [INFO] ThirdParty:1030 - CMSIS Pack Vendor :RealThread X-CUBE-RT-Thread_Nano 4.1.1
2025-05-15 13:18:34,801 [INFO] ThirdParty:1030 - CMSIS Pack Vendor :STMicroelectronics FP-ATR-SIGFOX1 3.2.0
2025-05-15 13:18:34,801 [INFO] ThirdParty:1030 - CMSIS Pack Vendor :STMicroelectronics X-CUBE-NFC10 1.0.0
2025-05-15 13:18:34,801 [INFO] ThirdParty:1030 - CMSIS Pack Vendor :STMicroelectronics X-CUBE-BLEMGR 4.0.0
2025-05-15 13:18:34,801 [INFO] ThirdParty:1030 - CMSIS Pack Vendor :STMicroelectronics X-CUBE-EEPRMA1 5.1.0
2025-05-15 13:18:34,801 [INFO] ThirdParty:1030 - CMSIS Pack Vendor :STMicroelectronics X-CUBE-FREERTOS 1.3.1
2025-05-15 13:18:34,801 [INFO] ThirdParty:1030 - CMSIS Pack Vendor :STMicroelectronics HAL Drivers 0.0.0
2025-05-15 13:18:34,801 [INFO] ThirdParty:1030 - CMSIS Pack Vendor :STMicroelectronics MBEDTLS 2.16.2
2025-05-15 13:18:34,801 [INFO] ThirdParty:1030 - CMSIS Pack Vendor :STMicroelectronics X-CUBE-IPS 3.1.0
2025-05-15 13:18:34,801 [INFO] ThirdParty:1030 - CMSIS Pack Vendor :STMicroelectronics X-CUBE-ALS 1.0.2
2025-05-15 13:18:34,801 [INFO] ThirdParty:1030 - CMSIS Pack Vendor :emotas I-CUBE-CANOPEN 1.3.0
2025-05-15 13:18:34,801 [INFO] ThirdParty:1030 - CMSIS Pack Vendor :STMicroelectronics X-CUBE-FREERTOS 1.3.0
2025-05-15 13:18:34,801 [INFO] ThirdParty:1030 - CMSIS Pack Vendor :STMicroelectronics X-CUBE-NFC7 1.0.1
2025-05-15 13:18:34,801 [INFO] ThirdParty:1030 - CMSIS Pack Vendor :STMicroelectronics MBEDTLS 2.14.1
2025-05-15 13:18:34,801 [INFO] ThirdParty:1030 - CMSIS Pack Vendor :wolfSSL I-CUBE-wolfSSL 5.7.6
2025-05-15 13:18:34,801 [INFO] ThirdParty:1030 - CMSIS Pack Vendor :ITTIA_DB I-CUBE-ITTIADB 8.9.0
2025-05-15 13:18:34,801 [INFO] ThirdParty:1030 - CMSIS Pack Vendor :portGmbH I-Cube-SoM-uGOAL 1.1.0
2025-05-15 13:18:34,802 [INFO] ThirdParty:1030 - CMSIS Pack Vendor :quantropi X-CUBE-qispace-sdk-base 2.0.0
2025-05-15 13:18:34,802 [INFO] ThirdParty:1030 - CMSIS Pack Vendor :STMicroelectronics X-CUBE-AI 10.0.0
2025-05-15 13:18:34,802 [INFO] ThirdParty:1030 - CMSIS Pack Vendor :STMicroelectronics ThreadX 1.0.0
2025-05-15 13:18:34,802 [INFO] ThirdParty:1030 - CMSIS Pack Vendor :STMicroelectronics FP-SNS-SMARTAG2 1.2.0
2025-05-15 13:18:34,802 [INFO] ThirdParty:1030 - CMSIS Pack Vendor :STMicroelectronics FP-SNS-FLIGHT1 5.1.0
2025-05-15 13:18:34,802 [INFO] ThirdParty:1030 - CMSIS Pack Vendor :STMicroelectronics X-CUBE-MEMS1 11.1.0
2025-05-15 13:18:34,802 [INFO] ThirdParty:1030 - CMSIS Pack Vendor :STMicroelectronics X-CUBE-AZRTOS-WL 2.0.0
2025-05-15 13:18:34,802 [INFO] ThirdParty:1030 - CMSIS Pack Vendor :SEGGER I-CUBE-embOS 1.3.1
2025-05-15 13:18:34,802 [INFO] ThirdParty:1030 - CMSIS Pack Vendor :STMicroelectronics X-CUBE-ALGOBUILD 1.4.0
2025-05-15 13:18:34,802 [INFO] ThirdParty:1030 - CMSIS Pack Vendor :STMicroelectronics X-CUBE-DPower 1.3.0
2025-05-15 13:18:34,802 [INFO] ThirdParty:1030 - CMSIS Pack Vendor :STMicroelectronics FP-SNS-MOTENV1 5.0.0
2025-05-15 13:18:34,802 [INFO] ThirdParty:1030 - CMSIS Pack Vendor :STMicroelectronics USB_DEVICE 1.0.0
2025-05-15 13:18:34,802 [INFO] ThirdParty:1030 - CMSIS Pack Vendor :STMicroelectronics X-CUBE-AZRTOS-L4 2.0.0
2025-05-15 13:18:34,802 [INFO] ThirdParty:1030 - CMSIS Pack Vendor :STMicroelectronics ThreadX 0.0.2
2025-05-15 13:18:34,802 [INFO] ThirdParty:1030 - CMSIS Pack Vendor :WES I-CUBE-Cesium 1.3.0
2025-05-15 13:18:34,802 [INFO] ThirdParty:1030 - CMSIS Pack Vendor :STMicroelectronics lwIP 2.1.2
2025-05-15 13:18:34,802 [INFO] ThirdParty:1030 - CMSIS Pack Vendor :STMicroelectronics X-CUBE-SFXS2LP1 4.0.0
2025-05-15 13:18:34,802 [INFO] ThirdParty:1030 - CMSIS Pack Vendor :STMicroelectronics X-CUBE-BLE2 3.3.0
2025-05-15 13:18:34,802 [INFO] ThirdParty:1030 - CMSIS Pack Vendor :STMicroelectronics X-CUBE-TOF1 3.4.2
2025-05-15 13:18:34,802 [INFO] ThirdParty:1030 - CMSIS Pack Vendor :STMicroelectronics X-CUBE-TOF1 3.4.3
2025-05-15 13:18:34,802 [INFO] ThirdParty:1030 - CMSIS Pack Vendor :STMicroelectronics PDM2PCM 3.2.0
2025-05-15 13:18:34,802 [INFO] ThirdParty:841 - exiting critical section [change project]
2025-05-15 13:18:34,972 [INFO] PinOutPanel:1589 - setPackage(No Configuration,No Configuration)
2025-05-15 13:18:34,972 [INFO] PinOutPanel:1589 - setPackage(STM32F407VGTx,LQFP100)
2025-05-15 13:18:35,142 [INFO] UtilMem:75 - Before build in PCC Used Memory: 585575552 Bytes (898629632)
2025-05-15 13:18:35,356 [INFO] UtilMem:75 - After build in PCC Used Memory: 633287808 Bytes (898629632)
2025-05-15 13:18:35,361 [INFO] ApiDbMcu:508 - Load IP Config File for USB_HOST
2025-05-15 13:18:35,361 [WARN] BspModel:444 - BSP dependency skipped because of component: name='IOExpander', api='Unknown'
2025-05-15 13:18:35,376 [INFO] IPUIPlugin:80 - create IPUIPlugin
2025-05-15 13:18:35,377 [INFO] IPUIPlugin:80 - create IPUIPlugin
2025-05-15 13:18:35,377 [INFO] IPUIPlugin:80 - create IPUIPlugin
2025-05-15 13:18:35,377 [INFO] IPUIPlugin:80 - create IPUIPlugin
2025-05-15 13:18:35,377 [INFO] IPUIPlugin:80 - create IPUIPlugin
2025-05-15 13:18:35,377 [INFO] IPUIPlugin:80 - create IPUIPlugin
2025-05-15 13:18:35,377 [INFO] IPUIPlugin:80 - create IPUIPlugin
2025-05-15 13:18:35,377 [INFO] IPUIPlugin:80 - create IPUIPlugin
2025-05-15 13:18:35,378 [INFO] IPUIPlugin:80 - create IPUIPlugin
2025-05-15 13:18:35,378 [INFO] IPUIPlugin:80 - create IPUIPlugin
2025-05-15 13:18:35,378 [INFO] IPUIPlugin:80 - create IPUIPlugin
2025-05-15 13:18:35,378 [INFO] IPUIPlugin:80 - create IPUIPlugin
2025-05-15 13:18:35,378 [INFO] IPUIPlugin:80 - create IPUIPlugin
2025-05-15 13:18:35,378 [INFO] IPUIPlugin:80 - create IPUIPlugin
2025-05-15 13:18:35,378 [INFO] IPUIPlugin:80 - create IPUIPlugin
2025-05-15 13:18:35,378 [INFO] IPUIPlugin:80 - create IPUIPlugin
2025-05-15 13:18:35,378 [INFO] IPUIPlugin:80 - create IPUIPlugin
2025-05-15 13:18:35,378 [INFO] IPUIPlugin:80 - create IPUIPlugin
2025-05-15 13:18:35,378 [INFO] IPUIPlugin:80 - create IPUIPlugin
2025-05-15 13:18:35,379 [INFO] IPUIPlugin:80 - create IPUIPlugin
2025-05-15 13:18:35,379 [INFO] IPUIPlugin:80 - create IPUIPlugin
2025-05-15 13:18:35,379 [INFO] IPUIPlugin:80 - create IPUIPlugin
2025-05-15 13:18:35,379 [INFO] IPUIPlugin:80 - create IPUIPlugin
2025-05-15 13:18:35,379 [INFO] IPUIPlugin:80 - create IPUIPlugin
2025-05-15 13:18:35,379 [INFO] IPUIPlugin:80 - create IPUIPlugin
2025-05-15 13:18:35,379 [INFO] IPUIPlugin:80 - create IPUIPlugin
2025-05-15 13:18:35,379 [INFO] IPUIPlugin:80 - create IPUIPlugin
2025-05-15 13:18:35,380 [INFO] IPUIPlugin:80 - create IPUIPlugin
2025-05-15 13:18:35,380 [INFO] IPUIPlugin:80 - create IPUIPlugin
2025-05-15 13:18:35,380 [INFO] IPUIPlugin:80 - create IPUIPlugin
2025-05-15 13:18:35,380 [INFO] IPUIPlugin:80 - create IPUIPlugin
2025-05-15 13:18:35,380 [INFO] IPUIPlugin:80 - create IPUIPlugin
2025-05-15 13:18:35,380 [INFO] IPUIPlugin:80 - create IPUIPlugin
2025-05-15 13:18:35,380 [INFO] IPUIPlugin:80 - create IPUIPlugin
2025-05-15 13:18:35,380 [INFO] IPUIPlugin:80 - create IPUIPlugin
2025-05-15 13:18:35,380 [INFO] IPUIPlugin:80 - create IPUIPlugin
2025-05-15 13:18:35,380 [INFO] IPUIPlugin:80 - create IPUIPlugin
2025-05-15 13:18:35,381 [INFO] IPUIPlugin:80 - create IPUIPlugin
2025-05-15 13:18:35,381 [INFO] IPUIPlugin:80 - create IPUIPlugin
2025-05-15 13:18:35,381 [INFO] IPUIPlugin:80 - create IPUIPlugin
2025-05-15 13:18:35,381 [INFO] IPUIPlugin:80 - create IPUIPlugin
2025-05-15 13:18:35,381 [INFO] IPUIPlugin:80 - create IPUIPlugin
2025-05-15 13:18:35,381 [INFO] IPUIPlugin:80 - create IPUIPlugin
2025-05-15 13:18:35,381 [INFO] IPUIPlugin:80 - create IPUIPlugin
2025-05-15 13:18:35,381 [INFO] IPUIPlugin:80 - create IPUIPlugin
2025-05-15 13:18:35,381 [INFO] IPUIPlugin:80 - create IPUIPlugin
2025-05-15 13:18:35,381 [INFO] IPUIPlugin:80 - create IPUIPlugin
2025-05-15 13:18:35,381 [INFO] IPUIPlugin:80 - create IPUIPlugin
2025-05-15 13:18:35,381 [INFO] IPUIPlugin:80 - create IPUIPlugin
2025-05-15 13:18:35,382 [INFO] IPUIPlugin:80 - create IPUIPlugin
2025-05-15 13:18:35,382 [INFO] IPUIPlugin:80 - create IPUIPlugin
2025-05-15 13:18:35,382 [INFO] IPUIPlugin:80 - create IPUIPlugin
2025-05-15 13:18:35,382 [INFO] IPUIPlugin:80 - create IPUIPlugin
2025-05-15 13:18:35,382 [INFO] IPUIPlugin:80 - create IPUIPlugin
2025-05-15 13:18:35,383 [INFO] IPUIPlugin:80 - create IPUIPlugin
2025-05-15 13:18:35,383 [INFO] IPUIPlugin:80 - create IPUIPlugin
2025-05-15 13:18:35,383 [INFO] IPUIPlugin:80 - create IPUIPlugin
2025-05-15 13:18:35,383 [INFO] IPUIPlugin:80 - create IPUIPlugin
2025-05-15 13:18:35,385 [INFO] ApiDbMcu:508 - Load IP Config File for PDM2PCM
2025-05-15 13:18:35,386 [WARN] IP:2250 - I2C_Coeff_DF not found: check if there is a RefParameter without a condition.
2025-05-15 13:18:35,386 [WARN] IP:2250 - Analog_Filter not found: check if there is a RefParameter without a condition.
2025-05-15 13:18:35,428 [INFO] CADModel:165 - CPN selected for project levelSTM32F407VGT6
2025-05-15 13:18:35,428 [INFO] CADModel:114 - Register for checkConnection events
2025-05-15 13:18:35,468 [INFO] OpenFileManager:385 - Restore cursor
2025-05-15 13:18:35,630 [WARN] IP:2250 - I2C_Coeff_DF not found: check if there is a RefParameter without a condition.
2025-05-15 13:18:35,631 [WARN] IP:2250 - Analog_Filter not found: check if there is a RefParameter without a condition.
2025-05-15 13:18:35,631 [WARN] IP:2250 - I2C_Coeff_DF not found: check if there is a RefParameter without a condition.
2025-05-15 13:18:35,631 [WARN] IP:2250 - Analog_Filter not found: check if there is a RefParameter without a condition.
2025-05-15 13:18:50,437 [WARN] BspModel:444 - BSP dependency skipped because of component: name='IOExpander', api='Unknown'
2025-05-15 13:18:50,523 [INFO] ParamManager:896 - [Generic UI] PropertyChangeEvent: TAB_STATUS_CHANGED , "dont care", "never mind"
2025-05-15 13:18:50,538 [INFO] ParamManager:896 - [Generic UI] PropertyChangeEvent: TAB_STATUS_CHANGED , "dont care", "never mind"
2025-05-15 13:18:50,541 [INFO] ADCParametersView:116 -                Rank 1 : false
2025-05-15 13:18:50,574 [INFO] ADCParametersView:116 -                Rank 1 : false
2025-05-15 13:18:50,574 [INFO] ADCParametersView:116 -                Rank 1 : false
2025-05-15 13:18:50,574 [INFO] ADCParametersView:116 -                Rank 1 : false
2025-05-15 13:18:50,574 [INFO] ADCParametersView:116 -                Rank 1 : false
2025-05-15 13:18:50,574 [INFO] ADCParametersView:116 -                Rank 1 : false
2025-05-15 13:18:50,574 [INFO] ADCParametersView:116 -                Rank 1 : false
2025-05-15 13:18:50,574 [INFO] ADCParametersView:116 -                Rank 1 : false
2025-05-15 13:18:50,574 [INFO] ADCParametersView:116 -                Rank 1 : false
2025-05-15 13:18:50,574 [INFO] ADCParametersView:116 -                Rank 1 : false
2025-05-15 13:18:50,575 [INFO] ADCParametersView:116 -                Rank 1 : false
2025-05-15 13:18:50,575 [INFO] ADCParametersView:116 -                Rank 1 : false
2025-05-15 13:18:50,575 [INFO] ADCParametersView:116 -                Rank 1 : false
2025-05-15 13:18:50,575 [INFO] ADCParametersView:116 -                Rank 1 : false
2025-05-15 13:18:50,575 [INFO] ADCParametersView:116 -                Rank 1 : false
2025-05-15 13:18:50,587 [INFO] ADCParametersView:116 -                Rank 1 : false
2025-05-15 13:18:50,593 [WARN] BspModel:444 - BSP dependency skipped because of component: name='IOExpander', api='Unknown'
2025-05-15 13:18:50,723 [INFO] NvicIntPanel:101 - NVIC parent = com.st.microxplorer.plugins.ip.nvic.MultiNvicIntPanel[,0,0,0x0,invalid,layout=javax.swing.BoxLayout,alignmentX=0.0,alignmentY=0.0,border=,flags=9,maximumSize=,minimumSize=,preferredSize=]
2025-05-15 13:18:50,835 [INFO] NvicIntPanel:101 - NVIC parent = com.st.microxplorer.plugins.ip.nvic.MultiNvicIntPanel[,0,0,0x0,invalid,layout=javax.swing.BoxLayout,alignmentX=0.0,alignmentY=0.0,border=,flags=9,maximumSize=,minimumSize=,preferredSize=]
2025-05-15 13:18:50,906 [INFO] ADCParametersView:116 -                Rank 1 : false
2025-05-15 13:18:50,907 [INFO] ADCParametersView:116 -                Rank 1 : false
2025-05-15 13:18:50,907 [INFO] ADCParametersView:116 -                Rank 1 : false
2025-05-15 13:18:50,907 [INFO] ADCParametersView:116 -                Rank 1 : false
2025-05-15 13:18:50,907 [INFO] ADCParametersView:116 -                Rank 1 : false
2025-05-15 13:18:50,907 [INFO] ADCParametersView:116 -                Rank 1 : false
2025-05-15 13:18:50,907 [INFO] ADCParametersView:116 -                Rank 1 : false
2025-05-15 13:18:50,907 [INFO] ADCParametersView:116 -                Rank 1 : false
2025-05-15 13:18:50,907 [INFO] ADCParametersView:116 -                Rank 1 : false
2025-05-15 13:18:50,907 [INFO] ADCParametersView:116 -                Rank 1 : false
2025-05-15 13:18:50,908 [INFO] ADCParametersView:116 -                Rank 1 : false
2025-05-15 13:18:50,908 [INFO] ADCParametersView:116 -                Rank 1 : false
2025-05-15 13:18:50,908 [INFO] ADCParametersView:116 -                Rank 1 : false
2025-05-15 13:18:50,908 [INFO] ADCParametersView:116 -                Rank 1 : false
2025-05-15 13:18:50,935 [INFO] ADCParametersView:116 -                Rank 1 : false
2025-05-15 13:18:50,973 [INFO] ADCParametersView:116 -                Rank 1 : false
2025-05-15 13:18:50,974 [INFO] ADCParametersView:116 -                Rank 1 : false
2025-05-15 13:18:50,974 [INFO] ADCParametersView:116 -                Rank 1 : false
2025-05-15 13:18:50,974 [INFO] ADCParametersView:116 -                Rank 1 : false
2025-05-15 13:18:50,974 [INFO] ADCParametersView:116 -                Rank 1 : false
2025-05-15 13:18:50,974 [INFO] ADCParametersView:116 -                Rank 1 : false
2025-05-15 13:18:50,974 [INFO] ADCParametersView:116 -                Rank 1 : false
2025-05-15 13:18:50,974 [INFO] ADCParametersView:116 -                Rank 1 : false
2025-05-15 13:18:50,974 [INFO] ADCParametersView:116 -                Rank 1 : false
2025-05-15 13:18:50,974 [INFO] ADCParametersView:116 -                Rank 1 : false
2025-05-15 13:18:50,974 [INFO] ADCParametersView:116 -                Rank 1 : false
2025-05-15 13:18:50,974 [INFO] ADCParametersView:116 -                Rank 1 : false
2025-05-15 13:18:50,975 [INFO] ADCParametersView:116 -                Rank 1 : false
2025-05-15 13:18:50,975 [INFO] ADCParametersView:116 -                Rank 1 : false
2025-05-15 13:18:50,998 [INFO] ADCParametersView:116 -                Rank 1 : false
2025-05-15 13:18:53,064 [WARN] BspModel:444 - BSP dependency skipped because of component: name='IOExpander', api='Unknown'
2025-05-15 13:18:53,109 [WARN] BspModel:444 - BSP dependency skipped because of component: name='IOExpander', api='Unknown'
2025-05-15 13:18:53,783 [WARN] BspModel:444 - BSP dependency skipped because of component: name='IOExpander', api='Unknown'
2025-05-15 13:18:53,885 [INFO] ParamManager:896 - [Generic UI] PropertyChangeEvent: TAB_STATUS_CHANGED , "dont care", "never mind"
2025-05-15 13:18:53,890 [INFO] ADCParametersView:116 -                Rank 1 : false
2025-05-15 13:18:53,890 [INFO] ADCParametersView:116 -                Rank 1 : false
2025-05-15 13:18:53,890 [INFO] ADCParametersView:116 -                Rank 1 : false
2025-05-15 13:18:53,890 [INFO] ADCParametersView:116 -                Rank 1 : false
2025-05-15 13:18:53,890 [INFO] ADCParametersView:116 -                Rank 1 : false
2025-05-15 13:18:53,890 [INFO] ADCParametersView:116 -                Rank 1 : false
2025-05-15 13:18:53,890 [INFO] ADCParametersView:116 -                Rank 1 : false
2025-05-15 13:18:53,890 [INFO] ADCParametersView:116 -                Rank 1 : false
2025-05-15 13:18:53,890 [INFO] ADCParametersView:116 -                Rank 1 : false
2025-05-15 13:18:53,890 [INFO] ADCParametersView:116 -                Rank 1 : false
2025-05-15 13:18:53,890 [INFO] ADCParametersView:116 -                Rank 1 : false
2025-05-15 13:18:53,890 [INFO] ADCParametersView:116 -                Rank 1 : false
2025-05-15 13:18:53,890 [INFO] ADCParametersView:116 -                Rank 1 : false
2025-05-15 13:18:53,890 [INFO] ADCParametersView:116 -                Rank 1 : false
2025-05-15 13:18:53,900 [INFO] ParamManager:896 - [Generic UI] PropertyChangeEvent: TAB_STATUS_CHANGED , "dont care", "never mind"
2025-05-15 13:18:53,904 [INFO] ADCParametersView:116 -                Rank 1 : false
2025-05-15 13:18:53,925 [INFO] ADCParametersView:116 -                Rank 1 : false
2025-05-15 13:18:53,925 [INFO] ADCParametersView:116 -                Rank 1 : false
2025-05-15 13:18:53,925 [INFO] ADCParametersView:116 -                Rank 1 : false
2025-05-15 13:18:53,925 [INFO] ADCParametersView:116 -                Rank 1 : false
2025-05-15 13:18:53,925 [INFO] ADCParametersView:116 -                Rank 1 : false
2025-05-15 13:18:53,925 [INFO] ADCParametersView:116 -                Rank 1 : false
2025-05-15 13:18:53,925 [INFO] ADCParametersView:116 -                Rank 1 : false
2025-05-15 13:18:53,925 [INFO] ADCParametersView:116 -                Rank 1 : false
2025-05-15 13:18:53,926 [INFO] ADCParametersView:116 -                Rank 1 : false
2025-05-15 13:18:53,926 [INFO] ADCParametersView:116 -                Rank 1 : false
2025-05-15 13:18:53,926 [INFO] ADCParametersView:116 -                Rank 1 : false
2025-05-15 13:18:53,926 [INFO] ADCParametersView:116 -                Rank 1 : false
2025-05-15 13:18:53,926 [INFO] ADCParametersView:116 -                Rank 1 : false
2025-05-15 13:18:53,926 [INFO] ADCParametersView:116 -                Rank 1 : false
2025-05-15 13:18:53,937 [INFO] ADCParametersView:116 -                Rank 1 : false
2025-05-15 13:18:53,942 [WARN] BspModel:444 - BSP dependency skipped because of component: name='IOExpander', api='Unknown'
2025-05-15 13:18:54,034 [INFO] NvicIntPanel:101 - NVIC parent = com.st.microxplorer.plugins.ip.nvic.MultiNvicIntPanel[,0,0,0x0,invalid,layout=javax.swing.BoxLayout,alignmentX=0.0,alignmentY=0.0,border=,flags=9,maximumSize=,minimumSize=,preferredSize=]
2025-05-15 13:18:54,137 [INFO] NvicIntPanel:101 - NVIC parent = com.st.microxplorer.plugins.ip.nvic.MultiNvicIntPanel[,0,0,0x0,invalid,layout=javax.swing.BoxLayout,alignmentX=0.0,alignmentY=0.0,border=,flags=9,maximumSize=,minimumSize=,preferredSize=]
2025-05-15 13:18:54,189 [INFO] ADCParametersView:116 -                Rank 1 : false
2025-05-15 13:18:54,189 [INFO] ADCParametersView:116 -                Rank 1 : false
2025-05-15 13:18:54,189 [INFO] ADCParametersView:116 -                Rank 1 : false
2025-05-15 13:18:54,189 [INFO] ADCParametersView:116 -                Rank 1 : false
2025-05-15 13:18:54,189 [INFO] ADCParametersView:116 -                Rank 1 : false
2025-05-15 13:18:54,189 [INFO] ADCParametersView:116 -                Rank 1 : false
2025-05-15 13:18:54,189 [INFO] ADCParametersView:116 -                Rank 1 : false
2025-05-15 13:18:54,189 [INFO] ADCParametersView:116 -                Rank 1 : false
2025-05-15 13:18:54,189 [INFO] ADCParametersView:116 -                Rank 1 : false
2025-05-15 13:18:54,189 [INFO] ADCParametersView:116 -                Rank 1 : false
2025-05-15 13:18:54,190 [INFO] ADCParametersView:116 -                Rank 1 : false
2025-05-15 13:18:54,190 [INFO] ADCParametersView:116 -                Rank 1 : false
2025-05-15 13:18:54,190 [INFO] ADCParametersView:116 -                Rank 1 : false
2025-05-15 13:18:54,190 [INFO] ADCParametersView:116 -                Rank 1 : false
2025-05-15 13:18:54,212 [INFO] ADCParametersView:116 -                Rank 1 : false
2025-05-15 13:18:54,245 [INFO] ADCParametersView:116 -                Rank 1 : false
2025-05-15 13:18:54,245 [INFO] ADCParametersView:116 -                Rank 1 : false
2025-05-15 13:18:54,245 [INFO] ADCParametersView:116 -                Rank 1 : false
2025-05-15 13:18:54,245 [INFO] ADCParametersView:116 -                Rank 1 : false
2025-05-15 13:18:54,245 [INFO] ADCParametersView:116 -                Rank 1 : false
2025-05-15 13:18:54,245 [INFO] ADCParametersView:116 -                Rank 1 : false
2025-05-15 13:18:54,246 [INFO] ADCParametersView:116 -                Rank 1 : false
2025-05-15 13:18:54,246 [INFO] ADCParametersView:116 -                Rank 1 : false
2025-05-15 13:18:54,246 [INFO] ADCParametersView:116 -                Rank 1 : false
2025-05-15 13:18:54,246 [INFO] ADCParametersView:116 -                Rank 1 : false
2025-05-15 13:18:54,246 [INFO] ADCParametersView:116 -                Rank 1 : false
2025-05-15 13:18:54,246 [INFO] ADCParametersView:116 -                Rank 1 : false
2025-05-15 13:18:54,246 [INFO] ADCParametersView:116 -                Rank 1 : false
2025-05-15 13:18:54,246 [INFO] ADCParametersView:116 -                Rank 1 : false
2025-05-15 13:18:54,269 [INFO] ADCParametersView:116 -                Rank 1 : false
2025-05-15 13:19:05,508 [INFO] UtilMem:75 - End SaveConfig() Used Memory: 761305960 Bytes (898629632)
2025-05-15 13:19:05,789 [INFO] UtilMem:75 - End SaveConfig() Used Memory: 783848296 Bytes (898629632)
2025-05-15 13:19:06,185 [INFO] UtilMem:75 - End SaveConfig() Used Memory: 383020576 Bytes (898629632)
2025-05-15 13:19:06,613 [INFO] BlockDiagram:2775 - set Specific Code input for plugin: SPI
2025-05-15 13:19:06,613 [INFO] BlockDiagram:2775 - set Specific Code input for plugin: TIM1_8
2025-05-15 13:19:06,613 [INFO] BlockDiagram:2775 - set Specific Code input for plugin: SYS
2025-05-15 13:19:06,613 [INFO] BlockDiagram:2775 - set Specific Code input for plugin: ADC
2025-05-15 13:19:06,614 [INFO] BlockDiagram:2775 - set Specific Code input for plugin: RCC
2025-05-15 13:19:06,614 [INFO] BlockDiagram:2775 - set Specific Code input for plugin: I2C
2025-05-15 13:19:06,614 [INFO] BlockDiagram:2775 - set Specific Code input for plugin: USB_OTG_FS
2025-05-15 13:19:06,614 [INFO] BlockDiagram:2775 - set Specific Code input for plugin: NVIC
2025-05-15 13:19:06,614 [INFO] BlockDiagram:2775 - set Specific Code input for plugin: USB_HOST
2025-05-15 13:19:06,614 [INFO] BlockDiagram:2775 - set Specific Code input for plugin: DMA
2025-05-15 13:19:06,614 [INFO] BlockDiagram:2775 - set Specific Code input for plugin: DAC
2025-05-15 13:19:06,614 [INFO] BlockDiagram:2775 - set Specific Code input for plugin: GPIO
2025-05-15 13:19:06,615 [INFO] CodeGenerator:882 - code generatio: config db path: /Applications/STM32CubeIDE.app/Contents/Eclipse/plugins/com.st.stm32cube.common.mx_6.14.1.202504091515//db/
2025-05-15 13:19:06,627 [INFO] Argument:325 - Argument : hdmavalue: null
2025-05-15 13:19:06,627 [INFO] Argument:327 - 	 sub Args: 
2025-05-15 13:19:06,627 [INFO] Argument:325 - Argument : Instancevalue: DMA1_Stream5
2025-05-15 13:19:06,627 [INFO] Argument:335 - Argument : Instancevalue: DMA1_Stream5
2025-05-15 13:19:06,627 [INFO] Argument:325 - Argument : Initvalue: null
2025-05-15 13:19:06,627 [INFO] Argument:327 - 	 sub Args: 
2025-05-15 13:19:06,627 [INFO] Argument:325 - Argument : Channelvalue: DMA_CHANNEL_7
2025-05-15 13:19:06,627 [INFO] Argument:335 - Argument : Channelvalue: DMA_CHANNEL_7
2025-05-15 13:19:06,627 [INFO] Argument:325 - Argument : Directionvalue: DMA_MEMORY_TO_PERIPH
2025-05-15 13:19:06,627 [INFO] Argument:335 - Argument : Directionvalue: DMA_MEMORY_TO_PERIPH
2025-05-15 13:19:06,628 [INFO] Argument:325 - Argument : PeriphIncvalue: DMA_PINC_DISABLE
2025-05-15 13:19:06,628 [INFO] Argument:335 - Argument : PeriphIncvalue: DMA_PINC_DISABLE
2025-05-15 13:19:06,628 [INFO] Argument:325 - Argument : MemIncvalue: DMA_MINC_ENABLE
2025-05-15 13:19:06,628 [INFO] Argument:335 - Argument : MemIncvalue: DMA_MINC_ENABLE
2025-05-15 13:19:06,628 [INFO] Argument:325 - Argument : PeriphDataAlignmentvalue: DMA_PDATAALIGN_WORD
2025-05-15 13:19:06,628 [INFO] Argument:335 - Argument : PeriphDataAlignmentvalue: DMA_PDATAALIGN_WORD
2025-05-15 13:19:06,628 [INFO] Argument:325 - Argument : MemDataAlignmentvalue: DMA_MDATAALIGN_WORD
2025-05-15 13:19:06,628 [INFO] Argument:335 - Argument : MemDataAlignmentvalue: DMA_MDATAALIGN_WORD
2025-05-15 13:19:06,628 [INFO] Argument:325 - Argument : Modevalue: DMA_CIRCULAR
2025-05-15 13:19:06,628 [INFO] Argument:335 - Argument : Modevalue: DMA_CIRCULAR
2025-05-15 13:19:06,628 [INFO] Argument:325 - Argument : Priorityvalue: DMA_PRIORITY_LOW
2025-05-15 13:19:06,628 [INFO] Argument:335 - Argument : Priorityvalue: DMA_PRIORITY_LOW
2025-05-15 13:19:06,628 [INFO] Argument:325 - Argument : FIFOModevalue: DMA_FIFOMODE_DISABLE
2025-05-15 13:19:06,628 [INFO] Argument:335 - Argument : FIFOModevalue: DMA_FIFOMODE_DISABLE
2025-05-15 13:19:06,628 [INFO] Argument:325 - Argument : FIFOThresholdvalue: null
2025-05-15 13:19:06,628 [INFO] Argument:335 - Argument : FIFOThresholdvalue: null
2025-05-15 13:19:06,628 [INFO] Argument:325 - Argument : MemBurstvalue: null
2025-05-15 13:19:06,628 [INFO] Argument:335 - Argument : MemBurstvalue: null
2025-05-15 13:19:06,628 [INFO] Argument:325 - Argument : PeriphBurstvalue: null
2025-05-15 13:19:06,628 [INFO] Argument:335 - Argument : PeriphBurstvalue: null
2025-05-15 13:19:06,628 [INFO] Argument:325 - Argument : Lockvalue: null
2025-05-15 13:19:06,629 [INFO] Argument:335 - Argument : Lockvalue: null
2025-05-15 13:19:06,629 [INFO] Argument:325 - Argument : Statevalue: null
2025-05-15 13:19:06,629 [INFO] Argument:335 - Argument : Statevalue: null
2025-05-15 13:19:06,629 [INFO] Argument:325 - Argument : Parentvalue: null
2025-05-15 13:19:06,629 [INFO] Argument:335 - Argument : Parentvalue: null
2025-05-15 13:19:06,629 [INFO] Argument:325 - Argument : XferCpltCallbackvalue: null
2025-05-15 13:19:06,629 [INFO] Argument:335 - Argument : XferCpltCallbackvalue: null
2025-05-15 13:19:06,629 [INFO] Argument:325 - Argument : XferHalfCpltCallbackvalue: null
2025-05-15 13:19:06,629 [INFO] Argument:335 - Argument : XferHalfCpltCallbackvalue: null
2025-05-15 13:19:06,629 [INFO] Argument:325 - Argument : XferM1CpltCallbackvalue: null
2025-05-15 13:19:06,629 [INFO] Argument:335 - Argument : XferM1CpltCallbackvalue: null
2025-05-15 13:19:06,629 [INFO] Argument:325 - Argument : XferErrorCallbackvalue: null
2025-05-15 13:19:06,629 [INFO] Argument:335 - Argument : XferErrorCallbackvalue: null
2025-05-15 13:19:06,629 [INFO] Argument:325 - Argument : ErrorCodevalue: null
2025-05-15 13:19:06,629 [INFO] Argument:335 - Argument : ErrorCodevalue: null
2025-05-15 13:19:06,630 [WARN] IP:2250 - I2C_Coeff_DF not found: check if there is a RefParameter without a condition.
2025-05-15 13:19:06,630 [WARN] IP:2250 - Analog_Filter not found: check if there is a RefParameter without a condition.
2025-05-15 13:19:06,774 [INFO] CodeEngine:263 - oldGeneratedFile, /Users/winstonhar/ENCE-3231/Phase A/Projects/2025_STM32F407_DAC_Challenge/MXTmpFiles/license.tmp_save
2025-05-15 13:19:07,219 [INFO] CodeEngine:287 - Generated code: /Users/winstonhar/ENCE-3231/Phase A/Projects/2025_STM32F407_DAC_Challenge/MXTmpFiles/license.tmp
2025-05-15 13:19:07,283 [INFO] CodeEngine:263 - oldGeneratedFile, /Users/winstonhar/ENCE-3231/Phase A/Projects/2025_STM32F407_DAC_Challenge/MXTmpFiles/gpio.tmp_save
2025-05-15 13:19:07,591 [INFO] CodeEngine:287 - Generated code: /Users/winstonhar/ENCE-3231/Phase A/Projects/2025_STM32F407_DAC_Challenge/MXTmpFiles/gpio.tmp
2025-05-15 13:19:07,679 [WARN] IPConfigManager:3217 - Warning: the RefConfig PWREx_EnableUSBVoltageDetector is not available in your config.xml file
2025-05-15 13:19:07,685 [INFO] CodeEngine:263 - oldGeneratedFile, /Users/winstonhar/ENCE-3231/Phase A/Projects/2025_STM32F407_DAC_Challenge/MXTmpFiles/usb_otg_fs_vars.tmp_save
2025-05-15 13:19:07,988 [INFO] CodeEngine:287 - Generated code: /Users/winstonhar/ENCE-3231/Phase A/Projects/2025_STM32F407_DAC_Challenge/MXTmpFiles/usb_otg_fs_vars.tmp
2025-05-15 13:19:07,990 [INFO] CodeEngine:263 - oldGeneratedFile, /Users/winstonhar/ENCE-3231/Phase A/Projects/2025_STM32F407_DAC_Challenge/MXTmpFiles/usb_otg_fs_inc.tmp_save
2025-05-15 13:19:08,241 [INFO] CodeEngine:287 - Generated code: /Users/winstonhar/ENCE-3231/Phase A/Projects/2025_STM32F407_DAC_Challenge/MXTmpFiles/usb_otg_fs_inc.tmp
2025-05-15 13:19:08,244 [INFO] CodeEngine:263 - oldGeneratedFile, /Users/winstonhar/ENCE-3231/Phase A/Projects/2025_STM32F407_DAC_Challenge/MXTmpFiles/usb_otg_fs_HalInit.tmp_save
2025-05-15 13:19:08,500 [INFO] CodeEngine:287 - Generated code: /Users/winstonhar/ENCE-3231/Phase A/Projects/2025_STM32F407_DAC_Challenge/MXTmpFiles/usb_otg_fs_HalInit.tmp
2025-05-15 13:19:08,502 [INFO] CodeEngine:263 - oldGeneratedFile, /Users/winstonhar/ENCE-3231/Phase A/Projects/2025_STM32F407_DAC_Challenge/MXTmpFiles/usb_otg_fs_Msp.tmp_save
2025-05-15 13:19:08,719 [INFO] CodeEngine:287 - Generated code: /Users/winstonhar/ENCE-3231/Phase A/Projects/2025_STM32F407_DAC_Challenge/MXTmpFiles/usb_otg_fs_Msp.tmp
2025-05-15 13:19:09,101 [INFO] CodeEngine:263 - oldGeneratedFile, /Users/winstonhar/ENCE-3231/Phase A/Projects/2025_STM32F407_DAC_Challenge/MXTmpFiles/dma.tmp_save
2025-05-15 13:19:09,251 [INFO] CodeEngine:287 - Generated code: /Users/winstonhar/ENCE-3231/Phase A/Projects/2025_STM32F407_DAC_Challenge/MXTmpFiles/dma.tmp
2025-05-15 13:19:09,253 [INFO] CodeEngine:263 - oldGeneratedFile, /Users/winstonhar/ENCE-3231/Phase A/Projects/2025_STM32F407_DAC_Challenge/MXTmpFiles/dma_GV.tmp_save
2025-05-15 13:19:09,390 [INFO] CodeEngine:287 - Generated code: /Users/winstonhar/ENCE-3231/Phase A/Projects/2025_STM32F407_DAC_Challenge/MXTmpFiles/dma_GV.tmp
2025-05-15 13:19:09,409 [INFO] CodeEngine:263 - oldGeneratedFile, /Users/winstonhar/ENCE-3231/Phase A/Projects/2025_STM32F407_DAC_Challenge/USB_HOST/App/usb_host.c_save
2025-05-15 13:19:09,570 [INFO] CodeEngine:287 - Generated code: /Users/winstonhar/ENCE-3231/Phase A/Projects/2025_STM32F407_DAC_Challenge/USB_HOST/App/usb_host.c
2025-05-15 13:19:09,572 [INFO] CodeEngine:263 - oldGeneratedFile, /Users/winstonhar/ENCE-3231/Phase A/Projects/2025_STM32F407_DAC_Challenge/USB_HOST/App/usb_host.h_save
2025-05-15 13:19:09,724 [INFO] CodeEngine:287 - Generated code: /Users/winstonhar/ENCE-3231/Phase A/Projects/2025_STM32F407_DAC_Challenge/USB_HOST/App/usb_host.h
2025-05-15 13:19:09,726 [INFO] CodeEngine:263 - oldGeneratedFile, /Users/winstonhar/ENCE-3231/Phase A/Projects/2025_STM32F407_DAC_Challenge/USB_HOST/Target/usbh_conf.h_save
2025-05-15 13:19:09,876 [INFO] CodeEngine:287 - Generated code: /Users/winstonhar/ENCE-3231/Phase A/Projects/2025_STM32F407_DAC_Challenge/USB_HOST/Target/usbh_conf.h
2025-05-15 13:19:09,880 [INFO] CodeEngine:263 - oldGeneratedFile, /Users/winstonhar/ENCE-3231/Phase A/Projects/2025_STM32F407_DAC_Challenge/USB_HOST/Target/usbh_conf.c_save
2025-05-15 13:19:10,035 [INFO] CodeEngine:287 - Generated code: /Users/winstonhar/ENCE-3231/Phase A/Projects/2025_STM32F407_DAC_Challenge/USB_HOST/Target/usbh_conf.c
2025-05-15 13:19:10,039 [INFO] CodeEngine:263 - oldGeneratedFile, /Users/winstonhar/ENCE-3231/Phase A/Projects/2025_STM32F407_DAC_Challenge/USB_HOST/Target/usbh_platform.c_save
2025-05-15 13:19:10,186 [INFO] CodeEngine:287 - Generated code: /Users/winstonhar/ENCE-3231/Phase A/Projects/2025_STM32F407_DAC_Challenge/USB_HOST/Target/usbh_platform.c
2025-05-15 13:19:10,188 [INFO] CodeEngine:263 - oldGeneratedFile, /Users/winstonhar/ENCE-3231/Phase A/Projects/2025_STM32F407_DAC_Challenge/USB_HOST/Target/usbh_platform.h_save
2025-05-15 13:19:10,330 [INFO] CodeEngine:287 - Generated code: /Users/winstonhar/ENCE-3231/Phase A/Projects/2025_STM32F407_DAC_Challenge/USB_HOST/Target/usbh_platform.h
2025-05-15 13:19:10,340 [INFO] CodeEngine:263 - oldGeneratedFile, /Users/winstonhar/ENCE-3231/Phase A/Projects/2025_STM32F407_DAC_Challenge/Core/Src/stm32f4xx_it.c_save
2025-05-15 13:19:10,692 [INFO] CodeEngine:287 - Generated code: /Users/winstonhar/ENCE-3231/Phase A/Projects/2025_STM32F407_DAC_Challenge/Core/Src/stm32f4xx_it.c
2025-05-15 13:19:10,694 [INFO] CodeEngine:263 - oldGeneratedFile, /Users/winstonhar/ENCE-3231/Phase A/Projects/2025_STM32F407_DAC_Challenge/Core/Inc/stm32f4xx_it.h_save
2025-05-15 13:19:10,815 [INFO] CodeEngine:287 - Generated code: /Users/winstonhar/ENCE-3231/Phase A/Projects/2025_STM32F407_DAC_Challenge/Core/Inc/stm32f4xx_it.h
2025-05-15 13:19:10,826 [INFO] CodeEngine:263 - oldGeneratedFile, /Users/winstonhar/ENCE-3231/Phase A/Projects/2025_STM32F407_DAC_Challenge/Core/Src/stm32f4xx_hal_msp.c_save
2025-05-15 13:19:11,023 [INFO] CodeEngine:287 - Generated code: /Users/winstonhar/ENCE-3231/Phase A/Projects/2025_STM32F407_DAC_Challenge/Core/Src/stm32f4xx_hal_msp.c
2025-05-15 13:19:11,025 [INFO] CodeEngine:263 - oldGeneratedFile, /Users/winstonhar/ENCE-3231/Phase A/Projects/2025_STM32F407_DAC_Challenge/MXTmpFiles/system.tmp_save
2025-05-15 13:19:11,142 [INFO] CodeEngine:287 - Generated code: /Users/winstonhar/ENCE-3231/Phase A/Projects/2025_STM32F407_DAC_Challenge/MXTmpFiles/system.tmp
2025-05-15 13:19:11,147 [INFO] CodeEngine:319 - oldGeneratedFile, /Users/winstonhar/ENCE-3231/Phase A/Projects/2025_STM32F407_DAC_Challenge/Core/Inc/stm32f4xx_hal_conf.h_save
2025-05-15 13:19:11,273 [INFO] CodeEngine:343 - Generated code: /Users/winstonhar/ENCE-3231/Phase A/Projects/2025_STM32F407_DAC_Challenge/Core/Inc/stm32f4xx_hal_conf.h
2025-05-15 13:19:11,296 [INFO] ApiDbMcu:508 - Load IP Config File for ADC1
2025-05-15 13:19:11,297 [INFO] ApiDbMcu:508 - Load IP Config File for DAC
2025-05-15 13:19:11,300 [INFO] ApiDbMcu:508 - Load IP Config File for I2C1
2025-05-15 13:19:11,302 [INFO] ApiDbMcu:508 - Load IP Config File for SPI1
2025-05-15 13:19:11,311 [INFO] ApiDbMcu:508 - Load IP Config File for TIM2
2025-05-15 13:19:11,314 [INFO] ApiDbMcu:508 - Load IP Config File for RCC
2025-05-15 13:19:11,317 [WARN] IPConfigManager:3790 - IP not found : TIM
2025-05-15 13:19:11,317 [WARN] CodeGenerator:4198 - IP not found : null
2025-05-15 13:19:11,321 [INFO] CodeEngine:263 - oldGeneratedFile, /Users/winstonhar/ENCE-3231/Phase A/Projects/2025_STM32F407_DAC_Challenge/Core/Inc/main.h_save
2025-05-15 13:19:11,489 [INFO] CodeEngine:287 - Generated code: /Users/winstonhar/ENCE-3231/Phase A/Projects/2025_STM32F407_DAC_Challenge/Core/Inc/main.h
2025-05-15 13:19:11,491 [INFO] CodeEngine:263 - oldGeneratedFile, /Users/winstonhar/ENCE-3231/Phase A/Projects/2025_STM32F407_DAC_Challenge/Core/Src/main.c_save
2025-05-15 13:19:11,674 [INFO] CodeEngine:287 - Generated code: /Users/winstonhar/ENCE-3231/Phase A/Projects/2025_STM32F407_DAC_Challenge/Core/Src/main.c
2025-05-15 13:19:12,022 [INFO] ProjectBuilder:3324 - Time for Copy HAL[1] : 159mS.
2025-05-15 13:19:12,027 [INFO] ProjectBuilder:4912 - Project Generator version: 4.6.0.1-B1
2025-05-15 13:19:12,169 [INFO] ConfigFileManager:1590 - The Die is : DIE413
2025-05-15 13:19:12,173 [INFO] ApiDbMcu:508 - Load IP Config File for FATFS
2025-05-15 13:19:12,178 [INFO] ApiDbMcu:508 - Load IP Config File for FREERTOS
2025-05-15 13:19:12,180 [INFO] ApiDbMcu:508 - Load IP Config File for LIBJPEG
2025-05-15 13:19:12,189 [INFO] ApiDbMcu:508 - Load IP Config File for LWIP
2025-05-15 13:19:12,196 [INFO] ApiDbMcu:508 - Load IP Config File for MBEDTLS
2025-05-15 13:19:12,202 [INFO] ApiDbMcu:508 - Load IP Config File for USB_DEVICE
2025-05-15 13:19:13,142 [INFO] ProjectBuilder:5191 - Time for Generating toolchain IDE Files: 1115mS.
2025-05-15 13:19:13,143 [INFO] ProjectBuilder:3181 - Time for Copy CMSIS : 0mS.
2025-05-15 13:19:13,146 [INFO] ProjectBuilder:3181 - Time for Copy CMSIS : 0mS.
2025-05-15 13:43:10,189 [ERROR] LogOutputStream:75 - [STDERR_REDIRECT] 
2025-05-15 16:37:59,499 [INFO] Activator:176 - 


2025-05-15 16:37:59,501 [INFO] Activator:177 - !SESSION log4j initialized
2025-05-15 16:38:04,299 [INFO] LogOutputStream:77 - [STDOUT_REDIRECT] 
2025-05-15 16:38:05,552 [INFO] LogOutputStream:77 - [STDOUT_REDIRECT] 
2025-05-15 16:38:06,576 [ERROR] LogOutputStream:75 - [STDERR_REDIRECT] java.net.URISyntaxException: Illegal character in path at index 38: file:/Users/winstonhar/ENCE-3231/Phase A/Projects/.metadata/.log4j2.xml
2025-05-15 16:38:06,577 [ERROR] LogOutputStream:75 - [STDERR_REDIRECT] 	at java.base/java.net.URI$Parser.fail(URI.java:2995)
2025-05-15 16:38:06,577 [ERROR] LogOutputStream:75 - [STDERR_REDIRECT] 	at java.base/java.net.URI$Parser.checkChars(URI.java:3166)
2025-05-15 16:38:06,577 [ERROR] LogOutputStream:75 - [STDERR_REDIRECT] 	at java.base/java.net.URI$Parser.parseHierarchical(URI.java:3248)
2025-05-15 16:38:06,577 [ERROR] LogOutputStream:75 - [STDERR_REDIRECT] 	at java.base/java.net.URI$Parser.parse(URI.java:3196)
2025-05-15 16:38:06,578 [ERROR] LogOutputStream:75 - [STDERR_REDIRECT] 	at java.base/java.net.URI.<init>(URI.java:645)
2025-05-15 16:38:06,578 [ERROR] LogOutputStream:75 - [STDERR_REDIRECT] 	at java.base/java.net.URL.toURI(URL.java:1220)
2025-05-15 16:38:06,579 [ERROR] LogOutputStream:75 - [STDERR_REDIRECT] 	at com.st.stm32cube.common.mx.core.CubeMxInstance.getInstance(CubeMxInstance.java:81)
2025-05-15 16:38:06,579 [ERROR] LogOutputStream:75 - [STDERR_REDIRECT] 	at com.st.stm32cube.common.mx.userauth.UserAuthAdapter.<init>(UserAuthAdapter.java:25)
2025-05-15 16:38:06,579 [ERROR] LogOutputStream:75 - [STDERR_REDIRECT] 	at com.st.stm32cube.common.mx.userauth.UserAuthProvider.getUserAuthAdapter(UserAuthProvider.java:16)
2025-05-15 16:38:06,580 [ERROR] LogOutputStream:75 - [STDERR_REDIRECT] 	at com.st.stm32cube.common.ecosystemintegration.ui.core.MCUEcoSystemIntegrationUiHelper.getUserAuth(MCUEcoSystemIntegrationUiHelper.java:100)
2025-05-15 16:38:06,580 [ERROR] LogOutputStream:75 - [STDERR_REDIRECT] 	at com.st.stm32cube.ide.mcu.userauth.UserAuthStartup.earlyStartup(UserAuthStartup.java:32)
2025-05-15 16:38:06,580 [ERROR] LogOutputStream:75 - [STDERR_REDIRECT] 	at org.eclipse.ui.internal.EarlyStartupRunnable.runEarlyStartup(EarlyStartupRunnable.java:79)
2025-05-15 16:38:06,580 [ERROR] LogOutputStream:75 - [STDERR_REDIRECT] 	at org.eclipse.ui.internal.EarlyStartupRunnable.run(EarlyStartupRunnable.java:55)
2025-05-15 16:38:06,581 [ERROR] LogOutputStream:75 - [STDERR_REDIRECT] 	at org.eclipse.core.runtime.SafeRunner.run(SafeRunner.java:47)
2025-05-15 16:38:06,581 [ERROR] LogOutputStream:75 - [STDERR_REDIRECT] 	at org.eclipse.ui.internal.Workbench$39.run(Workbench.java:2733)
2025-05-15 16:38:06,581 [ERROR] LogOutputStream:75 - [STDERR_REDIRECT] 	at org.eclipse.core.internal.jobs.Worker.run(Worker.java:63)
2025-05-15 16:38:06,657 [ERROR] LogOutputStream:75 - [STDERR_REDIRECT] 
2025-05-15 16:38:07,404 [INFO] ApplicationProperties:184 - Using Application install path: /Applications/STM32CubeIDE.app/Contents/Eclipse/plugins/com.st.stm32cube.common.mx_6.14.1.202504091515
2025-05-15 16:38:07,460 [INFO] DbMcusXml:78 - Set database path to: /Applications/STM32CubeIDE.app/Contents/Eclipse/plugins/com.st.stm32cube.common.mx_6.14.1.202504091515//db//mcu/
2025-05-15 16:38:07,462 [INFO] ApiDb:274 - Set plugin database path to: /Applications/STM32CubeIDE.app/Contents/Eclipse/plugins/com.st.stm32cube.common.mx_6.14.1.202504091515//db//plugins/boardmanager/
2025-05-15 16:38:07,464 [WARN] ApiDb:259 - Overriding images path with different value:  => /Applications/STM32CubeIDE.app/Contents/Eclipse/plugins/com.st.stm32cube.common.mx_6.14.1.202504091515//db//plugins/mcufinder/images/
2025-05-15 16:38:07,479 [INFO] ApiDb:250 - Set database path to: /Users/winstonhar/.stmcufinder/plugins/mcufinder//mcu/
2025-05-15 16:38:07,485 [INFO] DbMcusAds:125 - Set database path to: /Users/winstonhar/.stmcufinder/plugins/mcufinder//mcu/
2025-05-15 16:38:07,489 [INFO] CrossReferenceDbSqlite:203 - Set database path to: /Users/winstonhar/.stmcufinder/plugins/mcufinder//mcu/cs/
2025-05-15 16:38:07,760 [INFO] RulesReader:64 - Compatibility file has been processed (302 Rules)
2025-05-15 16:38:07,967 [INFO] DbMcusXml:78 - Set database path to: /Applications/STM32CubeIDE.app/Contents/Eclipse/plugins/com.st.stm32cube.common.mx_6.14.1.202504091515//db//mcu/
2025-05-15 16:38:07,967 [INFO] ApiDb:274 - Set plugin database path to: /Applications/STM32CubeIDE.app/Contents/Eclipse/plugins/com.st.stm32cube.common.mx_6.14.1.202504091515//db//plugins/boardmanager/
2025-05-15 16:38:07,967 [INFO] ApiDb:261 - Set plugin images path to: /Applications/STM32CubeIDE.app/Contents/Eclipse/plugins/com.st.stm32cube.common.mx_6.14.1.202504091515//db//plugins/mcufinder/images/
2025-05-15 16:38:07,968 [WARN] DbFile:41 - Overriding database path with different value: /Users/winstonhar/.stmcufinder/plugins/mcufinder/ => /Users/winstonhar/.stmcufinder/plugins/mcufinder
2025-05-15 16:38:07,968 [INFO] ApiDb:250 - Set database path to: /Users/winstonhar/.stmcufinder/plugins/mcufinder//mcu/
2025-05-15 16:38:07,968 [WARN] DbFile:41 - Overriding database path with different value: /Users/winstonhar/.stmcufinder/plugins/mcufinder/ => /Users/winstonhar/.stmcufinder/plugins/mcufinder
2025-05-15 16:38:07,968 [INFO] DbMcusAds:125 - Set database path to: /Users/winstonhar/.stmcufinder/plugins/mcufinder//mcu/
2025-05-15 16:38:07,968 [WARN] DbFile:41 - Overriding database path with different value: /Users/winstonhar/.stmcufinder/plugins/mcufinder/ => /Users/winstonhar/.stmcufinder/plugins/mcufinder
2025-05-15 16:38:07,968 [WARN] DbFile:41 - Overriding database path with different value: /Users/winstonhar/.stmcufinder/plugins/mcufinder/ => /Users/winstonhar/.stmcufinder/plugins/mcufinder
2025-05-15 16:38:07,968 [INFO] CrossReferenceDbSqlite:203 - Set database path to: /Users/winstonhar/.stmcufinder/plugins/mcufinder//mcu/cs/
2025-05-15 16:38:08,123 [INFO] MainPanel:272 - HeapMemory: 268435456
2025-05-15 16:38:08,831 [INFO] DbMcusXml:78 - Set database path to: /Applications/STM32CubeIDE.app/Contents/Eclipse/plugins/com.st.stm32cube.common.mx_6.14.1.202504091515//db//mcu/
2025-05-15 16:38:08,831 [INFO] ApiDb:274 - Set plugin database path to: /Applications/STM32CubeIDE.app/Contents/Eclipse/plugins/com.st.stm32cube.common.mx_6.14.1.202504091515//db//plugins/boardmanager/
2025-05-15 16:38:08,831 [INFO] ApiDb:261 - Set plugin images path to: /Applications/STM32CubeIDE.app/Contents/Eclipse/plugins/com.st.stm32cube.common.mx_6.14.1.202504091515//db//plugins/mcufinder/images/
2025-05-15 16:38:08,831 [WARN] DbFile:41 - Overriding database path with different value: /Users/winstonhar/.stmcufinder/plugins/mcufinder/ => /Users/winstonhar/.stmcufinder/plugins/mcufinder
2025-05-15 16:38:08,831 [INFO] ApiDb:250 - Set database path to: /Users/winstonhar/.stmcufinder/plugins/mcufinder//mcu/
2025-05-15 16:38:08,831 [WARN] DbFile:41 - Overriding database path with different value: /Users/winstonhar/.stmcufinder/plugins/mcufinder/ => /Users/winstonhar/.stmcufinder/plugins/mcufinder
2025-05-15 16:38:08,831 [INFO] DbMcusAds:125 - Set database path to: /Users/winstonhar/.stmcufinder/plugins/mcufinder//mcu/
2025-05-15 16:38:08,832 [WARN] DbFile:41 - Overriding database path with different value: /Users/winstonhar/.stmcufinder/plugins/mcufinder/ => /Users/winstonhar/.stmcufinder/plugins/mcufinder
2025-05-15 16:38:08,832 [WARN] DbFile:41 - Overriding database path with different value: /Users/winstonhar/.stmcufinder/plugins/mcufinder/ => /Users/winstonhar/.stmcufinder/plugins/mcufinder
2025-05-15 16:38:08,832 [INFO] CrossReferenceDbSqlite:203 - Set database path to: /Users/winstonhar/.stmcufinder/plugins/mcufinder//mcu/cs/
2025-05-15 16:38:08,849 [INFO] ApplicationProperties:184 - Using Application install path: /Applications/STM32CubeIDE.app/Contents/Eclipse/plugins/com.st.stm32cube.common.mx_6.14.1.202504091515
2025-05-15 16:38:08,851 [INFO] PluginManage:196 - Search for loadable plugins [exclusion list=, ]
2025-05-15 16:38:08,852 [INFO] PluginManage:310 - Check plugin analytics
2025-05-15 16:38:09,159 [INFO] AnalyticsPlugin:253 - Accepted Software Licenses: 
2025-05-15 16:38:09,159 [INFO] AnalyticsPlugin:255 - Accepted CMSIS Pack Licenses: 
2025-05-15 16:38:09,159 [INFO] AnalyticsPlugin:257 - Accepted Firmware Licenses: FW.F4.1.28.0
2025-05-15 16:38:09,163 [INFO] PluginManage:359 - Loaded plugin analytics (category:tool,tabindex:-1)
2025-05-15 16:38:09,163 [INFO] PluginManage:310 - Check plugin cadmodel
2025-05-15 16:38:09,169 [INFO] CADModel:105 - Init CAD model plugin
2025-05-15 16:38:09,169 [INFO] PluginManage:359 - Loaded plugin cadmodel (category:power,tabindex:5)
2025-05-15 16:38:09,169 [INFO] PluginManage:310 - Check plugin clock
2025-05-15 16:38:09,180 [INFO] PluginManage:359 - Loaded plugin clock (category:base,tabindex:2)
2025-05-15 16:38:09,180 [INFO] PluginManage:310 - Check plugin ddr
2025-05-15 16:38:09,184 [INFO] PluginManage:359 - Loaded plugin ddr (category:tool,tabindex:6)
2025-05-15 16:38:09,184 [INFO] PluginManage:310 - Check plugin filemanager
2025-05-15 16:38:09,374 [INFO] PluginManage:359 - Loaded plugin filemanager (category:base,tabindex:10)
2025-05-15 16:38:09,374 [INFO] PluginManage:310 - Check plugin ipmanager
2025-05-15 16:38:09,384 [INFO] PluginManage:359 - Loaded plugin ipmanager (category:base,tabindex:5)
2025-05-15 16:38:09,385 [INFO] PluginManage:310 - Check plugin lpbam
2025-05-15 16:38:09,405 [INFO] PluginManage:359 - Loaded plugin lpbam (category:base,tabindex:0)
2025-05-15 16:38:09,406 [INFO] PluginManage:310 - Check plugin memorymap
2025-05-15 16:38:09,435 [INFO] PluginManage:359 - Loaded plugin memorymap (category:base,tabindex:4)
2025-05-15 16:38:09,436 [INFO] PluginManage:310 - Check plugin pinoutandconfiguration
2025-05-15 16:38:09,458 [INFO] PluginManage:359 - Loaded plugin pinoutandconfiguration (category:base,tabindex:1)
2025-05-15 16:38:09,458 [INFO] PluginManage:310 - Check plugin pinoutconfig
2025-05-15 16:38:09,617 [WARN] SupportedApi:132 - Cannot load RTOS API schema: s4s-elt-must-match.1: The content of 'definitions' must match (annotation?, (simpleType | complexType)?, (unique | key | keyref)*)). A problem was found starting at: attribute.
2025-05-15 16:38:09,828 [INFO] PluginManage:359 - Loaded plugin pinoutconfig (category:base,tabindex:0)
2025-05-15 16:38:09,829 [INFO] PluginManage:310 - Check plugin power
2025-05-15 16:38:09,845 [INFO] PluginManage:359 - Loaded plugin power (category:power,tabindex:4)
2025-05-15 16:38:09,845 [INFO] PluginManage:310 - Check plugin projectmanager
2025-05-15 16:38:09,862 [INFO] PluginManage:359 - Loaded plugin projectmanager (category:projectmanager,tabindex:4)
2025-05-15 16:38:09,862 [INFO] PluginManage:310 - Check plugin rif
2025-05-15 16:38:09,871 [INFO] PluginManage:359 - Loaded plugin rif (category:base,tabindex:3)
2025-05-15 16:38:09,871 [INFO] PluginManage:310 - Check plugin thirdparty
2025-05-15 16:38:10,050 [WARN] IntegrityCheckThread:84 - waiting for thirdparty lock release [integrity check]
2025-05-15 16:38:10,051 [INFO] PluginManage:359 - Loaded plugin thirdparty (category:base,tabindex:-1)
2025-05-15 16:38:10,051 [INFO] IntegrityCheckThread:86 - entering critical section [integrity check]
2025-05-15 16:38:10,051 [INFO] PluginManage:310 - Check plugin tools
2025-05-15 16:38:10,052 [INFO] ThirdPartyUpdaterWithRetryManager:70 - Updater plugin not ready yet. [1/15]
2025-05-15 16:38:10,055 [INFO] PluginManage:359 - Loaded plugin tools (category:base,tabindex:7)
2025-05-15 16:38:10,056 [INFO] PluginManage:310 - Check plugin tutovideos
2025-05-15 16:38:10,410 [INFO] PluginManage:359 - Loaded plugin tutovideos (category:base,tabindex:-1)
2025-05-15 16:38:10,410 [INFO] PluginManage:310 - Check plugin updater
2025-05-15 16:38:10,435 [INFO] PluginManage:359 - Loaded plugin updater (category:base,tabindex:12)
2025-05-15 16:38:10,435 [INFO] PluginManage:310 - Check plugin userauth
2025-05-15 16:38:10,442 [INFO] UserAuth:118 - Init User Auth plugin
2025-05-15 16:38:10,443 [INFO] PluginManage:359 - Loaded plugin userauth (category:base,tabindex:14)
2025-05-15 16:38:10,444 [INFO] PluginManage:283 - PluginManage : Loaded plugins [18]
2025-05-15 16:38:10,824 [INFO] PinOutPanel:1589 - setPackage(No Configuration,No Configuration)
2025-05-15 16:38:10,930 [INFO] CADModel:165 - CPN selected for project level
2025-05-15 16:38:10,930 [INFO] CADModel:114 - Register for checkConnection events
2025-05-15 16:38:10,949 [INFO] IPUIPlugin:80 - create IPUIPlugin
2025-05-15 16:38:10,950 [INFO] PluginManager:220 - loadIPPluginJar : add mdma
2025-05-15 16:38:10,958 [INFO] IPUIPlugin:80 - create IPUIPlugin
2025-05-15 16:38:10,958 [INFO] PluginManager:220 - loadIPPluginJar : add freertos
2025-05-15 16:38:10,964 [INFO] IPUIPlugin:80 - create IPUIPlugin
2025-05-15 16:38:10,964 [INFO] PluginManager:220 - loadIPPluginJar : add gic
2025-05-15 16:38:10,976 [INFO] IPUIPlugin:80 - create IPUIPlugin
2025-05-15 16:38:10,976 [INFO] PluginManager:220 - loadIPPluginJar : add adc
2025-05-15 16:38:10,979 [INFO] IPUIPlugin:80 - create IPUIPlugin
2025-05-15 16:38:10,979 [INFO] PluginManager:220 - loadIPPluginJar : add gtzc
2025-05-15 16:38:10,980 [INFO] IPUIPlugin:80 - create IPUIPlugin
2025-05-15 16:38:10,981 [INFO] PluginManager:220 - loadIPPluginJar : add quadspi
2025-05-15 16:38:10,983 [INFO] IPUIPlugin:80 - create IPUIPlugin
2025-05-15 16:38:10,983 [INFO] PluginManager:220 - loadIPPluginJar : add aes
2025-05-15 16:38:10,986 [INFO] IPUIPlugin:80 - create IPUIPlugin
2025-05-15 16:38:10,987 [INFO] PluginManager:220 - loadIPPluginJar : add pdm2pcm
2025-05-15 16:38:10,989 [INFO] IPUIPlugin:80 - create IPUIPlugin
2025-05-15 16:38:10,989 [INFO] PluginManager:220 - loadIPPluginJar : add hash
2025-05-15 16:38:10,991 [INFO] IPUIPlugin:80 - create IPUIPlugin
2025-05-15 16:38:10,991 [INFO] PluginManager:220 - loadIPPluginJar : add tim
2025-05-15 16:38:10,993 [INFO] IPUIPlugin:80 - create IPUIPlugin
2025-05-15 16:38:10,993 [INFO] PluginManager:220 - loadIPPluginJar : add tsc
2025-05-15 16:38:10,998 [INFO] IPUIPlugin:80 - create IPUIPlugin
2025-05-15 16:38:10,998 [INFO] PluginManager:220 - loadIPPluginJar : add extmemmanager
2025-05-15 16:38:11,003 [INFO] IPUIPlugin:80 - create IPUIPlugin
2025-05-15 16:38:11,003 [INFO] PluginManager:220 - loadIPPluginJar : add ts
2025-05-15 16:38:11,007 [INFO] IPUIPlugin:80 - create IPUIPlugin
2025-05-15 16:38:11,012 [INFO] PluginManager:220 - loadIPPluginJar : add radio
2025-05-15 16:38:11,016 [INFO] IPUIPlugin:80 - create IPUIPlugin
2025-05-15 16:38:11,017 [INFO] PluginManager:220 - loadIPPluginJar : add can
2025-05-15 16:38:11,020 [INFO] IPUIPlugin:80 - create IPUIPlugin
2025-05-15 16:38:11,020 [INFO] PluginManager:220 - loadIPPluginJar : add dma3
2025-05-15 16:38:11,023 [INFO] IPUIPlugin:80 - create IPUIPlugin
2025-05-15 16:38:11,023 [INFO] PluginManager:220 - loadIPPluginJar : add dfsdm
2025-05-15 16:38:11,026 [INFO] IPUIPlugin:80 - create IPUIPlugin
2025-05-15 16:38:11,026 [INFO] PluginManager:220 - loadIPPluginJar : add spi
2025-05-15 16:38:11,028 [INFO] IPUIPlugin:80 - create IPUIPlugin
2025-05-15 16:38:11,028 [INFO] PluginManager:220 - loadIPPluginJar : add gfxmmu
2025-05-15 16:38:11,030 [INFO] IPUIPlugin:80 - create IPUIPlugin
2025-05-15 16:38:11,030 [INFO] PluginManager:220 - loadIPPluginJar : add genericplugin
2025-05-15 16:38:11,032 [INFO] IPUIPlugin:80 - create IPUIPlugin
2025-05-15 16:38:11,033 [INFO] PluginManager:220 - loadIPPluginJar : add cryp
2025-05-15 16:38:11,040 [INFO] IPUIPlugin:80 - create IPUIPlugin
2025-05-15 16:38:11,041 [INFO] PluginManager:220 - loadIPPluginJar : add gpio
2025-05-15 16:38:11,047 [INFO] IPUIPlugin:80 - create IPUIPlugin
2025-05-15 16:38:11,047 [INFO] PluginManager:220 - loadIPPluginJar : add ddr_ctrl_phy
2025-05-15 16:38:11,050 [INFO] IPUIPlugin:80 - create IPUIPlugin
2025-05-15 16:38:11,050 [INFO] PluginManager:220 - loadIPPluginJar : add comp
2025-05-15 16:38:11,054 [INFO] IPUIPlugin:80 - create IPUIPlugin
2025-05-15 16:38:11,054 [INFO] PluginManager:220 - loadIPPluginJar : add tracer_emb
2025-05-15 16:38:11,057 [INFO] IPUIPlugin:80 - create IPUIPlugin
2025-05-15 16:38:11,058 [INFO] PluginManager:220 - loadIPPluginJar : add openamp
2025-05-15 16:38:11,069 [INFO] IPUIPlugin:80 - create IPUIPlugin
2025-05-15 16:38:11,070 [INFO] PluginManager:220 - loadIPPluginJar : add stm32_wpan
2025-05-15 16:38:11,083 [INFO] IPUIPlugin:80 - create IPUIPlugin
2025-05-15 16:38:11,090 [INFO] PluginManager:220 - loadIPPluginJar : add plateformsettings
2025-05-15 16:38:11,098 [INFO] IPUIPlugin:80 - create IPUIPlugin
2025-05-15 16:38:11,099 [INFO] PluginManager:220 - loadIPPluginJar : add ipddr
2025-05-15 16:38:11,108 [INFO] IPUIPlugin:80 - create IPUIPlugin
2025-05-15 16:38:11,108 [INFO] PluginManager:220 - loadIPPluginJar : add usart
2025-05-15 16:38:11,111 [INFO] IPUIPlugin:80 - create IPUIPlugin
2025-05-15 16:38:11,112 [INFO] PluginManager:220 - loadIPPluginJar : add ltdc
2025-05-15 16:38:11,121 [INFO] IPUIPlugin:80 - create IPUIPlugin
2025-05-15 16:38:11,122 [INFO] PluginManager:220 - loadIPPluginJar : add nvic
2025-05-15 16:38:11,126 [INFO] IPUIPlugin:80 - create IPUIPlugin
2025-05-15 16:38:11,127 [INFO] PluginManager:220 - loadIPPluginJar : add fatfs
2025-05-15 16:38:11,140 [INFO] IPUIPlugin:80 - create IPUIPlugin
2025-05-15 16:38:11,140 [INFO] PluginManager:220 - loadIPPluginJar : add linkedlist
2025-05-15 16:38:11,147 [INFO] IPUIPlugin:80 - create IPUIPlugin
2025-05-15 16:38:11,147 [INFO] PluginManager:220 - loadIPPluginJar : add dma
2025-05-15 16:38:11,154 [INFO] IPUIPlugin:80 - create IPUIPlugin
2025-05-15 16:38:11,155 [INFO] PluginManager:220 - loadIPPluginJar : add fmc
2025-05-15 16:38:11,157 [INFO] IPUIPlugin:80 - create IPUIPlugin
2025-05-15 16:38:11,157 [INFO] PluginManager:220 - loadIPPluginJar : add i2s
2025-05-15 16:38:11,159 [INFO] IPUIPlugin:80 - create IPUIPlugin
2025-05-15 16:38:11,159 [INFO] PluginManager:220 - loadIPPluginJar : add ucpd
2025-05-15 16:38:11,162 [INFO] IPUIPlugin:80 - create IPUIPlugin
2025-05-15 16:38:11,162 [INFO] PluginManager:220 - loadIPPluginJar : add lorawan
2025-05-15 16:38:11,165 [INFO] IPUIPlugin:80 - create IPUIPlugin
2025-05-15 16:38:11,165 [INFO] PluginManager:220 - loadIPPluginJar : add opamp
2025-05-15 16:38:11,168 [INFO] IPUIPlugin:80 - create IPUIPlugin
2025-05-15 16:38:11,168 [INFO] PluginManager:220 - loadIPPluginJar : add i3c
2025-05-15 16:38:11,172 [INFO] IPUIPlugin:80 - create IPUIPlugin
2025-05-15 16:38:11,172 [INFO] PluginManager:220 - loadIPPluginJar : add touchsensing
2025-05-15 16:38:11,175 [INFO] IPUIPlugin:80 - create IPUIPlugin
2025-05-15 16:38:11,175 [INFO] PluginManager:220 - loadIPPluginJar : add i2c
2025-05-15 16:38:11,179 [INFO] IPUIPlugin:80 - create IPUIPlugin
2025-05-15 16:38:11,179 [INFO] PluginManager:220 - loadIPPluginJar : add resmgrutility
2025-05-15 16:38:11,183 [INFO] IPUIPlugin:80 - create IPUIPlugin
2025-05-15 16:38:11,183 [INFO] PluginManager:220 - loadIPPluginJar : add sai
2025-05-15 16:38:11,186 [INFO] IPUIPlugin:80 - create IPUIPlugin
2025-05-15 16:38:11,186 [INFO] PluginManager:220 - loadIPPluginJar : add usbx
2025-05-15 16:38:11,290 [FATAL] Updater:351 - Updater called before beeing initialized
2025-05-15 16:38:11,326 [INFO] RulesReader:64 - Compatibility file has been processed (302 Rules)
2025-05-15 16:38:11,346 [INFO] RulesReader:64 - Compatibility file has been processed (302 Rules)
2025-05-15 16:38:11,357 [INFO] CADModel:165 - CPN selected for project level
2025-05-15 16:38:11,357 [INFO] CADModel:114 - Register for checkConnection events
2025-05-15 16:38:11,357 [FATAL] Updater:351 - Updater called before beeing initialized
2025-05-15 16:38:11,358 [ERROR] CADModel:125 - Updater not yet initialized, retry later 
2025-05-15 16:38:11,674 [FATAL] Updater:351 - Updater called before beeing initialized
2025-05-15 16:38:11,677 [INFO] CADModel:165 - CPN selected for project level
2025-05-15 16:38:11,677 [INFO] CADModel:114 - Register for checkConnection events
2025-05-15 16:38:11,677 [FATAL] Updater:351 - Updater called before beeing initialized
2025-05-15 16:38:11,677 [ERROR] CADModel:125 - Updater not yet initialized, retry later 
2025-05-15 16:38:11,682 [FATAL] Updater:351 - Updater called before beeing initialized
2025-05-15 16:38:11,812 [FATAL] Updater:351 - Updater called before beeing initialized
2025-05-15 16:38:11,820 [INFO] DbMcusAds:53 - JSON generation date=Wed May 07 03:07:55 MDT 2025 (1746608875484)
2025-05-15 16:38:11,820 [FATAL] Updater:351 - Updater called before beeing initialized
2025-05-15 16:38:11,896 [WARN] DetailPanel:346 - Failed to get advertising image, set to default
2025-05-15 16:38:12,232 [FATAL] Updater:351 - Updater called before beeing initialized
2025-05-15 16:38:12,236 [FATAL] Updater:351 - Updater called before beeing initialized
2025-05-15 16:38:12,236 [FATAL] Updater:351 - Updater called before beeing initialized
2025-05-15 16:38:12,237 [WARN] DetailPanel:346 - Failed to get advertising image, set to default
2025-05-15 16:38:12,239 [FATAL] Updater:351 - Updater called before beeing initialized
2025-05-15 16:38:12,289 [ERROR] Updater:1198 - MainUpdater not yet initialized. External WinMGr cannot be set.
2025-05-15 16:38:12,291 [INFO] Updater:1134 - Updater Version found : 6.14.1
2025-05-15 16:38:12,323 [INFO] ApplicationProperties:184 - Using Application install path: /Applications/STM32CubeIDE.app/Contents/Eclipse/plugins/com.st.stm32cube.common.mx_6.14.1.202504091515
2025-05-15 16:38:12,888 [INFO] MainUpdater:2872 - connection check result : 10
2025-05-15 16:38:12,889 [INFO] MainUpdater:289 - Updater Check For Update Now.
2025-05-15 16:38:12,889 [INFO] MicroXplorer:498 - Change Database Version : DB.6.0.141
2025-05-15 16:38:12,895 [INFO] McuFinderGlobals:63 - Set McuFinder mode to 2 (CubeIDE integrated)
2025-05-15 16:38:12,896 [INFO] UserAuth:484 - Internet connection configuration mode: 1
2025-05-15 16:38:12,928 [INFO] JxBrowserEngine:152 - Initiate JxBrowser Engine with user profile folder
2025-05-15 16:38:13,056 [WARN] MainUpdater:1193 - Updater busy. Cannot search thirdparties
2025-05-15 16:38:13,056 [INFO] ThirdPartyUpdaterWithRetryManager:96 - Updater plugin is busy. [1/15]
2025-05-15 16:38:13,101 [INFO] CheckServerUpdateThread:120 - End of CheckServer Thread
2025-05-15 16:38:15,246 [INFO] WebApp:169 - Instantiating new browser for Auth
2025-05-15 16:38:16,584 [INFO] WebApp:463 - Apply proxy settings
2025-05-15 16:38:16,618 [INFO] WebApp:508 - Chromium authenticates against Manually configured proxy
2025-05-15 16:38:16,651 [INFO] WebApp:516 - Username used for proxy authentication: 
2025-05-15 16:38:16,707 [INFO] WebApp:894 - Register for checkConnection events
2025-05-15 16:38:16,731 [INFO] WebApp:463 - Apply proxy settings
2025-05-15 16:38:16,775 [INFO] WebApp:508 - Chromium authenticates against Manually configured proxy
2025-05-15 16:38:16,789 [INFO] WebApp:516 - Username used for proxy authentication: 
2025-05-15 16:38:17,222 [INFO] WebApp:225 - Starting web application
2025-05-15 16:38:17,240 [INFO] WebApp:593 - Web application path used /Applications/STM32CubeIDE.app/Contents/Eclipse/plugins/com.st.stm32cube.common.mx_6.14.1.202504091515/db/plugins/mcufinder/reactClient1/index.html
2025-05-15 16:38:17,423 [INFO] UserAuth:484 - Internet connection configuration mode: 1
2025-05-15 16:38:17,894 [INFO] WebApp:191 - Connection restablished
2025-05-15 16:38:19,483 [WARN] PackLoader:240 - Cannot read IP mode file for STMicroelectronics.FP-SNS-MOTENVWB1.1.4.0
2025-05-15 16:38:19,509 [WARN] PackLoader:240 - Cannot read IP mode file for STMicroelectronics.FP-ATR-ASTRA1.2.0.2
2025-05-15 16:38:19,519 [WARN] PackLoader:240 - Cannot read IP mode file for STMicroelectronics.X-CUBE-SMBUS.2.1.0
2025-05-15 16:38:19,532 [WARN] PackLoader:240 - Cannot read IP mode file for STMicroelectronics.X-CUBE-WB05N.1.1.0
2025-05-15 16:38:19,588 [WARN] PackLoader:240 - Cannot read IP mode file for STMicroelectronics.X-CUBE-AZRTOS-F7.1.1.0
2025-05-15 16:38:19,647 [WARN] PackLoader:240 - Cannot read IP mode file for Infineon.AIROC-Wi-Fi-Bluetooth-STM32.1.7.0
2025-05-15 16:38:19,665 [WARN] PackLoader:240 - Cannot read IP mode file for STMicroelectronics.X-CUBE-DISPLAY.3.0.0
2025-05-15 16:38:19,686 [WARN] PackLoader:240 - Cannot read IP mode file for STMicroelectronics.X-CUBE-NFC10.1.0.0
2025-05-15 16:38:19,732 [WARN] PackLoader:240 - Cannot read IP mode file for STMicroelectronics.X-CUBE-BLEMGR.4.0.0
2025-05-15 16:38:19,758 [WARN] PackLoader:240 - Cannot read IP mode file for emotas.I-CUBE-CANOPEN.1.3.0
2025-05-15 16:38:19,762 [WARN] ConditionMgr:438 - getConditionDescription Invalid condition id : Cortex-A Device cause : null
2025-05-15 16:38:19,780 [WARN] ConditionMgr:1044 - genDependencies : Invalid condition id : Cortex-A Device cause : null
2025-05-15 16:38:19,780 [WARN] ConditionMgr:1044 - genDependencies : Invalid condition id : Cortex-A Device cause : null
2025-05-15 16:38:19,781 [WARN] ConditionMgr:1044 - genDependencies : Invalid condition id : Cortex-A Device cause : null
2025-05-15 16:38:19,785 [WARN] PackLoader:240 - Cannot read IP mode file for STMicroelectronics.X-CUBE-AI.10.0.0
2025-05-15 16:38:19,809 [WARN] PackLoader:240 - Cannot read IP mode file for STMicroelectronics.FP-SNS-SMARTAG2.1.2.0
2025-05-15 16:38:19,814 [WARN] PackLoader:240 - Cannot read IP mode file for STMicroelectronics.FP-SNS-FLIGHT1.5.1.0
2025-05-15 16:38:19,909 [WARN] PackLoader:240 - Cannot read IP mode file for STMicroelectronics.X-CUBE-MEMS1.11.1.0
2025-05-15 16:38:20,223 [INFO] LogOutputStream:77 - [STDOUT_REDIRECT] 1 : Invalid condition id : UX_CORESTACK_Condition cause : null
2025-05-15 16:38:20,224 [INFO] LogOutputStream:77 - [STDOUT_REDIRECT] 1 : Invalid condition id : UX_CORESTACK_Condition cause : null
2025-05-15 16:38:20,224 [INFO] LogOutputStream:77 - [STDOUT_REDIRECT] 1 : Invalid condition id : UX_CORESTACK_Condition cause : null
2025-05-15 16:38:20,225 [INFO] LogOutputStream:77 - [STDOUT_REDIRECT] 1 : Invalid condition id : UX_CORESTACK_Condition cause : null
2025-05-15 16:38:20,225 [INFO] LogOutputStream:77 - [STDOUT_REDIRECT] 1 : Invalid condition id : UX_CORESTACK_Condition cause : null
2025-05-15 16:38:20,230 [WARN] PackLoader:240 - Cannot read IP mode file for STMicroelectronics.X-CUBE-AZRTOS-WL.2.0.0
2025-05-15 16:38:20,252 [WARN] PackLoader:240 - Cannot read IP mode file for STMicroelectronics.FP-SNS-MOTENV1.5.0.0
2025-05-15 16:38:20,261 [WARN] PackLoader:240 - Cannot read IP mode file for WES.I-CUBE-Cesium.1.3.0
2025-05-15 16:38:20,267 [WARN] PackLoader:240 - Cannot read IP mode file for STMicroelectronics.X-CUBE-BLE2.3.3.0
2025-05-15 16:38:20,297 [WARN] PackLoader:240 - Cannot read IP mode file for STMicroelectronics.X-CUBE-NFC9.1.0.0
2025-05-15 16:38:20,311 [WARN] PackLoader:240 - Cannot read IP mode file for STMicroelectronics.X-CUBE-BLE1.7.1.0
2025-05-15 16:38:20,319 [WARN] PackLoader:240 - Cannot read IP mode file for wolfSSL.I-CUBE-wolfMQTT.1.19.2
2025-05-15 16:38:20,426 [WARN] PackLoader:240 - Cannot read IP mode file for STMicroelectronics.X-CUBE-MEMS1.11.2.0
2025-05-15 16:38:20,684 [WARN] PackLoader:240 - Cannot read IP mode file for STMicroelectronics.X-CUBE-AZRTOS-G0.1.1.0
2025-05-15 16:38:20,740 [WARN] PackLoader:240 - Cannot read IP mode file for STMicroelectronics.X-CUBE-SAFEA1.1.2.2
2025-05-15 16:38:20,800 [WARN] PackLoader:240 - Cannot read IP mode file for STMicroelectronics.X-CUBE-NFC4.3.0.0
2025-05-15 16:38:20,908 [WARN] PackLoader:240 - Cannot read IP mode file for EmbeddedOffice.I-CUBE-FS-RTOS.1.0.1
2025-05-15 16:38:20,941 [WARN] PackLoader:240 - Cannot read IP mode file for STMicroelectronics.X-CUBE-WB05N.2.0.0
2025-05-15 16:38:21,003 [WARN] PackLoader:240 - Cannot read IP mode file for wolfSSL.I-CUBE-wolfTPM.3.8.0
2025-05-15 16:38:21,044 [WARN] PackLoader:240 - Cannot read IP mode file for STMicroelectronics.X-CUBE-TCPP.4.2.0
2025-05-15 16:38:21,050 [WARN] PackLoader:240 - Cannot read IP mode file for RealThread.X-CUBE-RT-Thread_Nano.4.1.1
2025-05-15 16:38:21,052 [WARN] PackLoader:240 - Cannot read IP mode file for STMicroelectronics.FP-ATR-SIGFOX1.3.2.0
2025-05-15 16:38:21,057 [WARN] PackLoader:240 - Cannot read IP mode file for STMicroelectronics.X-CUBE-EEPRMA1.5.1.0
2025-05-15 16:38:21,062 [WARN] PackLoader:240 - Cannot read IP mode file for wolfSSL.I-CUBE-wolfSSL.5.7.6
2025-05-15 16:38:21,067 [WARN] PackLoader:240 - Cannot read IP mode file for ITTIA_DB.I-CUBE-ITTIADB.8.9.0
2025-05-15 16:38:21,092 [WARN] PackLoader:240 - Cannot read IP mode file for SEGGER.I-CUBE-embOS.1.3.1
2025-05-15 16:38:21,129 [WARN] PackLoader:240 - Cannot read IP mode file for STMicroelectronics.X-CUBE-ALGOBUILD.1.4.0
2025-05-15 16:38:21,146 [WARN] PackLoader:240 - Cannot read IP mode file for STMicroelectronics.X-CUBE-AZRTOS-F4.1.1.0
2025-05-15 16:38:21,150 [WARN] PackLoader:240 - Cannot read IP mode file for Avnet-IotConnect.X-CUBE-IoTC-DA16k-PMOD.1.0.0
2025-05-15 16:38:21,152 [WARN] PackLoader:240 - Cannot read IP mode file for STMicroelectronics.X-CUBE-ISPU.2.1.0
2025-05-15 16:38:21,168 [WARN] PackLoader:240 - Cannot read IP mode file for STMicroelectronics.X-CUBE-AZRTOS-L5.2.0.0
2025-05-15 16:38:21,177 [WARN] PackLoader:240 - Cannot read IP mode file for STMicroelectronics.X-CUBE-NFC6.3.1.0
2025-05-15 16:38:21,183 [WARN] PackLoader:240 - Cannot read IP mode file for STMicroelectronics.X-CUBE-FREERTOS.1.3.1
2025-05-15 16:38:21,187 [WARN] PackLoader:240 - Cannot read IP mode file for STMicroelectronics.X-CUBE-FREERTOS.1.3.0
2025-05-15 16:38:21,191 [WARN] PackLoader:240 - Cannot read IP mode file for STMicroelectronics.X-CUBE-NFC7.1.0.1
2025-05-15 16:38:21,200 [WARN] PackLoader:240 - Cannot read IP mode file for STMicroelectronics.X-CUBE-DPower.1.3.0
2025-05-15 16:38:21,237 [WARN] ConditionMgr:438 - getConditionDescription Invalid condition id : LAN8742 Phy interface Condition cause : null
2025-05-15 16:38:21,239 [WARN] PackLoader:240 - Cannot read IP mode file for STMicroelectronics.X-CUBE-AZRTOS-L4.2.0.0
2025-05-15 16:38:21,241 [WARN] ConditionMgr:1044 - genDependencies : Invalid condition id : LAN8742 Phy interface Condition cause : null
2025-05-15 16:38:21,242 [WARN] ConditionMgr:1044 - genDependencies : Invalid condition id : LAN8742 Phy interface Condition cause : null
2025-05-15 16:38:21,244 [WARN] ConditionMgr:1044 - genDependencies : Invalid condition id : LAN8742 Phy interface Condition cause : null
2025-05-15 16:38:21,257 [WARN] PackLoader:240 - Cannot read IP mode file for STMicroelectronics.X-CUBE-SFXS2LP1.4.0.0
2025-05-15 16:38:21,284 [WARN] PackLoader:240 - Cannot read IP mode file for STMicroelectronics.X-CUBE-AZRTOS-H7.3.3.0
2025-05-15 16:38:21,302 [WARN] ConditionMgr:438 - getConditionDescription Invalid condition id : UX DEVICE CLASS RTOS Condition cause : null
2025-05-15 16:38:21,303 [WARN] ConditionMgr:438 - getConditionDescription Invalid condition id : UX DEVICE CLASS RTOS Condition cause : null
2025-05-15 16:38:21,306 [WARN] PackLoader:240 - Cannot read IP mode file for STMicroelectronics.X-CUBE-AZRTOS-WB.2.0.0
2025-05-15 16:38:21,308 [WARN] ConditionMgr:1044 - genDependencies : Invalid condition id : UX DEVICE CLASS RTOS Condition cause : null
2025-05-15 16:38:21,309 [WARN] ConditionMgr:1044 - genDependencies : Invalid condition id : UX DEVICE CLASS RTOS Condition cause : null
2025-05-15 16:38:21,310 [WARN] ConditionMgr:1044 - genDependencies : Invalid condition id : UX DEVICE CLASS RTOS Condition cause : null
2025-05-15 16:38:21,311 [WARN] ConditionMgr:1044 - genDependencies : Invalid condition id : UX DEVICE CLASS RTOS Condition cause : null
2025-05-15 16:38:21,311 [WARN] ConditionMgr:1044 - genDependencies : Invalid condition id : UX DEVICE CLASS RTOS Condition cause : null
2025-05-15 16:38:21,317 [WARN] PackLoader:240 - Cannot read IP mode file for STMicroelectronics.X-CUBE-GNSS1.7.0.1
2025-05-15 16:38:21,322 [WARN] PackLoader:240 - Cannot read IP mode file for STMicroelectronics.X-CUBE-TOUCHGFX.4.25.0
2025-05-15 16:38:21,329 [WARN] PackLoader:240 - Cannot read IP mode file for STMicroelectronics.FP-SNS-STBOX1.2.0.0
2025-05-15 16:38:21,343 [WARN] PackLoader:240 - Cannot read IP mode file for STMicroelectronics.X-CUBE-SUBG2.5.0.0
2025-05-15 16:38:21,369 [WARN] PackLoader:240 - Cannot read IP mode file for STMicroelectronics.X-CUBE-AZRTOS-H7RS.1.1.0
2025-05-15 16:38:21,374 [WARN] PackLoader:240 - Cannot read IP mode file for Cesanta.I-CUBE-Mongoose.7.13.0
2025-05-15 16:38:21,391 [WARN] PackLoader:240 - Cannot read IP mode file for STMicroelectronics.X-CUBE-AZRTOS-G4.2.0.0
2025-05-15 16:38:21,395 [WARN] PackLoader:240 - Cannot read IP mode file for wolfSSL.I-CUBE-wolfSSH.1.4.20
2025-05-15 16:38:21,399 [WARN] PackLoader:240 - Cannot read IP mode file for STMicroelectronics.X-CUBE-NFC7.2.0.0
2025-05-15 16:38:21,414 [WARN] PackLoader:240 - Cannot read IP mode file for STMicroelectronics.X-CUBE-IPS.3.1.0
2025-05-15 16:38:21,425 [WARN] PackLoader:240 - Cannot read IP mode file for STMicroelectronics.X-CUBE-ALS.1.0.2
2025-05-15 16:38:21,430 [WARN] PackLoader:240 - Cannot read IP mode file for portGmbH.I-Cube-SoM-uGOAL.1.1.0
2025-05-15 16:38:21,442 [WARN] PackLoader:240 - Cannot read IP mode file for STMicroelectronics.X-CUBE-TOF1.3.4.2
2025-05-15 16:38:21,465 [WARN] PackLoader:240 - Cannot read IP mode file for STMicroelectronics.X-CUBE-TOF1.3.4.3
2025-05-15 16:38:21,477 [INFO] ThirdParty:978 - Integrity check success = true
2025-05-15 16:38:21,477 [INFO] IntegrityCheckThread:100 - exiting critical section [integrity check]
2025-05-15 16:38:21,477 [INFO] IntegrityCheckThread:103 - End integrity checks thread
2025-05-15 16:38:50,917 [INFO] McuFinderGlobals:63 - Set McuFinder mode to 2 (CubeIDE integrated)
2025-05-15 16:38:50,922 [INFO] MainUpdater:2872 - connection check result : 10
2025-05-15 16:38:50,923 [INFO] MainUpdater:2872 - connection check result : 10
2025-05-15 16:38:51,196 [INFO] MicroXplorer:468 - Change Database Path : 
2025-05-15 16:38:51,196 [INFO] MicroXplorer:498 - Change Database Version : DB.6.0.141
2025-05-15 16:38:51,218 [WARN] ThirdParty:871 - waiting for thirdparty lock release [close project]
2025-05-15 16:38:51,218 [INFO] ThirdParty:873 - entering critical section [close project]
2025-05-15 16:38:51,220 [INFO] ThirdParty:883 - exiting critical section [close project]
2025-05-15 16:38:51,224 [INFO] PinOutPanel:1589 - setPackage(No Configuration,No Configuration)
2025-05-15 16:38:51,228 [INFO] UtilMem:75 - Begin LoadConfig() Used Memory: 348382648 Bytes (470810624)
2025-05-15 16:38:51,231 [INFO] MicroXplorer:468 - Change Database Path : 
2025-05-15 16:38:51,231 [INFO] MicroXplorer:498 - Change Database Version : DB.6.0.141
2025-05-15 16:38:51,231 [INFO] OpenFileManager:354 - Change cursor
2025-05-15 16:38:51,256 [INFO] Mcu:2011 - Initializing MCU STM32F407V(E-G)Tx STM32F407VGTx STM32F407VGT6
2025-05-15 16:38:53,676 [INFO] Context:756 - Trying to add GPIOservice into a context  which must be forbidden
2025-05-15 16:38:54,533 [INFO] ImportTextPane:218 - (OptionalMessage_ERROR) Pin38 (VP_RIF_VS_RIF1) cannot be retrieved for this MCU
2025-05-15 16:38:54,853 [INFO] RtosManager:558 - Registered RTOS mode: class=CMSIS, group=RTOS, mode=CMSIS_V1, owner=FREERTOS
2025-05-15 16:38:54,853 [INFO] RtosManager:558 - Registered RTOS mode: class=CMSIS, group=RTOS2, mode=CMSIS_V2, owner=FREERTOS
2025-05-15 16:38:54,853 [INFO] RtosManager:558 - Registered RTOS mode: class=RTOS, group=Core, mode=CMSIS_V1, owner=FREERTOS
2025-05-15 16:38:54,854 [INFO] RtosManager:558 - Registered RTOS mode: class=RTOS, group=Core, mode=CMSIS_V2, owner=FREERTOS
2025-05-15 16:38:54,854 [WARN] ModelIntegratedComponent:184 - Missing modes for component STMicroelectronics:FreeRTOS:0.0.1:STMicroelectronics:RTOS:FreeRTOS:Core:::10.2.0:
2025-05-15 16:38:54,875 [WARN] ModelIntegratedComponent:63 - No mode defined for component null
2025-05-15 16:38:54,876 [WARN] ModelIntegratedComponent:63 - No mode defined for component null
2025-05-15 16:38:54,876 [WARN] ModelIntegratedComponent:63 - No mode defined for component null
2025-05-15 16:38:54,876 [WARN] ModelIntegratedComponent:63 - No mode defined for component null
2025-05-15 16:38:54,876 [WARN] ModelIntegratedComponent:63 - No mode defined for component null
2025-05-15 16:38:54,876 [WARN] ModelIntegratedComponent:63 - No mode defined for component null
2025-05-15 16:38:54,876 [WARN] ModelIntegratedComponent:63 - No mode defined for component null
2025-05-15 16:38:54,876 [WARN] ModelIntegratedComponent:63 - No mode defined for component null
2025-05-15 16:38:54,876 [WARN] ModelIntegratedComponent:63 - No mode defined for component null
2025-05-15 16:38:54,876 [WARN] ModelIntegratedComponent:63 - No mode defined for component null
2025-05-15 16:38:54,876 [WARN] ModelIntegratedComponent:63 - No mode defined for component null
2025-05-15 16:38:54,876 [WARN] ModelIntegratedComponent:63 - No mode defined for component null
2025-05-15 16:38:54,876 [WARN] ModelIntegratedComponent:63 - No mode defined for component null
2025-05-15 16:38:54,876 [WARN] ModelIntegratedComponent:63 - No mode defined for component null
2025-05-15 16:38:54,877 [WARN] ModelIntegratedComponent:63 - No mode defined for component null
2025-05-15 16:38:54,877 [WARN] ModelIntegratedComponent:63 - No mode defined for component null
2025-05-15 16:38:54,877 [WARN] ModelIntegratedComponent:63 - No mode defined for component null
2025-05-15 16:38:54,877 [WARN] ModelIntegratedComponent:63 - No mode defined for component null
2025-05-15 16:38:54,877 [WARN] ModelIntegratedComponent:63 - No mode defined for component null
2025-05-15 16:38:54,877 [WARN] ModelIntegratedComponent:63 - No mode defined for component null
2025-05-15 16:38:54,877 [WARN] ModelIntegratedComponent:63 - No mode defined for component null
2025-05-15 16:38:54,877 [WARN] ModelIntegratedComponent:63 - No mode defined for component null
2025-05-15 16:38:54,877 [WARN] ModelIntegratedComponent:63 - No mode defined for component null
2025-05-15 16:38:54,877 [WARN] ModelIntegratedComponent:63 - No mode defined for component null
2025-05-15 16:38:54,877 [WARN] ModelIntegratedComponent:63 - No mode defined for component null
2025-05-15 16:38:54,877 [WARN] ModelIntegratedComponent:63 - No mode defined for component null
2025-05-15 16:38:54,877 [WARN] ModelIntegratedComponent:63 - No mode defined for component null
2025-05-15 16:38:54,877 [WARN] ModelIntegratedComponent:63 - No mode defined for component null
2025-05-15 16:38:54,877 [WARN] ModelIntegratedComponent:63 - No mode defined for component null
2025-05-15 16:38:54,878 [WARN] ModelIntegratedComponent:63 - No mode defined for component null
2025-05-15 16:38:54,878 [WARN] ModelIntegratedComponent:63 - No mode defined for component null
2025-05-15 16:38:54,878 [WARN] ModelIntegratedComponent:63 - No mode defined for component null
2025-05-15 16:38:54,878 [WARN] ModelIntegratedComponent:63 - No mode defined for component null
2025-05-15 16:38:54,878 [WARN] ModelIntegratedComponent:63 - No mode defined for component null
2025-05-15 16:38:54,878 [WARN] ModelIntegratedComponent:63 - No mode defined for component null
2025-05-15 16:38:54,878 [WARN] ModelPack:524 - Component already loaded: STMicroelectronics:HAL Drivers:0.0.0:STMicroelectronics:Device:STMicro_Driver:XSPI:HAL::0.0.1:HAL_XSPI
2025-05-15 16:38:55,431 [INFO] ThirdPartyModel:298 - Start build external matchings
2025-05-15 16:38:56,706 [INFO] ThirdPartyModel:316 - End build external matchings
2025-05-15 16:38:56,741 [INFO] ImportTextPane:218 - (OptionalMessage_ERROR) IP (DMA) : Parameter (Instance) has Id (DAC1) currently not set
2025-05-15 16:38:56,742 [INFO] ImportTextPane:218 - (OptionalMessage_ERROR) IP (DMA) : Parameter (Channel) has Id (DAC1) currently not set
2025-05-15 16:38:56,742 [INFO] ImportTextPane:218 - (OptionalMessage_ERROR) IP (DMA) : Parameter (Direction) has Id (DAC1) currently not set
2025-05-15 16:38:56,742 [INFO] ImportTextPane:218 - (OptionalMessage_ERROR) IP (DMA) : Parameter (PeriphInc) has Id (DAC1) currently not set
2025-05-15 16:38:56,742 [INFO] ImportTextPane:218 - (OptionalMessage_ERROR) IP (DMA) : Parameter (MemInc) has Id (DAC1) currently not set
2025-05-15 16:38:56,743 [INFO] ImportTextPane:218 - (OptionalMessage_ERROR) IP (DMA) : Parameter (PeriphDataAlignment) has Id (DAC1) currently not set
2025-05-15 16:38:56,743 [INFO] ImportTextPane:218 - (OptionalMessage_ERROR) IP (DMA) : Parameter (MemDataAlignment) has Id (DAC1) currently not set
2025-05-15 16:38:56,743 [INFO] ImportTextPane:218 - (OptionalMessage_ERROR) IP (DMA) : Parameter (Mode) has Id (DAC1) currently not set
2025-05-15 16:38:56,743 [INFO] ImportTextPane:218 - (OptionalMessage_ERROR) IP (DMA) : Parameter (Priority) has Id (DAC1) currently not set
2025-05-15 16:38:56,743 [INFO] ImportTextPane:218 - (OptionalMessage_ERROR) IP (DMA) : Parameter (FIFOMode) has Id (DAC1) currently not set
2025-05-15 16:38:56,747 [INFO] ImportTextPane:218 - (OptionalMessage_ERROR) IP (RCC) : Parameter (RTCHSEDivFreq_Value) has invalid value (4000000)
2025-05-15 16:38:57,623 [INFO] ApiDb:581 - Connected to CubeFinder SQLite database (/Users/winstonhar/.stmcufinder/plugins/mcufinder/mcu/cube-finder-db.db)
2025-05-15 16:38:57,716 [INFO] ApiDb:668 - CubeFinder database Data Model version=2.1
2025-05-15 16:38:57,716 [INFO] ApiDb:669 - CubeFinder database Configuration version=3.0.39
2025-05-15 16:38:57,717 [INFO] ApiDb:670 - CubeFinder database generation date=2025-04-23 (1745419778)
2025-05-15 16:38:57,717 [INFO] ApiDb:671 - CubeFinder database FW Pack versions=[FP-ATR-ASTRA1_V2.0.0, FP-SNS-FLIGHT1_V5.1.0, FP-SNS-MOTENV1_V5.0.0, FP-SNS-MOTENVWB1_V1.4.0, FP-SNS-SMARTAG2_V1.2.0, FP-SNS-STBOX1_V2.0.0, STM32Cube_FW_C0_V1.4.0, STM32Cube_FW_F4_V1.28.1, STM32Cube_FW_F7_V1.17.2, STM32Cube_FW_G0_V1.6.2, STM32Cube_FW_G4_V1.6.1, STM32Cube_FW_H5_V1.5.0, STM32Cube_FW_H7RS_V1.2.0, STM32Cube_FW_H7_V1.12.1, STM32Cube_FW_L0_V1.12.2, STM32Cube_FW_L4_V1.18.1, STM32Cube_FW_L5_V1.5.1, STM32Cube_FW_N6_V1.1.1, STM32Cube_FW_U0_V1.2.0, STM32Cube_FW_U3_V1.1.0, STM32Cube_FW_U5_V1.7.0, STM32Cube_FW_WB0_V1.2.0, STM32Cube_FW_WBA_V1.6.0, STM32Cube_FW_WB_V1.22.0, STM32Cube_FW_WL3_V1.1.0, STM32Cube_FW_WL_V1.3.1, X-CUBE-ALGOBUILD_V1.4.0, X-CUBE-ALS_V1.0.2, X-CUBE-AZRTOS-F4_V1.1.0, X-CUBE-AZRTOS-F7_V1.1.0, X-CUBE-AZRTOS-G0_V1.1.0, X-CUBE-AZRTOS-G4_V2.0.0, X-CUBE-AZRTOS-H7RS_V1.1.0, X-CUBE-AZRTOS-H7_V3.3.0, X-CUBE-AZRTOS-L4_V2.0.0, X-CUBE-AZRTOS-L5_V2.0.0, X-CUBE-AZRTOS-WB_V2.0.0, X-CUBE-AZRTOS-WL_V2.0.0, X-CUBE-BLE1_V7.1.0, X-CUBE-BLE2_V3.3.0, X-CUBE-BLEMGR_V4.0.0, X-CUBE-EEPRMA1_V5.1.0, X-CUBE-FREERTOS_V1.3.0, X-CUBE-GNSS1_V6.0.0, X-CUBE-MEMS1_V11.2.0, X-CUBE-NFC4_V3.0.0, X-CUBE-NFC7_V1.0.1, X-CUBE-SFXS2LP1_V4.0.0, X-CUBE-SUBG2_V5.0.0, X-CUBE-TOF1_V3.4.3]
2025-05-15 16:38:57,890 [INFO] DbBoardsSqlite:226 - include board P-NUCLEO-WB55-NUCLEO as a kit item of type 'Nucleo-64'
2025-05-15 16:38:57,890 [INFO] DbBoardsSqlite:226 - include board P-NUCLEO-WB55-USBDONGLE as a kit item of type 'Nucleo USB Dongle'
2025-05-15 16:38:57,892 [INFO] DbBoardsSqlite:226 - include board STEVAL-IDP005V1 as a kit item of type 'Evaluation Board'
2025-05-15 16:38:57,892 [INFO] DbBoardsSqlite:226 - include board STEVAL-IDP005V2 as a kit item of type 'Evaluation Board'
2025-05-15 16:38:58,338 [INFO] ApiDb:240 - Found 895 in-development CPN: [B-G473E-ZEST1S, B-WB1M-WPAN1, B-WBA5M-WPAN, B-WL5M-SUBG1, NUCLEO-C031C6, NUCLEO-C051C8, NUCLEO-C071RB, NUCLEO-C092RC, NUCLEO-H503RB, NUCLEO-H533RE, NUCLEO-H563ZI, NUCLEO-H7S3L8, NUCLEO-N657X0-Q, NUCLEO-U031R8, NUCLEO-U083RC, NUCLEO-U385RG-Q, NUCLEO-U545RE-Q, NUCLEO-U5A5ZJ-Q, NUCLEO-WB05KZ, NUCLEO-WB07CC, NUCLEO-WB09KE, NUCLEO-WBA52CG, NUCLEO-WBA55CG, NUCLEO-WBA65RI, NUCLEO-WL33CC1, NUCLEO-WL33CC2, STEVAL-PROTEUS1, STEVAL-SMARTAG2, STEVAL-STWINBX1, STM320518-EVAL, STM32C0116-DK, STM32C011D6Y3TR, STM32C011D6Y6TR, STM32C011F4P3, STM32C011F4P6, STM32C011F4U3, STM32C011F4U6TR, STM32C011F6P3, STM32C011F6P6, STM32C011F6U3, STM32C011F6U6TR, STM32C011J4M3, STM32C011J4M6, STM32C011J6M3, STM32C011J6M6, STM32C0316-DK, STM32C031C4T3, STM32C031C4T6, STM32C031C4U3, STM32C031C4U6, STM32C031C6T3, STM32C031C6T6, STM32C031C6U3, STM32C031C6U6, STM32C031F4P3, STM32C031F4P6, STM32C031F6P3, STM32C031F6P6, STM32C031G4U3, STM32C031G4U6, STM32C031G6U3, STM32C031G6U6, STM32C031K4T3, STM32C031K4T6, STM32C031K4U3, STM32C031K4U6, STM32C031K6T3, STM32C031K6T6, STM32C031K6U3, STM32C031K6U6, STM32C051C6T6, STM32C051C6U6, STM32C051C8T6, STM32C051C8U6, STM32C051D8Y6TR, STM32C051F6P6, STM32C051F8P6, STM32C051G6U6, STM32C051G8U6, STM32C051K6T6, STM32C051K6U6, STM32C051K8T6, STM32C071C8T6, STM32C071C8T6N, STM32C071C8U6, STM32C071C8U6N, STM32C071CBT6, STM32C071CBT6N, STM32C071CBU6, STM32C071CBU6N, STM32C071F8P6, STM32C071F8P6N, STM32C071FBP6, STM32C071FBP6N, STM32C071FBY6TR, STM32C071G8U6, STM32C071G8U6N, STM32C071GBU6, STM32C071GBU6N, STM32C071K8T6, STM32C071K8T6N, STM32C071K8U6, STM32C071K8U6N, STM32C071KBT6, STM32C071KBT6N, STM32C071KBU6, STM32C071KBU6N, STM32C071R8T6, STM32C071R8T6N, STM32C071RBI6N, STM32C071RBT6, STM32C071RBT6N, STM32C091CBT6, STM32C091CBU6, STM32C091CCT6, STM32C091CCU6, STM32C091ECY6TR, STM32C091FBP6, STM32C091FCP6, STM32C091GBU6, STM32C091GCU6, STM32C091KBT6, STM32C091KBU6, STM32C091KCT6, STM32C091KCU6, STM32C091RBT6, STM32C091RCI6, STM32C091RCT6, STM32C092CBT6, STM32C092CBU6, STM32C092CCT6, STM32C092CCU6, STM32C092ECY6TR, STM32C092FBP6, STM32C092FCP6, STM32C092GBU6, STM32C092GCU6, STM32C092KBT6, STM32C092KBU6, STM32C092KCT6, STM32C092KCU6, STM32C092RBT6, STM32C092RCI6, STM32C092RCT6, STM32G071K8TXN, STM32G071K8UXN, STM32G081GBU6N, STM32G081KBT6N, STM32G081KBUXN, STM32G0B1CCT6N, STM32G0B1KCT6, STM32G0B1NEY6TR, STM32G0B1RCT6N, STM32G0C1CCT6, STM32G0C1CCT6N, STM32G0C1CCU6N, STM32G0C1CET6N, STM32G0C1CEU6N, STM32G0C1KCT6, STM32G0C1NEY6TR, STM32G0C1RCI6N, STM32G0C1RCT6N, STM32G0C1REI6N, STM32G0C1RET6N, STM32G0C1VCI6, STM32G0C1VEI6, STM32G411C6T3, STM32G411C6T6, STM32G411C6U3, STM32G411C6U6, STM32G411C8T3, STM32G411C8T6, STM32G411C8U3, STM32G411C8U6, STM32G411CBT3, STM32G411CBT6, STM32G411CBU3, STM32G411CBU6, STM32G411CCT3, STM32G411CCT6, STM32G411CCU3, STM32G411CCU6, STM32G411K6T3, STM32G411K6T6, STM32G411K6U3, STM32G411K6U6, STM32G411K8T3, STM32G411K8T6, STM32G411K8U3, STM32G411K8U6, STM32G411KBT3, STM32G411KBT6, STM32G411KBU3, STM32G411KBU6, STM32G411M6T3, STM32G411M6T6, STM32G411M8T3, STM32G411M8T6, STM32G411MBT3, STM32G411MBT6, STM32G411MCT3, STM32G411MCT6, STM32G411R6T3, STM32G411R6T6, STM32G411R8T3, STM32G411R8T6, STM32G411RBT3, STM32G411RBT6, STM32G411RCT3, STM32G411RCT6, STM32G414CBT3, STM32G414CBT6, STM32G414CBU3, STM32G414CBU6, STM32G414CCT3, STM32G414CCT6, STM32G414CCU3, STM32G414CCU6, STM32G414MBT3, STM32G414MBT6, STM32G414MCT3, STM32G414MCT6, STM32G414RBT3, STM32G414RBT6, STM32G414RCT3, STM32G414RCT6, STM32G414VBT3, STM32G414VBT6, STM32G414VCT3, STM32G414VCT6, STM32G431CBT3Z, STM32G431RBT3Z, STM32G471CCT6, STM32G471CCU6, STM32G471CET3, STM32G471CET6, STM32G471CEU3, STM32G471CEU6, STM32G471MCT6, STM32G471MET3, STM32G471MET6, STM32G471MEY6TR, STM32G471QCT6, STM32G471QET3, STM32G471RCT6, STM32G471RET3, STM32G471RET6, STM32G471VCH6, STM32G471VCI6, STM32G471VCT6, STM32G471VEH3, STM32G471VEH6, STM32G471VEI3, STM32G471VEI6, STM32G471VET3, STM32G471VET6, STM32G473QET3Z, STM32G473RET3Z, STM32G474CCT6, STM32G491RET3Z, STM32H503CBT6, STM32H503CBU6, STM32H503EBY6TR, STM32H503KBU6, STM32H503RBT6, STM32H523CCT6, STM32H523CCU6, STM32H523CET6, STM32H523CEU6, STM32H523HEY6TR, STM32H523RCT6, STM32H523RET6, STM32H523VCI6, STM32H523VCT6, STM32H523VEI6, STM32H523VET6, STM32H523ZCJ6, STM32H523ZCT6, STM32H523ZEJ6, STM32H523ZET6, STM32H533CET6, STM32H533CEU6, STM32H533HEY6TR, STM32H533RET6, STM32H533VEI6, STM32H533VET6, STM32H533ZEJ6, STM32H533ZET6, STM32H562AGI6, STM32H562AII6, STM32H562IGK6, STM32H562IGT6, STM32H562IIK6, STM32H562IIT6, STM32H562RGT6, STM32H562RGV6, STM32H562RIT6, STM32H562RIV6, STM32H562VGT6, STM32H562VIT6, STM32H562ZGT6, STM32H562ZIT6, STM32H563AGI6, STM32H563AII3Q, STM32H563AII6, STM32H563IGK6, STM32H563IGT6, STM32H563IIK3Q, STM32H563IIK6, STM32H563IIT3Q, STM32H563IIT6, STM32H563MIY3QTR, STM32H563RGT6, STM32H563RGV6, STM32H563RIT6, STM32H563RIV6, STM32H563VGT6, STM32H563VIT3Q, STM32H563VIT6, STM32H563ZGT6, STM32H563ZIT3Q, STM32H563ZIT6, STM32H573AII3Q, STM32H573AII6, STM32H573I-DK, STM32H573IIK3Q, STM32H573IIK6, STM32H573IIT3Q, STM32H573IIT6, STM32H573MIY3QTR, STM32H573RIT6, STM32H573RIV6, STM32H573VIT3Q, STM32H573VIT6, STM32H573ZIT3Q, STM32H573ZIT6, STM32H7R3A8I6, STM32H7R3I8K6, STM32H7R3I8T6, STM32H7R3L8H6, STM32H7R3L8H6H, STM32H7R3R8V6, STM32H7R3V8H6, STM32H7R3V8T6, STM32H7R3V8Y6TR, STM32H7R3Z8J6, STM32H7R3Z8T6, STM32H7R7A8I6, STM32H7R7I8K6, STM32H7R7I8T6, STM32H7R7L8H6, STM32H7R7L8H6H, STM32H7R7Z8J6, STM32H7S3A8I6, STM32H7S3I8K6, STM32H7S3I8T6, STM32H7S3L8H6, STM32H7S3L8H6H, STM32H7S3R8V6, STM32H7S3V8H6, STM32H7S3V8T6, STM32H7S3V8Y6TR, STM32H7S3Z8J6, STM32H7S3Z8T6, STM32H7S78-DK, STM32H7S7A8I6, STM32H7S7I8K6, STM32H7S7I8T6, STM32H7S7L8H6, STM32H7S7L8H6H, STM32H7S7Z8J6, STM32L4R5QGI6STR, STM32MP131AAE3, STM32MP131AAF3, STM32MP131AAG3, STM32MP131CAE3, STM32MP131CAF3, STM32MP131CAG3, STM32MP131DAE7, STM32MP131DAF7, STM32MP131DAG7, STM32MP131FAE7, STM32MP131FAF7, STM32MP131FAG7, STM32MP133AAE3, STM32MP133AAF3, STM32MP133AAG3, STM32MP133CAE3, STM32MP133CAF3, STM32MP133CAG3, STM32MP133DAE7, STM32MP133DAF7, STM32MP133DAG7, STM32MP133FAE7, STM32MP133FAF7, STM32MP133FAG7, STM32MP135AAE3, STM32MP135AAF3, STM32MP135AAG3, STM32MP135CAE3, STM32MP135CAF3, STM32MP135CAG3, STM32MP135DAE7, STM32MP135DAF7, STM32MP135DAG7, STM32MP135F-DK, STM32MP135FAE7, STM32MP135FAF7, STM32MP135FAF7T, STM32MP135FAF7U, STM32MP135FAG7, STM32MP231AAJ3, STM32MP231AAK3, STM32MP231AAL3, STM32MP231CAJ3, STM32MP231CAK3, STM32MP231CAL3, STM32MP231DAJ3, STM32MP231DAK3, STM32MP231DAL3, STM32MP231FAJ3, STM32MP231FAK3, STM32MP231FAL3, STM32MP233AAJ3, STM32MP233AAK3, STM32MP233AAL3, STM32MP233CAJ3, STM32MP233CAK3, STM32MP233CAL3, STM32MP233DAJ3, STM32MP233DAK3, STM32MP233DAL3, STM32MP233FAJ3, STM32MP233FAK3, STM32MP233FAL3, STM32MP235AAJ3, STM32MP235AAK3, STM32MP235AAL3, STM32MP235CAJ3, STM32MP235CAK3, STM32MP235CAL3, STM32MP235DAJ3, STM32MP235DAK3, STM32MP235DAL3, STM32MP235FAJ3, STM32MP235FAK3, STM32MP235FAL3, STM32MP251AAI3, STM32MP251AAJ3, STM32MP251AAK3, STM32MP251AAL3, STM32MP251CAI3, STM32MP251CAJ3, STM32MP251CAK3, STM32MP251CAL3, STM32MP251DAI3, STM32MP251DAJ3, STM32MP251DAK3, STM32MP251DAL3, STM32MP251FAI3, STM32MP251FAJ3, STM32MP251FAK3, STM32MP251FAL3, STM32MP253AAI3, STM32MP253AAJ3, STM32MP253AAK3, STM32MP253AAL3, STM32MP253CAI3, STM32MP253CAJ3, STM32MP253CAK3, STM32MP253CAL3, STM32MP253DAI3, STM32MP253DAJ3, STM32MP253DAK3, STM32MP253DAL3, STM32MP253FAI3, STM32MP253FAJ3, STM32MP253FAK3, STM32MP253FAL3, STM32MP255AAI3, STM32MP255AAJ3, STM32MP255AAK3, STM32MP255AAL3, STM32MP255CAI3, STM32MP255CAJ3, STM32MP255CAK3, STM32MP255CAL3, STM32MP255DAI3, STM32MP255DAJ3, STM32MP255DAK3, STM32MP255DAL3, STM32MP255FAI3, STM32MP255FAJ3, STM32MP255FAK3, STM32MP255FAL3, STM32MP257AAI3, STM32MP257AAJ3, STM32MP257AAK3, STM32MP257AAL3, STM32MP257CAI3, STM32MP257CAJ3, STM32MP257CAK3, STM32MP257CAL3, STM32MP257DAI3, STM32MP257DAJ3, STM32MP257DAK3, STM32MP257DAL3, STM32MP257F-DK, STM32MP257F-EV1, STM32MP257FAI3, STM32MP257FAJ3, STM32MP257FAK3, STM32MP257FAL3, STM32N645A0H3Q, STM32N645B0H3Q, STM32N645I0H3Q, STM32N645L0H3Q, STM32N645X0H3Q, STM32N645Z0H3Q, STM32N647A0H3Q, STM32N647B0H3Q, STM32N647I0H3Q, STM32N647L0H3Q, STM32N647X0H3Q, STM32N647Z0H3Q, STM32N655A0H3Q, STM32N655B0H3Q, STM32N655I0H3Q, STM32N655L0H3Q, STM32N655X0H3Q, STM32N655Z0H3Q, STM32N6570-DK, STM32N657A0H3Q, STM32N657B0H3Q, STM32N657I0H3Q, STM32N657L0H3Q, STM32N657X0H3Q, STM32N657Z0H3Q, STM32U031C6T6, STM32U031C6U6, STM32U031C8T6, STM32U031C8U6, STM32U031F4P6, STM32U031F6P6, STM32U031F8P6, STM32U031G6Y6TR, STM32U031G8Y6TR, STM32U031K4U6, STM32U031K6U6, STM32U031K8U6, STM32U031R6I6, STM32U031R6T6, STM32U031R8I6, STM32U031R8T6, STM32U073C8T6, STM32U073C8U6, STM32U073CBT6, STM32U073CBU6, STM32U073CCT6, STM32U073CCU6, STM32U073H8Y6TR, STM32U073HBY6TR, STM32U073HCY6TR, STM32U073K8U6, STM32U073KBU6, STM32U073KCU6, STM32U073M8I6, STM32U073M8T6, STM32U073MBI6, STM32U073MBT6, STM32U073MCI6, STM32U073MCT6, STM32U073R8I6, STM32U073R8T6, STM32U073RBI6, STM32U073RBT6, STM32U073RCI6, STM32U073RCT6, STM32U083C-DK, STM32U083CCT6, STM32U083CCU6, STM32U083HCY6TR, STM32U083KCU6, STM32U083MCI6, STM32U083MCT6, STM32U083RCI6, STM32U083RCT6, STM32U375CET6, STM32U375CET6Q, STM32U375CEU6, STM32U375CEU6Q, STM32U375CEY6QTR, STM32U375CGT6, STM32U375CGT6Q, STM32U375CGU6, STM32U375CGU6Q, STM32U375CGY6QTR, STM32U375KEU6, STM32U375KGU6, STM32U375REI6, STM32U375REI6Q, STM32U375RET6, STM32U375RET6Q, STM32U375REY6GTR, STM32U375REY6QTR, STM32U375RGI6, STM32U375RGI6Q, STM32U375RGT6, STM32U375RGT6Q, STM32U375RGY6GTR, STM32U375RGY6QTR, STM32U375VEI6, STM32U375VEI6Q, STM32U375VET6, STM32U375VET6Q, STM32U375VGI6, STM32U375VGI6Q, STM32U375VGT6, STM32U375VGT6Q, STM32U385CGT6, STM32U385CGT6Q, STM32U385CGU6, STM32U385CGU6Q, STM32U385CGY6QTR, STM32U385KGU6, STM32U385RGI6, STM32U385RGI6Q, STM32U385RGT6, STM32U385RGT6Q, STM32U385RGY6GTR, STM32U385RGY6QTR, STM32U385VGI6, STM32U385VGI6Q, STM32U385VGT6, STM32U385VGT6Q, STM32U535CBT6, STM32U535CBT6Q, STM32U535CBU6, STM32U535CBU6Q, STM32U535CCT6, STM32U535CCT6Q, STM32U535CCU6, STM32U535CCU6Q, STM32U535CET6, STM32U535CET6Q, STM32U535CEU6, STM32U535CEU6Q, STM32U535JEY6QTR, STM32U535NCY6QTR, STM32U535NEY6QTR, STM32U535RBI6, STM32U535RBI6Q, STM32U535RBT6, STM32U535RBT6Q, STM32U535RCI6, STM32U535RCI6Q, STM32U535RCT6, STM32U535RCT6Q, STM32U535REI6, STM32U535REI6Q, STM32U535RET6, STM32U535RET6Q, STM32U535VCI6, STM32U535VCI6Q, STM32U535VCT6, STM32U535VCT6Q, STM32U535VEI6, STM32U535VEI6Q, STM32U535VET6, STM32U535VET6Q, STM32U545CET6, STM32U545CET6Q, STM32U545CEU6, STM32U545CEU6Q, STM32U545JEY6QTR, STM32U545NEY6QTR, STM32U545REI6, STM32U545REI6Q, STM32U545RET6, STM32U545RET6Q, STM32U545VEI6, STM32U545VEI6Q, STM32U545VET6, STM32U545VET6Q, STM32U595AIH6, STM32U595AIH6Q, STM32U595AJH6, STM32U595AJH6Q, STM32U595QII6, STM32U595QII6Q, STM32U595QJI6, STM32U595QJI6Q, STM32U595RIT6, STM32U595RIT6Q, STM32U595RJT6, STM32U595RJT6Q, STM32U595VIT6, STM32U595VIT6Q, STM32U595VJT6, STM32U595VJT6Q, STM32U595ZIT6, STM32U595ZIT6Q, STM32U595ZIY6QTR, STM32U595ZJT6, STM32U595ZJT6Q, STM32U595ZJY6QTR, STM32U599BJY6QTR, STM32U599NIH6Q, STM32U599NJH6Q, STM32U599VIT6Q, STM32U599VJT6, STM32U599VJT6Q, STM32U599ZIT6Q, STM32U599ZIY6QTR, STM32U599ZJT6Q, STM32U599ZJY6QTR, STM32U5A5AJH6, STM32U5A5AJH6Q, STM32U5A5QII3Q , STM32U5A5QJI6, STM32U5A5QJI6Q, STM32U5A5RJT6, STM32U5A5RJT6Q, STM32U5A5VJT6, STM32U5A5VJT6Q, STM32U5A5ZJT6, STM32U5A5ZJT6Q, STM32U5A5ZJY6QTR, STM32U5A9BJY6QTR, STM32U5A9J-DK, STM32U5A9NJH6Q, STM32U5A9VJT6Q, STM32U5A9ZJT6Q, STM32U5A9ZJY6QTR, STM32U5F7VIT6, STM32U5F7VIT6Q, STM32U5F7VJT6, STM32U5F7VJT6Q, STM32U5F9BJY6QTR, STM32U5F9NJH6Q, STM32U5F9VIT6Q, STM32U5F9VJT6Q, STM32U5F9ZIJ6QTR, STM32U5F9ZIT6Q, STM32U5F9ZJJ6QTR, STM32U5F9ZJT6Q, STM32U5G7VJT6, STM32U5G7VJT6Q, STM32U5G9BJY6QTR, STM32U5G9J-DK1, STM32U5G9J-DK2, STM32U5G9NJH6Q, STM32U5G9VJT6Q, STM32U5G9ZJJ6QTR, STM32U5G9ZJT6Q, STM32WB05KZV6TR, STM32WB05KZV7TR, STM32WB05TZF6TR, STM32WB05TZF7TR, STM32WB06CCF6TR, STM32WB06CCF7TR, STM32WB06CCV6TR, STM32WB06CCV7TR, STM32WB06KCV6TR, STM32WB06KCV7TR, STM32WB07CCF6TR, STM32WB07CCF7TR, STM32WB07CCV6TR, STM32WB07CCV7TR, STM32WB07KCV6TR, STM32WB07KCV7TR, STM32WB09KEV6TR, STM32WB09KEV7TR, STM32WB09TEF6TR, STM32WB09TEF7TR, STM32WB1MMCH6, STM32WBA50KGU6, STM32WBA50KGU6TR, STM32WBA52CEU6, STM32WBA52CEU6TR, STM32WBA52CEU7, STM32WBA52CEU7TR, STM32WBA52CGU6, STM32WBA52CGU6TR, STM32WBA52CGU6U, STM32WBA52CGU7, STM32WBA52CGU7TR, STM32WBA52KEU6, STM32WBA52KEU6TR, STM32WBA52KGU6, STM32WBA52KGU6TR, STM32WBA54CEU6, STM32WBA54CEU6TR, STM32WBA54CEU7, STM32WBA54CEU7TR, STM32WBA54CGU6, STM32WBA54CGU6TR, STM32WBA54CGU7, STM32WBA54CGU7TR, STM32WBA54KEU6, STM32WBA54KEU6TR, STM32WBA54KEU7, STM32WBA54KEU7TR, STM32WBA54KGU6, STM32WBA54KGU6TR, STM32WBA54KGU7, STM32WBA54KGU7TR, STM32WBA55CEU6, STM32WBA55CEU6TR, STM32WBA55CEU7, STM32WBA55CEU7TR, STM32WBA55CGU6, STM32WBA55CGU6TR, STM32WBA55CGU6U, STM32WBA55CGU7, STM32WBA55CGU7TR, STM32WBA55G-DK1, STM32WBA55HEF6, STM32WBA55HEF7, STM32WBA55HGF6, STM32WBA55HGF7, STM32WBA55UEI6, STM32WBA55UEI6TR, STM32WBA55UEI7, STM32WBA55UEI7TR, STM32WBA55UGI6, STM32WBA55UGI6TR, STM32WBA55UGI7, STM32WBA55UGI7TR, STM32WBA5MJGH6TR, STM32WBA62CGU6, STM32WBA62CIU6, STM32WBA62MGF6, STM32WBA62MIF6, STM32WBA62PGI6, STM32WBA62PII6, STM32WBA63CGU6, STM32WBA63CGU7, STM32WBA63CIU6, STM32WBA63CIU7, STM32WBA64CGU6, STM32WBA64CGU7, STM32WBA64CIU6, STM32WBA64CIU7, STM32WBA65CGU6, STM32WBA65CGU7, STM32WBA65CIU6, STM32WBA65CIU7, STM32WBA65I-DK1, STM32WBA65MGF6, STM32WBA65MGF7, STM32WBA65MIF6, STM32WBA65MIF7, STM32WBA65PGI6, STM32WBA65PGI7, STM32WBA65PII6, STM32WBA65PII7, STM32WBA65RGV6, STM32WBA65RGV7, STM32WBA65RIV6, STM32WBA65RIV7, STM32WL30K8V6, STM32WL30KBV6, STM32WL31C8V6, STM32WL31CBV6, STM32WL31K8V6, STM32WL31KBV6, STM32WL33C8V6, STM32WL33C8V6TR, STM32WL33C8V7, STM32WL33C8V7TR, STM32WL33CBV6, STM32WL33CBV6TR, STM32WL33CBV7, STM32WL33CBV7TR, STM32WL33CCV6, STM32WL33CCV6TR, STM32WL33CCV7, STM32WL33CCV7A, STM32WL33CCV7ATR, STM32WL33CCV7TR, STM32WL33K8V6, STM32WL33K8V6TR, STM32WL33K8V7, STM32WL33K8V7TR, STM32WL33KBV6, STM32WL33KBV6TR, STM32WL33KBV7, STM32WL33KBV7TR, STM32WL33KCV6, STM32WL33KCV6TR, STM32WL33KCV7, STM32WL33KCV7TR, STM32WL5MOCH6, STM32WL5MOCH6TR]
2025-05-15 16:38:58,577 [INFO] BoardInfo:889 - No configuration file found for board P-NUCLEO-WB55
2025-05-15 16:38:58,578 [INFO] DbBoards:161 - Kit is not supported: P-NUCLEO-WB55
2025-05-15 16:38:58,586 [INFO] BoardInfo:889 - No configuration file found for board STEVAL-BFA001V1B
2025-05-15 16:38:58,587 [INFO] DbBoards:161 - Kit is not supported: STEVAL-BFA001V1B
2025-05-15 16:38:58,588 [INFO] BoardInfo:889 - No configuration file found for board STEVAL-BFA001V2B
2025-05-15 16:38:58,589 [INFO] DbBoards:161 - Kit is not supported: STEVAL-BFA001V2B
2025-05-15 16:38:58,793 [INFO] DbBoards:168 - Found 211 boards, 208 are supported
2025-05-15 16:38:58,794 [INFO] DbBoards:169 - Found 211 boards, 43 of them is supported for  Bsp
2025-05-15 16:38:58,797 [INFO] ApiDb:668 - CubeFinder database Data Model version=2.1
2025-05-15 16:38:58,797 [INFO] ApiDb:669 - CubeFinder database Configuration version=3.0.39
2025-05-15 16:38:58,797 [INFO] ApiDb:670 - CubeFinder database generation date=2025-04-23 (1745419778)
2025-05-15 16:38:58,798 [INFO] ApiDb:671 - CubeFinder database FW Pack versions=[FP-ATR-ASTRA1_V2.0.0, FP-SNS-FLIGHT1_V5.1.0, FP-SNS-MOTENV1_V5.0.0, FP-SNS-MOTENVWB1_V1.4.0, FP-SNS-SMARTAG2_V1.2.0, FP-SNS-STBOX1_V2.0.0, STM32Cube_FW_C0_V1.4.0, STM32Cube_FW_F4_V1.28.1, STM32Cube_FW_F7_V1.17.2, STM32Cube_FW_G0_V1.6.2, STM32Cube_FW_G4_V1.6.1, STM32Cube_FW_H5_V1.5.0, STM32Cube_FW_H7RS_V1.2.0, STM32Cube_FW_H7_V1.12.1, STM32Cube_FW_L0_V1.12.2, STM32Cube_FW_L4_V1.18.1, STM32Cube_FW_L5_V1.5.1, STM32Cube_FW_N6_V1.1.1, STM32Cube_FW_U0_V1.2.0, STM32Cube_FW_U3_V1.1.0, STM32Cube_FW_U5_V1.7.0, STM32Cube_FW_WB0_V1.2.0, STM32Cube_FW_WBA_V1.6.0, STM32Cube_FW_WB_V1.22.0, STM32Cube_FW_WL3_V1.1.0, STM32Cube_FW_WL_V1.3.1, X-CUBE-ALGOBUILD_V1.4.0, X-CUBE-ALS_V1.0.2, X-CUBE-AZRTOS-F4_V1.1.0, X-CUBE-AZRTOS-F7_V1.1.0, X-CUBE-AZRTOS-G0_V1.1.0, X-CUBE-AZRTOS-G4_V2.0.0, X-CUBE-AZRTOS-H7RS_V1.1.0, X-CUBE-AZRTOS-H7_V3.3.0, X-CUBE-AZRTOS-L4_V2.0.0, X-CUBE-AZRTOS-L5_V2.0.0, X-CUBE-AZRTOS-WB_V2.0.0, X-CUBE-AZRTOS-WL_V2.0.0, X-CUBE-BLE1_V7.1.0, X-CUBE-BLE2_V3.3.0, X-CUBE-BLEMGR_V4.0.0, X-CUBE-EEPRMA1_V5.1.0, X-CUBE-FREERTOS_V1.3.0, X-CUBE-GNSS1_V6.0.0, X-CUBE-MEMS1_V11.2.0, X-CUBE-NFC4_V3.0.0, X-CUBE-NFC7_V1.0.1, X-CUBE-SFXS2LP1_V4.0.0, X-CUBE-SUBG2_V5.0.0, X-CUBE-TOF1_V3.4.3]
2025-05-15 16:39:01,196 [INFO] ApiDb:240 - Found 895 in-development CPN: [B-G473E-ZEST1S, B-WB1M-WPAN1, B-WBA5M-WPAN, B-WL5M-SUBG1, NUCLEO-C031C6, NUCLEO-C051C8, NUCLEO-C071RB, NUCLEO-C092RC, NUCLEO-H503RB, NUCLEO-H533RE, NUCLEO-H563ZI, NUCLEO-H7S3L8, NUCLEO-N657X0-Q, NUCLEO-U031R8, NUCLEO-U083RC, NUCLEO-U385RG-Q, NUCLEO-U545RE-Q, NUCLEO-U5A5ZJ-Q, NUCLEO-WB05KZ, NUCLEO-WB07CC, NUCLEO-WB09KE, NUCLEO-WBA52CG, NUCLEO-WBA55CG, NUCLEO-WBA65RI, NUCLEO-WL33CC1, NUCLEO-WL33CC2, STEVAL-PROTEUS1, STEVAL-SMARTAG2, STEVAL-STWINBX1, STM320518-EVAL, STM32C0116-DK, STM32C011D6Y3TR, STM32C011D6Y6TR, STM32C011F4P3, STM32C011F4P6, STM32C011F4U3, STM32C011F4U6TR, STM32C011F6P3, STM32C011F6P6, STM32C011F6U3, STM32C011F6U6TR, STM32C011J4M3, STM32C011J4M6, STM32C011J6M3, STM32C011J6M6, STM32C0316-DK, STM32C031C4T3, STM32C031C4T6, STM32C031C4U3, STM32C031C4U6, STM32C031C6T3, STM32C031C6T6, STM32C031C6U3, STM32C031C6U6, STM32C031F4P3, STM32C031F4P6, STM32C031F6P3, STM32C031F6P6, STM32C031G4U3, STM32C031G4U6, STM32C031G6U3, STM32C031G6U6, STM32C031K4T3, STM32C031K4T6, STM32C031K4U3, STM32C031K4U6, STM32C031K6T3, STM32C031K6T6, STM32C031K6U3, STM32C031K6U6, STM32C051C6T6, STM32C051C6U6, STM32C051C8T6, STM32C051C8U6, STM32C051D8Y6TR, STM32C051F6P6, STM32C051F8P6, STM32C051G6U6, STM32C051G8U6, STM32C051K6T6, STM32C051K6U6, STM32C051K8T6, STM32C071C8T6, STM32C071C8T6N, STM32C071C8U6, STM32C071C8U6N, STM32C071CBT6, STM32C071CBT6N, STM32C071CBU6, STM32C071CBU6N, STM32C071F8P6, STM32C071F8P6N, STM32C071FBP6, STM32C071FBP6N, STM32C071FBY6TR, STM32C071G8U6, STM32C071G8U6N, STM32C071GBU6, STM32C071GBU6N, STM32C071K8T6, STM32C071K8T6N, STM32C071K8U6, STM32C071K8U6N, STM32C071KBT6, STM32C071KBT6N, STM32C071KBU6, STM32C071KBU6N, STM32C071R8T6, STM32C071R8T6N, STM32C071RBI6N, STM32C071RBT6, STM32C071RBT6N, STM32C091CBT6, STM32C091CBU6, STM32C091CCT6, STM32C091CCU6, STM32C091ECY6TR, STM32C091FBP6, STM32C091FCP6, STM32C091GBU6, STM32C091GCU6, STM32C091KBT6, STM32C091KBU6, STM32C091KCT6, STM32C091KCU6, STM32C091RBT6, STM32C091RCI6, STM32C091RCT6, STM32C092CBT6, STM32C092CBU6, STM32C092CCT6, STM32C092CCU6, STM32C092ECY6TR, STM32C092FBP6, STM32C092FCP6, STM32C092GBU6, STM32C092GCU6, STM32C092KBT6, STM32C092KBU6, STM32C092KCT6, STM32C092KCU6, STM32C092RBT6, STM32C092RCI6, STM32C092RCT6, STM32G071K8TXN, STM32G071K8UXN, STM32G081GBU6N, STM32G081KBT6N, STM32G081KBUXN, STM32G0B1CCT6N, STM32G0B1KCT6, STM32G0B1NEY6TR, STM32G0B1RCT6N, STM32G0C1CCT6, STM32G0C1CCT6N, STM32G0C1CCU6N, STM32G0C1CET6N, STM32G0C1CEU6N, STM32G0C1KCT6, STM32G0C1NEY6TR, STM32G0C1RCI6N, STM32G0C1RCT6N, STM32G0C1REI6N, STM32G0C1RET6N, STM32G0C1VCI6, STM32G0C1VEI6, STM32G411C6T3, STM32G411C6T6, STM32G411C6U3, STM32G411C6U6, STM32G411C8T3, STM32G411C8T6, STM32G411C8U3, STM32G411C8U6, STM32G411CBT3, STM32G411CBT6, STM32G411CBU3, STM32G411CBU6, STM32G411CCT3, STM32G411CCT6, STM32G411CCU3, STM32G411CCU6, STM32G411K6T3, STM32G411K6T6, STM32G411K6U3, STM32G411K6U6, STM32G411K8T3, STM32G411K8T6, STM32G411K8U3, STM32G411K8U6, STM32G411KBT3, STM32G411KBT6, STM32G411KBU3, STM32G411KBU6, STM32G411M6T3, STM32G411M6T6, STM32G411M8T3, STM32G411M8T6, STM32G411MBT3, STM32G411MBT6, STM32G411MCT3, STM32G411MCT6, STM32G411R6T3, STM32G411R6T6, STM32G411R8T3, STM32G411R8T6, STM32G411RBT3, STM32G411RBT6, STM32G411RCT3, STM32G411RCT6, STM32G414CBT3, STM32G414CBT6, STM32G414CBU3, STM32G414CBU6, STM32G414CCT3, STM32G414CCT6, STM32G414CCU3, STM32G414CCU6, STM32G414MBT3, STM32G414MBT6, STM32G414MCT3, STM32G414MCT6, STM32G414RBT3, STM32G414RBT6, STM32G414RCT3, STM32G414RCT6, STM32G414VBT3, STM32G414VBT6, STM32G414VCT3, STM32G414VCT6, STM32G431CBT3Z, STM32G431RBT3Z, STM32G471CCT6, STM32G471CCU6, STM32G471CET3, STM32G471CET6, STM32G471CEU3, STM32G471CEU6, STM32G471MCT6, STM32G471MET3, STM32G471MET6, STM32G471MEY6TR, STM32G471QCT6, STM32G471QET3, STM32G471RCT6, STM32G471RET3, STM32G471RET6, STM32G471VCH6, STM32G471VCI6, STM32G471VCT6, STM32G471VEH3, STM32G471VEH6, STM32G471VEI3, STM32G471VEI6, STM32G471VET3, STM32G471VET6, STM32G473QET3Z, STM32G473RET3Z, STM32G474CCT6, STM32G491RET3Z, STM32H503CBT6, STM32H503CBU6, STM32H503EBY6TR, STM32H503KBU6, STM32H503RBT6, STM32H523CCT6, STM32H523CCU6, STM32H523CET6, STM32H523CEU6, STM32H523HEY6TR, STM32H523RCT6, STM32H523RET6, STM32H523VCI6, STM32H523VCT6, STM32H523VEI6, STM32H523VET6, STM32H523ZCJ6, STM32H523ZCT6, STM32H523ZEJ6, STM32H523ZET6, STM32H533CET6, STM32H533CEU6, STM32H533HEY6TR, STM32H533RET6, STM32H533VEI6, STM32H533VET6, STM32H533ZEJ6, STM32H533ZET6, STM32H562AGI6, STM32H562AII6, STM32H562IGK6, STM32H562IGT6, STM32H562IIK6, STM32H562IIT6, STM32H562RGT6, STM32H562RGV6, STM32H562RIT6, STM32H562RIV6, STM32H562VGT6, STM32H562VIT6, STM32H562ZGT6, STM32H562ZIT6, STM32H563AGI6, STM32H563AII3Q, STM32H563AII6, STM32H563IGK6, STM32H563IGT6, STM32H563IIK3Q, STM32H563IIK6, STM32H563IIT3Q, STM32H563IIT6, STM32H563MIY3QTR, STM32H563RGT6, STM32H563RGV6, STM32H563RIT6, STM32H563RIV6, STM32H563VGT6, STM32H563VIT3Q, STM32H563VIT6, STM32H563ZGT6, STM32H563ZIT3Q, STM32H563ZIT6, STM32H573AII3Q, STM32H573AII6, STM32H573I-DK, STM32H573IIK3Q, STM32H573IIK6, STM32H573IIT3Q, STM32H573IIT6, STM32H573MIY3QTR, STM32H573RIT6, STM32H573RIV6, STM32H573VIT3Q, STM32H573VIT6, STM32H573ZIT3Q, STM32H573ZIT6, STM32H7R3A8I6, STM32H7R3I8K6, STM32H7R3I8T6, STM32H7R3L8H6, STM32H7R3L8H6H, STM32H7R3R8V6, STM32H7R3V8H6, STM32H7R3V8T6, STM32H7R3V8Y6TR, STM32H7R3Z8J6, STM32H7R3Z8T6, STM32H7R7A8I6, STM32H7R7I8K6, STM32H7R7I8T6, STM32H7R7L8H6, STM32H7R7L8H6H, STM32H7R7Z8J6, STM32H7S3A8I6, STM32H7S3I8K6, STM32H7S3I8T6, STM32H7S3L8H6, STM32H7S3L8H6H, STM32H7S3R8V6, STM32H7S3V8H6, STM32H7S3V8T6, STM32H7S3V8Y6TR, STM32H7S3Z8J6, STM32H7S3Z8T6, STM32H7S78-DK, STM32H7S7A8I6, STM32H7S7I8K6, STM32H7S7I8T6, STM32H7S7L8H6, STM32H7S7L8H6H, STM32H7S7Z8J6, STM32L4R5QGI6STR, STM32MP131AAE3, STM32MP131AAF3, STM32MP131AAG3, STM32MP131CAE3, STM32MP131CAF3, STM32MP131CAG3, STM32MP131DAE7, STM32MP131DAF7, STM32MP131DAG7, STM32MP131FAE7, STM32MP131FAF7, STM32MP131FAG7, STM32MP133AAE3, STM32MP133AAF3, STM32MP133AAG3, STM32MP133CAE3, STM32MP133CAF3, STM32MP133CAG3, STM32MP133DAE7, STM32MP133DAF7, STM32MP133DAG7, STM32MP133FAE7, STM32MP133FAF7, STM32MP133FAG7, STM32MP135AAE3, STM32MP135AAF3, STM32MP135AAG3, STM32MP135CAE3, STM32MP135CAF3, STM32MP135CAG3, STM32MP135DAE7, STM32MP135DAF7, STM32MP135DAG7, STM32MP135F-DK, STM32MP135FAE7, STM32MP135FAF7, STM32MP135FAF7T, STM32MP135FAF7U, STM32MP135FAG7, STM32MP231AAJ3, STM32MP231AAK3, STM32MP231AAL3, STM32MP231CAJ3, STM32MP231CAK3, STM32MP231CAL3, STM32MP231DAJ3, STM32MP231DAK3, STM32MP231DAL3, STM32MP231FAJ3, STM32MP231FAK3, STM32MP231FAL3, STM32MP233AAJ3, STM32MP233AAK3, STM32MP233AAL3, STM32MP233CAJ3, STM32MP233CAK3, STM32MP233CAL3, STM32MP233DAJ3, STM32MP233DAK3, STM32MP233DAL3, STM32MP233FAJ3, STM32MP233FAK3, STM32MP233FAL3, STM32MP235AAJ3, STM32MP235AAK3, STM32MP235AAL3, STM32MP235CAJ3, STM32MP235CAK3, STM32MP235CAL3, STM32MP235DAJ3, STM32MP235DAK3, STM32MP235DAL3, STM32MP235FAJ3, STM32MP235FAK3, STM32MP235FAL3, STM32MP251AAI3, STM32MP251AAJ3, STM32MP251AAK3, STM32MP251AAL3, STM32MP251CAI3, STM32MP251CAJ3, STM32MP251CAK3, STM32MP251CAL3, STM32MP251DAI3, STM32MP251DAJ3, STM32MP251DAK3, STM32MP251DAL3, STM32MP251FAI3, STM32MP251FAJ3, STM32MP251FAK3, STM32MP251FAL3, STM32MP253AAI3, STM32MP253AAJ3, STM32MP253AAK3, STM32MP253AAL3, STM32MP253CAI3, STM32MP253CAJ3, STM32MP253CAK3, STM32MP253CAL3, STM32MP253DAI3, STM32MP253DAJ3, STM32MP253DAK3, STM32MP253DAL3, STM32MP253FAI3, STM32MP253FAJ3, STM32MP253FAK3, STM32MP253FAL3, STM32MP255AAI3, STM32MP255AAJ3, STM32MP255AAK3, STM32MP255AAL3, STM32MP255CAI3, STM32MP255CAJ3, STM32MP255CAK3, STM32MP255CAL3, STM32MP255DAI3, STM32MP255DAJ3, STM32MP255DAK3, STM32MP255DAL3, STM32MP255FAI3, STM32MP255FAJ3, STM32MP255FAK3, STM32MP255FAL3, STM32MP257AAI3, STM32MP257AAJ3, STM32MP257AAK3, STM32MP257AAL3, STM32MP257CAI3, STM32MP257CAJ3, STM32MP257CAK3, STM32MP257CAL3, STM32MP257DAI3, STM32MP257DAJ3, STM32MP257DAK3, STM32MP257DAL3, STM32MP257F-DK, STM32MP257F-EV1, STM32MP257FAI3, STM32MP257FAJ3, STM32MP257FAK3, STM32MP257FAL3, STM32N645A0H3Q, STM32N645B0H3Q, STM32N645I0H3Q, STM32N645L0H3Q, STM32N645X0H3Q, STM32N645Z0H3Q, STM32N647A0H3Q, STM32N647B0H3Q, STM32N647I0H3Q, STM32N647L0H3Q, STM32N647X0H3Q, STM32N647Z0H3Q, STM32N655A0H3Q, STM32N655B0H3Q, STM32N655I0H3Q, STM32N655L0H3Q, STM32N655X0H3Q, STM32N655Z0H3Q, STM32N6570-DK, STM32N657A0H3Q, STM32N657B0H3Q, STM32N657I0H3Q, STM32N657L0H3Q, STM32N657X0H3Q, STM32N657Z0H3Q, STM32U031C6T6, STM32U031C6U6, STM32U031C8T6, STM32U031C8U6, STM32U031F4P6, STM32U031F6P6, STM32U031F8P6, STM32U031G6Y6TR, STM32U031G8Y6TR, STM32U031K4U6, STM32U031K6U6, STM32U031K8U6, STM32U031R6I6, STM32U031R6T6, STM32U031R8I6, STM32U031R8T6, STM32U073C8T6, STM32U073C8U6, STM32U073CBT6, STM32U073CBU6, STM32U073CCT6, STM32U073CCU6, STM32U073H8Y6TR, STM32U073HBY6TR, STM32U073HCY6TR, STM32U073K8U6, STM32U073KBU6, STM32U073KCU6, STM32U073M8I6, STM32U073M8T6, STM32U073MBI6, STM32U073MBT6, STM32U073MCI6, STM32U073MCT6, STM32U073R8I6, STM32U073R8T6, STM32U073RBI6, STM32U073RBT6, STM32U073RCI6, STM32U073RCT6, STM32U083C-DK, STM32U083CCT6, STM32U083CCU6, STM32U083HCY6TR, STM32U083KCU6, STM32U083MCI6, STM32U083MCT6, STM32U083RCI6, STM32U083RCT6, STM32U375CET6, STM32U375CET6Q, STM32U375CEU6, STM32U375CEU6Q, STM32U375CEY6QTR, STM32U375CGT6, STM32U375CGT6Q, STM32U375CGU6, STM32U375CGU6Q, STM32U375CGY6QTR, STM32U375KEU6, STM32U375KGU6, STM32U375REI6, STM32U375REI6Q, STM32U375RET6, STM32U375RET6Q, STM32U375REY6GTR, STM32U375REY6QTR, STM32U375RGI6, STM32U375RGI6Q, STM32U375RGT6, STM32U375RGT6Q, STM32U375RGY6GTR, STM32U375RGY6QTR, STM32U375VEI6, STM32U375VEI6Q, STM32U375VET6, STM32U375VET6Q, STM32U375VGI6, STM32U375VGI6Q, STM32U375VGT6, STM32U375VGT6Q, STM32U385CGT6, STM32U385CGT6Q, STM32U385CGU6, STM32U385CGU6Q, STM32U385CGY6QTR, STM32U385KGU6, STM32U385RGI6, STM32U385RGI6Q, STM32U385RGT6, STM32U385RGT6Q, STM32U385RGY6GTR, STM32U385RGY6QTR, STM32U385VGI6, STM32U385VGI6Q, STM32U385VGT6, STM32U385VGT6Q, STM32U535CBT6, STM32U535CBT6Q, STM32U535CBU6, STM32U535CBU6Q, STM32U535CCT6, STM32U535CCT6Q, STM32U535CCU6, STM32U535CCU6Q, STM32U535CET6, STM32U535CET6Q, STM32U535CEU6, STM32U535CEU6Q, STM32U535JEY6QTR, STM32U535NCY6QTR, STM32U535NEY6QTR, STM32U535RBI6, STM32U535RBI6Q, STM32U535RBT6, STM32U535RBT6Q, STM32U535RCI6, STM32U535RCI6Q, STM32U535RCT6, STM32U535RCT6Q, STM32U535REI6, STM32U535REI6Q, STM32U535RET6, STM32U535RET6Q, STM32U535VCI6, STM32U535VCI6Q, STM32U535VCT6, STM32U535VCT6Q, STM32U535VEI6, STM32U535VEI6Q, STM32U535VET6, STM32U535VET6Q, STM32U545CET6, STM32U545CET6Q, STM32U545CEU6, STM32U545CEU6Q, STM32U545JEY6QTR, STM32U545NEY6QTR, STM32U545REI6, STM32U545REI6Q, STM32U545RET6, STM32U545RET6Q, STM32U545VEI6, STM32U545VEI6Q, STM32U545VET6, STM32U545VET6Q, STM32U595AIH6, STM32U595AIH6Q, STM32U595AJH6, STM32U595AJH6Q, STM32U595QII6, STM32U595QII6Q, STM32U595QJI6, STM32U595QJI6Q, STM32U595RIT6, STM32U595RIT6Q, STM32U595RJT6, STM32U595RJT6Q, STM32U595VIT6, STM32U595VIT6Q, STM32U595VJT6, STM32U595VJT6Q, STM32U595ZIT6, STM32U595ZIT6Q, STM32U595ZIY6QTR, STM32U595ZJT6, STM32U595ZJT6Q, STM32U595ZJY6QTR, STM32U599BJY6QTR, STM32U599NIH6Q, STM32U599NJH6Q, STM32U599VIT6Q, STM32U599VJT6, STM32U599VJT6Q, STM32U599ZIT6Q, STM32U599ZIY6QTR, STM32U599ZJT6Q, STM32U599ZJY6QTR, STM32U5A5AJH6, STM32U5A5AJH6Q, STM32U5A5QII3Q , STM32U5A5QJI6, STM32U5A5QJI6Q, STM32U5A5RJT6, STM32U5A5RJT6Q, STM32U5A5VJT6, STM32U5A5VJT6Q, STM32U5A5ZJT6, STM32U5A5ZJT6Q, STM32U5A5ZJY6QTR, STM32U5A9BJY6QTR, STM32U5A9J-DK, STM32U5A9NJH6Q, STM32U5A9VJT6Q, STM32U5A9ZJT6Q, STM32U5A9ZJY6QTR, STM32U5F7VIT6, STM32U5F7VIT6Q, STM32U5F7VJT6, STM32U5F7VJT6Q, STM32U5F9BJY6QTR, STM32U5F9NJH6Q, STM32U5F9VIT6Q, STM32U5F9VJT6Q, STM32U5F9ZIJ6QTR, STM32U5F9ZIT6Q, STM32U5F9ZJJ6QTR, STM32U5F9ZJT6Q, STM32U5G7VJT6, STM32U5G7VJT6Q, STM32U5G9BJY6QTR, STM32U5G9J-DK1, STM32U5G9J-DK2, STM32U5G9NJH6Q, STM32U5G9VJT6Q, STM32U5G9ZJJ6QTR, STM32U5G9ZJT6Q, STM32WB05KZV6TR, STM32WB05KZV7TR, STM32WB05TZF6TR, STM32WB05TZF7TR, STM32WB06CCF6TR, STM32WB06CCF7TR, STM32WB06CCV6TR, STM32WB06CCV7TR, STM32WB06KCV6TR, STM32WB06KCV7TR, STM32WB07CCF6TR, STM32WB07CCF7TR, STM32WB07CCV6TR, STM32WB07CCV7TR, STM32WB07KCV6TR, STM32WB07KCV7TR, STM32WB09KEV6TR, STM32WB09KEV7TR, STM32WB09TEF6TR, STM32WB09TEF7TR, STM32WB1MMCH6, STM32WBA50KGU6, STM32WBA50KGU6TR, STM32WBA52CEU6, STM32WBA52CEU6TR, STM32WBA52CEU7, STM32WBA52CEU7TR, STM32WBA52CGU6, STM32WBA52CGU6TR, STM32WBA52CGU6U, STM32WBA52CGU7, STM32WBA52CGU7TR, STM32WBA52KEU6, STM32WBA52KEU6TR, STM32WBA52KGU6, STM32WBA52KGU6TR, STM32WBA54CEU6, STM32WBA54CEU6TR, STM32WBA54CEU7, STM32WBA54CEU7TR, STM32WBA54CGU6, STM32WBA54CGU6TR, STM32WBA54CGU7, STM32WBA54CGU7TR, STM32WBA54KEU6, STM32WBA54KEU6TR, STM32WBA54KEU7, STM32WBA54KEU7TR, STM32WBA54KGU6, STM32WBA54KGU6TR, STM32WBA54KGU7, STM32WBA54KGU7TR, STM32WBA55CEU6, STM32WBA55CEU6TR, STM32WBA55CEU7, STM32WBA55CEU7TR, STM32WBA55CGU6, STM32WBA55CGU6TR, STM32WBA55CGU6U, STM32WBA55CGU7, STM32WBA55CGU7TR, STM32WBA55G-DK1, STM32WBA55HEF6, STM32WBA55HEF7, STM32WBA55HGF6, STM32WBA55HGF7, STM32WBA55UEI6, STM32WBA55UEI6TR, STM32WBA55UEI7, STM32WBA55UEI7TR, STM32WBA55UGI6, STM32WBA55UGI6TR, STM32WBA55UGI7, STM32WBA55UGI7TR, STM32WBA5MJGH6TR, STM32WBA62CGU6, STM32WBA62CIU6, STM32WBA62MGF6, STM32WBA62MIF6, STM32WBA62PGI6, STM32WBA62PII6, STM32WBA63CGU6, STM32WBA63CGU7, STM32WBA63CIU6, STM32WBA63CIU7, STM32WBA64CGU6, STM32WBA64CGU7, STM32WBA64CIU6, STM32WBA64CIU7, STM32WBA65CGU6, STM32WBA65CGU7, STM32WBA65CIU6, STM32WBA65CIU7, STM32WBA65I-DK1, STM32WBA65MGF6, STM32WBA65MGF7, STM32WBA65MIF6, STM32WBA65MIF7, STM32WBA65PGI6, STM32WBA65PGI7, STM32WBA65PII6, STM32WBA65PII7, STM32WBA65RGV6, STM32WBA65RGV7, STM32WBA65RIV6, STM32WBA65RIV7, STM32WL30K8V6, STM32WL30KBV6, STM32WL31C8V6, STM32WL31CBV6, STM32WL31K8V6, STM32WL31KBV6, STM32WL33C8V6, STM32WL33C8V6TR, STM32WL33C8V7, STM32WL33C8V7TR, STM32WL33CBV6, STM32WL33CBV6TR, STM32WL33CBV7, STM32WL33CBV7TR, STM32WL33CCV6, STM32WL33CCV6TR, STM32WL33CCV7, STM32WL33CCV7A, STM32WL33CCV7ATR, STM32WL33CCV7TR, STM32WL33K8V6, STM32WL33K8V6TR, STM32WL33K8V7, STM32WL33K8V7TR, STM32WL33KBV6, STM32WL33KBV6TR, STM32WL33KBV7, STM32WL33KBV7TR, STM32WL33KCV6, STM32WL33KCV6TR, STM32WL33KCV7, STM32WL33KCV7TR, STM32WL5MOCH6, STM32WL5MOCH6TR]
2025-05-15 16:39:01,201 [INFO] DbMcus:218 - Found 4686 MCUs, 4686 are supported
2025-05-15 16:39:01,201 [INFO] ApiDb:423 - Load user favorites file /Users/winstonhar/.stm32cubeide/favorites.mcus.txt: 1 item(s)
2025-05-15 16:39:01,201 [INFO] ApiDb:427 - User favorites MCUs=[STM32F103RCT6]
2025-05-15 16:39:01,202 [INFO] DbMcus:224 - Set 1 / 1 favorites MCUs
2025-05-15 16:39:01,761 [INFO] ApiDb:423 - Load user favorites file /Users/winstonhar/.stm32cubeide/favorites.boards.txt: 0 item(s)
2025-05-15 16:39:01,761 [INFO] ApiDb:427 - User favorites Boards=[]
2025-05-15 16:39:01,762 [INFO] DbBoards:198 - Set 0 / 0 favorites Boards
2025-05-15 16:39:01,811 [INFO] UtilMem:75 - End LoadConfig() Used Memory: 512771664 Bytes (704643072)
2025-05-15 16:39:02,077 [WARN] ThirdParty:833 - waiting for thirdparty lock release [change project]
2025-05-15 16:39:02,077 [INFO] ThirdParty:835 - entering critical section [change project]
2025-05-15 16:39:02,077 [INFO] ThirdParty:1030 - CMSIS Pack Vendor :STMicroelectronics USBPD 4.1
2025-05-15 16:39:02,077 [INFO] ThirdParty:1030 - CMSIS Pack Vendor :STMicroelectronics X-CUBE-AZRTOS-H7 3.3.0
2025-05-15 16:39:02,077 [INFO] ThirdParty:1030 - CMSIS Pack Vendor :STMicroelectronics X-CUBE-NFC9 1.0.0
2025-05-15 16:39:02,077 [INFO] ThirdParty:1030 - CMSIS Pack Vendor :STMicroelectronics USB_HOST 2.0.0
2025-05-15 16:39:02,077 [INFO] ThirdParty:1030 - CMSIS Pack Vendor :STMicroelectronics FP-SNS-MOTENVWB1 1.4.0
2025-05-15 16:39:02,077 [INFO] ThirdParty:1030 - CMSIS Pack Vendor :STMicroelectronics X-CUBE-AZRTOS-F4 1.1.0
2025-05-15 16:39:02,078 [INFO] ThirdParty:1030 - CMSIS Pack Vendor :STMicroelectronics LIBJPEG 8.0.0
2025-05-15 16:39:02,078 [INFO] ThirdParty:1030 - CMSIS Pack Vendor :STMicroelectronics FP-ATR-ASTRA1 2.0.2
2025-05-15 16:39:02,078 [INFO] ThirdParty:1030 - CMSIS Pack Vendor :STMicroelectronics X-CUBE-BLE1 7.1.0
2025-05-15 16:39:02,078 [INFO] ThirdParty:1030 - CMSIS Pack Vendor :Avnet-IotConnect X-CUBE-IoTC-DA16k-PMOD 1.0.0
2025-05-15 16:39:02,078 [INFO] ThirdParty:1030 - CMSIS Pack Vendor :STMicroelectronics X-CUBE-SMBUS 2.1.0
2025-05-15 16:39:02,078 [INFO] ThirdParty:1030 - CMSIS Pack Vendor :STMicroelectronics X-CUBE-WB05N 1.1.0
2025-05-15 16:39:02,078 [INFO] ThirdParty:1030 - CMSIS Pack Vendor :wolfSSL I-CUBE-wolfMQTT 1.19.2
2025-05-15 16:39:02,078 [INFO] ThirdParty:1030 - CMSIS Pack Vendor :STMicroelectronics USB_DEVICE 3.0.0
2025-05-15 16:39:02,078 [INFO] ThirdParty:1030 - CMSIS Pack Vendor :STMicroelectronics X-CUBE-ISPU 2.1.0
2025-05-15 16:39:02,078 [INFO] ThirdParty:1030 - CMSIS Pack Vendor :STMicroelectronics X-CUBE-AZRTOS-WB 2.0.0
2025-05-15 16:39:02,078 [INFO] ThirdParty:1030 - CMSIS Pack Vendor :STMicroelectronics X-CUBE-GNSS1 7.0.1
2025-05-15 16:39:02,078 [INFO] ThirdParty:1030 - CMSIS Pack Vendor :STMicroelectronics X-CUBE-AZRTOS-F7 1.1.0
2025-05-15 16:39:02,078 [INFO] ThirdParty:1030 - CMSIS Pack Vendor :STMicroelectronics X-CUBE-AZRTOS-L5 2.0.0
2025-05-15 16:39:02,078 [INFO] ThirdParty:1030 - CMSIS Pack Vendor :STMicroelectronics X-CUBE-TOUCHGFX 4.25.0
2025-05-15 16:39:02,078 [INFO] ThirdParty:1030 - CMSIS Pack Vendor :STMicroelectronics USB_DEVICE 2.0.0
2025-05-15 16:39:02,079 [INFO] ThirdParty:1030 - CMSIS Pack Vendor :STMicroelectronics X-CUBE-NFC6 3.1.0
2025-05-15 16:39:02,079 [INFO] ThirdParty:1030 - CMSIS Pack Vendor :STMicroelectronics FP-SNS-STBOX1 2.0.0
2025-05-15 16:39:02,079 [INFO] ThirdParty:1030 - CMSIS Pack Vendor :STMicroelectronics X-CUBE-MEMS1 11.2.0
2025-05-15 16:39:02,079 [INFO] ThirdParty:1030 - CMSIS Pack Vendor :STMicroelectronics FreeRTOS 0.0.1
2025-05-15 16:39:02,079 [INFO] ThirdParty:1030 - CMSIS Pack Vendor :STMicroelectronics X-CUBE-AZRTOS-G0 1.1.0
2025-05-15 16:39:02,079 [INFO] ThirdParty:1030 - CMSIS Pack Vendor :STMicroelectronics X-CUBE-SAFEA1 1.2.2
2025-05-15 16:39:02,079 [INFO] ThirdParty:1030 - CMSIS Pack Vendor :STMicroelectronics X-CUBE-NFC4 3.0.0
2025-05-15 16:39:02,079 [INFO] ThirdParty:1030 - CMSIS Pack Vendor :STMicroelectronics X-CUBE-SUBG2 5.0.0
2025-05-15 16:39:02,079 [INFO] ThirdParty:1030 - CMSIS Pack Vendor :STMicroelectronics X-CUBE-AZRTOS-H7RS 1.1.0
2025-05-15 16:39:02,079 [INFO] ThirdParty:1030 - CMSIS Pack Vendor :STMicroelectronics STM32_WPAN 1.0.0
2025-05-15 16:39:02,080 [INFO] ThirdParty:1030 - CMSIS Pack Vendor :EmbeddedOffice I-CUBE-FS-RTOS 1.0.1
2025-05-15 16:39:02,080 [INFO] ThirdParty:1030 - CMSIS Pack Vendor :STMicroelectronics lwIP 2.0.3
2025-05-15 16:39:02,080 [INFO] ThirdParty:1030 - CMSIS Pack Vendor :Cesanta I-CUBE-Mongoose 7.13.0
2025-05-15 16:39:02,080 [INFO] ThirdParty:1030 - CMSIS Pack Vendor :STMicroelectronics USB_HOST 1.0.0
2025-05-15 16:39:02,080 [INFO] ThirdParty:1030 - CMSIS Pack Vendor :Infineon AIROC-Wi-Fi-Bluetooth-STM32 1.7.0
2025-05-15 16:39:02,080 [INFO] ThirdParty:1030 - CMSIS Pack Vendor :STMicroelectronics X-CUBE-AZRTOS-G4 2.0.0
2025-05-15 16:39:02,080 [INFO] ThirdParty:1030 - CMSIS Pack Vendor :STMicroelectronics X-CUBE-WB05N 2.0.0
2025-05-15 16:39:02,080 [INFO] ThirdParty:1030 - CMSIS Pack Vendor :STMicroelectronics PDM2PCM 3.1.0
2025-05-15 16:39:02,081 [INFO] ThirdParty:1030 - CMSIS Pack Vendor :STMicroelectronics PDM2PCM 3.3.0
2025-05-15 16:39:02,081 [INFO] ThirdParty:1030 - CMSIS Pack Vendor :wolfSSL I-CUBE-wolfTPM 3.8.0
2025-05-15 16:39:02,081 [INFO] ThirdParty:1030 - CMSIS Pack Vendor :STMicroelectronics X-CUBE-DISPLAY 3.0.0
2025-05-15 16:39:02,081 [INFO] ThirdParty:1030 - CMSIS Pack Vendor :wolfSSL I-CUBE-wolfSSH 1.4.20
2025-05-15 16:39:02,081 [INFO] ThirdParty:1030 - CMSIS Pack Vendor :STMicroelectronics X-CUBE-NFC7 2.0.0
2025-05-15 16:39:02,081 [INFO] ThirdParty:1030 - CMSIS Pack Vendor :STMicroelectronics X-CUBE-TCPP 4.2.0
2025-05-15 16:39:02,081 [INFO] ThirdParty:1030 - CMSIS Pack Vendor :RealThread X-CUBE-RT-Thread_Nano 4.1.1
2025-05-15 16:39:02,081 [INFO] ThirdParty:1030 - CMSIS Pack Vendor :STMicroelectronics FP-ATR-SIGFOX1 3.2.0
2025-05-15 16:39:02,081 [INFO] ThirdParty:1030 - CMSIS Pack Vendor :STMicroelectronics X-CUBE-NFC10 1.0.0
2025-05-15 16:39:02,081 [INFO] ThirdParty:1030 - CMSIS Pack Vendor :STMicroelectronics X-CUBE-BLEMGR 4.0.0
2025-05-15 16:39:02,081 [INFO] ThirdParty:1030 - CMSIS Pack Vendor :STMicroelectronics X-CUBE-EEPRMA1 5.1.0
2025-05-15 16:39:02,081 [INFO] ThirdParty:1030 - CMSIS Pack Vendor :STMicroelectronics X-CUBE-FREERTOS 1.3.1
2025-05-15 16:39:02,082 [INFO] ThirdParty:1030 - CMSIS Pack Vendor :STMicroelectronics HAL Drivers 0.0.0
2025-05-15 16:39:02,082 [INFO] ThirdParty:1030 - CMSIS Pack Vendor :STMicroelectronics MBEDTLS 2.16.2
2025-05-15 16:39:02,082 [INFO] ThirdParty:1030 - CMSIS Pack Vendor :STMicroelectronics X-CUBE-IPS 3.1.0
2025-05-15 16:39:02,082 [INFO] ThirdParty:1030 - CMSIS Pack Vendor :STMicroelectronics X-CUBE-ALS 1.0.2
2025-05-15 16:39:02,082 [INFO] ThirdParty:1030 - CMSIS Pack Vendor :emotas I-CUBE-CANOPEN 1.3.0
2025-05-15 16:39:02,082 [INFO] ThirdParty:1030 - CMSIS Pack Vendor :STMicroelectronics X-CUBE-FREERTOS 1.3.0
2025-05-15 16:39:02,082 [INFO] ThirdParty:1030 - CMSIS Pack Vendor :STMicroelectronics X-CUBE-NFC7 1.0.1
2025-05-15 16:39:02,082 [INFO] ThirdParty:1030 - CMSIS Pack Vendor :STMicroelectronics MBEDTLS 2.14.1
2025-05-15 16:39:02,082 [INFO] ThirdParty:1030 - CMSIS Pack Vendor :wolfSSL I-CUBE-wolfSSL 5.7.6
2025-05-15 16:39:02,082 [INFO] ThirdParty:1030 - CMSIS Pack Vendor :ITTIA_DB I-CUBE-ITTIADB 8.9.0
2025-05-15 16:39:02,082 [INFO] ThirdParty:1030 - CMSIS Pack Vendor :portGmbH I-Cube-SoM-uGOAL 1.1.0
2025-05-15 16:39:02,082 [INFO] ThirdParty:1030 - CMSIS Pack Vendor :quantropi X-CUBE-qispace-sdk-base 2.0.0
2025-05-15 16:39:02,082 [INFO] ThirdParty:1030 - CMSIS Pack Vendor :STMicroelectronics X-CUBE-AI 10.0.0
2025-05-15 16:39:02,082 [INFO] ThirdParty:1030 - CMSIS Pack Vendor :STMicroelectronics ThreadX 1.0.0
2025-05-15 16:39:02,083 [INFO] ThirdParty:1030 - CMSIS Pack Vendor :STMicroelectronics FP-SNS-SMARTAG2 1.2.0
2025-05-15 16:39:02,083 [INFO] ThirdParty:1030 - CMSIS Pack Vendor :STMicroelectronics FP-SNS-FLIGHT1 5.1.0
2025-05-15 16:39:02,083 [INFO] ThirdParty:1030 - CMSIS Pack Vendor :STMicroelectronics X-CUBE-MEMS1 11.1.0
2025-05-15 16:39:02,083 [INFO] ThirdParty:1030 - CMSIS Pack Vendor :STMicroelectronics X-CUBE-AZRTOS-WL 2.0.0
2025-05-15 16:39:02,083 [INFO] ThirdParty:1030 - CMSIS Pack Vendor :SEGGER I-CUBE-embOS 1.3.1
2025-05-15 16:39:02,083 [INFO] ThirdParty:1030 - CMSIS Pack Vendor :STMicroelectronics X-CUBE-ALGOBUILD 1.4.0
2025-05-15 16:39:02,083 [INFO] ThirdParty:1030 - CMSIS Pack Vendor :STMicroelectronics X-CUBE-DPower 1.3.0
2025-05-15 16:39:02,083 [INFO] ThirdParty:1030 - CMSIS Pack Vendor :STMicroelectronics FP-SNS-MOTENV1 5.0.0
2025-05-15 16:39:02,083 [INFO] ThirdParty:1030 - CMSIS Pack Vendor :STMicroelectronics USB_DEVICE 1.0.0
2025-05-15 16:39:02,083 [INFO] ThirdParty:1030 - CMSIS Pack Vendor :STMicroelectronics X-CUBE-AZRTOS-L4 2.0.0
2025-05-15 16:39:02,083 [INFO] ThirdParty:1030 - CMSIS Pack Vendor :STMicroelectronics ThreadX 0.0.2
2025-05-15 16:39:02,083 [INFO] ThirdParty:1030 - CMSIS Pack Vendor :WES I-CUBE-Cesium 1.3.0
2025-05-15 16:39:02,083 [INFO] ThirdParty:1030 - CMSIS Pack Vendor :STMicroelectronics lwIP 2.1.2
2025-05-15 16:39:02,083 [INFO] ThirdParty:1030 - CMSIS Pack Vendor :STMicroelectronics X-CUBE-SFXS2LP1 4.0.0
2025-05-15 16:39:02,083 [INFO] ThirdParty:1030 - CMSIS Pack Vendor :STMicroelectronics X-CUBE-BLE2 3.3.0
2025-05-15 16:39:02,083 [INFO] ThirdParty:1030 - CMSIS Pack Vendor :STMicroelectronics X-CUBE-TOF1 3.4.2
2025-05-15 16:39:02,083 [INFO] ThirdParty:1030 - CMSIS Pack Vendor :STMicroelectronics X-CUBE-TOF1 3.4.3
2025-05-15 16:39:02,083 [INFO] ThirdParty:1030 - CMSIS Pack Vendor :STMicroelectronics PDM2PCM 3.2.0
2025-05-15 16:39:02,084 [INFO] ThirdParty:841 - exiting critical section [change project]
2025-05-15 16:39:02,886 [INFO] PinOutPanel:1589 - setPackage(No Configuration,No Configuration)
2025-05-15 16:39:02,888 [INFO] PinOutPanel:1589 - setPackage(STM32F407VGTx,LQFP100)
2025-05-15 16:39:03,484 [INFO] UtilMem:75 - Before build in PCC Used Memory: 398940216 Bytes (759169024)
2025-05-15 16:39:04,181 [INFO] UtilMem:75 - After build in PCC Used Memory: 522872624 Bytes (759169024)
2025-05-15 16:39:04,249 [INFO] ApiDbMcu:508 - Load IP Config File for USB_HOST
2025-05-15 16:39:04,251 [WARN] BspModel:444 - BSP dependency skipped because of component: name='IOExpander', api='Unknown'
2025-05-15 16:39:04,285 [INFO] IPUIPlugin:80 - create IPUIPlugin
2025-05-15 16:39:04,285 [INFO] IPUIPlugin:80 - create IPUIPlugin
2025-05-15 16:39:04,285 [INFO] IPUIPlugin:80 - create IPUIPlugin
2025-05-15 16:39:04,285 [INFO] IPUIPlugin:80 - create IPUIPlugin
2025-05-15 16:39:04,286 [INFO] IPUIPlugin:80 - create IPUIPlugin
2025-05-15 16:39:04,286 [INFO] IPUIPlugin:80 - create IPUIPlugin
2025-05-15 16:39:04,286 [INFO] IPUIPlugin:80 - create IPUIPlugin
2025-05-15 16:39:04,286 [INFO] IPUIPlugin:80 - create IPUIPlugin
2025-05-15 16:39:04,287 [INFO] IPUIPlugin:80 - create IPUIPlugin
2025-05-15 16:39:04,287 [INFO] IPUIPlugin:80 - create IPUIPlugin
2025-05-15 16:39:04,287 [INFO] IPUIPlugin:80 - create IPUIPlugin
2025-05-15 16:39:04,287 [INFO] IPUIPlugin:80 - create IPUIPlugin
2025-05-15 16:39:04,287 [INFO] IPUIPlugin:80 - create IPUIPlugin
2025-05-15 16:39:04,287 [INFO] IPUIPlugin:80 - create IPUIPlugin
2025-05-15 16:39:04,288 [INFO] IPUIPlugin:80 - create IPUIPlugin
2025-05-15 16:39:04,288 [INFO] IPUIPlugin:80 - create IPUIPlugin
2025-05-15 16:39:04,289 [INFO] IPUIPlugin:80 - create IPUIPlugin
2025-05-15 16:39:04,289 [INFO] IPUIPlugin:80 - create IPUIPlugin
2025-05-15 16:39:04,289 [INFO] IPUIPlugin:80 - create IPUIPlugin
2025-05-15 16:39:04,289 [INFO] IPUIPlugin:80 - create IPUIPlugin
2025-05-15 16:39:04,290 [INFO] IPUIPlugin:80 - create IPUIPlugin
2025-05-15 16:39:04,290 [INFO] IPUIPlugin:80 - create IPUIPlugin
2025-05-15 16:39:04,290 [INFO] IPUIPlugin:80 - create IPUIPlugin
2025-05-15 16:39:04,291 [INFO] IPUIPlugin:80 - create IPUIPlugin
2025-05-15 16:39:04,291 [INFO] IPUIPlugin:80 - create IPUIPlugin
2025-05-15 16:39:04,291 [INFO] IPUIPlugin:80 - create IPUIPlugin
2025-05-15 16:39:04,292 [INFO] IPUIPlugin:80 - create IPUIPlugin
2025-05-15 16:39:04,292 [INFO] IPUIPlugin:80 - create IPUIPlugin
2025-05-15 16:39:04,292 [INFO] IPUIPlugin:80 - create IPUIPlugin
2025-05-15 16:39:04,293 [INFO] IPUIPlugin:80 - create IPUIPlugin
2025-05-15 16:39:04,293 [INFO] IPUIPlugin:80 - create IPUIPlugin
2025-05-15 16:39:04,293 [INFO] IPUIPlugin:80 - create IPUIPlugin
2025-05-15 16:39:04,293 [INFO] IPUIPlugin:80 - create IPUIPlugin
2025-05-15 16:39:04,293 [INFO] IPUIPlugin:80 - create IPUIPlugin
2025-05-15 16:39:04,294 [INFO] IPUIPlugin:80 - create IPUIPlugin
2025-05-15 16:39:04,294 [INFO] IPUIPlugin:80 - create IPUIPlugin
2025-05-15 16:39:04,294 [INFO] IPUIPlugin:80 - create IPUIPlugin
2025-05-15 16:39:04,294 [INFO] IPUIPlugin:80 - create IPUIPlugin
2025-05-15 16:39:04,294 [INFO] IPUIPlugin:80 - create IPUIPlugin
2025-05-15 16:39:04,294 [INFO] IPUIPlugin:80 - create IPUIPlugin
2025-05-15 16:39:04,295 [INFO] IPUIPlugin:80 - create IPUIPlugin
2025-05-15 16:39:04,295 [INFO] IPUIPlugin:80 - create IPUIPlugin
2025-05-15 16:39:04,295 [INFO] IPUIPlugin:80 - create IPUIPlugin
2025-05-15 16:39:04,295 [INFO] IPUIPlugin:80 - create IPUIPlugin
2025-05-15 16:39:04,295 [INFO] IPUIPlugin:80 - create IPUIPlugin
2025-05-15 16:39:04,296 [INFO] IPUIPlugin:80 - create IPUIPlugin
2025-05-15 16:39:04,296 [INFO] IPUIPlugin:80 - create IPUIPlugin
2025-05-15 16:39:04,296 [INFO] IPUIPlugin:80 - create IPUIPlugin
2025-05-15 16:39:04,296 [INFO] IPUIPlugin:80 - create IPUIPlugin
2025-05-15 16:39:04,297 [INFO] IPUIPlugin:80 - create IPUIPlugin
2025-05-15 16:39:04,297 [INFO] IPUIPlugin:80 - create IPUIPlugin
2025-05-15 16:39:04,298 [INFO] IPUIPlugin:80 - create IPUIPlugin
2025-05-15 16:39:04,298 [INFO] IPUIPlugin:80 - create IPUIPlugin
2025-05-15 16:39:04,299 [INFO] IPUIPlugin:80 - create IPUIPlugin
2025-05-15 16:39:04,299 [INFO] IPUIPlugin:80 - create IPUIPlugin
2025-05-15 16:39:04,300 [INFO] IPUIPlugin:80 - create IPUIPlugin
2025-05-15 16:39:04,300 [INFO] IPUIPlugin:80 - create IPUIPlugin
2025-05-15 16:39:04,301 [INFO] IPUIPlugin:80 - create IPUIPlugin
2025-05-15 16:39:04,309 [INFO] ApiDbMcu:508 - Load IP Config File for PDM2PCM
2025-05-15 16:39:04,320 [WARN] IP:2250 - I2C_Coeff_DF not found: check if there is a RefParameter without a condition.
2025-05-15 16:39:04,320 [WARN] IP:2250 - Analog_Filter not found: check if there is a RefParameter without a condition.
2025-05-15 16:39:04,644 [INFO] CADModel:165 - CPN selected for project levelSTM32F407VGT6
2025-05-15 16:39:04,644 [INFO] CADModel:114 - Register for checkConnection events
2025-05-15 16:39:04,686 [INFO] OpenFileManager:385 - Restore cursor
2025-05-15 16:39:04,947 [WARN] IP:2250 - I2C_Coeff_DF not found: check if there is a RefParameter without a condition.
2025-05-15 16:39:04,947 [WARN] IP:2250 - Analog_Filter not found: check if there is a RefParameter without a condition.
2025-05-15 16:39:04,948 [WARN] IP:2250 - I2C_Coeff_DF not found: check if there is a RefParameter without a condition.
2025-05-15 16:39:04,948 [WARN] IP:2250 - Analog_Filter not found: check if there is a RefParameter without a condition.
2025-05-15 16:39:13,660 [INFO] ADCParametersView:116 -                Rank 1 : false
2025-05-15 16:39:14,020 [INFO] ADCParametersView:116 -                Rank 1 : false
2025-05-15 16:39:14,021 [INFO] ADCParametersView:116 -                Rank 1 : false
2025-05-15 16:39:14,022 [INFO] ADCParametersView:116 -                Rank 1 : false
2025-05-15 16:39:14,022 [INFO] ADCParametersView:116 -                Rank 1 : false
2025-05-15 16:39:14,022 [INFO] ADCParametersView:116 -                Rank 1 : false
2025-05-15 16:39:14,022 [INFO] ADCParametersView:116 -                Rank 1 : false
2025-05-15 16:39:14,023 [INFO] ADCParametersView:116 -                Rank 1 : false
2025-05-15 16:39:14,023 [INFO] ADCParametersView:116 -                Rank 1 : false
2025-05-15 16:39:14,023 [INFO] ADCParametersView:116 -                Rank 1 : false
2025-05-15 16:39:14,023 [INFO] ADCParametersView:116 -                Rank 1 : false
2025-05-15 16:39:14,023 [INFO] ADCParametersView:116 -                Rank 1 : false
2025-05-15 16:39:14,024 [INFO] ADCParametersView:116 -                Rank 1 : false
2025-05-15 16:39:14,024 [INFO] ADCParametersView:116 -                Rank 1 : false
2025-05-15 16:39:14,024 [INFO] ADCParametersView:116 -                Rank 1 : false
2025-05-15 16:39:14,119 [INFO] ADCParametersView:116 -                Rank 1 : false
2025-05-15 17:12:33,326 [ERROR] LogOutputStream:75 - [STDERR_REDIRECT] 
