2025-05-17 14:40:26,920 [INFO] Activator:176 - 


2025-05-17 14:40:26,929 [INFO] Activator:177 - !SESSION log4j initialized
2025-05-17 14:40:31,966 [INFO] LogOutputStream:77 - [STDOUT_REDIRECT] 
2025-05-17 14:40:33,292 [INFO] LogOutputStream:77 - [STDOUT_REDIRECT] 
2025-05-17 14:40:33,305 [ERROR] LogOutputStream:75 - [STDERR_REDIRECT] java.net.URISyntaxException: Illegal character in path at index 38: file:/Users/winstonhar/ENCE-3231/Phase A/Projects/.metadata/.log4j2.xml
2025-05-17 14:40:33,307 [ERROR] LogOutputStream:75 - [STDERR_REDIRECT] 	at java.base/java.net.URI$Parser.fail(URI.java:2995)
2025-05-17 14:40:33,308 [ERROR] LogOutputStream:75 - [STDERR_REDIRECT] 	at java.base/java.net.URI$Parser.checkChars(URI.java:3166)
2025-05-17 14:40:33,308 [ERROR] LogOutputStream:75 - [STDERR_REDIRECT] 	at java.base/java.net.URI$Parser.parseHierarchical(URI.java:3248)
2025-05-17 14:40:33,309 [ERROR] LogOutputStream:75 - [STDERR_REDIRECT] 	at java.base/java.net.URI$Parser.parse(URI.java:3196)
2025-05-17 14:40:33,309 [ERROR] LogOutputStream:75 - [STDERR_REDIRECT] 	at java.base/java.net.URI.<init>(URI.java:645)
2025-05-17 14:40:33,310 [ERROR] LogOutputStream:75 - [STDERR_REDIRECT] 	at java.base/java.net.URL.toURI(URL.java:1220)
2025-05-17 14:40:33,310 [ERROR] LogOutputStream:75 - [STDERR_REDIRECT] 	at com.st.stm32cube.common.mx.core.CubeMxInstance.getInstance(CubeMxInstance.java:81)
2025-05-17 14:40:33,311 [ERROR] LogOutputStream:75 - [STDERR_REDIRECT] 	at com.st.stm32cube.common.mx.userauth.UserAuthAdapter.<init>(UserAuthAdapter.java:25)
2025-05-17 14:40:33,311 [ERROR] LogOutputStream:75 - [STDERR_REDIRECT] 	at com.st.stm32cube.common.mx.userauth.UserAuthProvider.getUserAuthAdapter(UserAuthProvider.java:16)
2025-05-17 14:40:33,312 [ERROR] LogOutputStream:75 - [STDERR_REDIRECT] 	at com.st.stm32cube.common.ecosystemintegration.ui.core.MCUEcoSystemIntegrationUiHelper.getUserAuth(MCUEcoSystemIntegrationUiHelper.java:100)
2025-05-17 14:40:33,312 [ERROR] LogOutputStream:75 - [STDERR_REDIRECT] 	at com.st.stm32cube.ide.mcu.userauth.UserAuthStartup.earlyStartup(UserAuthStartup.java:32)
2025-05-17 14:40:33,312 [ERROR] LogOutputStream:75 - [STDERR_REDIRECT] 	at org.eclipse.ui.internal.EarlyStartupRunnable.runEarlyStartup(EarlyStartupRunnable.java:79)
2025-05-17 14:40:33,313 [ERROR] LogOutputStream:75 - [STDERR_REDIRECT] 	at org.eclipse.ui.internal.EarlyStartupRunnable.run(EarlyStartupRunnable.java:55)
2025-05-17 14:40:33,316 [ERROR] LogOutputStream:75 - [STDERR_REDIRECT] 	at org.eclipse.core.runtime.SafeRunner.run(SafeRunner.java:47)
2025-05-17 14:40:33,316 [ERROR] LogOutputStream:75 - [STDERR_REDIRECT] 	at org.eclipse.ui.internal.Workbench$39.run(Workbench.java:2733)
2025-05-17 14:40:33,317 [ERROR] LogOutputStream:75 - [STDERR_REDIRECT] 	at org.eclipse.core.internal.jobs.Worker.run(Worker.java:63)
2025-05-17 14:40:33,488 [ERROR] LogOutputStream:75 - [STDERR_REDIRECT] 
2025-05-17 14:40:34,220 [INFO] ApplicationProperties:184 - Using Application install path: /Applications/STM32CubeIDE.app/Contents/Eclipse/plugins/com.st.stm32cube.common.mx_6.14.1.202504091515
2025-05-17 14:40:34,243 [INFO] DbMcusXml:78 - Set database path to: /Applications/STM32CubeIDE.app/Contents/Eclipse/plugins/com.st.stm32cube.common.mx_6.14.1.202504091515//db//mcu/
2025-05-17 14:40:34,243 [INFO] ApiDb:274 - Set plugin database path to: /Applications/STM32CubeIDE.app/Contents/Eclipse/plugins/com.st.stm32cube.common.mx_6.14.1.202504091515//db//plugins/boardmanager/
2025-05-17 14:40:34,244 [WARN] ApiDb:259 - Overriding images path with different value:  => /Applications/STM32CubeIDE.app/Contents/Eclipse/plugins/com.st.stm32cube.common.mx_6.14.1.202504091515//db//plugins/mcufinder/images/
2025-05-17 14:40:34,255 [INFO] ApiDb:250 - Set database path to: /Users/winstonhar/.stmcufinder/plugins/mcufinder//mcu/
2025-05-17 14:40:34,257 [INFO] DbMcusAds:125 - Set database path to: /Users/winstonhar/.stmcufinder/plugins/mcufinder//mcu/
2025-05-17 14:40:34,260 [INFO] CrossReferenceDbSqlite:203 - Set database path to: /Users/winstonhar/.stmcufinder/plugins/mcufinder//mcu/cs/
2025-05-17 14:40:34,423 [INFO] RulesReader:64 - Compatibility file has been processed (302 Rules)
2025-05-17 14:40:34,565 [INFO] DbMcusXml:78 - Set database path to: /Applications/STM32CubeIDE.app/Contents/Eclipse/plugins/com.st.stm32cube.common.mx_6.14.1.202504091515//db//mcu/
2025-05-17 14:40:34,565 [INFO] ApiDb:274 - Set plugin database path to: /Applications/STM32CubeIDE.app/Contents/Eclipse/plugins/com.st.stm32cube.common.mx_6.14.1.202504091515//db//plugins/boardmanager/
2025-05-17 14:40:34,566 [INFO] ApiDb:261 - Set plugin images path to: /Applications/STM32CubeIDE.app/Contents/Eclipse/plugins/com.st.stm32cube.common.mx_6.14.1.202504091515//db//plugins/mcufinder/images/
2025-05-17 14:40:34,566 [WARN] DbFile:41 - Overriding database path with different value: /Users/winstonhar/.stmcufinder/plugins/mcufinder/ => /Users/winstonhar/.stmcufinder/plugins/mcufinder
2025-05-17 14:40:34,566 [INFO] ApiDb:250 - Set database path to: /Users/winstonhar/.stmcufinder/plugins/mcufinder//mcu/
2025-05-17 14:40:34,566 [WARN] DbFile:41 - Overriding database path with different value: /Users/winstonhar/.stmcufinder/plugins/mcufinder/ => /Users/winstonhar/.stmcufinder/plugins/mcufinder
2025-05-17 14:40:34,566 [INFO] DbMcusAds:125 - Set database path to: /Users/winstonhar/.stmcufinder/plugins/mcufinder//mcu/
2025-05-17 14:40:34,566 [WARN] DbFile:41 - Overriding database path with different value: /Users/winstonhar/.stmcufinder/plugins/mcufinder/ => /Users/winstonhar/.stmcufinder/plugins/mcufinder
2025-05-17 14:40:34,566 [WARN] DbFile:41 - Overriding database path with different value: /Users/winstonhar/.stmcufinder/plugins/mcufinder/ => /Users/winstonhar/.stmcufinder/plugins/mcufinder
2025-05-17 14:40:34,566 [INFO] CrossReferenceDbSqlite:203 - Set database path to: /Users/winstonhar/.stmcufinder/plugins/mcufinder//mcu/cs/
2025-05-17 14:40:34,668 [INFO] MainPanel:272 - HeapMemory: 268435456
2025-05-17 14:40:35,277 [INFO] DbMcusXml:78 - Set database path to: /Applications/STM32CubeIDE.app/Contents/Eclipse/plugins/com.st.stm32cube.common.mx_6.14.1.202504091515//db//mcu/
2025-05-17 14:40:35,277 [INFO] ApiDb:274 - Set plugin database path to: /Applications/STM32CubeIDE.app/Contents/Eclipse/plugins/com.st.stm32cube.common.mx_6.14.1.202504091515//db//plugins/boardmanager/
2025-05-17 14:40:35,277 [INFO] ApiDb:261 - Set plugin images path to: /Applications/STM32CubeIDE.app/Contents/Eclipse/plugins/com.st.stm32cube.common.mx_6.14.1.202504091515//db//plugins/mcufinder/images/
2025-05-17 14:40:35,277 [WARN] DbFile:41 - Overriding database path with different value: /Users/winstonhar/.stmcufinder/plugins/mcufinder/ => /Users/winstonhar/.stmcufinder/plugins/mcufinder
2025-05-17 14:40:35,278 [INFO] ApiDb:250 - Set database path to: /Users/winstonhar/.stmcufinder/plugins/mcufinder//mcu/
2025-05-17 14:40:35,278 [WARN] DbFile:41 - Overriding database path with different value: /Users/winstonhar/.stmcufinder/plugins/mcufinder/ => /Users/winstonhar/.stmcufinder/plugins/mcufinder
2025-05-17 14:40:35,278 [INFO] DbMcusAds:125 - Set database path to: /Users/winstonhar/.stmcufinder/plugins/mcufinder//mcu/
2025-05-17 14:40:35,278 [WARN] DbFile:41 - Overriding database path with different value: /Users/winstonhar/.stmcufinder/plugins/mcufinder/ => /Users/winstonhar/.stmcufinder/plugins/mcufinder
2025-05-17 14:40:35,278 [WARN] DbFile:41 - Overriding database path with different value: /Users/winstonhar/.stmcufinder/plugins/mcufinder/ => /Users/winstonhar/.stmcufinder/plugins/mcufinder
2025-05-17 14:40:35,278 [INFO] CrossReferenceDbSqlite:203 - Set database path to: /Users/winstonhar/.stmcufinder/plugins/mcufinder//mcu/cs/
2025-05-17 14:40:35,297 [INFO] ApplicationProperties:184 - Using Application install path: /Applications/STM32CubeIDE.app/Contents/Eclipse/plugins/com.st.stm32cube.common.mx_6.14.1.202504091515
2025-05-17 14:40:35,299 [INFO] PluginManage:196 - Search for loadable plugins [exclusion list=, ]
2025-05-17 14:40:35,300 [INFO] PluginManage:310 - Check plugin analytics
2025-05-17 14:40:35,472 [INFO] AnalyticsPlugin:253 - Accepted Software Licenses: 
2025-05-17 14:40:35,472 [INFO] AnalyticsPlugin:255 - Accepted CMSIS Pack Licenses: 
2025-05-17 14:40:35,473 [INFO] AnalyticsPlugin:257 - Accepted Firmware Licenses: FW.F4.1.28.0
2025-05-17 14:40:35,476 [INFO] PluginManage:359 - Loaded plugin analytics (category:tool,tabindex:-1)
2025-05-17 14:40:35,476 [INFO] PluginManage:310 - Check plugin cadmodel
2025-05-17 14:40:35,481 [INFO] CADModel:105 - Init CAD model plugin
2025-05-17 14:40:35,482 [INFO] PluginManage:359 - Loaded plugin cadmodel (category:power,tabindex:5)
2025-05-17 14:40:35,482 [INFO] PluginManage:310 - Check plugin clock
2025-05-17 14:40:35,494 [INFO] PluginManage:359 - Loaded plugin clock (category:base,tabindex:2)
2025-05-17 14:40:35,494 [INFO] PluginManage:310 - Check plugin ddr
2025-05-17 14:40:35,497 [INFO] PluginManage:359 - Loaded plugin ddr (category:tool,tabindex:6)
2025-05-17 14:40:35,497 [INFO] PluginManage:310 - Check plugin filemanager
2025-05-17 14:40:35,664 [INFO] PluginManage:359 - Loaded plugin filemanager (category:base,tabindex:10)
2025-05-17 14:40:35,664 [INFO] PluginManage:310 - Check plugin ipmanager
2025-05-17 14:40:35,671 [INFO] PluginManage:359 - Loaded plugin ipmanager (category:base,tabindex:5)
2025-05-17 14:40:35,671 [INFO] PluginManage:310 - Check plugin lpbam
2025-05-17 14:40:35,682 [INFO] PluginManage:359 - Loaded plugin lpbam (category:base,tabindex:0)
2025-05-17 14:40:35,682 [INFO] PluginManage:310 - Check plugin memorymap
2025-05-17 14:40:35,698 [INFO] PluginManage:359 - Loaded plugin memorymap (category:base,tabindex:4)
2025-05-17 14:40:35,698 [INFO] PluginManage:310 - Check plugin pinoutandconfiguration
2025-05-17 14:40:35,708 [INFO] PluginManage:359 - Loaded plugin pinoutandconfiguration (category:base,tabindex:1)
2025-05-17 14:40:35,708 [INFO] PluginManage:310 - Check plugin pinoutconfig
2025-05-17 14:40:35,815 [WARN] SupportedApi:132 - Cannot load RTOS API schema: s4s-elt-must-match.1: The content of 'definitions' must match (annotation?, (simpleType | complexType)?, (unique | key | keyref)*)). A problem was found starting at: attribute.
2025-05-17 14:40:35,978 [INFO] PluginManage:359 - Loaded plugin pinoutconfig (category:base,tabindex:0)
2025-05-17 14:40:35,978 [INFO] PluginManage:310 - Check plugin power
2025-05-17 14:40:35,989 [INFO] PluginManage:359 - Loaded plugin power (category:power,tabindex:4)
2025-05-17 14:40:35,989 [INFO] PluginManage:310 - Check plugin projectmanager
2025-05-17 14:40:36,007 [INFO] PluginManage:359 - Loaded plugin projectmanager (category:projectmanager,tabindex:4)
2025-05-17 14:40:36,007 [INFO] PluginManage:310 - Check plugin rif
2025-05-17 14:40:36,016 [INFO] PluginManage:359 - Loaded plugin rif (category:base,tabindex:3)
2025-05-17 14:40:36,016 [INFO] PluginManage:310 - Check plugin thirdparty
2025-05-17 14:40:36,157 [WARN] IntegrityCheckThread:84 - waiting for thirdparty lock release [integrity check]
2025-05-17 14:40:36,158 [INFO] IntegrityCheckThread:86 - entering critical section [integrity check]
2025-05-17 14:40:36,158 [INFO] PluginManage:359 - Loaded plugin thirdparty (category:base,tabindex:-1)
2025-05-17 14:40:36,158 [INFO] ThirdPartyUpdaterWithRetryManager:70 - Updater plugin not ready yet. [1/15]
2025-05-17 14:40:36,158 [INFO] PluginManage:310 - Check plugin tools
2025-05-17 14:40:36,161 [INFO] PluginManage:359 - Loaded plugin tools (category:base,tabindex:7)
2025-05-17 14:40:36,161 [INFO] PluginManage:310 - Check plugin tutovideos
2025-05-17 14:40:36,354 [INFO] PluginManage:359 - Loaded plugin tutovideos (category:base,tabindex:-1)
2025-05-17 14:40:36,354 [INFO] PluginManage:310 - Check plugin updater
2025-05-17 14:40:36,375 [INFO] PluginManage:359 - Loaded plugin updater (category:base,tabindex:12)
2025-05-17 14:40:36,376 [INFO] PluginManage:310 - Check plugin userauth
2025-05-17 14:40:36,380 [INFO] UserAuth:118 - Init User Auth plugin
2025-05-17 14:40:36,381 [INFO] PluginManage:359 - Loaded plugin userauth (category:base,tabindex:14)
2025-05-17 14:40:36,381 [INFO] PluginManage:283 - PluginManage : Loaded plugins [18]
2025-05-17 14:40:36,593 [INFO] PinOutPanel:1589 - setPackage(No Configuration,No Configuration)
2025-05-17 14:40:36,687 [INFO] CADModel:165 - CPN selected for project level
2025-05-17 14:40:36,687 [INFO] CADModel:114 - Register for checkConnection events
2025-05-17 14:40:36,705 [INFO] IPUIPlugin:80 - create IPUIPlugin
2025-05-17 14:40:36,707 [INFO] PluginManager:220 - loadIPPluginJar : add mdma
2025-05-17 14:40:36,715 [INFO] IPUIPlugin:80 - create IPUIPlugin
2025-05-17 14:40:36,716 [INFO] PluginManager:220 - loadIPPluginJar : add freertos
2025-05-17 14:40:36,722 [INFO] IPUIPlugin:80 - create IPUIPlugin
2025-05-17 14:40:36,722 [INFO] PluginManager:220 - loadIPPluginJar : add gic
2025-05-17 14:40:36,735 [INFO] IPUIPlugin:80 - create IPUIPlugin
2025-05-17 14:40:36,735 [INFO] PluginManager:220 - loadIPPluginJar : add adc
2025-05-17 14:40:36,738 [INFO] IPUIPlugin:80 - create IPUIPlugin
2025-05-17 14:40:36,739 [INFO] PluginManager:220 - loadIPPluginJar : add gtzc
2025-05-17 14:40:36,740 [INFO] IPUIPlugin:80 - create IPUIPlugin
2025-05-17 14:40:36,741 [INFO] PluginManager:220 - loadIPPluginJar : add quadspi
2025-05-17 14:40:36,744 [INFO] IPUIPlugin:80 - create IPUIPlugin
2025-05-17 14:40:36,744 [INFO] PluginManager:220 - loadIPPluginJar : add aes
2025-05-17 14:40:36,748 [INFO] IPUIPlugin:80 - create IPUIPlugin
2025-05-17 14:40:36,748 [INFO] PluginManager:220 - loadIPPluginJar : add pdm2pcm
2025-05-17 14:40:36,752 [INFO] IPUIPlugin:80 - create IPUIPlugin
2025-05-17 14:40:36,752 [INFO] PluginManager:220 - loadIPPluginJar : add hash
2025-05-17 14:40:36,755 [INFO] IPUIPlugin:80 - create IPUIPlugin
2025-05-17 14:40:36,755 [INFO] PluginManager:220 - loadIPPluginJar : add tim
2025-05-17 14:40:36,757 [INFO] IPUIPlugin:80 - create IPUIPlugin
2025-05-17 14:40:36,757 [INFO] PluginManager:220 - loadIPPluginJar : add tsc
2025-05-17 14:40:36,761 [INFO] IPUIPlugin:80 - create IPUIPlugin
2025-05-17 14:40:36,761 [INFO] PluginManager:220 - loadIPPluginJar : add extmemmanager
2025-05-17 14:40:36,763 [INFO] IPUIPlugin:80 - create IPUIPlugin
2025-05-17 14:40:36,763 [INFO] PluginManager:220 - loadIPPluginJar : add ts
2025-05-17 14:40:36,764 [INFO] IPUIPlugin:80 - create IPUIPlugin
2025-05-17 14:40:36,767 [INFO] PluginManager:220 - loadIPPluginJar : add radio
2025-05-17 14:40:36,769 [INFO] IPUIPlugin:80 - create IPUIPlugin
2025-05-17 14:40:36,770 [INFO] PluginManager:220 - loadIPPluginJar : add can
2025-05-17 14:40:36,772 [INFO] IPUIPlugin:80 - create IPUIPlugin
2025-05-17 14:40:36,772 [INFO] PluginManager:220 - loadIPPluginJar : add dma3
2025-05-17 14:40:36,774 [INFO] IPUIPlugin:80 - create IPUIPlugin
2025-05-17 14:40:36,775 [INFO] PluginManager:220 - loadIPPluginJar : add dfsdm
2025-05-17 14:40:36,777 [INFO] IPUIPlugin:80 - create IPUIPlugin
2025-05-17 14:40:36,777 [INFO] PluginManager:220 - loadIPPluginJar : add spi
2025-05-17 14:40:36,779 [INFO] IPUIPlugin:80 - create IPUIPlugin
2025-05-17 14:40:36,779 [INFO] PluginManager:220 - loadIPPluginJar : add gfxmmu
2025-05-17 14:40:36,781 [INFO] IPUIPlugin:80 - create IPUIPlugin
2025-05-17 14:40:36,781 [INFO] PluginManager:220 - loadIPPluginJar : add genericplugin
2025-05-17 14:40:36,783 [INFO] IPUIPlugin:80 - create IPUIPlugin
2025-05-17 14:40:36,783 [INFO] PluginManager:220 - loadIPPluginJar : add cryp
2025-05-17 14:40:36,788 [INFO] IPUIPlugin:80 - create IPUIPlugin
2025-05-17 14:40:36,788 [INFO] PluginManager:220 - loadIPPluginJar : add gpio
2025-05-17 14:40:36,791 [INFO] IPUIPlugin:80 - create IPUIPlugin
2025-05-17 14:40:36,791 [INFO] PluginManager:220 - loadIPPluginJar : add ddr_ctrl_phy
2025-05-17 14:40:36,793 [INFO] IPUIPlugin:80 - create IPUIPlugin
2025-05-17 14:40:36,793 [INFO] PluginManager:220 - loadIPPluginJar : add comp
2025-05-17 14:40:36,796 [INFO] IPUIPlugin:80 - create IPUIPlugin
2025-05-17 14:40:36,796 [INFO] PluginManager:220 - loadIPPluginJar : add tracer_emb
2025-05-17 14:40:36,799 [INFO] IPUIPlugin:80 - create IPUIPlugin
2025-05-17 14:40:36,800 [INFO] PluginManager:220 - loadIPPluginJar : add openamp
2025-05-17 14:40:36,806 [INFO] IPUIPlugin:80 - create IPUIPlugin
2025-05-17 14:40:36,807 [INFO] PluginManager:220 - loadIPPluginJar : add stm32_wpan
2025-05-17 14:40:36,815 [INFO] IPUIPlugin:80 - create IPUIPlugin
2025-05-17 14:40:36,817 [INFO] PluginManager:220 - loadIPPluginJar : add plateformsettings
2025-05-17 14:40:36,821 [INFO] IPUIPlugin:80 - create IPUIPlugin
2025-05-17 14:40:36,822 [INFO] PluginManager:220 - loadIPPluginJar : add ipddr
2025-05-17 14:40:36,824 [INFO] IPUIPlugin:80 - create IPUIPlugin
2025-05-17 14:40:36,824 [INFO] PluginManager:220 - loadIPPluginJar : add usart
2025-05-17 14:40:36,825 [INFO] IPUIPlugin:80 - create IPUIPlugin
2025-05-17 14:40:36,825 [INFO] PluginManager:220 - loadIPPluginJar : add ltdc
2025-05-17 14:40:36,830 [INFO] IPUIPlugin:80 - create IPUIPlugin
2025-05-17 14:40:36,830 [INFO] PluginManager:220 - loadIPPluginJar : add nvic
2025-05-17 14:40:36,831 [INFO] IPUIPlugin:80 - create IPUIPlugin
2025-05-17 14:40:36,831 [INFO] PluginManager:220 - loadIPPluginJar : add fatfs
2025-05-17 14:40:36,839 [INFO] IPUIPlugin:80 - create IPUIPlugin
2025-05-17 14:40:36,839 [INFO] PluginManager:220 - loadIPPluginJar : add linkedlist
2025-05-17 14:40:36,845 [INFO] IPUIPlugin:80 - create IPUIPlugin
2025-05-17 14:40:36,845 [INFO] PluginManager:220 - loadIPPluginJar : add dma
2025-05-17 14:40:36,849 [INFO] IPUIPlugin:80 - create IPUIPlugin
2025-05-17 14:40:36,849 [INFO] PluginManager:220 - loadIPPluginJar : add fmc
2025-05-17 14:40:36,852 [INFO] IPUIPlugin:80 - create IPUIPlugin
2025-05-17 14:40:36,852 [INFO] PluginManager:220 - loadIPPluginJar : add i2s
2025-05-17 14:40:36,853 [INFO] IPUIPlugin:80 - create IPUIPlugin
2025-05-17 14:40:36,853 [INFO] PluginManager:220 - loadIPPluginJar : add ucpd
2025-05-17 14:40:36,855 [INFO] IPUIPlugin:80 - create IPUIPlugin
2025-05-17 14:40:36,855 [INFO] PluginManager:220 - loadIPPluginJar : add lorawan
2025-05-17 14:40:36,857 [INFO] IPUIPlugin:80 - create IPUIPlugin
2025-05-17 14:40:36,858 [INFO] PluginManager:220 - loadIPPluginJar : add opamp
2025-05-17 14:40:36,860 [INFO] IPUIPlugin:80 - create IPUIPlugin
2025-05-17 14:40:36,860 [INFO] PluginManager:220 - loadIPPluginJar : add i3c
2025-05-17 14:40:36,864 [INFO] IPUIPlugin:80 - create IPUIPlugin
2025-05-17 14:40:36,864 [INFO] PluginManager:220 - loadIPPluginJar : add touchsensing
2025-05-17 14:40:36,867 [INFO] IPUIPlugin:80 - create IPUIPlugin
2025-05-17 14:40:36,867 [INFO] PluginManager:220 - loadIPPluginJar : add i2c
2025-05-17 14:40:36,871 [INFO] IPUIPlugin:80 - create IPUIPlugin
2025-05-17 14:40:36,872 [INFO] PluginManager:220 - loadIPPluginJar : add resmgrutility
2025-05-17 14:40:36,875 [INFO] IPUIPlugin:80 - create IPUIPlugin
2025-05-17 14:40:36,875 [INFO] PluginManager:220 - loadIPPluginJar : add sai
2025-05-17 14:40:36,878 [INFO] IPUIPlugin:80 - create IPUIPlugin
2025-05-17 14:40:36,878 [INFO] PluginManager:220 - loadIPPluginJar : add usbx
2025-05-17 14:40:36,984 [FATAL] Updater:351 - Updater called before beeing initialized
2025-05-17 14:40:37,011 [INFO] RulesReader:64 - Compatibility file has been processed (302 Rules)
2025-05-17 14:40:37,022 [INFO] RulesReader:64 - Compatibility file has been processed (302 Rules)
2025-05-17 14:40:37,029 [INFO] CADModel:165 - CPN selected for project level
2025-05-17 14:40:37,029 [INFO] CADModel:114 - Register for checkConnection events
2025-05-17 14:40:37,029 [FATAL] Updater:351 - Updater called before beeing initialized
2025-05-17 14:40:37,030 [ERROR] CADModel:125 - Updater not yet initialized, retry later 
2025-05-17 14:40:37,220 [FATAL] Updater:351 - Updater called before beeing initialized
2025-05-17 14:40:37,222 [INFO] CADModel:165 - CPN selected for project level
2025-05-17 14:40:37,223 [INFO] CADModel:114 - Register for checkConnection events
2025-05-17 14:40:37,223 [FATAL] Updater:351 - Updater called before beeing initialized
2025-05-17 14:40:37,223 [ERROR] CADModel:125 - Updater not yet initialized, retry later 
2025-05-17 14:40:37,227 [FATAL] Updater:351 - Updater called before beeing initialized
2025-05-17 14:40:37,309 [FATAL] Updater:351 - Updater called before beeing initialized
2025-05-17 14:40:37,315 [INFO] DbMcusAds:53 - JSON generation date=Wed May 07 03:07:55 MDT 2025 (1746608875484)
2025-05-17 14:40:37,315 [FATAL] Updater:351 - Updater called before beeing initialized
2025-05-17 14:40:37,400 [WARN] DetailPanel:346 - Failed to get advertising image, set to default
2025-05-17 14:40:37,688 [FATAL] Updater:351 - Updater called before beeing initialized
2025-05-17 14:40:37,691 [FATAL] Updater:351 - Updater called before beeing initialized
2025-05-17 14:40:37,691 [FATAL] Updater:351 - Updater called before beeing initialized
2025-05-17 14:40:37,691 [WARN] DetailPanel:346 - Failed to get advertising image, set to default
2025-05-17 14:40:37,692 [FATAL] Updater:351 - Updater called before beeing initialized
2025-05-17 14:40:37,726 [ERROR] Updater:1198 - MainUpdater not yet initialized. External WinMGr cannot be set.
2025-05-17 14:40:37,750 [INFO] Updater:1134 - Updater Version found : 6.14.1
2025-05-17 14:40:37,771 [INFO] ApplicationProperties:184 - Using Application install path: /Applications/STM32CubeIDE.app/Contents/Eclipse/plugins/com.st.stm32cube.common.mx_6.14.1.202504091515
2025-05-17 14:40:38,801 [INFO] MainUpdater:2872 - connection check result : 10
2025-05-17 14:40:38,802 [INFO] MainUpdater:289 - Updater Check For Update Now.
2025-05-17 14:40:38,802 [INFO] MicroXplorer:498 - Change Database Version : DB.6.0.141
2025-05-17 14:40:38,808 [INFO] McuFinderGlobals:63 - Set McuFinder mode to 2 (CubeIDE integrated)
2025-05-17 14:40:38,810 [INFO] UserAuth:484 - Internet connection configuration mode: 1
2025-05-17 14:40:38,836 [INFO] JxBrowserEngine:152 - Initiate JxBrowser Engine with user profile folder
2025-05-17 14:40:39,012 [INFO] CheckServerUpdateThread:120 - End of CheckServer Thread
2025-05-17 14:40:39,352 [WARN] PackLoader:240 - Cannot read IP mode file for STMicroelectronics.FP-SNS-MOTENVWB1.1.4.0
2025-05-17 14:40:39,362 [WARN] PackLoader:240 - Cannot read IP mode file for STMicroelectronics.FP-ATR-ASTRA1.2.0.2
2025-05-17 14:40:39,371 [WARN] PackLoader:240 - Cannot read IP mode file for STMicroelectronics.X-CUBE-SMBUS.2.1.0
2025-05-17 14:40:39,380 [WARN] PackLoader:240 - Cannot read IP mode file for STMicroelectronics.X-CUBE-WB05N.1.1.0
2025-05-17 14:40:39,423 [WARN] PackLoader:240 - Cannot read IP mode file for STMicroelectronics.X-CUBE-AZRTOS-F7.1.1.0
2025-05-17 14:40:39,462 [WARN] PackLoader:240 - Cannot read IP mode file for Infineon.AIROC-Wi-Fi-Bluetooth-STM32.1.7.0
2025-05-17 14:40:39,486 [WARN] PackLoader:240 - Cannot read IP mode file for STMicroelectronics.X-CUBE-DISPLAY.3.0.0
2025-05-17 14:40:39,499 [WARN] PackLoader:240 - Cannot read IP mode file for STMicroelectronics.X-CUBE-NFC10.1.0.0
2025-05-17 14:40:39,510 [WARN] PackLoader:240 - Cannot read IP mode file for STMicroelectronics.X-CUBE-BLEMGR.4.0.0
2025-05-17 14:40:39,517 [WARN] PackLoader:240 - Cannot read IP mode file for emotas.I-CUBE-CANOPEN.1.3.0
2025-05-17 14:40:39,521 [WARN] ConditionMgr:438 - getConditionDescription Invalid condition id : Cortex-A Device cause : null
2025-05-17 14:40:39,532 [WARN] ConditionMgr:1044 - genDependencies : Invalid condition id : Cortex-A Device cause : null
2025-05-17 14:40:39,532 [WARN] ConditionMgr:1044 - genDependencies : Invalid condition id : Cortex-A Device cause : null
2025-05-17 14:40:39,532 [WARN] ConditionMgr:1044 - genDependencies : Invalid condition id : Cortex-A Device cause : null
2025-05-17 14:40:39,535 [WARN] PackLoader:240 - Cannot read IP mode file for STMicroelectronics.X-CUBE-AI.10.0.0
2025-05-17 14:40:39,541 [WARN] PackLoader:240 - Cannot read IP mode file for STMicroelectronics.FP-SNS-SMARTAG2.1.2.0
2025-05-17 14:40:39,545 [WARN] PackLoader:240 - Cannot read IP mode file for STMicroelectronics.FP-SNS-FLIGHT1.5.1.0
2025-05-17 14:40:39,601 [WARN] PackLoader:240 - Cannot read IP mode file for STMicroelectronics.X-CUBE-MEMS1.11.1.0
2025-05-17 14:40:39,840 [INFO] LogOutputStream:77 - [STDOUT_REDIRECT] 1 : Invalid condition id : UX_CORESTACK_Condition cause : null
2025-05-17 14:40:39,841 [INFO] LogOutputStream:77 - [STDOUT_REDIRECT] 1 : Invalid condition id : UX_CORESTACK_Condition cause : null
2025-05-17 14:40:39,841 [INFO] LogOutputStream:77 - [STDOUT_REDIRECT] 1 : Invalid condition id : UX_CORESTACK_Condition cause : null
2025-05-17 14:40:39,841 [INFO] LogOutputStream:77 - [STDOUT_REDIRECT] 1 : Invalid condition id : UX_CORESTACK_Condition cause : null
2025-05-17 14:40:39,842 [INFO] LogOutputStream:77 - [STDOUT_REDIRECT] 1 : Invalid condition id : UX_CORESTACK_Condition cause : null
2025-05-17 14:40:39,848 [WARN] PackLoader:240 - Cannot read IP mode file for STMicroelectronics.X-CUBE-AZRTOS-WL.2.0.0
2025-05-17 14:40:39,859 [WARN] PackLoader:240 - Cannot read IP mode file for STMicroelectronics.FP-SNS-MOTENV1.5.0.0
2025-05-17 14:40:39,870 [WARN] PackLoader:240 - Cannot read IP mode file for WES.I-CUBE-Cesium.1.3.0
2025-05-17 14:40:39,880 [WARN] PackLoader:240 - Cannot read IP mode file for STMicroelectronics.X-CUBE-BLE2.3.3.0
2025-05-17 14:40:39,891 [WARN] PackLoader:240 - Cannot read IP mode file for STMicroelectronics.X-CUBE-NFC9.1.0.0
2025-05-17 14:40:39,900 [WARN] PackLoader:240 - Cannot read IP mode file for STMicroelectronics.X-CUBE-BLE1.7.1.0
2025-05-17 14:40:39,904 [WARN] PackLoader:240 - Cannot read IP mode file for wolfSSL.I-CUBE-wolfMQTT.1.19.2
2025-05-17 14:40:40,026 [WARN] PackLoader:240 - Cannot read IP mode file for STMicroelectronics.X-CUBE-MEMS1.11.2.0
2025-05-17 14:40:40,201 [WARN] PackLoader:240 - Cannot read IP mode file for STMicroelectronics.X-CUBE-AZRTOS-G0.1.1.0
2025-05-17 14:40:40,209 [WARN] PackLoader:240 - Cannot read IP mode file for STMicroelectronics.X-CUBE-SAFEA1.1.2.2
2025-05-17 14:40:40,214 [WARN] PackLoader:240 - Cannot read IP mode file for STMicroelectronics.X-CUBE-NFC4.3.0.0
2025-05-17 14:40:40,221 [WARN] PackLoader:240 - Cannot read IP mode file for EmbeddedOffice.I-CUBE-FS-RTOS.1.0.1
2025-05-17 14:40:40,226 [WARN] PackLoader:240 - Cannot read IP mode file for STMicroelectronics.X-CUBE-WB05N.2.0.0
2025-05-17 14:40:40,230 [WARN] PackLoader:240 - Cannot read IP mode file for wolfSSL.I-CUBE-wolfTPM.3.8.0
2025-05-17 14:40:40,234 [WARN] PackLoader:240 - Cannot read IP mode file for STMicroelectronics.X-CUBE-TCPP.4.2.0
2025-05-17 14:40:40,239 [WARN] PackLoader:240 - Cannot read IP mode file for RealThread.X-CUBE-RT-Thread_Nano.4.1.1
2025-05-17 14:40:40,243 [WARN] PackLoader:240 - Cannot read IP mode file for STMicroelectronics.FP-ATR-SIGFOX1.3.2.0
2025-05-17 14:40:40,248 [WARN] PackLoader:240 - Cannot read IP mode file for STMicroelectronics.X-CUBE-EEPRMA1.5.1.0
2025-05-17 14:40:40,253 [WARN] PackLoader:240 - Cannot read IP mode file for wolfSSL.I-CUBE-wolfSSL.5.7.6
2025-05-17 14:40:40,259 [WARN] PackLoader:240 - Cannot read IP mode file for ITTIA_DB.I-CUBE-ITTIADB.8.9.0
2025-05-17 14:40:40,285 [WARN] PackLoader:240 - Cannot read IP mode file for SEGGER.I-CUBE-embOS.1.3.1
2025-05-17 14:40:40,343 [WARN] PackLoader:240 - Cannot read IP mode file for STMicroelectronics.X-CUBE-ALGOBUILD.1.4.0
2025-05-17 14:40:40,366 [WARN] PackLoader:240 - Cannot read IP mode file for STMicroelectronics.X-CUBE-AZRTOS-F4.1.1.0
2025-05-17 14:40:40,372 [WARN] PackLoader:240 - Cannot read IP mode file for Avnet-IotConnect.X-CUBE-IoTC-DA16k-PMOD.1.0.0
2025-05-17 14:40:40,378 [WARN] PackLoader:240 - Cannot read IP mode file for STMicroelectronics.X-CUBE-ISPU.2.1.0
2025-05-17 14:40:40,400 [WARN] PackLoader:240 - Cannot read IP mode file for STMicroelectronics.X-CUBE-AZRTOS-L5.2.0.0
2025-05-17 14:40:40,411 [WARN] PackLoader:240 - Cannot read IP mode file for STMicroelectronics.X-CUBE-NFC6.3.1.0
2025-05-17 14:40:40,420 [WARN] PackLoader:240 - Cannot read IP mode file for STMicroelectronics.X-CUBE-FREERTOS.1.3.1
2025-05-17 14:40:40,425 [WARN] PackLoader:240 - Cannot read IP mode file for STMicroelectronics.X-CUBE-FREERTOS.1.3.0
2025-05-17 14:40:40,432 [WARN] PackLoader:240 - Cannot read IP mode file for STMicroelectronics.X-CUBE-NFC7.1.0.1
2025-05-17 14:40:40,437 [WARN] PackLoader:240 - Cannot read IP mode file for STMicroelectronics.X-CUBE-DPower.1.3.0
2025-05-17 14:40:40,456 [WARN] ConditionMgr:438 - getConditionDescription Invalid condition id : LAN8742 Phy interface Condition cause : null
2025-05-17 14:40:40,457 [WARN] PackLoader:240 - Cannot read IP mode file for STMicroelectronics.X-CUBE-AZRTOS-L4.2.0.0
2025-05-17 14:40:40,459 [WARN] ConditionMgr:1044 - genDependencies : Invalid condition id : LAN8742 Phy interface Condition cause : null
2025-05-17 14:40:40,460 [WARN] ConditionMgr:1044 - genDependencies : Invalid condition id : LAN8742 Phy interface Condition cause : null
2025-05-17 14:40:40,461 [WARN] ConditionMgr:1044 - genDependencies : Invalid condition id : LAN8742 Phy interface Condition cause : null
2025-05-17 14:40:40,469 [WARN] PackLoader:240 - Cannot read IP mode file for STMicroelectronics.X-CUBE-SFXS2LP1.4.0.0
2025-05-17 14:40:40,493 [WARN] PackLoader:240 - Cannot read IP mode file for STMicroelectronics.X-CUBE-AZRTOS-H7.3.3.0
2025-05-17 14:40:40,506 [WARN] ConditionMgr:438 - getConditionDescription Invalid condition id : UX DEVICE CLASS RTOS Condition cause : null
2025-05-17 14:40:40,506 [WARN] ConditionMgr:438 - getConditionDescription Invalid condition id : UX DEVICE CLASS RTOS Condition cause : null
2025-05-17 14:40:40,509 [WARN] PackLoader:240 - Cannot read IP mode file for STMicroelectronics.X-CUBE-AZRTOS-WB.2.0.0
2025-05-17 14:40:40,510 [WARN] ConditionMgr:1044 - genDependencies : Invalid condition id : UX DEVICE CLASS RTOS Condition cause : null
2025-05-17 14:40:40,510 [WARN] ConditionMgr:1044 - genDependencies : Invalid condition id : UX DEVICE CLASS RTOS Condition cause : null
2025-05-17 14:40:40,511 [WARN] ConditionMgr:1044 - genDependencies : Invalid condition id : UX DEVICE CLASS RTOS Condition cause : null
2025-05-17 14:40:40,512 [WARN] ConditionMgr:1044 - genDependencies : Invalid condition id : UX DEVICE CLASS RTOS Condition cause : null
2025-05-17 14:40:40,512 [WARN] ConditionMgr:1044 - genDependencies : Invalid condition id : UX DEVICE CLASS RTOS Condition cause : null
2025-05-17 14:40:40,517 [WARN] PackLoader:240 - Cannot read IP mode file for STMicroelectronics.X-CUBE-GNSS1.7.0.1
2025-05-17 14:40:40,522 [WARN] PackLoader:240 - Cannot read IP mode file for STMicroelectronics.X-CUBE-TOUCHGFX.4.25.0
2025-05-17 14:40:40,528 [WARN] PackLoader:240 - Cannot read IP mode file for STMicroelectronics.FP-SNS-STBOX1.2.0.0
2025-05-17 14:40:40,539 [WARN] PackLoader:240 - Cannot read IP mode file for STMicroelectronics.X-CUBE-SUBG2.5.0.0
2025-05-17 14:40:40,569 [WARN] PackLoader:240 - Cannot read IP mode file for STMicroelectronics.X-CUBE-AZRTOS-H7RS.1.1.0
2025-05-17 14:40:40,602 [WARN] PackLoader:240 - Cannot read IP mode file for Cesanta.I-CUBE-Mongoose.7.13.0
2025-05-17 14:40:40,638 [WARN] PackLoader:240 - Cannot read IP mode file for STMicroelectronics.X-CUBE-AZRTOS-G4.2.0.0
2025-05-17 14:40:40,647 [WARN] PackLoader:240 - Cannot read IP mode file for wolfSSL.I-CUBE-wolfSSH.1.4.20
2025-05-17 14:40:40,653 [WARN] PackLoader:240 - Cannot read IP mode file for STMicroelectronics.X-CUBE-NFC7.2.0.0
2025-05-17 14:40:40,684 [WARN] PackLoader:240 - Cannot read IP mode file for STMicroelectronics.X-CUBE-IPS.3.1.0
2025-05-17 14:40:40,700 [WARN] PackLoader:240 - Cannot read IP mode file for STMicroelectronics.X-CUBE-ALS.1.0.2
2025-05-17 14:40:40,706 [WARN] PackLoader:240 - Cannot read IP mode file for portGmbH.I-Cube-SoM-uGOAL.1.1.0
2025-05-17 14:40:40,725 [WARN] PackLoader:240 - Cannot read IP mode file for STMicroelectronics.X-CUBE-TOF1.3.4.2
2025-05-17 14:40:40,753 [WARN] PackLoader:240 - Cannot read IP mode file for STMicroelectronics.X-CUBE-TOF1.3.4.3
2025-05-17 14:40:40,768 [INFO] ThirdParty:978 - Integrity check success = true
2025-05-17 14:40:40,768 [INFO] IntegrityCheckThread:100 - exiting critical section [integrity check]
2025-05-17 14:40:40,768 [INFO] IntegrityCheckThread:103 - End integrity checks thread
2025-05-17 14:40:41,326 [INFO] WebApp:169 - Instantiating new browser for Auth
2025-05-17 14:40:42,494 [INFO] WebApp:463 - Apply proxy settings
2025-05-17 14:40:42,518 [INFO] WebApp:508 - Chromium authenticates against Manually configured proxy
2025-05-17 14:40:42,552 [INFO] WebApp:516 - Username used for proxy authentication: 
2025-05-17 14:40:42,598 [INFO] WebApp:894 - Register for checkConnection events
2025-05-17 14:40:42,607 [INFO] WebApp:463 - Apply proxy settings
2025-05-17 14:40:42,611 [INFO] WebApp:508 - Chromium authenticates against Manually configured proxy
2025-05-17 14:40:42,630 [INFO] WebApp:516 - Username used for proxy authentication: 
2025-05-17 14:40:42,870 [INFO] WebApp:225 - Starting web application
2025-05-17 14:40:42,876 [INFO] WebApp:593 - Web application path used /Applications/STM32CubeIDE.app/Contents/Eclipse/plugins/com.st.stm32cube.common.mx_6.14.1.202504091515/db/plugins/mcufinder/reactClient1/index.html
2025-05-17 14:40:43,097 [INFO] UserAuth:484 - Internet connection configuration mode: 1
2025-05-17 14:40:43,707 [INFO] WebApp:191 - Connection restablished
2025-05-17 16:49:25,579 [INFO] McuFinderGlobals:63 - Set McuFinder mode to 2 (CubeIDE integrated)
2025-05-17 16:49:25,585 [INFO] MainUpdater:2872 - connection check result : 10
2025-05-17 16:49:25,586 [INFO] MainUpdater:2872 - connection check result : 10
2025-05-17 16:49:26,092 [INFO] MicroXplorer:468 - Change Database Path : 
2025-05-17 16:49:26,093 [INFO] MicroXplorer:498 - Change Database Version : DB.6.0.141
2025-05-17 16:49:26,102 [WARN] ThirdParty:871 - waiting for thirdparty lock release [close project]
2025-05-17 16:49:26,103 [INFO] ThirdParty:873 - entering critical section [close project]
2025-05-17 16:49:26,104 [INFO] ThirdParty:883 - exiting critical section [close project]
2025-05-17 16:49:26,110 [INFO] PinOutPanel:1589 - setPackage(No Configuration,No Configuration)
2025-05-17 16:49:26,116 [INFO] UtilMem:75 - Begin LoadConfig() Used Memory: 612391856 Bytes (796917760)
2025-05-17 16:49:26,118 [INFO] MicroXplorer:468 - Change Database Path : 
2025-05-17 16:49:26,118 [INFO] MicroXplorer:498 - Change Database Version : DB.6.0.141
2025-05-17 16:49:26,119 [INFO] OpenFileManager:354 - Change cursor
2025-05-17 16:49:26,167 [INFO] Mcu:2011 - Initializing MCU STM32F407V(E-G)Tx STM32F407VGTx STM32F407VGT6
2025-05-17 16:49:27,740 [INFO] Context:756 - Trying to add GPIOservice into a context  which must be forbidden
2025-05-17 16:49:28,283 [INFO] ImportTextPane:218 - (OptionalMessage_ERROR) Pin41 (VP_RIF_VS_RIF1) cannot be retrieved for this MCU
2025-05-17 16:49:28,526 [INFO] RtosManager:558 - Registered RTOS mode: class=CMSIS, group=RTOS, mode=CMSIS_V1, owner=FREERTOS
2025-05-17 16:49:28,526 [INFO] RtosManager:558 - Registered RTOS mode: class=CMSIS, group=RTOS2, mode=CMSIS_V2, owner=FREERTOS
2025-05-17 16:49:28,527 [INFO] RtosManager:558 - Registered RTOS mode: class=RTOS, group=Core, mode=CMSIS_V1, owner=FREERTOS
2025-05-17 16:49:28,527 [INFO] RtosManager:558 - Registered RTOS mode: class=RTOS, group=Core, mode=CMSIS_V2, owner=FREERTOS
2025-05-17 16:49:28,527 [WARN] ModelIntegratedComponent:184 - Missing modes for component STMicroelectronics:FreeRTOS:0.0.1:STMicroelectronics:RTOS:FreeRTOS:Core:::10.2.0:
2025-05-17 16:49:28,551 [WARN] ModelIntegratedComponent:63 - No mode defined for component null
2025-05-17 16:49:28,552 [WARN] ModelIntegratedComponent:63 - No mode defined for component null
2025-05-17 16:49:28,552 [WARN] ModelIntegratedComponent:63 - No mode defined for component null
2025-05-17 16:49:28,552 [WARN] ModelIntegratedComponent:63 - No mode defined for component null
2025-05-17 16:49:28,552 [WARN] ModelIntegratedComponent:63 - No mode defined for component null
2025-05-17 16:49:28,552 [WARN] ModelIntegratedComponent:63 - No mode defined for component null
2025-05-17 16:49:28,552 [WARN] ModelIntegratedComponent:63 - No mode defined for component null
2025-05-17 16:49:28,552 [WARN] ModelIntegratedComponent:63 - No mode defined for component null
2025-05-17 16:49:28,552 [WARN] ModelIntegratedComponent:63 - No mode defined for component null
2025-05-17 16:49:28,552 [WARN] ModelIntegratedComponent:63 - No mode defined for component null
2025-05-17 16:49:28,553 [WARN] ModelIntegratedComponent:63 - No mode defined for component null
2025-05-17 16:49:28,553 [WARN] ModelIntegratedComponent:63 - No mode defined for component null
2025-05-17 16:49:28,553 [WARN] ModelIntegratedComponent:63 - No mode defined for component null
2025-05-17 16:49:28,553 [WARN] ModelIntegratedComponent:63 - No mode defined for component null
2025-05-17 16:49:28,553 [WARN] ModelIntegratedComponent:63 - No mode defined for component null
2025-05-17 16:49:28,553 [WARN] ModelIntegratedComponent:63 - No mode defined for component null
2025-05-17 16:49:28,553 [WARN] ModelIntegratedComponent:63 - No mode defined for component null
2025-05-17 16:49:28,553 [WARN] ModelIntegratedComponent:63 - No mode defined for component null
2025-05-17 16:49:28,553 [WARN] ModelIntegratedComponent:63 - No mode defined for component null
2025-05-17 16:49:28,553 [WARN] ModelIntegratedComponent:63 - No mode defined for component null
2025-05-17 16:49:28,553 [WARN] ModelIntegratedComponent:63 - No mode defined for component null
2025-05-17 16:49:28,553 [WARN] ModelIntegratedComponent:63 - No mode defined for component null
2025-05-17 16:49:28,553 [WARN] ModelIntegratedComponent:63 - No mode defined for component null
2025-05-17 16:49:28,554 [WARN] ModelIntegratedComponent:63 - No mode defined for component null
2025-05-17 16:49:28,554 [WARN] ModelIntegratedComponent:63 - No mode defined for component null
2025-05-17 16:49:28,554 [WARN] ModelIntegratedComponent:63 - No mode defined for component null
2025-05-17 16:49:28,554 [WARN] ModelIntegratedComponent:63 - No mode defined for component null
2025-05-17 16:49:28,554 [WARN] ModelIntegratedComponent:63 - No mode defined for component null
2025-05-17 16:49:28,554 [WARN] ModelIntegratedComponent:63 - No mode defined for component null
2025-05-17 16:49:28,554 [WARN] ModelIntegratedComponent:63 - No mode defined for component null
2025-05-17 16:49:28,554 [WARN] ModelIntegratedComponent:63 - No mode defined for component null
2025-05-17 16:49:28,554 [WARN] ModelIntegratedComponent:63 - No mode defined for component null
2025-05-17 16:49:28,554 [WARN] ModelIntegratedComponent:63 - No mode defined for component null
2025-05-17 16:49:28,554 [WARN] ModelIntegratedComponent:63 - No mode defined for component null
2025-05-17 16:49:28,554 [WARN] ModelIntegratedComponent:63 - No mode defined for component null
2025-05-17 16:49:28,555 [WARN] ModelPack:524 - Component already loaded: STMicroelectronics:HAL Drivers:0.0.0:STMicroelectronics:Device:STMicro_Driver:XSPI:HAL::0.0.1:HAL_XSPI
2025-05-17 16:49:28,693 [INFO] ThirdPartyModel:298 - Start build external matchings
2025-05-17 16:49:29,617 [INFO] ThirdPartyModel:316 - End build external matchings
2025-05-17 16:49:29,644 [INFO] ImportTextPane:218 - (OptionalMessage_ERROR) IP (RCC) : Parameter (RTCHSEDivFreq_Value) has invalid value (4000000)
2025-05-17 16:49:30,378 [INFO] ApiDb:581 - Connected to CubeFinder SQLite database (/Users/winstonhar/.stmcufinder/plugins/mcufinder/mcu/cube-finder-db.db)
2025-05-17 16:49:30,475 [INFO] ApiDb:668 - CubeFinder database Data Model version=2.1
2025-05-17 16:49:30,475 [INFO] ApiDb:669 - CubeFinder database Configuration version=3.0.39
2025-05-17 16:49:30,476 [INFO] ApiDb:670 - CubeFinder database generation date=2025-04-23 (1745419778)
2025-05-17 16:49:30,476 [INFO] ApiDb:671 - CubeFinder database FW Pack versions=[FP-ATR-ASTRA1_V2.0.0, FP-SNS-FLIGHT1_V5.1.0, FP-SNS-MOTENV1_V5.0.0, FP-SNS-MOTENVWB1_V1.4.0, FP-SNS-SMARTAG2_V1.2.0, FP-SNS-STBOX1_V2.0.0, STM32Cube_FW_C0_V1.4.0, STM32Cube_FW_F4_V1.28.1, STM32Cube_FW_F7_V1.17.2, STM32Cube_FW_G0_V1.6.2, STM32Cube_FW_G4_V1.6.1, STM32Cube_FW_H5_V1.5.0, STM32Cube_FW_H7RS_V1.2.0, STM32Cube_FW_H7_V1.12.1, STM32Cube_FW_L0_V1.12.2, STM32Cube_FW_L4_V1.18.1, STM32Cube_FW_L5_V1.5.1, STM32Cube_FW_N6_V1.1.1, STM32Cube_FW_U0_V1.2.0, STM32Cube_FW_U3_V1.1.0, STM32Cube_FW_U5_V1.7.0, STM32Cube_FW_WB0_V1.2.0, STM32Cube_FW_WBA_V1.6.0, STM32Cube_FW_WB_V1.22.0, STM32Cube_FW_WL3_V1.1.0, STM32Cube_FW_WL_V1.3.1, X-CUBE-ALGOBUILD_V1.4.0, X-CUBE-ALS_V1.0.2, X-CUBE-AZRTOS-F4_V1.1.0, X-CUBE-AZRTOS-F7_V1.1.0, X-CUBE-AZRTOS-G0_V1.1.0, X-CUBE-AZRTOS-G4_V2.0.0, X-CUBE-AZRTOS-H7RS_V1.1.0, X-CUBE-AZRTOS-H7_V3.3.0, X-CUBE-AZRTOS-L4_V2.0.0, X-CUBE-AZRTOS-L5_V2.0.0, X-CUBE-AZRTOS-WB_V2.0.0, X-CUBE-AZRTOS-WL_V2.0.0, X-CUBE-BLE1_V7.1.0, X-CUBE-BLE2_V3.3.0, X-CUBE-BLEMGR_V4.0.0, X-CUBE-EEPRMA1_V5.1.0, X-CUBE-FREERTOS_V1.3.0, X-CUBE-GNSS1_V6.0.0, X-CUBE-MEMS1_V11.2.0, X-CUBE-NFC4_V3.0.0, X-CUBE-NFC7_V1.0.1, X-CUBE-SFXS2LP1_V4.0.0, X-CUBE-SUBG2_V5.0.0, X-CUBE-TOF1_V3.4.3]
2025-05-17 16:49:30,653 [INFO] DbBoardsSqlite:226 - include board P-NUCLEO-WB55-NUCLEO as a kit item of type 'Nucleo-64'
2025-05-17 16:49:30,653 [INFO] DbBoardsSqlite:226 - include board P-NUCLEO-WB55-USBDONGLE as a kit item of type 'Nucleo USB Dongle'
2025-05-17 16:49:30,655 [INFO] DbBoardsSqlite:226 - include board STEVAL-IDP005V1 as a kit item of type 'Evaluation Board'
2025-05-17 16:49:30,655 [INFO] DbBoardsSqlite:226 - include board STEVAL-IDP005V2 as a kit item of type 'Evaluation Board'
2025-05-17 16:49:31,069 [INFO] ApiDb:240 - Found 895 in-development CPN: [B-G473E-ZEST1S, B-WB1M-WPAN1, B-WBA5M-WPAN, B-WL5M-SUBG1, NUCLEO-C031C6, NUCLEO-C051C8, NUCLEO-C071RB, NUCLEO-C092RC, NUCLEO-H503RB, NUCLEO-H533RE, NUCLEO-H563ZI, NUCLEO-H7S3L8, NUCLEO-N657X0-Q, NUCLEO-U031R8, NUCLEO-U083RC, NUCLEO-U385RG-Q, NUCLEO-U545RE-Q, NUCLEO-U5A5ZJ-Q, NUCLEO-WB05KZ, NUCLEO-WB07CC, NUCLEO-WB09KE, NUCLEO-WBA52CG, NUCLEO-WBA55CG, NUCLEO-WBA65RI, NUCLEO-WL33CC1, NUCLEO-WL33CC2, STEVAL-PROTEUS1, STEVAL-SMARTAG2, STEVAL-STWINBX1, STM320518-EVAL, STM32C0116-DK, STM32C011D6Y3TR, STM32C011D6Y6TR, STM32C011F4P3, STM32C011F4P6, STM32C011F4U3, STM32C011F4U6TR, STM32C011F6P3, STM32C011F6P6, STM32C011F6U3, STM32C011F6U6TR, STM32C011J4M3, STM32C011J4M6, STM32C011J6M3, STM32C011J6M6, STM32C0316-DK, STM32C031C4T3, STM32C031C4T6, STM32C031C4U3, STM32C031C4U6, STM32C031C6T3, STM32C031C6T6, STM32C031C6U3, STM32C031C6U6, STM32C031F4P3, STM32C031F4P6, STM32C031F6P3, STM32C031F6P6, STM32C031G4U3, STM32C031G4U6, STM32C031G6U3, STM32C031G6U6, STM32C031K4T3, STM32C031K4T6, STM32C031K4U3, STM32C031K4U6, STM32C031K6T3, STM32C031K6T6, STM32C031K6U3, STM32C031K6U6, STM32C051C6T6, STM32C051C6U6, STM32C051C8T6, STM32C051C8U6, STM32C051D8Y6TR, STM32C051F6P6, STM32C051F8P6, STM32C051G6U6, STM32C051G8U6, STM32C051K6T6, STM32C051K6U6, STM32C051K8T6, STM32C071C8T6, STM32C071C8T6N, STM32C071C8U6, STM32C071C8U6N, STM32C071CBT6, STM32C071CBT6N, STM32C071CBU6, STM32C071CBU6N, STM32C071F8P6, STM32C071F8P6N, STM32C071FBP6, STM32C071FBP6N, STM32C071FBY6TR, STM32C071G8U6, STM32C071G8U6N, STM32C071GBU6, STM32C071GBU6N, STM32C071K8T6, STM32C071K8T6N, STM32C071K8U6, STM32C071K8U6N, STM32C071KBT6, STM32C071KBT6N, STM32C071KBU6, STM32C071KBU6N, STM32C071R8T6, STM32C071R8T6N, STM32C071RBI6N, STM32C071RBT6, STM32C071RBT6N, STM32C091CBT6, STM32C091CBU6, STM32C091CCT6, STM32C091CCU6, STM32C091ECY6TR, STM32C091FBP6, STM32C091FCP6, STM32C091GBU6, STM32C091GCU6, STM32C091KBT6, STM32C091KBU6, STM32C091KCT6, STM32C091KCU6, STM32C091RBT6, STM32C091RCI6, STM32C091RCT6, STM32C092CBT6, STM32C092CBU6, STM32C092CCT6, STM32C092CCU6, STM32C092ECY6TR, STM32C092FBP6, STM32C092FCP6, STM32C092GBU6, STM32C092GCU6, STM32C092KBT6, STM32C092KBU6, STM32C092KCT6, STM32C092KCU6, STM32C092RBT6, STM32C092RCI6, STM32C092RCT6, STM32G071K8TXN, STM32G071K8UXN, STM32G081GBU6N, STM32G081KBT6N, STM32G081KBUXN, STM32G0B1CCT6N, STM32G0B1KCT6, STM32G0B1NEY6TR, STM32G0B1RCT6N, STM32G0C1CCT6, STM32G0C1CCT6N, STM32G0C1CCU6N, STM32G0C1CET6N, STM32G0C1CEU6N, STM32G0C1KCT6, STM32G0C1NEY6TR, STM32G0C1RCI6N, STM32G0C1RCT6N, STM32G0C1REI6N, STM32G0C1RET6N, STM32G0C1VCI6, STM32G0C1VEI6, STM32G411C6T3, STM32G411C6T6, STM32G411C6U3, STM32G411C6U6, STM32G411C8T3, STM32G411C8T6, STM32G411C8U3, STM32G411C8U6, STM32G411CBT3, STM32G411CBT6, STM32G411CBU3, STM32G411CBU6, STM32G411CCT3, STM32G411CCT6, STM32G411CCU3, STM32G411CCU6, STM32G411K6T3, STM32G411K6T6, STM32G411K6U3, STM32G411K6U6, STM32G411K8T3, STM32G411K8T6, STM32G411K8U3, STM32G411K8U6, STM32G411KBT3, STM32G411KBT6, STM32G411KBU3, STM32G411KBU6, STM32G411M6T3, STM32G411M6T6, STM32G411M8T3, STM32G411M8T6, STM32G411MBT3, STM32G411MBT6, STM32G411MCT3, STM32G411MCT6, STM32G411R6T3, STM32G411R6T6, STM32G411R8T3, STM32G411R8T6, STM32G411RBT3, STM32G411RBT6, STM32G411RCT3, STM32G411RCT6, STM32G414CBT3, STM32G414CBT6, STM32G414CBU3, STM32G414CBU6, STM32G414CCT3, STM32G414CCT6, STM32G414CCU3, STM32G414CCU6, STM32G414MBT3, STM32G414MBT6, STM32G414MCT3, STM32G414MCT6, STM32G414RBT3, STM32G414RBT6, STM32G414RCT3, STM32G414RCT6, STM32G414VBT3, STM32G414VBT6, STM32G414VCT3, STM32G414VCT6, STM32G431CBT3Z, STM32G431RBT3Z, STM32G471CCT6, STM32G471CCU6, STM32G471CET3, STM32G471CET6, STM32G471CEU3, STM32G471CEU6, STM32G471MCT6, STM32G471MET3, STM32G471MET6, STM32G471MEY6TR, STM32G471QCT6, STM32G471QET3, STM32G471RCT6, STM32G471RET3, STM32G471RET6, STM32G471VCH6, STM32G471VCI6, STM32G471VCT6, STM32G471VEH3, STM32G471VEH6, STM32G471VEI3, STM32G471VEI6, STM32G471VET3, STM32G471VET6, STM32G473QET3Z, STM32G473RET3Z, STM32G474CCT6, STM32G491RET3Z, STM32H503CBT6, STM32H503CBU6, STM32H503EBY6TR, STM32H503KBU6, STM32H503RBT6, STM32H523CCT6, STM32H523CCU6, STM32H523CET6, STM32H523CEU6, STM32H523HEY6TR, STM32H523RCT6, STM32H523RET6, STM32H523VCI6, STM32H523VCT6, STM32H523VEI6, STM32H523VET6, STM32H523ZCJ6, STM32H523ZCT6, STM32H523ZEJ6, STM32H523ZET6, STM32H533CET6, STM32H533CEU6, STM32H533HEY6TR, STM32H533RET6, STM32H533VEI6, STM32H533VET6, STM32H533ZEJ6, STM32H533ZET6, STM32H562AGI6, STM32H562AII6, STM32H562IGK6, STM32H562IGT6, STM32H562IIK6, STM32H562IIT6, STM32H562RGT6, STM32H562RGV6, STM32H562RIT6, STM32H562RIV6, STM32H562VGT6, STM32H562VIT6, STM32H562ZGT6, STM32H562ZIT6, STM32H563AGI6, STM32H563AII3Q, STM32H563AII6, STM32H563IGK6, STM32H563IGT6, STM32H563IIK3Q, STM32H563IIK6, STM32H563IIT3Q, STM32H563IIT6, STM32H563MIY3QTR, STM32H563RGT6, STM32H563RGV6, STM32H563RIT6, STM32H563RIV6, STM32H563VGT6, STM32H563VIT3Q, STM32H563VIT6, STM32H563ZGT6, STM32H563ZIT3Q, STM32H563ZIT6, STM32H573AII3Q, STM32H573AII6, STM32H573I-DK, STM32H573IIK3Q, STM32H573IIK6, STM32H573IIT3Q, STM32H573IIT6, STM32H573MIY3QTR, STM32H573RIT6, STM32H573RIV6, STM32H573VIT3Q, STM32H573VIT6, STM32H573ZIT3Q, STM32H573ZIT6, STM32H7R3A8I6, STM32H7R3I8K6, STM32H7R3I8T6, STM32H7R3L8H6, STM32H7R3L8H6H, STM32H7R3R8V6, STM32H7R3V8H6, STM32H7R3V8T6, STM32H7R3V8Y6TR, STM32H7R3Z8J6, STM32H7R3Z8T6, STM32H7R7A8I6, STM32H7R7I8K6, STM32H7R7I8T6, STM32H7R7L8H6, STM32H7R7L8H6H, STM32H7R7Z8J6, STM32H7S3A8I6, STM32H7S3I8K6, STM32H7S3I8T6, STM32H7S3L8H6, STM32H7S3L8H6H, STM32H7S3R8V6, STM32H7S3V8H6, STM32H7S3V8T6, STM32H7S3V8Y6TR, STM32H7S3Z8J6, STM32H7S3Z8T6, STM32H7S78-DK, STM32H7S7A8I6, STM32H7S7I8K6, STM32H7S7I8T6, STM32H7S7L8H6, STM32H7S7L8H6H, STM32H7S7Z8J6, STM32L4R5QGI6STR, STM32MP131AAE3, STM32MP131AAF3, STM32MP131AAG3, STM32MP131CAE3, STM32MP131CAF3, STM32MP131CAG3, STM32MP131DAE7, STM32MP131DAF7, STM32MP131DAG7, STM32MP131FAE7, STM32MP131FAF7, STM32MP131FAG7, STM32MP133AAE3, STM32MP133AAF3, STM32MP133AAG3, STM32MP133CAE3, STM32MP133CAF3, STM32MP133CAG3, STM32MP133DAE7, STM32MP133DAF7, STM32MP133DAG7, STM32MP133FAE7, STM32MP133FAF7, STM32MP133FAG7, STM32MP135AAE3, STM32MP135AAF3, STM32MP135AAG3, STM32MP135CAE3, STM32MP135CAF3, STM32MP135CAG3, STM32MP135DAE7, STM32MP135DAF7, STM32MP135DAG7, STM32MP135F-DK, STM32MP135FAE7, STM32MP135FAF7, STM32MP135FAF7T, STM32MP135FAF7U, STM32MP135FAG7, STM32MP231AAJ3, STM32MP231AAK3, STM32MP231AAL3, STM32MP231CAJ3, STM32MP231CAK3, STM32MP231CAL3, STM32MP231DAJ3, STM32MP231DAK3, STM32MP231DAL3, STM32MP231FAJ3, STM32MP231FAK3, STM32MP231FAL3, STM32MP233AAJ3, STM32MP233AAK3, STM32MP233AAL3, STM32MP233CAJ3, STM32MP233CAK3, STM32MP233CAL3, STM32MP233DAJ3, STM32MP233DAK3, STM32MP233DAL3, STM32MP233FAJ3, STM32MP233FAK3, STM32MP233FAL3, STM32MP235AAJ3, STM32MP235AAK3, STM32MP235AAL3, STM32MP235CAJ3, STM32MP235CAK3, STM32MP235CAL3, STM32MP235DAJ3, STM32MP235DAK3, STM32MP235DAL3, STM32MP235FAJ3, STM32MP235FAK3, STM32MP235FAL3, STM32MP251AAI3, STM32MP251AAJ3, STM32MP251AAK3, STM32MP251AAL3, STM32MP251CAI3, STM32MP251CAJ3, STM32MP251CAK3, STM32MP251CAL3, STM32MP251DAI3, STM32MP251DAJ3, STM32MP251DAK3, STM32MP251DAL3, STM32MP251FAI3, STM32MP251FAJ3, STM32MP251FAK3, STM32MP251FAL3, STM32MP253AAI3, STM32MP253AAJ3, STM32MP253AAK3, STM32MP253AAL3, STM32MP253CAI3, STM32MP253CAJ3, STM32MP253CAK3, STM32MP253CAL3, STM32MP253DAI3, STM32MP253DAJ3, STM32MP253DAK3, STM32MP253DAL3, STM32MP253FAI3, STM32MP253FAJ3, STM32MP253FAK3, STM32MP253FAL3, STM32MP255AAI3, STM32MP255AAJ3, STM32MP255AAK3, STM32MP255AAL3, STM32MP255CAI3, STM32MP255CAJ3, STM32MP255CAK3, STM32MP255CAL3, STM32MP255DAI3, STM32MP255DAJ3, STM32MP255DAK3, STM32MP255DAL3, STM32MP255FAI3, STM32MP255FAJ3, STM32MP255FAK3, STM32MP255FAL3, STM32MP257AAI3, STM32MP257AAJ3, STM32MP257AAK3, STM32MP257AAL3, STM32MP257CAI3, STM32MP257CAJ3, STM32MP257CAK3, STM32MP257CAL3, STM32MP257DAI3, STM32MP257DAJ3, STM32MP257DAK3, STM32MP257DAL3, STM32MP257F-DK, STM32MP257F-EV1, STM32MP257FAI3, STM32MP257FAJ3, STM32MP257FAK3, STM32MP257FAL3, STM32N645A0H3Q, STM32N645B0H3Q, STM32N645I0H3Q, STM32N645L0H3Q, STM32N645X0H3Q, STM32N645Z0H3Q, STM32N647A0H3Q, STM32N647B0H3Q, STM32N647I0H3Q, STM32N647L0H3Q, STM32N647X0H3Q, STM32N647Z0H3Q, STM32N655A0H3Q, STM32N655B0H3Q, STM32N655I0H3Q, STM32N655L0H3Q, STM32N655X0H3Q, STM32N655Z0H3Q, STM32N6570-DK, STM32N657A0H3Q, STM32N657B0H3Q, STM32N657I0H3Q, STM32N657L0H3Q, STM32N657X0H3Q, STM32N657Z0H3Q, STM32U031C6T6, STM32U031C6U6, STM32U031C8T6, STM32U031C8U6, STM32U031F4P6, STM32U031F6P6, STM32U031F8P6, STM32U031G6Y6TR, STM32U031G8Y6TR, STM32U031K4U6, STM32U031K6U6, STM32U031K8U6, STM32U031R6I6, STM32U031R6T6, STM32U031R8I6, STM32U031R8T6, STM32U073C8T6, STM32U073C8U6, STM32U073CBT6, STM32U073CBU6, STM32U073CCT6, STM32U073CCU6, STM32U073H8Y6TR, STM32U073HBY6TR, STM32U073HCY6TR, STM32U073K8U6, STM32U073KBU6, STM32U073KCU6, STM32U073M8I6, STM32U073M8T6, STM32U073MBI6, STM32U073MBT6, STM32U073MCI6, STM32U073MCT6, STM32U073R8I6, STM32U073R8T6, STM32U073RBI6, STM32U073RBT6, STM32U073RCI6, STM32U073RCT6, STM32U083C-DK, STM32U083CCT6, STM32U083CCU6, STM32U083HCY6TR, STM32U083KCU6, STM32U083MCI6, STM32U083MCT6, STM32U083RCI6, STM32U083RCT6, STM32U375CET6, STM32U375CET6Q, STM32U375CEU6, STM32U375CEU6Q, STM32U375CEY6QTR, STM32U375CGT6, STM32U375CGT6Q, STM32U375CGU6, STM32U375CGU6Q, STM32U375CGY6QTR, STM32U375KEU6, STM32U375KGU6, STM32U375REI6, STM32U375REI6Q, STM32U375RET6, STM32U375RET6Q, STM32U375REY6GTR, STM32U375REY6QTR, STM32U375RGI6, STM32U375RGI6Q, STM32U375RGT6, STM32U375RGT6Q, STM32U375RGY6GTR, STM32U375RGY6QTR, STM32U375VEI6, STM32U375VEI6Q, STM32U375VET6, STM32U375VET6Q, STM32U375VGI6, STM32U375VGI6Q, STM32U375VGT6, STM32U375VGT6Q, STM32U385CGT6, STM32U385CGT6Q, STM32U385CGU6, STM32U385CGU6Q, STM32U385CGY6QTR, STM32U385KGU6, STM32U385RGI6, STM32U385RGI6Q, STM32U385RGT6, STM32U385RGT6Q, STM32U385RGY6GTR, STM32U385RGY6QTR, STM32U385VGI6, STM32U385VGI6Q, STM32U385VGT6, STM32U385VGT6Q, STM32U535CBT6, STM32U535CBT6Q, STM32U535CBU6, STM32U535CBU6Q, STM32U535CCT6, STM32U535CCT6Q, STM32U535CCU6, STM32U535CCU6Q, STM32U535CET6, STM32U535CET6Q, STM32U535CEU6, STM32U535CEU6Q, STM32U535JEY6QTR, STM32U535NCY6QTR, STM32U535NEY6QTR, STM32U535RBI6, STM32U535RBI6Q, STM32U535RBT6, STM32U535RBT6Q, STM32U535RCI6, STM32U535RCI6Q, STM32U535RCT6, STM32U535RCT6Q, STM32U535REI6, STM32U535REI6Q, STM32U535RET6, STM32U535RET6Q, STM32U535VCI6, STM32U535VCI6Q, STM32U535VCT6, STM32U535VCT6Q, STM32U535VEI6, STM32U535VEI6Q, STM32U535VET6, STM32U535VET6Q, STM32U545CET6, STM32U545CET6Q, STM32U545CEU6, STM32U545CEU6Q, STM32U545JEY6QTR, STM32U545NEY6QTR, STM32U545REI6, STM32U545REI6Q, STM32U545RET6, STM32U545RET6Q, STM32U545VEI6, STM32U545VEI6Q, STM32U545VET6, STM32U545VET6Q, STM32U595AIH6, STM32U595AIH6Q, STM32U595AJH6, STM32U595AJH6Q, STM32U595QII6, STM32U595QII6Q, STM32U595QJI6, STM32U595QJI6Q, STM32U595RIT6, STM32U595RIT6Q, STM32U595RJT6, STM32U595RJT6Q, STM32U595VIT6, STM32U595VIT6Q, STM32U595VJT6, STM32U595VJT6Q, STM32U595ZIT6, STM32U595ZIT6Q, STM32U595ZIY6QTR, STM32U595ZJT6, STM32U595ZJT6Q, STM32U595ZJY6QTR, STM32U599BJY6QTR, STM32U599NIH6Q, STM32U599NJH6Q, STM32U599VIT6Q, STM32U599VJT6, STM32U599VJT6Q, STM32U599ZIT6Q, STM32U599ZIY6QTR, STM32U599ZJT6Q, STM32U599ZJY6QTR, STM32U5A5AJH6, STM32U5A5AJH6Q, STM32U5A5QII3Q , STM32U5A5QJI6, STM32U5A5QJI6Q, STM32U5A5RJT6, STM32U5A5RJT6Q, STM32U5A5VJT6, STM32U5A5VJT6Q, STM32U5A5ZJT6, STM32U5A5ZJT6Q, STM32U5A5ZJY6QTR, STM32U5A9BJY6QTR, STM32U5A9J-DK, STM32U5A9NJH6Q, STM32U5A9VJT6Q, STM32U5A9ZJT6Q, STM32U5A9ZJY6QTR, STM32U5F7VIT6, STM32U5F7VIT6Q, STM32U5F7VJT6, STM32U5F7VJT6Q, STM32U5F9BJY6QTR, STM32U5F9NJH6Q, STM32U5F9VIT6Q, STM32U5F9VJT6Q, STM32U5F9ZIJ6QTR, STM32U5F9ZIT6Q, STM32U5F9ZJJ6QTR, STM32U5F9ZJT6Q, STM32U5G7VJT6, STM32U5G7VJT6Q, STM32U5G9BJY6QTR, STM32U5G9J-DK1, STM32U5G9J-DK2, STM32U5G9NJH6Q, STM32U5G9VJT6Q, STM32U5G9ZJJ6QTR, STM32U5G9ZJT6Q, STM32WB05KZV6TR, STM32WB05KZV7TR, STM32WB05TZF6TR, STM32WB05TZF7TR, STM32WB06CCF6TR, STM32WB06CCF7TR, STM32WB06CCV6TR, STM32WB06CCV7TR, STM32WB06KCV6TR, STM32WB06KCV7TR, STM32WB07CCF6TR, STM32WB07CCF7TR, STM32WB07CCV6TR, STM32WB07CCV7TR, STM32WB07KCV6TR, STM32WB07KCV7TR, STM32WB09KEV6TR, STM32WB09KEV7TR, STM32WB09TEF6TR, STM32WB09TEF7TR, STM32WB1MMCH6, STM32WBA50KGU6, STM32WBA50KGU6TR, STM32WBA52CEU6, STM32WBA52CEU6TR, STM32WBA52CEU7, STM32WBA52CEU7TR, STM32WBA52CGU6, STM32WBA52CGU6TR, STM32WBA52CGU6U, STM32WBA52CGU7, STM32WBA52CGU7TR, STM32WBA52KEU6, STM32WBA52KEU6TR, STM32WBA52KGU6, STM32WBA52KGU6TR, STM32WBA54CEU6, STM32WBA54CEU6TR, STM32WBA54CEU7, STM32WBA54CEU7TR, STM32WBA54CGU6, STM32WBA54CGU6TR, STM32WBA54CGU7, STM32WBA54CGU7TR, STM32WBA54KEU6, STM32WBA54KEU6TR, STM32WBA54KEU7, STM32WBA54KEU7TR, STM32WBA54KGU6, STM32WBA54KGU6TR, STM32WBA54KGU7, STM32WBA54KGU7TR, STM32WBA55CEU6, STM32WBA55CEU6TR, STM32WBA55CEU7, STM32WBA55CEU7TR, STM32WBA55CGU6, STM32WBA55CGU6TR, STM32WBA55CGU6U, STM32WBA55CGU7, STM32WBA55CGU7TR, STM32WBA55G-DK1, STM32WBA55HEF6, STM32WBA55HEF7, STM32WBA55HGF6, STM32WBA55HGF7, STM32WBA55UEI6, STM32WBA55UEI6TR, STM32WBA55UEI7, STM32WBA55UEI7TR, STM32WBA55UGI6, STM32WBA55UGI6TR, STM32WBA55UGI7, STM32WBA55UGI7TR, STM32WBA5MJGH6TR, STM32WBA62CGU6, STM32WBA62CIU6, STM32WBA62MGF6, STM32WBA62MIF6, STM32WBA62PGI6, STM32WBA62PII6, STM32WBA63CGU6, STM32WBA63CGU7, STM32WBA63CIU6, STM32WBA63CIU7, STM32WBA64CGU6, STM32WBA64CGU7, STM32WBA64CIU6, STM32WBA64CIU7, STM32WBA65CGU6, STM32WBA65CGU7, STM32WBA65CIU6, STM32WBA65CIU7, STM32WBA65I-DK1, STM32WBA65MGF6, STM32WBA65MGF7, STM32WBA65MIF6, STM32WBA65MIF7, STM32WBA65PGI6, STM32WBA65PGI7, STM32WBA65PII6, STM32WBA65PII7, STM32WBA65RGV6, STM32WBA65RGV7, STM32WBA65RIV6, STM32WBA65RIV7, STM32WL30K8V6, STM32WL30KBV6, STM32WL31C8V6, STM32WL31CBV6, STM32WL31K8V6, STM32WL31KBV6, STM32WL33C8V6, STM32WL33C8V6TR, STM32WL33C8V7, STM32WL33C8V7TR, STM32WL33CBV6, STM32WL33CBV6TR, STM32WL33CBV7, STM32WL33CBV7TR, STM32WL33CCV6, STM32WL33CCV6TR, STM32WL33CCV7, STM32WL33CCV7A, STM32WL33CCV7ATR, STM32WL33CCV7TR, STM32WL33K8V6, STM32WL33K8V6TR, STM32WL33K8V7, STM32WL33K8V7TR, STM32WL33KBV6, STM32WL33KBV6TR, STM32WL33KBV7, STM32WL33KBV7TR, STM32WL33KCV6, STM32WL33KCV6TR, STM32WL33KCV7, STM32WL33KCV7TR, STM32WL5MOCH6, STM32WL5MOCH6TR]
2025-05-17 16:49:31,294 [INFO] BoardInfo:889 - No configuration file found for board P-NUCLEO-WB55
2025-05-17 16:49:31,295 [INFO] DbBoards:161 - Kit is not supported: P-NUCLEO-WB55
2025-05-17 16:49:31,303 [INFO] BoardInfo:889 - No configuration file found for board STEVAL-BFA001V1B
2025-05-17 16:49:31,303 [INFO] DbBoards:161 - Kit is not supported: STEVAL-BFA001V1B
2025-05-17 16:49:31,305 [INFO] BoardInfo:889 - No configuration file found for board STEVAL-BFA001V2B
2025-05-17 16:49:31,305 [INFO] DbBoards:161 - Kit is not supported: STEVAL-BFA001V2B
2025-05-17 16:49:31,532 [INFO] DbBoards:168 - Found 211 boards, 208 are supported
2025-05-17 16:49:31,532 [INFO] DbBoards:169 - Found 211 boards, 43 of them is supported for  Bsp
2025-05-17 16:49:31,537 [INFO] ApiDb:668 - CubeFinder database Data Model version=2.1
2025-05-17 16:49:31,537 [INFO] ApiDb:669 - CubeFinder database Configuration version=3.0.39
2025-05-17 16:49:31,538 [INFO] ApiDb:670 - CubeFinder database generation date=2025-04-23 (1745419778)
2025-05-17 16:49:31,538 [INFO] ApiDb:671 - CubeFinder database FW Pack versions=[FP-ATR-ASTRA1_V2.0.0, FP-SNS-FLIGHT1_V5.1.0, FP-SNS-MOTENV1_V5.0.0, FP-SNS-MOTENVWB1_V1.4.0, FP-SNS-SMARTAG2_V1.2.0, FP-SNS-STBOX1_V2.0.0, STM32Cube_FW_C0_V1.4.0, STM32Cube_FW_F4_V1.28.1, STM32Cube_FW_F7_V1.17.2, STM32Cube_FW_G0_V1.6.2, STM32Cube_FW_G4_V1.6.1, STM32Cube_FW_H5_V1.5.0, STM32Cube_FW_H7RS_V1.2.0, STM32Cube_FW_H7_V1.12.1, STM32Cube_FW_L0_V1.12.2, STM32Cube_FW_L4_V1.18.1, STM32Cube_FW_L5_V1.5.1, STM32Cube_FW_N6_V1.1.1, STM32Cube_FW_U0_V1.2.0, STM32Cube_FW_U3_V1.1.0, STM32Cube_FW_U5_V1.7.0, STM32Cube_FW_WB0_V1.2.0, STM32Cube_FW_WBA_V1.6.0, STM32Cube_FW_WB_V1.22.0, STM32Cube_FW_WL3_V1.1.0, STM32Cube_FW_WL_V1.3.1, X-CUBE-ALGOBUILD_V1.4.0, X-CUBE-ALS_V1.0.2, X-CUBE-AZRTOS-F4_V1.1.0, X-CUBE-AZRTOS-F7_V1.1.0, X-CUBE-AZRTOS-G0_V1.1.0, X-CUBE-AZRTOS-G4_V2.0.0, X-CUBE-AZRTOS-H7RS_V1.1.0, X-CUBE-AZRTOS-H7_V3.3.0, X-CUBE-AZRTOS-L4_V2.0.0, X-CUBE-AZRTOS-L5_V2.0.0, X-CUBE-AZRTOS-WB_V2.0.0, X-CUBE-AZRTOS-WL_V2.0.0, X-CUBE-BLE1_V7.1.0, X-CUBE-BLE2_V3.3.0, X-CUBE-BLEMGR_V4.0.0, X-CUBE-EEPRMA1_V5.1.0, X-CUBE-FREERTOS_V1.3.0, X-CUBE-GNSS1_V6.0.0, X-CUBE-MEMS1_V11.2.0, X-CUBE-NFC4_V3.0.0, X-CUBE-NFC7_V1.0.1, X-CUBE-SFXS2LP1_V4.0.0, X-CUBE-SUBG2_V5.0.0, X-CUBE-TOF1_V3.4.3]
2025-05-17 16:49:34,399 [INFO] ApiDb:240 - Found 895 in-development CPN: [B-G473E-ZEST1S, B-WB1M-WPAN1, B-WBA5M-WPAN, B-WL5M-SUBG1, NUCLEO-C031C6, NUCLEO-C051C8, NUCLEO-C071RB, NUCLEO-C092RC, NUCLEO-H503RB, NUCLEO-H533RE, NUCLEO-H563ZI, NUCLEO-H7S3L8, NUCLEO-N657X0-Q, NUCLEO-U031R8, NUCLEO-U083RC, NUCLEO-U385RG-Q, NUCLEO-U545RE-Q, NUCLEO-U5A5ZJ-Q, NUCLEO-WB05KZ, NUCLEO-WB07CC, NUCLEO-WB09KE, NUCLEO-WBA52CG, NUCLEO-WBA55CG, NUCLEO-WBA65RI, NUCLEO-WL33CC1, NUCLEO-WL33CC2, STEVAL-PROTEUS1, STEVAL-SMARTAG2, STEVAL-STWINBX1, STM320518-EVAL, STM32C0116-DK, STM32C011D6Y3TR, STM32C011D6Y6TR, STM32C011F4P3, STM32C011F4P6, STM32C011F4U3, STM32C011F4U6TR, STM32C011F6P3, STM32C011F6P6, STM32C011F6U3, STM32C011F6U6TR, STM32C011J4M3, STM32C011J4M6, STM32C011J6M3, STM32C011J6M6, STM32C0316-DK, STM32C031C4T3, STM32C031C4T6, STM32C031C4U3, STM32C031C4U6, STM32C031C6T3, STM32C031C6T6, STM32C031C6U3, STM32C031C6U6, STM32C031F4P3, STM32C031F4P6, STM32C031F6P3, STM32C031F6P6, STM32C031G4U3, STM32C031G4U6, STM32C031G6U3, STM32C031G6U6, STM32C031K4T3, STM32C031K4T6, STM32C031K4U3, STM32C031K4U6, STM32C031K6T3, STM32C031K6T6, STM32C031K6U3, STM32C031K6U6, STM32C051C6T6, STM32C051C6U6, STM32C051C8T6, STM32C051C8U6, STM32C051D8Y6TR, STM32C051F6P6, STM32C051F8P6, STM32C051G6U6, STM32C051G8U6, STM32C051K6T6, STM32C051K6U6, STM32C051K8T6, STM32C071C8T6, STM32C071C8T6N, STM32C071C8U6, STM32C071C8U6N, STM32C071CBT6, STM32C071CBT6N, STM32C071CBU6, STM32C071CBU6N, STM32C071F8P6, STM32C071F8P6N, STM32C071FBP6, STM32C071FBP6N, STM32C071FBY6TR, STM32C071G8U6, STM32C071G8U6N, STM32C071GBU6, STM32C071GBU6N, STM32C071K8T6, STM32C071K8T6N, STM32C071K8U6, STM32C071K8U6N, STM32C071KBT6, STM32C071KBT6N, STM32C071KBU6, STM32C071KBU6N, STM32C071R8T6, STM32C071R8T6N, STM32C071RBI6N, STM32C071RBT6, STM32C071RBT6N, STM32C091CBT6, STM32C091CBU6, STM32C091CCT6, STM32C091CCU6, STM32C091ECY6TR, STM32C091FBP6, STM32C091FCP6, STM32C091GBU6, STM32C091GCU6, STM32C091KBT6, STM32C091KBU6, STM32C091KCT6, STM32C091KCU6, STM32C091RBT6, STM32C091RCI6, STM32C091RCT6, STM32C092CBT6, STM32C092CBU6, STM32C092CCT6, STM32C092CCU6, STM32C092ECY6TR, STM32C092FBP6, STM32C092FCP6, STM32C092GBU6, STM32C092GCU6, STM32C092KBT6, STM32C092KBU6, STM32C092KCT6, STM32C092KCU6, STM32C092RBT6, STM32C092RCI6, STM32C092RCT6, STM32G071K8TXN, STM32G071K8UXN, STM32G081GBU6N, STM32G081KBT6N, STM32G081KBUXN, STM32G0B1CCT6N, STM32G0B1KCT6, STM32G0B1NEY6TR, STM32G0B1RCT6N, STM32G0C1CCT6, STM32G0C1CCT6N, STM32G0C1CCU6N, STM32G0C1CET6N, STM32G0C1CEU6N, STM32G0C1KCT6, STM32G0C1NEY6TR, STM32G0C1RCI6N, STM32G0C1RCT6N, STM32G0C1REI6N, STM32G0C1RET6N, STM32G0C1VCI6, STM32G0C1VEI6, STM32G411C6T3, STM32G411C6T6, STM32G411C6U3, STM32G411C6U6, STM32G411C8T3, STM32G411C8T6, STM32G411C8U3, STM32G411C8U6, STM32G411CBT3, STM32G411CBT6, STM32G411CBU3, STM32G411CBU6, STM32G411CCT3, STM32G411CCT6, STM32G411CCU3, STM32G411CCU6, STM32G411K6T3, STM32G411K6T6, STM32G411K6U3, STM32G411K6U6, STM32G411K8T3, STM32G411K8T6, STM32G411K8U3, STM32G411K8U6, STM32G411KBT3, STM32G411KBT6, STM32G411KBU3, STM32G411KBU6, STM32G411M6T3, STM32G411M6T6, STM32G411M8T3, STM32G411M8T6, STM32G411MBT3, STM32G411MBT6, STM32G411MCT3, STM32G411MCT6, STM32G411R6T3, STM32G411R6T6, STM32G411R8T3, STM32G411R8T6, STM32G411RBT3, STM32G411RBT6, STM32G411RCT3, STM32G411RCT6, STM32G414CBT3, STM32G414CBT6, STM32G414CBU3, STM32G414CBU6, STM32G414CCT3, STM32G414CCT6, STM32G414CCU3, STM32G414CCU6, STM32G414MBT3, STM32G414MBT6, STM32G414MCT3, STM32G414MCT6, STM32G414RBT3, STM32G414RBT6, STM32G414RCT3, STM32G414RCT6, STM32G414VBT3, STM32G414VBT6, STM32G414VCT3, STM32G414VCT6, STM32G431CBT3Z, STM32G431RBT3Z, STM32G471CCT6, STM32G471CCU6, STM32G471CET3, STM32G471CET6, STM32G471CEU3, STM32G471CEU6, STM32G471MCT6, STM32G471MET3, STM32G471MET6, STM32G471MEY6TR, STM32G471QCT6, STM32G471QET3, STM32G471RCT6, STM32G471RET3, STM32G471RET6, STM32G471VCH6, STM32G471VCI6, STM32G471VCT6, STM32G471VEH3, STM32G471VEH6, STM32G471VEI3, STM32G471VEI6, STM32G471VET3, STM32G471VET6, STM32G473QET3Z, STM32G473RET3Z, STM32G474CCT6, STM32G491RET3Z, STM32H503CBT6, STM32H503CBU6, STM32H503EBY6TR, STM32H503KBU6, STM32H503RBT6, STM32H523CCT6, STM32H523CCU6, STM32H523CET6, STM32H523CEU6, STM32H523HEY6TR, STM32H523RCT6, STM32H523RET6, STM32H523VCI6, STM32H523VCT6, STM32H523VEI6, STM32H523VET6, STM32H523ZCJ6, STM32H523ZCT6, STM32H523ZEJ6, STM32H523ZET6, STM32H533CET6, STM32H533CEU6, STM32H533HEY6TR, STM32H533RET6, STM32H533VEI6, STM32H533VET6, STM32H533ZEJ6, STM32H533ZET6, STM32H562AGI6, STM32H562AII6, STM32H562IGK6, STM32H562IGT6, STM32H562IIK6, STM32H562IIT6, STM32H562RGT6, STM32H562RGV6, STM32H562RIT6, STM32H562RIV6, STM32H562VGT6, STM32H562VIT6, STM32H562ZGT6, STM32H562ZIT6, STM32H563AGI6, STM32H563AII3Q, STM32H563AII6, STM32H563IGK6, STM32H563IGT6, STM32H563IIK3Q, STM32H563IIK6, STM32H563IIT3Q, STM32H563IIT6, STM32H563MIY3QTR, STM32H563RGT6, STM32H563RGV6, STM32H563RIT6, STM32H563RIV6, STM32H563VGT6, STM32H563VIT3Q, STM32H563VIT6, STM32H563ZGT6, STM32H563ZIT3Q, STM32H563ZIT6, STM32H573AII3Q, STM32H573AII6, STM32H573I-DK, STM32H573IIK3Q, STM32H573IIK6, STM32H573IIT3Q, STM32H573IIT6, STM32H573MIY3QTR, STM32H573RIT6, STM32H573RIV6, STM32H573VIT3Q, STM32H573VIT6, STM32H573ZIT3Q, STM32H573ZIT6, STM32H7R3A8I6, STM32H7R3I8K6, STM32H7R3I8T6, STM32H7R3L8H6, STM32H7R3L8H6H, STM32H7R3R8V6, STM32H7R3V8H6, STM32H7R3V8T6, STM32H7R3V8Y6TR, STM32H7R3Z8J6, STM32H7R3Z8T6, STM32H7R7A8I6, STM32H7R7I8K6, STM32H7R7I8T6, STM32H7R7L8H6, STM32H7R7L8H6H, STM32H7R7Z8J6, STM32H7S3A8I6, STM32H7S3I8K6, STM32H7S3I8T6, STM32H7S3L8H6, STM32H7S3L8H6H, STM32H7S3R8V6, STM32H7S3V8H6, STM32H7S3V8T6, STM32H7S3V8Y6TR, STM32H7S3Z8J6, STM32H7S3Z8T6, STM32H7S78-DK, STM32H7S7A8I6, STM32H7S7I8K6, STM32H7S7I8T6, STM32H7S7L8H6, STM32H7S7L8H6H, STM32H7S7Z8J6, STM32L4R5QGI6STR, STM32MP131AAE3, STM32MP131AAF3, STM32MP131AAG3, STM32MP131CAE3, STM32MP131CAF3, STM32MP131CAG3, STM32MP131DAE7, STM32MP131DAF7, STM32MP131DAG7, STM32MP131FAE7, STM32MP131FAF7, STM32MP131FAG7, STM32MP133AAE3, STM32MP133AAF3, STM32MP133AAG3, STM32MP133CAE3, STM32MP133CAF3, STM32MP133CAG3, STM32MP133DAE7, STM32MP133DAF7, STM32MP133DAG7, STM32MP133FAE7, STM32MP133FAF7, STM32MP133FAG7, STM32MP135AAE3, STM32MP135AAF3, STM32MP135AAG3, STM32MP135CAE3, STM32MP135CAF3, STM32MP135CAG3, STM32MP135DAE7, STM32MP135DAF7, STM32MP135DAG7, STM32MP135F-DK, STM32MP135FAE7, STM32MP135FAF7, STM32MP135FAF7T, STM32MP135FAF7U, STM32MP135FAG7, STM32MP231AAJ3, STM32MP231AAK3, STM32MP231AAL3, STM32MP231CAJ3, STM32MP231CAK3, STM32MP231CAL3, STM32MP231DAJ3, STM32MP231DAK3, STM32MP231DAL3, STM32MP231FAJ3, STM32MP231FAK3, STM32MP231FAL3, STM32MP233AAJ3, STM32MP233AAK3, STM32MP233AAL3, STM32MP233CAJ3, STM32MP233CAK3, STM32MP233CAL3, STM32MP233DAJ3, STM32MP233DAK3, STM32MP233DAL3, STM32MP233FAJ3, STM32MP233FAK3, STM32MP233FAL3, STM32MP235AAJ3, STM32MP235AAK3, STM32MP235AAL3, STM32MP235CAJ3, STM32MP235CAK3, STM32MP235CAL3, STM32MP235DAJ3, STM32MP235DAK3, STM32MP235DAL3, STM32MP235FAJ3, STM32MP235FAK3, STM32MP235FAL3, STM32MP251AAI3, STM32MP251AAJ3, STM32MP251AAK3, STM32MP251AAL3, STM32MP251CAI3, STM32MP251CAJ3, STM32MP251CAK3, STM32MP251CAL3, STM32MP251DAI3, STM32MP251DAJ3, STM32MP251DAK3, STM32MP251DAL3, STM32MP251FAI3, STM32MP251FAJ3, STM32MP251FAK3, STM32MP251FAL3, STM32MP253AAI3, STM32MP253AAJ3, STM32MP253AAK3, STM32MP253AAL3, STM32MP253CAI3, STM32MP253CAJ3, STM32MP253CAK3, STM32MP253CAL3, STM32MP253DAI3, STM32MP253DAJ3, STM32MP253DAK3, STM32MP253DAL3, STM32MP253FAI3, STM32MP253FAJ3, STM32MP253FAK3, STM32MP253FAL3, STM32MP255AAI3, STM32MP255AAJ3, STM32MP255AAK3, STM32MP255AAL3, STM32MP255CAI3, STM32MP255CAJ3, STM32MP255CAK3, STM32MP255CAL3, STM32MP255DAI3, STM32MP255DAJ3, STM32MP255DAK3, STM32MP255DAL3, STM32MP255FAI3, STM32MP255FAJ3, STM32MP255FAK3, STM32MP255FAL3, STM32MP257AAI3, STM32MP257AAJ3, STM32MP257AAK3, STM32MP257AAL3, STM32MP257CAI3, STM32MP257CAJ3, STM32MP257CAK3, STM32MP257CAL3, STM32MP257DAI3, STM32MP257DAJ3, STM32MP257DAK3, STM32MP257DAL3, STM32MP257F-DK, STM32MP257F-EV1, STM32MP257FAI3, STM32MP257FAJ3, STM32MP257FAK3, STM32MP257FAL3, STM32N645A0H3Q, STM32N645B0H3Q, STM32N645I0H3Q, STM32N645L0H3Q, STM32N645X0H3Q, STM32N645Z0H3Q, STM32N647A0H3Q, STM32N647B0H3Q, STM32N647I0H3Q, STM32N647L0H3Q, STM32N647X0H3Q, STM32N647Z0H3Q, STM32N655A0H3Q, STM32N655B0H3Q, STM32N655I0H3Q, STM32N655L0H3Q, STM32N655X0H3Q, STM32N655Z0H3Q, STM32N6570-DK, STM32N657A0H3Q, STM32N657B0H3Q, STM32N657I0H3Q, STM32N657L0H3Q, STM32N657X0H3Q, STM32N657Z0H3Q, STM32U031C6T6, STM32U031C6U6, STM32U031C8T6, STM32U031C8U6, STM32U031F4P6, STM32U031F6P6, STM32U031F8P6, STM32U031G6Y6TR, STM32U031G8Y6TR, STM32U031K4U6, STM32U031K6U6, STM32U031K8U6, STM32U031R6I6, STM32U031R6T6, STM32U031R8I6, STM32U031R8T6, STM32U073C8T6, STM32U073C8U6, STM32U073CBT6, STM32U073CBU6, STM32U073CCT6, STM32U073CCU6, STM32U073H8Y6TR, STM32U073HBY6TR, STM32U073HCY6TR, STM32U073K8U6, STM32U073KBU6, STM32U073KCU6, STM32U073M8I6, STM32U073M8T6, STM32U073MBI6, STM32U073MBT6, STM32U073MCI6, STM32U073MCT6, STM32U073R8I6, STM32U073R8T6, STM32U073RBI6, STM32U073RBT6, STM32U073RCI6, STM32U073RCT6, STM32U083C-DK, STM32U083CCT6, STM32U083CCU6, STM32U083HCY6TR, STM32U083KCU6, STM32U083MCI6, STM32U083MCT6, STM32U083RCI6, STM32U083RCT6, STM32U375CET6, STM32U375CET6Q, STM32U375CEU6, STM32U375CEU6Q, STM32U375CEY6QTR, STM32U375CGT6, STM32U375CGT6Q, STM32U375CGU6, STM32U375CGU6Q, STM32U375CGY6QTR, STM32U375KEU6, STM32U375KGU6, STM32U375REI6, STM32U375REI6Q, STM32U375RET6, STM32U375RET6Q, STM32U375REY6GTR, STM32U375REY6QTR, STM32U375RGI6, STM32U375RGI6Q, STM32U375RGT6, STM32U375RGT6Q, STM32U375RGY6GTR, STM32U375RGY6QTR, STM32U375VEI6, STM32U375VEI6Q, STM32U375VET6, STM32U375VET6Q, STM32U375VGI6, STM32U375VGI6Q, STM32U375VGT6, STM32U375VGT6Q, STM32U385CGT6, STM32U385CGT6Q, STM32U385CGU6, STM32U385CGU6Q, STM32U385CGY6QTR, STM32U385KGU6, STM32U385RGI6, STM32U385RGI6Q, STM32U385RGT6, STM32U385RGT6Q, STM32U385RGY6GTR, STM32U385RGY6QTR, STM32U385VGI6, STM32U385VGI6Q, STM32U385VGT6, STM32U385VGT6Q, STM32U535CBT6, STM32U535CBT6Q, STM32U535CBU6, STM32U535CBU6Q, STM32U535CCT6, STM32U535CCT6Q, STM32U535CCU6, STM32U535CCU6Q, STM32U535CET6, STM32U535CET6Q, STM32U535CEU6, STM32U535CEU6Q, STM32U535JEY6QTR, STM32U535NCY6QTR, STM32U535NEY6QTR, STM32U535RBI6, STM32U535RBI6Q, STM32U535RBT6, STM32U535RBT6Q, STM32U535RCI6, STM32U535RCI6Q, STM32U535RCT6, STM32U535RCT6Q, STM32U535REI6, STM32U535REI6Q, STM32U535RET6, STM32U535RET6Q, STM32U535VCI6, STM32U535VCI6Q, STM32U535VCT6, STM32U535VCT6Q, STM32U535VEI6, STM32U535VEI6Q, STM32U535VET6, STM32U535VET6Q, STM32U545CET6, STM32U545CET6Q, STM32U545CEU6, STM32U545CEU6Q, STM32U545JEY6QTR, STM32U545NEY6QTR, STM32U545REI6, STM32U545REI6Q, STM32U545RET6, STM32U545RET6Q, STM32U545VEI6, STM32U545VEI6Q, STM32U545VET6, STM32U545VET6Q, STM32U595AIH6, STM32U595AIH6Q, STM32U595AJH6, STM32U595AJH6Q, STM32U595QII6, STM32U595QII6Q, STM32U595QJI6, STM32U595QJI6Q, STM32U595RIT6, STM32U595RIT6Q, STM32U595RJT6, STM32U595RJT6Q, STM32U595VIT6, STM32U595VIT6Q, STM32U595VJT6, STM32U595VJT6Q, STM32U595ZIT6, STM32U595ZIT6Q, STM32U595ZIY6QTR, STM32U595ZJT6, STM32U595ZJT6Q, STM32U595ZJY6QTR, STM32U599BJY6QTR, STM32U599NIH6Q, STM32U599NJH6Q, STM32U599VIT6Q, STM32U599VJT6, STM32U599VJT6Q, STM32U599ZIT6Q, STM32U599ZIY6QTR, STM32U599ZJT6Q, STM32U599ZJY6QTR, STM32U5A5AJH6, STM32U5A5AJH6Q, STM32U5A5QII3Q , STM32U5A5QJI6, STM32U5A5QJI6Q, STM32U5A5RJT6, STM32U5A5RJT6Q, STM32U5A5VJT6, STM32U5A5VJT6Q, STM32U5A5ZJT6, STM32U5A5ZJT6Q, STM32U5A5ZJY6QTR, STM32U5A9BJY6QTR, STM32U5A9J-DK, STM32U5A9NJH6Q, STM32U5A9VJT6Q, STM32U5A9ZJT6Q, STM32U5A9ZJY6QTR, STM32U5F7VIT6, STM32U5F7VIT6Q, STM32U5F7VJT6, STM32U5F7VJT6Q, STM32U5F9BJY6QTR, STM32U5F9NJH6Q, STM32U5F9VIT6Q, STM32U5F9VJT6Q, STM32U5F9ZIJ6QTR, STM32U5F9ZIT6Q, STM32U5F9ZJJ6QTR, STM32U5F9ZJT6Q, STM32U5G7VJT6, STM32U5G7VJT6Q, STM32U5G9BJY6QTR, STM32U5G9J-DK1, STM32U5G9J-DK2, STM32U5G9NJH6Q, STM32U5G9VJT6Q, STM32U5G9ZJJ6QTR, STM32U5G9ZJT6Q, STM32WB05KZV6TR, STM32WB05KZV7TR, STM32WB05TZF6TR, STM32WB05TZF7TR, STM32WB06CCF6TR, STM32WB06CCF7TR, STM32WB06CCV6TR, STM32WB06CCV7TR, STM32WB06KCV6TR, STM32WB06KCV7TR, STM32WB07CCF6TR, STM32WB07CCF7TR, STM32WB07CCV6TR, STM32WB07CCV7TR, STM32WB07KCV6TR, STM32WB07KCV7TR, STM32WB09KEV6TR, STM32WB09KEV7TR, STM32WB09TEF6TR, STM32WB09TEF7TR, STM32WB1MMCH6, STM32WBA50KGU6, STM32WBA50KGU6TR, STM32WBA52CEU6, STM32WBA52CEU6TR, STM32WBA52CEU7, STM32WBA52CEU7TR, STM32WBA52CGU6, STM32WBA52CGU6TR, STM32WBA52CGU6U, STM32WBA52CGU7, STM32WBA52CGU7TR, STM32WBA52KEU6, STM32WBA52KEU6TR, STM32WBA52KGU6, STM32WBA52KGU6TR, STM32WBA54CEU6, STM32WBA54CEU6TR, STM32WBA54CEU7, STM32WBA54CEU7TR, STM32WBA54CGU6, STM32WBA54CGU6TR, STM32WBA54CGU7, STM32WBA54CGU7TR, STM32WBA54KEU6, STM32WBA54KEU6TR, STM32WBA54KEU7, STM32WBA54KEU7TR, STM32WBA54KGU6, STM32WBA54KGU6TR, STM32WBA54KGU7, STM32WBA54KGU7TR, STM32WBA55CEU6, STM32WBA55CEU6TR, STM32WBA55CEU7, STM32WBA55CEU7TR, STM32WBA55CGU6, STM32WBA55CGU6TR, STM32WBA55CGU6U, STM32WBA55CGU7, STM32WBA55CGU7TR, STM32WBA55G-DK1, STM32WBA55HEF6, STM32WBA55HEF7, STM32WBA55HGF6, STM32WBA55HGF7, STM32WBA55UEI6, STM32WBA55UEI6TR, STM32WBA55UEI7, STM32WBA55UEI7TR, STM32WBA55UGI6, STM32WBA55UGI6TR, STM32WBA55UGI7, STM32WBA55UGI7TR, STM32WBA5MJGH6TR, STM32WBA62CGU6, STM32WBA62CIU6, STM32WBA62MGF6, STM32WBA62MIF6, STM32WBA62PGI6, STM32WBA62PII6, STM32WBA63CGU6, STM32WBA63CGU7, STM32WBA63CIU6, STM32WBA63CIU7, STM32WBA64CGU6, STM32WBA64CGU7, STM32WBA64CIU6, STM32WBA64CIU7, STM32WBA65CGU6, STM32WBA65CGU7, STM32WBA65CIU6, STM32WBA65CIU7, STM32WBA65I-DK1, STM32WBA65MGF6, STM32WBA65MGF7, STM32WBA65MIF6, STM32WBA65MIF7, STM32WBA65PGI6, STM32WBA65PGI7, STM32WBA65PII6, STM32WBA65PII7, STM32WBA65RGV6, STM32WBA65RGV7, STM32WBA65RIV6, STM32WBA65RIV7, STM32WL30K8V6, STM32WL30KBV6, STM32WL31C8V6, STM32WL31CBV6, STM32WL31K8V6, STM32WL31KBV6, STM32WL33C8V6, STM32WL33C8V6TR, STM32WL33C8V7, STM32WL33C8V7TR, STM32WL33CBV6, STM32WL33CBV6TR, STM32WL33CBV7, STM32WL33CBV7TR, STM32WL33CCV6, STM32WL33CCV6TR, STM32WL33CCV7, STM32WL33CCV7A, STM32WL33CCV7ATR, STM32WL33CCV7TR, STM32WL33K8V6, STM32WL33K8V6TR, STM32WL33K8V7, STM32WL33K8V7TR, STM32WL33KBV6, STM32WL33KBV6TR, STM32WL33KBV7, STM32WL33KBV7TR, STM32WL33KCV6, STM32WL33KCV6TR, STM32WL33KCV7, STM32WL33KCV7TR, STM32WL5MOCH6, STM32WL5MOCH6TR]
2025-05-17 16:49:34,405 [INFO] DbMcus:218 - Found 4686 MCUs, 4686 are supported
2025-05-17 16:49:34,406 [INFO] ApiDb:423 - Load user favorites file /Users/winstonhar/.stm32cubeide/favorites.mcus.txt: 1 item(s)
2025-05-17 16:49:34,406 [INFO] ApiDb:427 - User favorites MCUs=[STM32F103RCT6]
2025-05-17 16:49:34,407 [INFO] DbMcus:224 - Set 1 / 1 favorites MCUs
2025-05-17 16:49:34,963 [INFO] ApiDb:423 - Load user favorites file /Users/winstonhar/.stm32cubeide/favorites.boards.txt: 0 item(s)
2025-05-17 16:49:34,963 [INFO] ApiDb:427 - User favorites Boards=[]
2025-05-17 16:49:34,963 [INFO] DbBoards:198 - Set 0 / 0 favorites Boards
2025-05-17 16:49:35,011 [INFO] UtilMem:75 - End LoadConfig() Used Memory: 324721752 Bytes (723517440)
2025-05-17 16:49:35,238 [WARN] ThirdParty:833 - waiting for thirdparty lock release [change project]
2025-05-17 16:49:35,238 [INFO] ThirdParty:835 - entering critical section [change project]
2025-05-17 16:49:35,238 [INFO] ThirdParty:1030 - CMSIS Pack Vendor :STMicroelectronics USBPD 4.1
2025-05-17 16:49:35,238 [INFO] ThirdParty:1030 - CMSIS Pack Vendor :STMicroelectronics X-CUBE-AZRTOS-H7 3.3.0
2025-05-17 16:49:35,238 [INFO] ThirdParty:1030 - CMSIS Pack Vendor :STMicroelectronics X-CUBE-NFC9 1.0.0
2025-05-17 16:49:35,238 [INFO] ThirdParty:1030 - CMSIS Pack Vendor :STMicroelectronics USB_HOST 2.0.0
2025-05-17 16:49:35,239 [INFO] ThirdParty:1030 - CMSIS Pack Vendor :STMicroelectronics FP-SNS-MOTENVWB1 1.4.0
2025-05-17 16:49:35,239 [INFO] ThirdParty:1030 - CMSIS Pack Vendor :STMicroelectronics X-CUBE-AZRTOS-F4 1.1.0
2025-05-17 16:49:35,239 [INFO] ThirdParty:1030 - CMSIS Pack Vendor :STMicroelectronics LIBJPEG 8.0.0
2025-05-17 16:49:35,239 [INFO] ThirdParty:1030 - CMSIS Pack Vendor :STMicroelectronics FP-ATR-ASTRA1 2.0.2
2025-05-17 16:49:35,239 [INFO] ThirdParty:1030 - CMSIS Pack Vendor :STMicroelectronics X-CUBE-BLE1 7.1.0
2025-05-17 16:49:35,239 [INFO] ThirdParty:1030 - CMSIS Pack Vendor :Avnet-IotConnect X-CUBE-IoTC-DA16k-PMOD 1.0.0
2025-05-17 16:49:35,239 [INFO] ThirdParty:1030 - CMSIS Pack Vendor :STMicroelectronics X-CUBE-SMBUS 2.1.0
2025-05-17 16:49:35,239 [INFO] ThirdParty:1030 - CMSIS Pack Vendor :STMicroelectronics X-CUBE-WB05N 1.1.0
2025-05-17 16:49:35,239 [INFO] ThirdParty:1030 - CMSIS Pack Vendor :wolfSSL I-CUBE-wolfMQTT 1.19.2
2025-05-17 16:49:35,239 [INFO] ThirdParty:1030 - CMSIS Pack Vendor :STMicroelectronics USB_DEVICE 3.0.0
2025-05-17 16:49:35,239 [INFO] ThirdParty:1030 - CMSIS Pack Vendor :STMicroelectronics X-CUBE-ISPU 2.1.0
2025-05-17 16:49:35,239 [INFO] ThirdParty:1030 - CMSIS Pack Vendor :STMicroelectronics X-CUBE-AZRTOS-WB 2.0.0
2025-05-17 16:49:35,239 [INFO] ThirdParty:1030 - CMSIS Pack Vendor :STMicroelectronics X-CUBE-GNSS1 7.0.1
2025-05-17 16:49:35,239 [INFO] ThirdParty:1030 - CMSIS Pack Vendor :STMicroelectronics X-CUBE-AZRTOS-F7 1.1.0
2025-05-17 16:49:35,240 [INFO] ThirdParty:1030 - CMSIS Pack Vendor :STMicroelectronics X-CUBE-AZRTOS-L5 2.0.0
2025-05-17 16:49:35,240 [INFO] ThirdParty:1030 - CMSIS Pack Vendor :STMicroelectronics X-CUBE-TOUCHGFX 4.25.0
2025-05-17 16:49:35,240 [INFO] ThirdParty:1030 - CMSIS Pack Vendor :STMicroelectronics USB_DEVICE 2.0.0
2025-05-17 16:49:35,240 [INFO] ThirdParty:1030 - CMSIS Pack Vendor :STMicroelectronics X-CUBE-NFC6 3.1.0
2025-05-17 16:49:35,240 [INFO] ThirdParty:1030 - CMSIS Pack Vendor :STMicroelectronics FP-SNS-STBOX1 2.0.0
2025-05-17 16:49:35,240 [INFO] ThirdParty:1030 - CMSIS Pack Vendor :STMicroelectronics X-CUBE-MEMS1 11.2.0
2025-05-17 16:49:35,240 [INFO] ThirdParty:1030 - CMSIS Pack Vendor :STMicroelectronics FreeRTOS 0.0.1
2025-05-17 16:49:35,240 [INFO] ThirdParty:1030 - CMSIS Pack Vendor :STMicroelectronics X-CUBE-AZRTOS-G0 1.1.0
2025-05-17 16:49:35,240 [INFO] ThirdParty:1030 - CMSIS Pack Vendor :STMicroelectronics X-CUBE-SAFEA1 1.2.2
2025-05-17 16:49:35,240 [INFO] ThirdParty:1030 - CMSIS Pack Vendor :STMicroelectronics X-CUBE-NFC4 3.0.0
2025-05-17 16:49:35,240 [INFO] ThirdParty:1030 - CMSIS Pack Vendor :STMicroelectronics X-CUBE-SUBG2 5.0.0
2025-05-17 16:49:35,240 [INFO] ThirdParty:1030 - CMSIS Pack Vendor :STMicroelectronics X-CUBE-AZRTOS-H7RS 1.1.0
2025-05-17 16:49:35,240 [INFO] ThirdParty:1030 - CMSIS Pack Vendor :STMicroelectronics STM32_WPAN 1.0.0
2025-05-17 16:49:35,241 [INFO] ThirdParty:1030 - CMSIS Pack Vendor :EmbeddedOffice I-CUBE-FS-RTOS 1.0.1
2025-05-17 16:49:35,241 [INFO] ThirdParty:1030 - CMSIS Pack Vendor :STMicroelectronics lwIP 2.0.3
2025-05-17 16:49:35,241 [INFO] ThirdParty:1030 - CMSIS Pack Vendor :Cesanta I-CUBE-Mongoose 7.13.0
2025-05-17 16:49:35,241 [INFO] ThirdParty:1030 - CMSIS Pack Vendor :STMicroelectronics USB_HOST 1.0.0
2025-05-17 16:49:35,241 [INFO] ThirdParty:1030 - CMSIS Pack Vendor :Infineon AIROC-Wi-Fi-Bluetooth-STM32 1.7.0
2025-05-17 16:49:35,241 [INFO] ThirdParty:1030 - CMSIS Pack Vendor :STMicroelectronics X-CUBE-AZRTOS-G4 2.0.0
2025-05-17 16:49:35,241 [INFO] ThirdParty:1030 - CMSIS Pack Vendor :STMicroelectronics X-CUBE-WB05N 2.0.0
2025-05-17 16:49:35,241 [INFO] ThirdParty:1030 - CMSIS Pack Vendor :STMicroelectronics PDM2PCM 3.1.0
2025-05-17 16:49:35,241 [INFO] ThirdParty:1030 - CMSIS Pack Vendor :STMicroelectronics PDM2PCM 3.3.0
2025-05-17 16:49:35,241 [INFO] ThirdParty:1030 - CMSIS Pack Vendor :wolfSSL I-CUBE-wolfTPM 3.8.0
2025-05-17 16:49:35,241 [INFO] ThirdParty:1030 - CMSIS Pack Vendor :STMicroelectronics X-CUBE-DISPLAY 3.0.0
2025-05-17 16:49:35,241 [INFO] ThirdParty:1030 - CMSIS Pack Vendor :wolfSSL I-CUBE-wolfSSH 1.4.20
2025-05-17 16:49:35,241 [INFO] ThirdParty:1030 - CMSIS Pack Vendor :STMicroelectronics X-CUBE-NFC7 2.0.0
2025-05-17 16:49:35,242 [INFO] ThirdParty:1030 - CMSIS Pack Vendor :STMicroelectronics X-CUBE-TCPP 4.2.0
2025-05-17 16:49:35,242 [INFO] ThirdParty:1030 - CMSIS Pack Vendor :RealThread X-CUBE-RT-Thread_Nano 4.1.1
2025-05-17 16:49:35,242 [INFO] ThirdParty:1030 - CMSIS Pack Vendor :STMicroelectronics FP-ATR-SIGFOX1 3.2.0
2025-05-17 16:49:35,242 [INFO] ThirdParty:1030 - CMSIS Pack Vendor :STMicroelectronics X-CUBE-NFC10 1.0.0
2025-05-17 16:49:35,242 [INFO] ThirdParty:1030 - CMSIS Pack Vendor :STMicroelectronics X-CUBE-BLEMGR 4.0.0
2025-05-17 16:49:35,242 [INFO] ThirdParty:1030 - CMSIS Pack Vendor :STMicroelectronics X-CUBE-EEPRMA1 5.1.0
2025-05-17 16:49:35,242 [INFO] ThirdParty:1030 - CMSIS Pack Vendor :STMicroelectronics X-CUBE-FREERTOS 1.3.1
2025-05-17 16:49:35,242 [INFO] ThirdParty:1030 - CMSIS Pack Vendor :STMicroelectronics HAL Drivers 0.0.0
2025-05-17 16:49:35,242 [INFO] ThirdParty:1030 - CMSIS Pack Vendor :STMicroelectronics MBEDTLS 2.16.2
2025-05-17 16:49:35,242 [INFO] ThirdParty:1030 - CMSIS Pack Vendor :STMicroelectronics X-CUBE-IPS 3.1.0
2025-05-17 16:49:35,242 [INFO] ThirdParty:1030 - CMSIS Pack Vendor :STMicroelectronics X-CUBE-ALS 1.0.2
2025-05-17 16:49:35,242 [INFO] ThirdParty:1030 - CMSIS Pack Vendor :emotas I-CUBE-CANOPEN 1.3.0
2025-05-17 16:49:35,242 [INFO] ThirdParty:1030 - CMSIS Pack Vendor :STMicroelectronics X-CUBE-FREERTOS 1.3.0
2025-05-17 16:49:35,242 [INFO] ThirdParty:1030 - CMSIS Pack Vendor :STMicroelectronics X-CUBE-NFC7 1.0.1
2025-05-17 16:49:35,242 [INFO] ThirdParty:1030 - CMSIS Pack Vendor :STMicroelectronics MBEDTLS 2.14.1
2025-05-17 16:49:35,243 [INFO] ThirdParty:1030 - CMSIS Pack Vendor :wolfSSL I-CUBE-wolfSSL 5.7.6
2025-05-17 16:49:35,243 [INFO] ThirdParty:1030 - CMSIS Pack Vendor :ITTIA_DB I-CUBE-ITTIADB 8.9.0
2025-05-17 16:49:35,243 [INFO] ThirdParty:1030 - CMSIS Pack Vendor :portGmbH I-Cube-SoM-uGOAL 1.1.0
2025-05-17 16:49:35,243 [INFO] ThirdParty:1030 - CMSIS Pack Vendor :quantropi X-CUBE-qispace-sdk-base 2.0.0
2025-05-17 16:49:35,243 [INFO] ThirdParty:1030 - CMSIS Pack Vendor :STMicroelectronics X-CUBE-AI 10.0.0
2025-05-17 16:49:35,243 [INFO] ThirdParty:1030 - CMSIS Pack Vendor :STMicroelectronics ThreadX 1.0.0
2025-05-17 16:49:35,243 [INFO] ThirdParty:1030 - CMSIS Pack Vendor :STMicroelectronics FP-SNS-SMARTAG2 1.2.0
2025-05-17 16:49:35,243 [INFO] ThirdParty:1030 - CMSIS Pack Vendor :STMicroelectronics FP-SNS-FLIGHT1 5.1.0
2025-05-17 16:49:35,243 [INFO] ThirdParty:1030 - CMSIS Pack Vendor :STMicroelectronics X-CUBE-MEMS1 11.1.0
2025-05-17 16:49:35,243 [INFO] ThirdParty:1030 - CMSIS Pack Vendor :STMicroelectronics X-CUBE-AZRTOS-WL 2.0.0
2025-05-17 16:49:35,243 [INFO] ThirdParty:1030 - CMSIS Pack Vendor :SEGGER I-CUBE-embOS 1.3.1
2025-05-17 16:49:35,243 [INFO] ThirdParty:1030 - CMSIS Pack Vendor :STMicroelectronics X-CUBE-ALGOBUILD 1.4.0
2025-05-17 16:49:35,243 [INFO] ThirdParty:1030 - CMSIS Pack Vendor :STMicroelectronics X-CUBE-DPower 1.3.0
2025-05-17 16:49:35,243 [INFO] ThirdParty:1030 - CMSIS Pack Vendor :STMicroelectronics FP-SNS-MOTENV1 5.0.0
2025-05-17 16:49:35,243 [INFO] ThirdParty:1030 - CMSIS Pack Vendor :STMicroelectronics USB_DEVICE 1.0.0
2025-05-17 16:49:35,243 [INFO] ThirdParty:1030 - CMSIS Pack Vendor :STMicroelectronics X-CUBE-AZRTOS-L4 2.0.0
2025-05-17 16:49:35,244 [INFO] ThirdParty:1030 - CMSIS Pack Vendor :STMicroelectronics ThreadX 0.0.2
2025-05-17 16:49:35,244 [INFO] ThirdParty:1030 - CMSIS Pack Vendor :WES I-CUBE-Cesium 1.3.0
2025-05-17 16:49:35,244 [INFO] ThirdParty:1030 - CMSIS Pack Vendor :STMicroelectronics lwIP 2.1.2
2025-05-17 16:49:35,244 [INFO] ThirdParty:1030 - CMSIS Pack Vendor :STMicroelectronics X-CUBE-SFXS2LP1 4.0.0
2025-05-17 16:49:35,244 [INFO] ThirdParty:1030 - CMSIS Pack Vendor :STMicroelectronics X-CUBE-BLE2 3.3.0
2025-05-17 16:49:35,244 [INFO] ThirdParty:1030 - CMSIS Pack Vendor :STMicroelectronics X-CUBE-TOF1 3.4.2
2025-05-17 16:49:35,244 [INFO] ThirdParty:1030 - CMSIS Pack Vendor :STMicroelectronics X-CUBE-TOF1 3.4.3
2025-05-17 16:49:35,244 [INFO] ThirdParty:1030 - CMSIS Pack Vendor :STMicroelectronics PDM2PCM 3.2.0
2025-05-17 16:49:35,244 [INFO] ThirdParty:841 - exiting critical section [change project]
2025-05-17 16:49:35,802 [INFO] PinOutPanel:1589 - setPackage(No Configuration,No Configuration)
2025-05-17 16:49:35,803 [INFO] PinOutPanel:1589 - setPackage(STM32F407VGTx,LQFP100)
2025-05-17 16:49:36,250 [INFO] UtilMem:75 - Before build in PCC Used Memory: 564171976 Bytes (723517440)
2025-05-17 16:49:36,924 [INFO] UtilMem:75 - After build in PCC Used Memory: 285447800 Bytes (723517440)
2025-05-17 16:49:36,998 [INFO] ApiDbMcu:508 - Load IP Config File for USB_HOST
2025-05-17 16:49:37,001 [WARN] BspModel:444 - BSP dependency skipped because of component: name='IOExpander', api='Unknown'
2025-05-17 16:49:37,041 [INFO] IPUIPlugin:80 - create IPUIPlugin
2025-05-17 16:49:37,041 [INFO] IPUIPlugin:80 - create IPUIPlugin
2025-05-17 16:49:37,041 [INFO] IPUIPlugin:80 - create IPUIPlugin
2025-05-17 16:49:37,041 [INFO] IPUIPlugin:80 - create IPUIPlugin
2025-05-17 16:49:37,041 [INFO] IPUIPlugin:80 - create IPUIPlugin
2025-05-17 16:49:37,042 [INFO] IPUIPlugin:80 - create IPUIPlugin
2025-05-17 16:49:37,042 [INFO] IPUIPlugin:80 - create IPUIPlugin
2025-05-17 16:49:37,042 [INFO] IPUIPlugin:80 - create IPUIPlugin
2025-05-17 16:49:37,043 [INFO] IPUIPlugin:80 - create IPUIPlugin
2025-05-17 16:49:37,043 [INFO] IPUIPlugin:80 - create IPUIPlugin
2025-05-17 16:49:37,043 [INFO] IPUIPlugin:80 - create IPUIPlugin
2025-05-17 16:49:37,043 [INFO] IPUIPlugin:80 - create IPUIPlugin
2025-05-17 16:49:37,043 [INFO] IPUIPlugin:80 - create IPUIPlugin
2025-05-17 16:49:37,044 [INFO] IPUIPlugin:80 - create IPUIPlugin
2025-05-17 16:49:37,044 [INFO] IPUIPlugin:80 - create IPUIPlugin
2025-05-17 16:49:37,044 [INFO] IPUIPlugin:80 - create IPUIPlugin
2025-05-17 16:49:37,044 [INFO] IPUIPlugin:80 - create IPUIPlugin
2025-05-17 16:49:37,044 [INFO] IPUIPlugin:80 - create IPUIPlugin
2025-05-17 16:49:37,045 [INFO] IPUIPlugin:80 - create IPUIPlugin
2025-05-17 16:49:37,045 [INFO] IPUIPlugin:80 - create IPUIPlugin
2025-05-17 16:49:37,045 [INFO] IPUIPlugin:80 - create IPUIPlugin
2025-05-17 16:49:37,045 [INFO] IPUIPlugin:80 - create IPUIPlugin
2025-05-17 16:49:37,046 [INFO] IPUIPlugin:80 - create IPUIPlugin
2025-05-17 16:49:37,046 [INFO] IPUIPlugin:80 - create IPUIPlugin
2025-05-17 16:49:37,046 [INFO] IPUIPlugin:80 - create IPUIPlugin
2025-05-17 16:49:37,046 [INFO] IPUIPlugin:80 - create IPUIPlugin
2025-05-17 16:49:37,047 [INFO] IPUIPlugin:80 - create IPUIPlugin
2025-05-17 16:49:37,047 [INFO] IPUIPlugin:80 - create IPUIPlugin
2025-05-17 16:49:37,047 [INFO] IPUIPlugin:80 - create IPUIPlugin
2025-05-17 16:49:37,047 [INFO] IPUIPlugin:80 - create IPUIPlugin
2025-05-17 16:49:37,048 [INFO] IPUIPlugin:80 - create IPUIPlugin
2025-05-17 16:49:37,048 [INFO] IPUIPlugin:80 - create IPUIPlugin
2025-05-17 16:49:37,049 [INFO] IPUIPlugin:80 - create IPUIPlugin
2025-05-17 16:49:37,049 [INFO] IPUIPlugin:80 - create IPUIPlugin
2025-05-17 16:49:37,049 [INFO] IPUIPlugin:80 - create IPUIPlugin
2025-05-17 16:49:37,049 [INFO] IPUIPlugin:80 - create IPUIPlugin
2025-05-17 16:49:37,049 [INFO] IPUIPlugin:80 - create IPUIPlugin
2025-05-17 16:49:37,049 [INFO] IPUIPlugin:80 - create IPUIPlugin
2025-05-17 16:49:37,049 [INFO] IPUIPlugin:80 - create IPUIPlugin
2025-05-17 16:49:37,050 [INFO] IPUIPlugin:80 - create IPUIPlugin
2025-05-17 16:49:37,050 [INFO] IPUIPlugin:80 - create IPUIPlugin
2025-05-17 16:49:37,050 [INFO] IPUIPlugin:80 - create IPUIPlugin
2025-05-17 16:49:37,050 [INFO] IPUIPlugin:80 - create IPUIPlugin
2025-05-17 16:49:37,050 [INFO] IPUIPlugin:80 - create IPUIPlugin
2025-05-17 16:49:37,050 [INFO] IPUIPlugin:80 - create IPUIPlugin
2025-05-17 16:49:37,051 [INFO] IPUIPlugin:80 - create IPUIPlugin
2025-05-17 16:49:37,051 [INFO] IPUIPlugin:80 - create IPUIPlugin
2025-05-17 16:49:37,051 [INFO] IPUIPlugin:80 - create IPUIPlugin
2025-05-17 16:49:37,051 [INFO] IPUIPlugin:80 - create IPUIPlugin
2025-05-17 16:49:37,052 [INFO] IPUIPlugin:80 - create IPUIPlugin
2025-05-17 16:49:37,052 [INFO] IPUIPlugin:80 - create IPUIPlugin
2025-05-17 16:49:37,052 [INFO] IPUIPlugin:80 - create IPUIPlugin
2025-05-17 16:49:37,053 [INFO] IPUIPlugin:80 - create IPUIPlugin
2025-05-17 16:49:37,053 [INFO] IPUIPlugin:80 - create IPUIPlugin
2025-05-17 16:49:37,054 [INFO] IPUIPlugin:80 - create IPUIPlugin
2025-05-17 16:49:37,054 [INFO] IPUIPlugin:80 - create IPUIPlugin
2025-05-17 16:49:37,055 [INFO] IPUIPlugin:80 - create IPUIPlugin
2025-05-17 16:49:37,055 [INFO] IPUIPlugin:80 - create IPUIPlugin
2025-05-17 16:49:37,063 [INFO] ApiDbMcu:508 - Load IP Config File for PDM2PCM
2025-05-17 16:49:37,074 [WARN] IP:2250 - I2C_Coeff_DF not found: check if there is a RefParameter without a condition.
2025-05-17 16:49:37,075 [WARN] IP:2250 - Analog_Filter not found: check if there is a RefParameter without a condition.
2025-05-17 16:49:37,085 [INFO] I2sManager:658 - 9.6E7
2025-05-17 16:49:37,085 [INFO] I2sManager:195 - I2S Clock Value : 9.6E7
2025-05-17 16:49:37,088 [INFO] I2sManager:553 - AudioClock : 93750Divider : 2Odd : 0
2025-05-17 16:49:37,321 [INFO] CADModel:165 - CPN selected for project levelSTM32F407VGT6
2025-05-17 16:49:37,322 [INFO] CADModel:114 - Register for checkConnection events
2025-05-17 16:49:37,366 [INFO] OpenFileManager:385 - Restore cursor
2025-05-17 16:49:37,719 [WARN] IP:2250 - I2C_Coeff_DF not found: check if there is a RefParameter without a condition.
2025-05-17 16:49:37,719 [WARN] IP:2250 - Analog_Filter not found: check if there is a RefParameter without a condition.
2025-05-17 16:49:37,720 [WARN] IP:2250 - I2C_Coeff_DF not found: check if there is a RefParameter without a condition.
2025-05-17 16:49:37,720 [WARN] IP:2250 - Analog_Filter not found: check if there is a RefParameter without a condition.
2025-05-17 16:49:59,190 [INFO] NvicIntPanel:101 - NVIC parent = com.st.microxplorer.plugins.ip.nvic.MultiNvicIntPanel[,0,0,0x0,invalid,layout=javax.swing.BoxLayout,alignmentX=0.0,alignmentY=0.0,border=,flags=9,maximumSize=,minimumSize=,preferredSize=]
2025-05-17 16:51:49,014 [INFO] WebApp:194 - Connection lost
2025-05-17 16:51:49,297 [INFO] WebApp:191 - Connection restablished
2025-05-17 16:51:51,819 [INFO] WebApp:194 - Connection lost
2025-05-17 16:51:51,944 [INFO] WebApp:191 - Connection restablished
2025-05-17 17:04:27,939 [INFO] WebApp:194 - Connection lost
2025-05-17 17:04:28,193 [INFO] WebApp:191 - Connection restablished
2025-05-17 17:07:41,766 [INFO] WebApp:194 - Connection lost
2025-05-17 17:21:39,796 [INFO] WebApp:191 - Connection restablished
2025-05-17 18:01:00,820 [INFO] NvicIntPanel:101 - NVIC parent = com.st.microxplorer.plugins.ip.nvic.MultiNvicIntPanel[,0,0,0x0,invalid,layout=javax.swing.BoxLayout,alignmentX=0.0,alignmentY=0.0,border=,flags=9,maximumSize=,minimumSize=,preferredSize=]
2025-05-17 18:01:07,216 [INFO] UtilMem:75 - End SaveConfig() Used Memory: 263385072 Bytes (723517440)
2025-05-17 18:01:07,391 [INFO] UtilMem:75 - End SaveConfig() Used Memory: 283834352 Bytes (723517440)
2025-05-17 18:01:09,917 [INFO] UtilMem:75 - End SaveConfig() Used Memory: 382400496 Bytes (723517440)
2025-05-17 18:01:10,680 [INFO] BlockDiagram:2775 - set Specific Code input for plugin: SPI
2025-05-17 18:01:10,680 [INFO] BlockDiagram:2775 - set Specific Code input for plugin: TIM1_8
2025-05-17 18:01:10,681 [INFO] BlockDiagram:2775 - set Specific Code input for plugin: I2S
2025-05-17 18:01:10,681 [INFO] BlockDiagram:2775 - set Specific Code input for plugin: SYS
2025-05-17 18:01:10,681 [INFO] BlockDiagram:2775 - set Specific Code input for plugin: ADC
2025-05-17 18:01:10,681 [INFO] BlockDiagram:2775 - set Specific Code input for plugin: RCC
2025-05-17 18:01:10,681 [INFO] BlockDiagram:2775 - set Specific Code input for plugin: I2C
2025-05-17 18:01:10,681 [INFO] BlockDiagram:2775 - set Specific Code input for plugin: USB_OTG_FS
2025-05-17 18:01:10,681 [INFO] BlockDiagram:2775 - set Specific Code input for plugin: NVIC
2025-05-17 18:01:10,681 [INFO] BlockDiagram:2775 - set Specific Code input for plugin: USB_HOST
2025-05-17 18:01:10,682 [INFO] BlockDiagram:2775 - set Specific Code input for plugin: GPIO
2025-05-17 18:01:10,684 [INFO] CodeGenerator:882 - code generatio: config db path: /Applications/STM32CubeIDE.app/Contents/Eclipse/plugins/com.st.stm32cube.common.mx_6.14.1.202504091515//db/
2025-05-17 18:01:10,713 [WARN] IP:2250 - I2C_Coeff_DF not found: check if there is a RefParameter without a condition.
2025-05-17 18:01:10,713 [WARN] IP:2250 - Analog_Filter not found: check if there is a RefParameter without a condition.
2025-05-17 18:01:11,007 [INFO] CodeEngine:263 - oldGeneratedFile, /Users/winstonhar/ENCE-3231/Phase A/Projects/2025_STM32F407_ADC_Challenge/MXTmpFiles/license.tmp_save
2025-05-17 18:01:11,439 [INFO] CodeEngine:287 - Generated code: /Users/winstonhar/ENCE-3231/Phase A/Projects/2025_STM32F407_ADC_Challenge/MXTmpFiles/license.tmp
2025-05-17 18:01:11,546 [INFO] CodeEngine:263 - oldGeneratedFile, /Users/winstonhar/ENCE-3231/Phase A/Projects/2025_STM32F407_ADC_Challenge/MXTmpFiles/gpio.tmp_save
2025-05-17 18:01:11,702 [INFO] CodeEngine:287 - Generated code: /Users/winstonhar/ENCE-3231/Phase A/Projects/2025_STM32F407_ADC_Challenge/MXTmpFiles/gpio.tmp
2025-05-17 18:01:11,853 [WARN] IPConfigManager:3217 - Warning: the RefConfig PWREx_EnableUSBVoltageDetector is not available in your config.xml file
2025-05-17 18:01:11,860 [INFO] CodeEngine:263 - oldGeneratedFile, /Users/winstonhar/ENCE-3231/Phase A/Projects/2025_STM32F407_ADC_Challenge/MXTmpFiles/usb_otg_fs_vars.tmp_save
2025-05-17 18:01:12,030 [INFO] CodeEngine:287 - Generated code: /Users/winstonhar/ENCE-3231/Phase A/Projects/2025_STM32F407_ADC_Challenge/MXTmpFiles/usb_otg_fs_vars.tmp
2025-05-17 18:01:12,033 [INFO] CodeEngine:263 - oldGeneratedFile, /Users/winstonhar/ENCE-3231/Phase A/Projects/2025_STM32F407_ADC_Challenge/MXTmpFiles/usb_otg_fs_inc.tmp_save
2025-05-17 18:01:12,152 [INFO] CodeEngine:287 - Generated code: /Users/winstonhar/ENCE-3231/Phase A/Projects/2025_STM32F407_ADC_Challenge/MXTmpFiles/usb_otg_fs_inc.tmp
2025-05-17 18:01:12,156 [INFO] CodeEngine:263 - oldGeneratedFile, /Users/winstonhar/ENCE-3231/Phase A/Projects/2025_STM32F407_ADC_Challenge/MXTmpFiles/usb_otg_fs_HalInit.tmp_save
2025-05-17 18:01:12,275 [INFO] CodeEngine:287 - Generated code: /Users/winstonhar/ENCE-3231/Phase A/Projects/2025_STM32F407_ADC_Challenge/MXTmpFiles/usb_otg_fs_HalInit.tmp
2025-05-17 18:01:12,279 [INFO] CodeEngine:263 - oldGeneratedFile, /Users/winstonhar/ENCE-3231/Phase A/Projects/2025_STM32F407_ADC_Challenge/MXTmpFiles/usb_otg_fs_Msp.tmp_save
2025-05-17 18:01:12,405 [INFO] CodeEngine:287 - Generated code: /Users/winstonhar/ENCE-3231/Phase A/Projects/2025_STM32F407_ADC_Challenge/MXTmpFiles/usb_otg_fs_Msp.tmp
2025-05-17 18:01:12,977 [INFO] CodeEngine:263 - oldGeneratedFile, /Users/winstonhar/ENCE-3231/Phase A/Projects/2025_STM32F407_ADC_Challenge/USB_HOST/App/usb_host.c_save
2025-05-17 18:01:13,083 [INFO] CodeEngine:287 - Generated code: /Users/winstonhar/ENCE-3231/Phase A/Projects/2025_STM32F407_ADC_Challenge/USB_HOST/App/usb_host.c
2025-05-17 18:01:13,086 [INFO] CodeEngine:263 - oldGeneratedFile, /Users/winstonhar/ENCE-3231/Phase A/Projects/2025_STM32F407_ADC_Challenge/USB_HOST/App/usb_host.h_save
2025-05-17 18:01:13,176 [INFO] CodeEngine:287 - Generated code: /Users/winstonhar/ENCE-3231/Phase A/Projects/2025_STM32F407_ADC_Challenge/USB_HOST/App/usb_host.h
2025-05-17 18:01:13,180 [INFO] CodeEngine:263 - oldGeneratedFile, /Users/winstonhar/ENCE-3231/Phase A/Projects/2025_STM32F407_ADC_Challenge/USB_HOST/Target/usbh_conf.h_save
2025-05-17 18:01:13,282 [INFO] CodeEngine:287 - Generated code: /Users/winstonhar/ENCE-3231/Phase A/Projects/2025_STM32F407_ADC_Challenge/USB_HOST/Target/usbh_conf.h
2025-05-17 18:01:13,286 [INFO] CodeEngine:263 - oldGeneratedFile, /Users/winstonhar/ENCE-3231/Phase A/Projects/2025_STM32F407_ADC_Challenge/USB_HOST/Target/usbh_conf.c_save
2025-05-17 18:01:13,387 [INFO] CodeEngine:287 - Generated code: /Users/winstonhar/ENCE-3231/Phase A/Projects/2025_STM32F407_ADC_Challenge/USB_HOST/Target/usbh_conf.c
2025-05-17 18:01:13,391 [INFO] CodeEngine:263 - oldGeneratedFile, /Users/winstonhar/ENCE-3231/Phase A/Projects/2025_STM32F407_ADC_Challenge/USB_HOST/Target/usbh_platform.c_save
2025-05-17 18:01:13,484 [INFO] CodeEngine:287 - Generated code: /Users/winstonhar/ENCE-3231/Phase A/Projects/2025_STM32F407_ADC_Challenge/USB_HOST/Target/usbh_platform.c
2025-05-17 18:01:13,487 [INFO] CodeEngine:263 - oldGeneratedFile, /Users/winstonhar/ENCE-3231/Phase A/Projects/2025_STM32F407_ADC_Challenge/USB_HOST/Target/usbh_platform.h_save
2025-05-17 18:01:13,573 [INFO] CodeEngine:287 - Generated code: /Users/winstonhar/ENCE-3231/Phase A/Projects/2025_STM32F407_ADC_Challenge/USB_HOST/Target/usbh_platform.h
2025-05-17 18:01:13,589 [INFO] CodeEngine:263 - oldGeneratedFile, /Users/winstonhar/ENCE-3231/Phase A/Projects/2025_STM32F407_ADC_Challenge/Core/Src/stm32f4xx_it.c_save
2025-05-17 18:01:13,717 [INFO] CodeEngine:287 - Generated code: /Users/winstonhar/ENCE-3231/Phase A/Projects/2025_STM32F407_ADC_Challenge/Core/Src/stm32f4xx_it.c
2025-05-17 18:01:13,721 [INFO] CodeEngine:263 - oldGeneratedFile, /Users/winstonhar/ENCE-3231/Phase A/Projects/2025_STM32F407_ADC_Challenge/Core/Inc/stm32f4xx_it.h_save
2025-05-17 18:01:13,808 [INFO] CodeEngine:287 - Generated code: /Users/winstonhar/ENCE-3231/Phase A/Projects/2025_STM32F407_ADC_Challenge/Core/Inc/stm32f4xx_it.h
2025-05-17 18:01:13,828 [INFO] CodeEngine:263 - oldGeneratedFile, /Users/winstonhar/ENCE-3231/Phase A/Projects/2025_STM32F407_ADC_Challenge/Core/Src/stm32f4xx_hal_msp.c_save
2025-05-17 18:01:14,039 [INFO] CodeEngine:287 - Generated code: /Users/winstonhar/ENCE-3231/Phase A/Projects/2025_STM32F407_ADC_Challenge/Core/Src/stm32f4xx_hal_msp.c
2025-05-17 18:01:14,044 [INFO] CodeEngine:263 - oldGeneratedFile, /Users/winstonhar/ENCE-3231/Phase A/Projects/2025_STM32F407_ADC_Challenge/MXTmpFiles/system.tmp_save
2025-05-17 18:01:14,156 [INFO] CodeEngine:287 - Generated code: /Users/winstonhar/ENCE-3231/Phase A/Projects/2025_STM32F407_ADC_Challenge/MXTmpFiles/system.tmp
2025-05-17 18:01:14,191 [INFO] CodeEngine:319 - oldGeneratedFile, /Users/winstonhar/ENCE-3231/Phase A/Projects/2025_STM32F407_ADC_Challenge/Core/Inc/stm32f4xx_hal_conf.h_save
2025-05-17 18:01:14,305 [INFO] CodeEngine:343 - Generated code: /Users/winstonhar/ENCE-3231/Phase A/Projects/2025_STM32F407_ADC_Challenge/Core/Inc/stm32f4xx_hal_conf.h
2025-05-17 18:01:14,345 [INFO] ApiDbMcu:508 - Load IP Config File for ADC1
2025-05-17 18:01:14,349 [INFO] ApiDbMcu:508 - Load IP Config File for I2C1
2025-05-17 18:01:14,353 [INFO] ApiDbMcu:508 - Load IP Config File for I2S3
2025-05-17 18:01:14,356 [INFO] ApiDbMcu:508 - Load IP Config File for SPI1
2025-05-17 18:01:14,371 [INFO] ApiDbMcu:508 - Load IP Config File for TIM2
2025-05-17 18:01:14,376 [INFO] ApiDbMcu:508 - Load IP Config File for RCC
2025-05-17 18:01:14,381 [WARN] IPConfigManager:3790 - IP not found : TIM
2025-05-17 18:01:14,382 [WARN] CodeGenerator:4198 - IP not found : null
2025-05-17 18:01:14,388 [INFO] CodeEngine:263 - oldGeneratedFile, /Users/winstonhar/ENCE-3231/Phase A/Projects/2025_STM32F407_ADC_Challenge/Core/Inc/main.h_save
2025-05-17 18:01:14,504 [INFO] CodeEngine:287 - Generated code: /Users/winstonhar/ENCE-3231/Phase A/Projects/2025_STM32F407_ADC_Challenge/Core/Inc/main.h
2025-05-17 18:01:14,508 [INFO] CodeEngine:263 - oldGeneratedFile, /Users/winstonhar/ENCE-3231/Phase A/Projects/2025_STM32F407_ADC_Challenge/Core/Src/main.c_save
2025-05-17 18:01:14,718 [INFO] CodeEngine:287 - Generated code: /Users/winstonhar/ENCE-3231/Phase A/Projects/2025_STM32F407_ADC_Challenge/Core/Src/main.c
2025-05-17 18:01:15,269 [INFO] ProjectBuilder:3324 - Time for Copy HAL[1] : 250mS.
2025-05-17 18:01:15,282 [INFO] ProjectBuilder:4912 - Project Generator version: 4.6.0.1-B1
2025-05-17 18:01:15,502 [INFO] ConfigFileManager:1590 - The Die is : DIE413
2025-05-17 18:01:15,508 [INFO] ApiDbMcu:508 - Load IP Config File for FATFS
2025-05-17 18:01:15,517 [INFO] ApiDbMcu:508 - Load IP Config File for FREERTOS
2025-05-17 18:01:15,521 [INFO] ApiDbMcu:508 - Load IP Config File for LIBJPEG
2025-05-17 18:01:15,533 [INFO] ApiDbMcu:508 - Load IP Config File for LWIP
2025-05-17 18:01:15,547 [INFO] ApiDbMcu:508 - Load IP Config File for MBEDTLS
2025-05-17 18:01:15,563 [INFO] ApiDbMcu:508 - Load IP Config File for USB_DEVICE
2025-05-17 18:01:16,107 [INFO] LogOutputStream:77 - [STDOUT_REDIRECT] 
2025-05-17 18:01:16,758 [INFO] ProjectBuilder:5191 - Time for Generating toolchain IDE Files: 1475mS.
2025-05-17 18:01:16,758 [INFO] ProjectBuilder:3181 - Time for Copy CMSIS : 0mS.
2025-05-17 18:01:16,761 [INFO] ProjectBuilder:3181 - Time for Copy CMSIS : 1mS.
2025-05-17 18:08:59,301 [ERROR] LogOutputStream:75 - [STDERR_REDIRECT] java.lang.Error: no ComponentUI class for: com.st.microxplorer.plugins.ip.nvic.CheckBoxHeader[,0,0,0x0,invalid,alignmentX=0.0,alignmentY=0.0,border=,flags=0,maximumSize=,minimumSize=,preferredSize=,defaultIcon=,disabledIcon=,disabledSelectedIcon=,margin=null,paintBorder=true,paintFocus=true,pressedIcon=,rolloverEnabled=false,rolloverIcon=,rolloverSelectedIcon=,selectedIcon=,text=]
2025-05-17 18:08:59,302 [ERROR] LogOutputStream:75 - [STDERR_REDIRECT] 	at java.desktop/javax.swing.UIDefaults.getUIError(UIDefaults.java:763)
2025-05-17 18:08:59,303 [ERROR] LogOutputStream:75 - [STDERR_REDIRECT] 	at java.desktop/javax.swing.MultiUIDefaults.getUIError(MultiUIDefaults.java:144)
2025-05-17 18:08:59,303 [ERROR] LogOutputStream:75 - [STDERR_REDIRECT] 	at java.desktop/javax.swing.UIDefaults.getUI(UIDefaults.java:793)
2025-05-17 18:08:59,304 [ERROR] LogOutputStream:75 - [STDERR_REDIRECT] 	at java.desktop/javax.swing.UIManager.getUI(UIManager.java:1070)
2025-05-17 18:08:59,304 [ERROR] LogOutputStream:75 - [STDERR_REDIRECT] 	at java.desktop/javax.swing.JCheckBox.updateUI(JCheckBox.java:228)
2025-05-17 18:08:59,305 [ERROR] LogOutputStream:75 - [STDERR_REDIRECT] 	at java.desktop/javax.swing.AbstractButton.init(AbstractButton.java:2141)
2025-05-17 18:08:59,306 [ERROR] LogOutputStream:75 - [STDERR_REDIRECT] 	at java.desktop/javax.swing.JToggleButton.<init>(JToggleButton.java:187)
2025-05-17 18:08:59,307 [ERROR] LogOutputStream:75 - [STDERR_REDIRECT] 	at java.desktop/javax.swing.JCheckBox.<init>(JCheckBox.java:176)
2025-05-17 18:08:59,307 [ERROR] LogOutputStream:75 - [STDERR_REDIRECT] 	at java.desktop/javax.swing.JCheckBox.<init>(JCheckBox.java:97)
2025-05-17 18:08:59,308 [ERROR] LogOutputStream:75 - [STDERR_REDIRECT] 	at com.st.microxplorer.plugins.ip.nvic.CheckBoxHeader.<init>(CheckBoxHeader.java:55)
2025-05-17 18:08:59,308 [ERROR] LogOutputStream:75 - [STDERR_REDIRECT] 	at com.st.microxplorer.plugins.ip.nvic.NvicCodeSelectionTable.<init>(NvicCodeSelectionTable.java:75)
2025-05-17 18:08:59,309 [ERROR] LogOutputStream:75 - [STDERR_REDIRECT] 	at com.st.microxplorer.plugins.ip.nvic.NvicCodePanel.initComponents(NvicCodePanel.java:102)
2025-05-17 18:08:59,309 [ERROR] LogOutputStream:75 - [STDERR_REDIRECT] 	at com.st.microxplorer.plugins.ip.nvic.NvicCodePanel.<init>(NvicCodePanel.java:78)
2025-05-17 18:08:59,309 [ERROR] LogOutputStream:75 - [STDERR_REDIRECT] 	at com.st.microxplorer.plugins.ip.nvic.NvicTabbedPanel.<init>(NvicTabbedPanel.java:57)
2025-05-17 18:08:59,310 [ERROR] LogOutputStream:75 - [STDERR_REDIRECT] 	at com.st.microxplorer.plugins.ip.nvic.Nvic.getUI(Nvic.java:73)
2025-05-17 18:08:59,310 [ERROR] LogOutputStream:75 - [STDERR_REDIRECT] 	at com.st.microxplorer.plugins.ipmanager.gui.BlockDiagram.createIpPanel(BlockDiagram.java:402)
2025-05-17 18:08:59,311 [ERROR] LogOutputStream:75 - [STDERR_REDIRECT] 	at com.st.microxplorer.plugins.ipmanager.gui.BlockDiagram.getIPConfigPanel(BlockDiagram.java:552)
2025-05-17 18:08:59,311 [ERROR] LogOutputStream:75 - [STDERR_REDIRECT] 	at com.st.microxplorer.plugins.ipmanager.gui.BlockDiagram.getIPConfigPanel(BlockDiagram.java:458)
2025-05-17 18:08:59,312 [ERROR] LogOutputStream:75 - [STDERR_REDIRECT] 	at com.st.microxplorer.plugins.ipmanager.gui.BlockDiagram.propertyChange(BlockDiagram.java:1389)
2025-05-17 18:08:59,312 [ERROR] LogOutputStream:75 - [STDERR_REDIRECT] 	at java.desktop/java.beans.PropertyChangeSupport.fire(PropertyChangeSupport.java:343)
2025-05-17 18:08:59,313 [ERROR] LogOutputStream:75 - [STDERR_REDIRECT] 	at java.desktop/java.beans.PropertyChangeSupport.firePropertyChange(PropertyChangeSupport.java:335)
2025-05-17 18:08:59,314 [ERROR] LogOutputStream:75 - [STDERR_REDIRECT] 	at java.desktop/java.beans.PropertyChangeSupport.firePropertyChange(PropertyChangeSupport.java:268)
2025-05-17 18:08:59,315 [ERROR] LogOutputStream:75 - [STDERR_REDIRECT] 	at com.st.microxplorer.util.MXPropertyChangeSupport.firePropertyChange(MXPropertyChangeSupport.java:54)
2025-05-17 18:08:59,315 [ERROR] LogOutputStream:75 - [STDERR_REDIRECT] 	at com.st.microxplorer.mxsystem.MxSystem.firePropertyChange(MxSystem.java:357)
2025-05-17 18:08:59,316 [ERROR] LogOutputStream:75 - [STDERR_REDIRECT] 	at com.st.microxplorer.plugins.pinoutconfig.guiV5.PeripheralsSelectionPanel.selectIP(PeripheralsSelectionPanel.java:409)
2025-05-17 18:08:59,316 [ERROR] LogOutputStream:75 - [STDERR_REDIRECT] 	at com.st.microxplorer.plugins.pinoutconfig.guiV5.PeripheralsListListener.mouseClicked(PeripheralsListListener.java:103)
2025-05-17 18:08:59,317 [ERROR] LogOutputStream:75 - [STDERR_REDIRECT] 	at java.desktop/java.awt.AWTEventMulticaster.mouseClicked(AWTEventMulticaster.java:278)
2025-05-17 18:08:59,317 [ERROR] LogOutputStream:75 - [STDERR_REDIRECT] 	at java.desktop/java.awt.Component.processMouseEvent(Component.java:6624)
2025-05-17 18:08:59,317 [ERROR] LogOutputStream:75 - [STDERR_REDIRECT] 	at java.desktop/javax.swing.JComponent.processMouseEvent(JComponent.java:3398)
2025-05-17 18:08:59,318 [ERROR] LogOutputStream:75 - [STDERR_REDIRECT] 	at java.desktop/java.awt.Component.processEvent(Component.java:6386)
2025-05-17 18:08:59,318 [ERROR] LogOutputStream:75 - [STDERR_REDIRECT] 	at java.desktop/java.awt.Container.processEvent(Container.java:2266)
2025-05-17 18:08:59,319 [ERROR] LogOutputStream:75 - [STDERR_REDIRECT] 	at java.desktop/java.awt.Component.dispatchEventImpl(Component.java:4996)
2025-05-17 18:08:59,319 [ERROR] LogOutputStream:75 - [STDERR_REDIRECT] 	at java.desktop/java.awt.Container.dispatchEventImpl(Container.java:2324)
2025-05-17 18:08:59,319 [ERROR] LogOutputStream:75 - [STDERR_REDIRECT] 	at java.desktop/java.awt.Component.dispatchEvent(Component.java:4828)
2025-05-17 18:08:59,320 [ERROR] LogOutputStream:75 - [STDERR_REDIRECT] 	at java.desktop/java.awt.LightweightDispatcher.retargetMouseEvent(Container.java:4948)
2025-05-17 18:08:59,320 [ERROR] LogOutputStream:75 - [STDERR_REDIRECT] 	at java.desktop/java.awt.LightweightDispatcher.processMouseEvent(Container.java:4584)
2025-05-17 18:08:59,321 [ERROR] LogOutputStream:75 - [STDERR_REDIRECT] 	at java.desktop/java.awt.LightweightDispatcher.dispatchEvent(Container.java:4516)
2025-05-17 18:08:59,321 [ERROR] LogOutputStream:75 - [STDERR_REDIRECT] 	at java.desktop/java.awt.Container.dispatchEventImpl(Container.java:2310)
2025-05-17 18:08:59,322 [ERROR] LogOutputStream:75 - [STDERR_REDIRECT] 	at java.desktop/java.awt.Component.dispatchEvent(Component.java:4828)
2025-05-17 18:08:59,323 [ERROR] LogOutputStream:75 - [STDERR_REDIRECT] 	at java.desktop/java.awt.EventQueue.dispatchEventImpl(EventQueue.java:775)
2025-05-17 18:08:59,323 [ERROR] LogOutputStream:75 - [STDERR_REDIRECT] 	at java.desktop/java.awt.EventQueue$4.run(EventQueue.java:720)
2025-05-17 18:08:59,324 [ERROR] LogOutputStream:75 - [STDERR_REDIRECT] 	at java.desktop/java.awt.EventQueue$4.run(EventQueue.java:714)
2025-05-17 18:08:59,324 [ERROR] LogOutputStream:75 - [STDERR_REDIRECT] 	at java.base/java.security.AccessController.doPrivileged(AccessController.java:400)
2025-05-17 18:08:59,324 [ERROR] LogOutputStream:75 - [STDERR_REDIRECT] 	at java.base/java.security.ProtectionDomain$JavaSecurityAccessImpl.doIntersectionPrivilege(ProtectionDomain.java:87)
2025-05-17 18:08:59,325 [ERROR] LogOutputStream:75 - [STDERR_REDIRECT] 	at java.base/java.security.ProtectionDomain$JavaSecurityAccessImpl.doIntersectionPrivilege(ProtectionDomain.java:98)
2025-05-17 18:08:59,325 [ERROR] LogOutputStream:75 - [STDERR_REDIRECT] 	at java.desktop/java.awt.EventQueue$5.run(EventQueue.java:747)
2025-05-17 18:08:59,325 [ERROR] LogOutputStream:75 - [STDERR_REDIRECT] 	at java.desktop/java.awt.EventQueue$5.run(EventQueue.java:745)
2025-05-17 18:08:59,326 [ERROR] LogOutputStream:75 - [STDERR_REDIRECT] 	at java.base/java.security.AccessController.doPrivileged(AccessController.java:400)
2025-05-17 18:08:59,326 [ERROR] LogOutputStream:75 - [STDERR_REDIRECT] 	at java.base/java.security.ProtectionDomain$JavaSecurityAccessImpl.doIntersectionPrivilege(ProtectionDomain.java:87)
2025-05-17 18:08:59,326 [ERROR] LogOutputStream:75 - [STDERR_REDIRECT] 	at java.desktop/java.awt.EventQueue.dispatchEvent(EventQueue.java:744)
2025-05-17 18:08:59,326 [ERROR] LogOutputStream:75 - [STDERR_REDIRECT] 	at java.desktop/java.awt.EventDispatchThread.pumpOneEventForFilters(EventDispatchThread.java:203)
2025-05-17 18:08:59,327 [ERROR] LogOutputStream:75 - [STDERR_REDIRECT] 	at java.desktop/java.awt.EventDispatchThread.pumpEventsForFilter(EventDispatchThread.java:124)
2025-05-17 18:08:59,327 [ERROR] LogOutputStream:75 - [STDERR_REDIRECT] 	at java.desktop/java.awt.EventDispatchThread.pumpEventsForHierarchy(EventDispatchThread.java:113)
2025-05-17 18:08:59,327 [ERROR] LogOutputStream:75 - [STDERR_REDIRECT] 	at java.desktop/java.awt.EventDispatchThread.pumpEvents(EventDispatchThread.java:109)
2025-05-17 18:08:59,328 [ERROR] LogOutputStream:75 - [STDERR_REDIRECT] 	at java.desktop/java.awt.EventDispatchThread.pumpEvents(EventDispatchThread.java:101)
2025-05-17 18:08:59,329 [ERROR] LogOutputStream:75 - [STDERR_REDIRECT] 	at java.desktop/java.awt.EventDispatchThread.run(EventDispatchThread.java:90)
2025-05-17 18:08:59,330 [ERROR] LogOutputStream:75 - [STDERR_REDIRECT] java.lang.Error: no ComponentUI class for: com.st.microxplorer.plugins.ip.nvic.CheckBoxHeader[,0,0,0x0,invalid,alignmentX=0.0,alignmentY=0.0,border=,flags=0,maximumSize=,minimumSize=,preferredSize=,defaultIcon=,disabledIcon=,disabledSelectedIcon=,margin=null,paintBorder=true,paintFocus=true,pressedIcon=,rolloverEnabled=false,rolloverIcon=,rolloverSelectedIcon=,selectedIcon=,text=]
2025-05-17 18:08:59,331 [ERROR] LogOutputStream:75 - [STDERR_REDIRECT] 	at java.desktop/javax.swing.UIDefaults.getUIError(UIDefaults.java:763)
2025-05-17 18:08:59,332 [ERROR] LogOutputStream:75 - [STDERR_REDIRECT] 	at java.desktop/javax.swing.MultiUIDefaults.getUIError(MultiUIDefaults.java:144)
2025-05-17 18:08:59,333 [ERROR] LogOutputStream:75 - [STDERR_REDIRECT] 	at java.desktop/javax.swing.UIDefaults.getUI(UIDefaults.java:793)
2025-05-17 18:08:59,333 [ERROR] LogOutputStream:75 - [STDERR_REDIRECT] 	at java.desktop/javax.swing.UIManager.getUI(UIManager.java:1070)
2025-05-17 18:08:59,334 [ERROR] LogOutputStream:75 - [STDERR_REDIRECT] 	at java.desktop/javax.swing.JCheckBox.updateUI(JCheckBox.java:228)
2025-05-17 18:08:59,334 [ERROR] LogOutputStream:75 - [STDERR_REDIRECT] 	at java.desktop/javax.swing.AbstractButton.init(AbstractButton.java:2141)
2025-05-17 18:08:59,334 [ERROR] LogOutputStream:75 - [STDERR_REDIRECT] 	at java.desktop/javax.swing.JToggleButton.<init>(JToggleButton.java:187)
2025-05-17 18:08:59,334 [ERROR] LogOutputStream:75 - [STDERR_REDIRECT] 	at java.desktop/javax.swing.JCheckBox.<init>(JCheckBox.java:176)
2025-05-17 18:08:59,335 [ERROR] LogOutputStream:75 - [STDERR_REDIRECT] 	at java.desktop/javax.swing.JCheckBox.<init>(JCheckBox.java:97)
2025-05-17 18:08:59,335 [ERROR] LogOutputStream:75 - [STDERR_REDIRECT] 	at com.st.microxplorer.plugins.ip.nvic.CheckBoxHeader.<init>(CheckBoxHeader.java:55)
2025-05-17 18:08:59,335 [ERROR] LogOutputStream:75 - [STDERR_REDIRECT] 	at com.st.microxplorer.plugins.ip.nvic.NvicCodeSelectionTable.<init>(NvicCodeSelectionTable.java:78)
2025-05-17 18:08:59,335 [ERROR] LogOutputStream:75 - [STDERR_REDIRECT] 	at com.st.microxplorer.plugins.ip.nvic.NvicCodePanel.initComponents(NvicCodePanel.java:102)
2025-05-17 18:08:59,336 [ERROR] LogOutputStream:75 - [STDERR_REDIRECT] 	at com.st.microxplorer.plugins.ip.nvic.NvicCodePanel.<init>(NvicCodePanel.java:78)
2025-05-17 18:08:59,336 [ERROR] LogOutputStream:75 - [STDERR_REDIRECT] 	at com.st.microxplorer.plugins.ip.nvic.NvicTabbedPanel.<init>(NvicTabbedPanel.java:57)
2025-05-17 18:08:59,336 [ERROR] LogOutputStream:75 - [STDERR_REDIRECT] 	at com.st.microxplorer.plugins.ip.nvic.Nvic.getUI(Nvic.java:73)
2025-05-17 18:08:59,336 [ERROR] LogOutputStream:75 - [STDERR_REDIRECT] 	at com.st.microxplorer.plugins.ipmanager.gui.BlockDiagram.createIpPanel(BlockDiagram.java:402)
2025-05-17 18:08:59,337 [ERROR] LogOutputStream:75 - [STDERR_REDIRECT] 	at com.st.microxplorer.plugins.ipmanager.gui.BlockDiagram.getIPConfigPanel(BlockDiagram.java:552)
2025-05-17 18:08:59,337 [ERROR] LogOutputStream:75 - [STDERR_REDIRECT] 	at com.st.microxplorer.plugins.ipmanager.gui.BlockDiagram.getIPConfigPanel(BlockDiagram.java:458)
2025-05-17 18:08:59,337 [ERROR] LogOutputStream:75 - [STDERR_REDIRECT] 	at com.st.microxplorer.plugins.ipmanager.gui.BlockDiagram.propertyChange(BlockDiagram.java:1389)
2025-05-17 18:08:59,338 [ERROR] LogOutputStream:75 - [STDERR_REDIRECT] 	at java.desktop/java.beans.PropertyChangeSupport.fire(PropertyChangeSupport.java:343)
2025-05-17 18:08:59,339 [ERROR] LogOutputStream:75 - [STDERR_REDIRECT] 	at java.desktop/java.beans.PropertyChangeSupport.firePropertyChange(PropertyChangeSupport.java:335)
2025-05-17 18:08:59,340 [ERROR] LogOutputStream:75 - [STDERR_REDIRECT] 	at java.desktop/java.beans.PropertyChangeSupport.firePropertyChange(PropertyChangeSupport.java:268)
2025-05-17 18:08:59,340 [ERROR] LogOutputStream:75 - [STDERR_REDIRECT] 	at com.st.microxplorer.util.MXPropertyChangeSupport.firePropertyChange(MXPropertyChangeSupport.java:54)
2025-05-17 18:08:59,340 [ERROR] LogOutputStream:75 - [STDERR_REDIRECT] 	at com.st.microxplorer.mxsystem.MxSystem.firePropertyChange(MxSystem.java:357)
2025-05-17 18:08:59,341 [ERROR] LogOutputStream:75 - [STDERR_REDIRECT] 	at com.st.microxplorer.plugins.pinoutconfig.guiV5.PeripheralsSelectionPanel.selectIP(PeripheralsSelectionPanel.java:409)
2025-05-17 18:08:59,341 [ERROR] LogOutputStream:75 - [STDERR_REDIRECT] 	at com.st.microxplorer.plugins.pinoutconfig.guiV5.PeripheralsListListener.mouseClicked(PeripheralsListListener.java:103)
2025-05-17 18:08:59,341 [ERROR] LogOutputStream:75 - [STDERR_REDIRECT] 	at java.desktop/java.awt.AWTEventMulticaster.mouseClicked(AWTEventMulticaster.java:278)
2025-05-17 18:08:59,341 [ERROR] LogOutputStream:75 - [STDERR_REDIRECT] 	at java.desktop/java.awt.Component.processMouseEvent(Component.java:6624)
2025-05-17 18:08:59,342 [ERROR] LogOutputStream:75 - [STDERR_REDIRECT] 	at java.desktop/javax.swing.JComponent.processMouseEvent(JComponent.java:3398)
2025-05-17 18:08:59,342 [ERROR] LogOutputStream:75 - [STDERR_REDIRECT] 	at java.desktop/java.awt.Component.processEvent(Component.java:6386)
2025-05-17 18:08:59,343 [ERROR] LogOutputStream:75 - [STDERR_REDIRECT] 	at java.desktop/java.awt.Container.processEvent(Container.java:2266)
2025-05-17 18:08:59,343 [ERROR] LogOutputStream:75 - [STDERR_REDIRECT] 	at java.desktop/java.awt.Component.dispatchEventImpl(Component.java:4996)
2025-05-17 18:08:59,343 [ERROR] LogOutputStream:75 - [STDERR_REDIRECT] 	at java.desktop/java.awt.Container.dispatchEventImpl(Container.java:2324)
2025-05-17 18:08:59,344 [ERROR] LogOutputStream:75 - [STDERR_REDIRECT] 	at java.desktop/java.awt.Component.dispatchEvent(Component.java:4828)
2025-05-17 18:08:59,344 [ERROR] LogOutputStream:75 - [STDERR_REDIRECT] 	at java.desktop/java.awt.LightweightDispatcher.retargetMouseEvent(Container.java:4948)
2025-05-17 18:08:59,345 [ERROR] LogOutputStream:75 - [STDERR_REDIRECT] 	at java.desktop/java.awt.LightweightDispatcher.processMouseEvent(Container.java:4584)
2025-05-17 18:08:59,345 [ERROR] LogOutputStream:75 - [STDERR_REDIRECT] 	at java.desktop/java.awt.LightweightDispatcher.dispatchEvent(Container.java:4516)
2025-05-17 18:08:59,346 [ERROR] LogOutputStream:75 - [STDERR_REDIRECT] 	at java.desktop/java.awt.Container.dispatchEventImpl(Container.java:2310)
2025-05-17 18:08:59,347 [ERROR] LogOutputStream:75 - [STDERR_REDIRECT] 	at java.desktop/java.awt.Component.dispatchEvent(Component.java:4828)
2025-05-17 18:08:59,347 [ERROR] LogOutputStream:75 - [STDERR_REDIRECT] 	at java.desktop/java.awt.EventQueue.dispatchEventImpl(EventQueue.java:775)
2025-05-17 18:08:59,348 [ERROR] LogOutputStream:75 - [STDERR_REDIRECT] 	at java.desktop/java.awt.EventQueue$4.run(EventQueue.java:720)
2025-05-17 18:08:59,349 [ERROR] LogOutputStream:75 - [STDERR_REDIRECT] 	at java.desktop/java.awt.EventQueue$4.run(EventQueue.java:714)
2025-05-17 18:08:59,350 [ERROR] LogOutputStream:75 - [STDERR_REDIRECT] 	at java.base/java.security.AccessController.doPrivileged(AccessController.java:400)
2025-05-17 18:08:59,350 [ERROR] LogOutputStream:75 - [STDERR_REDIRECT] 	at java.base/java.security.ProtectionDomain$JavaSecurityAccessImpl.doIntersectionPrivilege(ProtectionDomain.java:87)
2025-05-17 18:08:59,350 [ERROR] LogOutputStream:75 - [STDERR_REDIRECT] 	at java.base/java.security.ProtectionDomain$JavaSecurityAccessImpl.doIntersectionPrivilege(ProtectionDomain.java:98)
2025-05-17 18:08:59,350 [ERROR] LogOutputStream:75 - [STDERR_REDIRECT] 	at java.desktop/java.awt.EventQueue$5.run(EventQueue.java:747)
2025-05-17 18:08:59,351 [ERROR] LogOutputStream:75 - [STDERR_REDIRECT] 	at java.desktop/java.awt.EventQueue$5.run(EventQueue.java:745)
2025-05-17 18:08:59,351 [ERROR] LogOutputStream:75 - [STDERR_REDIRECT] 	at java.base/java.security.AccessController.doPrivileged(AccessController.java:400)
2025-05-17 18:08:59,351 [ERROR] LogOutputStream:75 - [STDERR_REDIRECT] 	at java.base/java.security.ProtectionDomain$JavaSecurityAccessImpl.doIntersectionPrivilege(ProtectionDomain.java:87)
2025-05-17 18:08:59,351 [ERROR] LogOutputStream:75 - [STDERR_REDIRECT] 	at java.desktop/java.awt.EventQueue.dispatchEvent(EventQueue.java:744)
2025-05-17 18:08:59,352 [ERROR] LogOutputStream:75 - [STDERR_REDIRECT] 	at java.desktop/java.awt.EventDispatchThread.pumpOneEventForFilters(EventDispatchThread.java:203)
2025-05-17 18:08:59,352 [ERROR] LogOutputStream:75 - [STDERR_REDIRECT] 	at java.desktop/java.awt.EventDispatchThread.pumpEventsForFilter(EventDispatchThread.java:124)
2025-05-17 18:08:59,352 [ERROR] LogOutputStream:75 - [STDERR_REDIRECT] 	at java.desktop/java.awt.EventDispatchThread.pumpEventsForHierarchy(EventDispatchThread.java:113)
2025-05-17 18:08:59,352 [ERROR] LogOutputStream:75 - [STDERR_REDIRECT] 	at java.desktop/java.awt.EventDispatchThread.pumpEvents(EventDispatchThread.java:109)
2025-05-17 18:08:59,353 [ERROR] LogOutputStream:75 - [STDERR_REDIRECT] 	at java.desktop/java.awt.EventDispatchThread.pumpEvents(EventDispatchThread.java:101)
2025-05-17 18:08:59,353 [ERROR] LogOutputStream:75 - [STDERR_REDIRECT] 	at java.desktop/java.awt.EventDispatchThread.run(EventDispatchThread.java:90)
2025-05-17 18:11:08,804 [INFO] ADCParametersView:116 -                Rank 1 : false
2025-05-17 18:11:08,807 [INFO] ADCParametersView:116 -                Rank 1 : false
2025-05-17 18:11:08,807 [INFO] ADCParametersView:116 -                Injected Rank 1 : false
2025-05-17 18:11:08,810 [INFO] ADCParametersView:116 -                Rank 1 : false
2025-05-17 18:11:08,811 [INFO] ADCParametersView:116 -                Injected Rank 1 : false
2025-05-17 18:11:08,811 [INFO] ADCParametersView:116 -                Injected Rank 2 : false
2025-05-17 18:11:08,813 [INFO] ADCParametersView:116 -                Rank 1 : false
2025-05-17 18:11:08,814 [INFO] ADCParametersView:116 -                Injected Rank 1 : false
2025-05-17 18:11:08,814 [INFO] ADCParametersView:116 -                Injected Rank 2 : false
2025-05-17 18:11:08,814 [INFO] ADCParametersView:116 -                Injected Rank 3 : false
2025-05-17 18:11:08,817 [INFO] ADCParametersView:116 -                Rank 1 : false
2025-05-17 18:11:08,818 [INFO] ADCParametersView:116 -                Injected Rank 1 : false
2025-05-17 18:11:08,819 [INFO] ADCParametersView:116 -                Injected Rank 2 : false
2025-05-17 18:11:08,819 [INFO] ADCParametersView:116 -                Injected Rank 3 : false
2025-05-17 18:11:08,819 [INFO] ADCParametersView:116 -                Injected Rank 4 : false
2025-05-17 18:11:08,909 [INFO] ADCParametersView:116 -                Rank 1 : false
2025-05-17 18:11:08,909 [INFO] ADCParametersView:116 -                Injected Rank 1 : false
2025-05-17 18:11:08,909 [INFO] ADCParametersView:116 -                Injected Rank 2 : false
2025-05-17 18:11:08,910 [INFO] ADCParametersView:116 -                Injected Rank 3 : false
2025-05-17 18:11:08,910 [INFO] ADCParametersView:116 -                Injected Rank 4 : false
2025-05-17 18:11:08,910 [INFO] ADCParametersView:116 -                Rank 1 : false
2025-05-17 18:11:08,910 [INFO] ADCParametersView:116 -                Injected Rank 1 : false
2025-05-17 18:11:08,911 [INFO] ADCParametersView:116 -                Injected Rank 2 : false
2025-05-17 18:11:08,911 [INFO] ADCParametersView:116 -                Injected Rank 3 : false
2025-05-17 18:11:08,911 [INFO] ADCParametersView:116 -                Injected Rank 4 : false
2025-05-17 18:11:08,911 [INFO] ADCParametersView:116 -                Rank 1 : false
2025-05-17 18:11:08,912 [INFO] ADCParametersView:116 -                Injected Rank 1 : false
2025-05-17 18:11:08,912 [INFO] ADCParametersView:116 -                Injected Rank 2 : false
2025-05-17 18:11:08,912 [INFO] ADCParametersView:116 -                Injected Rank 3 : false
2025-05-17 18:11:08,912 [INFO] ADCParametersView:116 -                Injected Rank 4 : false
2025-05-17 18:11:08,913 [INFO] ADCParametersView:116 -                Rank 1 : false
2025-05-17 18:11:08,913 [INFO] ADCParametersView:116 -                Injected Rank 1 : false
2025-05-17 18:11:08,913 [INFO] ADCParametersView:116 -                Injected Rank 2 : false
2025-05-17 18:11:08,913 [INFO] ADCParametersView:116 -                Injected Rank 3 : false
2025-05-17 18:11:08,913 [INFO] ADCParametersView:116 -                Injected Rank 4 : false
2025-05-17 18:11:08,913 [INFO] ADCParametersView:116 -                Rank 1 : false
2025-05-17 18:11:08,914 [INFO] ADCParametersView:116 -                Injected Rank 1 : false
2025-05-17 18:11:08,914 [INFO] ADCParametersView:116 -                Injected Rank 2 : false
2025-05-17 18:11:08,914 [INFO] ADCParametersView:116 -                Injected Rank 3 : false
2025-05-17 18:11:08,914 [INFO] ADCParametersView:116 -                Injected Rank 4 : false
2025-05-17 18:11:08,914 [INFO] ADCParametersView:116 -                Rank 1 : false
2025-05-17 18:11:08,914 [INFO] ADCParametersView:116 -                Injected Rank 1 : false
2025-05-17 18:11:08,915 [INFO] ADCParametersView:116 -                Injected Rank 2 : false
2025-05-17 18:11:08,915 [INFO] ADCParametersView:116 -                Injected Rank 3 : false
2025-05-17 18:11:08,915 [INFO] ADCParametersView:116 -                Injected Rank 4 : false
2025-05-17 18:11:08,915 [INFO] ADCParametersView:116 -                Rank 1 : false
2025-05-17 18:11:08,916 [INFO] ADCParametersView:116 -                Injected Rank 1 : false
2025-05-17 18:11:08,916 [INFO] ADCParametersView:116 -                Injected Rank 2 : false
2025-05-17 18:11:08,916 [INFO] ADCParametersView:116 -                Injected Rank 3 : false
2025-05-17 18:11:08,916 [INFO] ADCParametersView:116 -                Injected Rank 4 : false
2025-05-17 18:11:08,916 [INFO] ADCParametersView:116 -                Rank 1 : false
2025-05-17 18:11:08,917 [INFO] ADCParametersView:116 -                Injected Rank 1 : false
2025-05-17 18:11:08,917 [INFO] ADCParametersView:116 -                Injected Rank 2 : false
2025-05-17 18:11:08,917 [INFO] ADCParametersView:116 -                Injected Rank 3 : false
2025-05-17 18:11:08,917 [INFO] ADCParametersView:116 -                Injected Rank 4 : false
2025-05-17 18:11:08,917 [INFO] ADCParametersView:116 -                Rank 1 : false
2025-05-17 18:11:08,918 [INFO] ADCParametersView:116 -                Injected Rank 1 : false
2025-05-17 18:11:08,918 [INFO] ADCParametersView:116 -                Injected Rank 2 : false
2025-05-17 18:11:08,918 [INFO] ADCParametersView:116 -                Injected Rank 3 : false
2025-05-17 18:11:08,918 [INFO] ADCParametersView:116 -                Injected Rank 4 : false
2025-05-17 18:11:08,919 [INFO] ADCParametersView:116 -                Rank 1 : false
2025-05-17 18:11:08,919 [INFO] ADCParametersView:116 -                Injected Rank 1 : false
2025-05-17 18:11:08,919 [INFO] ADCParametersView:116 -                Injected Rank 2 : false
2025-05-17 18:11:08,919 [INFO] ADCParametersView:116 -                Injected Rank 3 : false
2025-05-17 18:11:08,919 [INFO] ADCParametersView:116 -                Injected Rank 4 : false
2025-05-17 18:11:08,919 [INFO] ADCParametersView:116 -                Rank 1 : false
2025-05-17 18:11:08,920 [INFO] ADCParametersView:116 -                Injected Rank 1 : false
2025-05-17 18:11:08,920 [INFO] ADCParametersView:116 -                Injected Rank 2 : false
2025-05-17 18:11:08,920 [INFO] ADCParametersView:116 -                Injected Rank 3 : false
2025-05-17 18:11:08,920 [INFO] ADCParametersView:116 -                Injected Rank 4 : false
2025-05-17 18:11:08,920 [INFO] ADCParametersView:116 -                Injected Rank 1 : false
2025-05-17 18:11:08,920 [INFO] ADCParametersView:116 -                Injected Rank 2 : false
2025-05-17 18:11:08,920 [INFO] ADCParametersView:116 -                Injected Rank 3 : false
2025-05-17 18:11:08,921 [INFO] ADCParametersView:116 -                Injected Rank 4 : false
2025-05-17 18:11:08,921 [INFO] ADCParametersView:116 -                Rank 1 : false
2025-05-17 18:11:08,921 [INFO] ADCParametersView:116 -                Injected Rank 1 : false
2025-05-17 18:11:08,921 [INFO] ADCParametersView:116 -                Injected Rank 2 : false
2025-05-17 18:11:08,921 [INFO] ADCParametersView:116 -                Injected Rank 3 : false
2025-05-17 18:11:08,921 [INFO] ADCParametersView:116 -                Injected Rank 4 : false
2025-05-17 18:11:08,921 [INFO] ADCParametersView:116 -                Rank 1 : false
2025-05-17 18:11:08,922 [INFO] ADCParametersView:116 -                Injected Rank 1 : false
2025-05-17 18:11:08,922 [INFO] ADCParametersView:116 -                Injected Rank 2 : false
2025-05-17 18:11:08,922 [INFO] ADCParametersView:116 -                Injected Rank 3 : false
2025-05-17 18:11:08,922 [INFO] ADCParametersView:116 -                Injected Rank 4 : false
2025-05-17 18:11:08,922 [INFO] ADCParametersView:116 -                Rank 1 : false
2025-05-17 18:11:08,922 [INFO] ADCParametersView:116 -                Injected Rank 1 : false
2025-05-17 18:11:08,922 [INFO] ADCParametersView:116 -                Injected Rank 2 : false
2025-05-17 18:11:08,923 [INFO] ADCParametersView:116 -                Injected Rank 3 : false
2025-05-17 18:11:08,923 [INFO] ADCParametersView:116 -                Injected Rank 4 : false
2025-05-17 18:11:08,923 [INFO] ADCParametersView:116 -                Rank 1 : false
2025-05-17 18:11:08,923 [INFO] ADCParametersView:116 -                Rank 1 : false
2025-05-17 18:11:08,923 [INFO] ADCParametersView:116 -                Injected Rank 1 : false
2025-05-17 18:11:08,923 [INFO] ADCParametersView:116 -                Injected Rank 2 : false
2025-05-17 18:11:08,923 [INFO] ADCParametersView:116 -                Injected Rank 3 : false
2025-05-17 18:11:08,924 [INFO] ADCParametersView:116 -                Injected Rank 4 : false
2025-05-17 18:11:08,924 [INFO] ADCParametersView:116 -                Rank 1 : false
2025-05-17 18:11:08,924 [INFO] ADCParametersView:116 -                Injected Rank 1 : false
2025-05-17 18:11:08,925 [INFO] ADCParametersView:116 -                Injected Rank 2 : false
2025-05-17 18:11:08,925 [INFO] ADCParametersView:116 -                Injected Rank 3 : false
2025-05-17 18:11:08,925 [INFO] ADCParametersView:116 -                Injected Rank 4 : false
2025-05-17 18:11:08,925 [INFO] ADCParametersView:116 -                Injected Rank 1 : false
2025-05-17 18:11:08,926 [INFO] ADCParametersView:116 -                Injected Rank 2 : false
2025-05-17 18:11:08,926 [INFO] ADCParametersView:116 -                Injected Rank 3 : false
2025-05-17 18:11:08,926 [INFO] ADCParametersView:116 -                Injected Rank 4 : false
2025-05-17 18:11:08,927 [INFO] ADCParametersView:116 -                Injected Rank 2 : false
2025-05-17 18:11:08,927 [INFO] ADCParametersView:116 -                Injected Rank 3 : false
2025-05-17 18:11:08,927 [INFO] ADCParametersView:116 -                Injected Rank 4 : false
2025-05-17 18:11:08,927 [INFO] ADCParametersView:116 -                Injected Rank 3 : false
2025-05-17 18:11:08,928 [INFO] ADCParametersView:116 -                Injected Rank 4 : false
2025-05-17 18:11:08,928 [INFO] ADCParametersView:116 -                Injected Rank 4 : false
2025-05-17 18:11:08,988 [INFO] ADCParametersView:116 -                Rank 1 : false
2025-05-17 18:11:08,990 [INFO] ADCParametersView:116 -                Rank 1 : false
2025-05-17 18:11:08,991 [INFO] ADCParametersView:116 -                Injected Rank 1 : false
2025-05-17 18:11:08,993 [INFO] ADCParametersView:116 -                Rank 1 : false
2025-05-17 18:11:08,993 [INFO] ADCParametersView:116 -                Injected Rank 1 : false
2025-05-17 18:11:08,993 [INFO] ADCParametersView:116 -                Injected Rank 2 : false
2025-05-17 18:11:08,995 [INFO] ADCParametersView:116 -                Rank 1 : false
2025-05-17 18:11:08,995 [INFO] ADCParametersView:116 -                Injected Rank 1 : false
2025-05-17 18:11:08,995 [INFO] ADCParametersView:116 -                Injected Rank 2 : false
2025-05-17 18:11:08,996 [INFO] ADCParametersView:116 -                Injected Rank 3 : false
2025-05-17 18:11:08,997 [INFO] ADCParametersView:116 -                Rank 1 : false
2025-05-17 18:11:08,998 [INFO] ADCParametersView:116 -                Injected Rank 1 : false
2025-05-17 18:11:08,998 [INFO] ADCParametersView:116 -                Injected Rank 2 : false
2025-05-17 18:11:08,999 [INFO] ADCParametersView:116 -                Injected Rank 3 : false
2025-05-17 18:11:08,999 [INFO] ADCParametersView:116 -                Injected Rank 4 : false
2025-05-17 18:12:08,686 [INFO] Gpio:277 - dependency for GPIO [ADC1, I2C1, I2S3, RCC, SPI1, SYS, TIM2, USB_OTG_FS]
2025-05-17 18:12:45,595 [INFO] UtilMem:75 - End SaveConfig() Used Memory: 516608080 Bytes (723517440)
2025-05-17 18:12:45,759 [INFO] UtilMem:75 - End SaveConfig() Used Memory: 538628128 Bytes (723517440)
2025-05-17 18:12:49,402 [INFO] UtilMem:75 - End SaveConfig() Used Memory: 288891560 Bytes (723517440)
2025-05-17 18:12:49,748 [INFO] BlockDiagram:2775 - set Specific Code input for plugin: SPI
2025-05-17 18:12:49,749 [INFO] BlockDiagram:2775 - set Specific Code input for plugin: TIM1_8
2025-05-17 18:12:49,749 [INFO] BlockDiagram:2775 - set Specific Code input for plugin: I2S
2025-05-17 18:12:49,749 [INFO] BlockDiagram:2775 - set Specific Code input for plugin: SYS
2025-05-17 18:12:49,749 [INFO] BlockDiagram:2775 - set Specific Code input for plugin: ADC
2025-05-17 18:12:49,749 [INFO] BlockDiagram:2775 - set Specific Code input for plugin: RCC
2025-05-17 18:12:49,749 [INFO] BlockDiagram:2775 - set Specific Code input for plugin: I2C
2025-05-17 18:12:49,749 [INFO] BlockDiagram:2775 - set Specific Code input for plugin: USB_OTG_FS
2025-05-17 18:12:49,749 [INFO] BlockDiagram:2775 - set Specific Code input for plugin: NVIC
2025-05-17 18:12:49,749 [INFO] BlockDiagram:2775 - set Specific Code input for plugin: USB_HOST
2025-05-17 18:12:49,750 [INFO] BlockDiagram:2775 - set Specific Code input for plugin: GPIO
2025-05-17 18:12:49,752 [INFO] CodeGenerator:882 - code generatio: config db path: /Applications/STM32CubeIDE.app/Contents/Eclipse/plugins/com.st.stm32cube.common.mx_6.14.1.202504091515//db/
2025-05-17 18:12:49,786 [WARN] IP:2250 - I2C_Coeff_DF not found: check if there is a RefParameter without a condition.
2025-05-17 18:12:49,786 [WARN] IP:2250 - Analog_Filter not found: check if there is a RefParameter without a condition.
2025-05-17 18:12:49,953 [INFO] CodeEngine:263 - oldGeneratedFile, /Users/winstonhar/ENCE-3231/Phase A/Projects/2025_STM32F407_ADC_Challenge/MXTmpFiles/license.tmp_save
2025-05-17 18:12:50,235 [INFO] CodeEngine:287 - Generated code: /Users/winstonhar/ENCE-3231/Phase A/Projects/2025_STM32F407_ADC_Challenge/MXTmpFiles/license.tmp
2025-05-17 18:12:50,307 [INFO] CodeEngine:263 - oldGeneratedFile, /Users/winstonhar/ENCE-3231/Phase A/Projects/2025_STM32F407_ADC_Challenge/MXTmpFiles/gpio.tmp_save
2025-05-17 18:12:50,486 [INFO] CodeEngine:287 - Generated code: /Users/winstonhar/ENCE-3231/Phase A/Projects/2025_STM32F407_ADC_Challenge/MXTmpFiles/gpio.tmp
2025-05-17 18:12:50,611 [WARN] IPConfigManager:3217 - Warning: the RefConfig PWREx_EnableUSBVoltageDetector is not available in your config.xml file
2025-05-17 18:12:50,618 [INFO] CodeEngine:263 - oldGeneratedFile, /Users/winstonhar/ENCE-3231/Phase A/Projects/2025_STM32F407_ADC_Challenge/MXTmpFiles/usb_otg_fs_vars.tmp_save
2025-05-17 18:12:50,760 [INFO] CodeEngine:287 - Generated code: /Users/winstonhar/ENCE-3231/Phase A/Projects/2025_STM32F407_ADC_Challenge/MXTmpFiles/usb_otg_fs_vars.tmp
2025-05-17 18:12:50,763 [INFO] CodeEngine:263 - oldGeneratedFile, /Users/winstonhar/ENCE-3231/Phase A/Projects/2025_STM32F407_ADC_Challenge/MXTmpFiles/usb_otg_fs_inc.tmp_save
2025-05-17 18:12:50,900 [INFO] CodeEngine:287 - Generated code: /Users/winstonhar/ENCE-3231/Phase A/Projects/2025_STM32F407_ADC_Challenge/MXTmpFiles/usb_otg_fs_inc.tmp
2025-05-17 18:12:50,903 [INFO] CodeEngine:263 - oldGeneratedFile, /Users/winstonhar/ENCE-3231/Phase A/Projects/2025_STM32F407_ADC_Challenge/MXTmpFiles/usb_otg_fs_HalInit.tmp_save
2025-05-17 18:12:51,035 [INFO] CodeEngine:287 - Generated code: /Users/winstonhar/ENCE-3231/Phase A/Projects/2025_STM32F407_ADC_Challenge/MXTmpFiles/usb_otg_fs_HalInit.tmp
2025-05-17 18:12:51,037 [INFO] CodeEngine:263 - oldGeneratedFile, /Users/winstonhar/ENCE-3231/Phase A/Projects/2025_STM32F407_ADC_Challenge/MXTmpFiles/usb_otg_fs_Msp.tmp_save
2025-05-17 18:12:51,170 [INFO] CodeEngine:287 - Generated code: /Users/winstonhar/ENCE-3231/Phase A/Projects/2025_STM32F407_ADC_Challenge/MXTmpFiles/usb_otg_fs_Msp.tmp
2025-05-17 18:12:51,624 [INFO] CodeEngine:263 - oldGeneratedFile, /Users/winstonhar/ENCE-3231/Phase A/Projects/2025_STM32F407_ADC_Challenge/USB_HOST/App/usb_host.c_save
2025-05-17 18:12:51,719 [INFO] CodeEngine:287 - Generated code: /Users/winstonhar/ENCE-3231/Phase A/Projects/2025_STM32F407_ADC_Challenge/USB_HOST/App/usb_host.c
2025-05-17 18:12:51,722 [INFO] CodeEngine:263 - oldGeneratedFile, /Users/winstonhar/ENCE-3231/Phase A/Projects/2025_STM32F407_ADC_Challenge/USB_HOST/App/usb_host.h_save
2025-05-17 18:12:51,808 [INFO] CodeEngine:287 - Generated code: /Users/winstonhar/ENCE-3231/Phase A/Projects/2025_STM32F407_ADC_Challenge/USB_HOST/App/usb_host.h
2025-05-17 18:12:51,814 [INFO] CodeEngine:263 - oldGeneratedFile, /Users/winstonhar/ENCE-3231/Phase A/Projects/2025_STM32F407_ADC_Challenge/USB_HOST/Target/usbh_conf.h_save
2025-05-17 18:12:51,896 [INFO] CodeEngine:287 - Generated code: /Users/winstonhar/ENCE-3231/Phase A/Projects/2025_STM32F407_ADC_Challenge/USB_HOST/Target/usbh_conf.h
2025-05-17 18:12:51,901 [INFO] CodeEngine:263 - oldGeneratedFile, /Users/winstonhar/ENCE-3231/Phase A/Projects/2025_STM32F407_ADC_Challenge/USB_HOST/Target/usbh_conf.c_save
2025-05-17 18:12:51,997 [INFO] CodeEngine:287 - Generated code: /Users/winstonhar/ENCE-3231/Phase A/Projects/2025_STM32F407_ADC_Challenge/USB_HOST/Target/usbh_conf.c
2025-05-17 18:12:52,003 [INFO] CodeEngine:263 - oldGeneratedFile, /Users/winstonhar/ENCE-3231/Phase A/Projects/2025_STM32F407_ADC_Challenge/USB_HOST/Target/usbh_platform.c_save
2025-05-17 18:12:52,093 [INFO] CodeEngine:287 - Generated code: /Users/winstonhar/ENCE-3231/Phase A/Projects/2025_STM32F407_ADC_Challenge/USB_HOST/Target/usbh_platform.c
2025-05-17 18:12:52,097 [INFO] CodeEngine:263 - oldGeneratedFile, /Users/winstonhar/ENCE-3231/Phase A/Projects/2025_STM32F407_ADC_Challenge/USB_HOST/Target/usbh_platform.h_save
2025-05-17 18:12:52,171 [INFO] CodeEngine:287 - Generated code: /Users/winstonhar/ENCE-3231/Phase A/Projects/2025_STM32F407_ADC_Challenge/USB_HOST/Target/usbh_platform.h
2025-05-17 18:12:52,187 [INFO] CodeEngine:263 - oldGeneratedFile, /Users/winstonhar/ENCE-3231/Phase A/Projects/2025_STM32F407_ADC_Challenge/Core/Src/stm32f4xx_it.c_save
2025-05-17 18:12:52,297 [INFO] CodeEngine:287 - Generated code: /Users/winstonhar/ENCE-3231/Phase A/Projects/2025_STM32F407_ADC_Challenge/Core/Src/stm32f4xx_it.c
2025-05-17 18:12:52,301 [INFO] CodeEngine:263 - oldGeneratedFile, /Users/winstonhar/ENCE-3231/Phase A/Projects/2025_STM32F407_ADC_Challenge/Core/Inc/stm32f4xx_it.h_save
2025-05-17 18:12:52,377 [INFO] CodeEngine:287 - Generated code: /Users/winstonhar/ENCE-3231/Phase A/Projects/2025_STM32F407_ADC_Challenge/Core/Inc/stm32f4xx_it.h
2025-05-17 18:12:52,397 [INFO] CodeEngine:263 - oldGeneratedFile, /Users/winstonhar/ENCE-3231/Phase A/Projects/2025_STM32F407_ADC_Challenge/Core/Src/stm32f4xx_hal_msp.c_save
2025-05-17 18:12:52,548 [INFO] CodeEngine:287 - Generated code: /Users/winstonhar/ENCE-3231/Phase A/Projects/2025_STM32F407_ADC_Challenge/Core/Src/stm32f4xx_hal_msp.c
2025-05-17 18:12:52,552 [INFO] CodeEngine:263 - oldGeneratedFile, /Users/winstonhar/ENCE-3231/Phase A/Projects/2025_STM32F407_ADC_Challenge/MXTmpFiles/system.tmp_save
2025-05-17 18:12:52,623 [INFO] CodeEngine:287 - Generated code: /Users/winstonhar/ENCE-3231/Phase A/Projects/2025_STM32F407_ADC_Challenge/MXTmpFiles/system.tmp
2025-05-17 18:12:52,633 [INFO] CodeEngine:319 - oldGeneratedFile, /Users/winstonhar/ENCE-3231/Phase A/Projects/2025_STM32F407_ADC_Challenge/Core/Inc/stm32f4xx_hal_conf.h_save
2025-05-17 18:12:52,722 [INFO] CodeEngine:343 - Generated code: /Users/winstonhar/ENCE-3231/Phase A/Projects/2025_STM32F407_ADC_Challenge/Core/Inc/stm32f4xx_hal_conf.h
2025-05-17 18:12:52,762 [WARN] IPConfigManager:3790 - IP not found : TIM
2025-05-17 18:12:52,763 [WARN] CodeGenerator:4198 - IP not found : null
2025-05-17 18:12:52,771 [INFO] CodeEngine:263 - oldGeneratedFile, /Users/winstonhar/ENCE-3231/Phase A/Projects/2025_STM32F407_ADC_Challenge/Core/Inc/main.h_save
2025-05-17 18:12:52,852 [INFO] CodeEngine:287 - Generated code: /Users/winstonhar/ENCE-3231/Phase A/Projects/2025_STM32F407_ADC_Challenge/Core/Inc/main.h
2025-05-17 18:12:52,856 [INFO] CodeEngine:263 - oldGeneratedFile, /Users/winstonhar/ENCE-3231/Phase A/Projects/2025_STM32F407_ADC_Challenge/Core/Src/main.c_save
2025-05-17 18:12:53,022 [INFO] CodeEngine:287 - Generated code: /Users/winstonhar/ENCE-3231/Phase A/Projects/2025_STM32F407_ADC_Challenge/Core/Src/main.c
2025-05-17 18:12:53,563 [INFO] ProjectBuilder:3324 - Time for Copy HAL[1] : 292mS.
2025-05-17 18:12:53,569 [INFO] ProjectBuilder:4912 - Project Generator version: 4.6.0.1-B1
2025-05-17 18:12:53,771 [INFO] ConfigFileManager:1590 - The Die is : DIE413
2025-05-17 18:12:55,376 [INFO] ProjectBuilder:5191 - Time for Generating toolchain IDE Files: 1807mS.
2025-05-17 18:12:55,377 [INFO] ProjectBuilder:3181 - Time for Copy CMSIS : 1mS.
2025-05-17 18:12:55,382 [INFO] ProjectBuilder:3181 - Time for Copy CMSIS : 0mS.
2025-05-17 18:16:50,856 [INFO] Gpio:277 - dependency for GPIO [ADC1, I2C1, I2S3, RCC, SPI1, SYS, TIM2, USB_OTG_FS]
2025-05-17 18:16:50,997 [ERROR] LogOutputStream:75 - [STDERR_REDIRECT] java.lang.Error: no ComponentUI class for: com.st.microxplorer.plugins.ip.nvic.CheckBoxHeader[,0,0,0x0,invalid,alignmentX=0.0,alignmentY=0.0,border=,flags=0,maximumSize=,minimumSize=,preferredSize=,defaultIcon=,disabledIcon=,disabledSelectedIcon=,margin=null,paintBorder=true,paintFocus=true,pressedIcon=,rolloverEnabled=false,rolloverIcon=,rolloverSelectedIcon=,selectedIcon=,text=]
2025-05-17 18:16:50,997 [ERROR] LogOutputStream:75 - [STDERR_REDIRECT] 	at java.desktop/javax.swing.UIDefaults.getUIError(UIDefaults.java:763)
2025-05-17 18:16:50,998 [ERROR] LogOutputStream:75 - [STDERR_REDIRECT] 	at java.desktop/javax.swing.MultiUIDefaults.getUIError(MultiUIDefaults.java:144)
2025-05-17 18:16:50,998 [ERROR] LogOutputStream:75 - [STDERR_REDIRECT] 	at java.desktop/javax.swing.UIDefaults.getUI(UIDefaults.java:793)
2025-05-17 18:16:50,999 [ERROR] LogOutputStream:75 - [STDERR_REDIRECT] 	at java.desktop/javax.swing.UIManager.getUI(UIManager.java:1070)
2025-05-17 18:16:51,000 [ERROR] LogOutputStream:75 - [STDERR_REDIRECT] 	at java.desktop/javax.swing.JCheckBox.updateUI(JCheckBox.java:228)
2025-05-17 18:16:51,001 [ERROR] LogOutputStream:75 - [STDERR_REDIRECT] 	at java.desktop/javax.swing.AbstractButton.init(AbstractButton.java:2141)
2025-05-17 18:16:51,001 [ERROR] LogOutputStream:75 - [STDERR_REDIRECT] 	at java.desktop/javax.swing.JToggleButton.<init>(JToggleButton.java:187)
2025-05-17 18:16:51,001 [ERROR] LogOutputStream:75 - [STDERR_REDIRECT] 	at java.desktop/javax.swing.JCheckBox.<init>(JCheckBox.java:176)
2025-05-17 18:16:51,002 [ERROR] LogOutputStream:75 - [STDERR_REDIRECT] 	at java.desktop/javax.swing.JCheckBox.<init>(JCheckBox.java:97)
2025-05-17 18:16:51,002 [ERROR] LogOutputStream:75 - [STDERR_REDIRECT] 	at com.st.microxplorer.plugins.ip.nvic.CheckBoxHeader.<init>(CheckBoxHeader.java:55)
2025-05-17 18:16:51,002 [ERROR] LogOutputStream:75 - [STDERR_REDIRECT] 	at com.st.microxplorer.plugins.ip.nvic.NvicCodeSelectionTable.<init>(NvicCodeSelectionTable.java:75)
2025-05-17 18:16:51,003 [ERROR] LogOutputStream:75 - [STDERR_REDIRECT] 	at com.st.microxplorer.plugins.ip.nvic.NvicCodePanel.initComponents(NvicCodePanel.java:102)
2025-05-17 18:16:51,003 [ERROR] LogOutputStream:75 - [STDERR_REDIRECT] 	at com.st.microxplorer.plugins.ip.nvic.NvicCodePanel.<init>(NvicCodePanel.java:78)
2025-05-17 18:16:51,004 [ERROR] LogOutputStream:75 - [STDERR_REDIRECT] 	at com.st.microxplorer.plugins.ip.nvic.NvicTabbedPanel.<init>(NvicTabbedPanel.java:57)
2025-05-17 18:16:51,004 [ERROR] LogOutputStream:75 - [STDERR_REDIRECT] 	at com.st.microxplorer.plugins.ip.nvic.Nvic.getUI(Nvic.java:73)
2025-05-17 18:16:51,004 [ERROR] LogOutputStream:75 - [STDERR_REDIRECT] 	at com.st.microxplorer.plugins.ipmanager.gui.BlockDiagram.createIpPanel(BlockDiagram.java:402)
2025-05-17 18:16:51,004 [ERROR] LogOutputStream:75 - [STDERR_REDIRECT] 	at com.st.microxplorer.plugins.ipmanager.gui.BlockDiagram.getIPConfigPanel(BlockDiagram.java:552)
2025-05-17 18:16:51,005 [ERROR] LogOutputStream:75 - [STDERR_REDIRECT] 	at com.st.microxplorer.plugins.ipmanager.gui.BlockDiagram.getIPConfigPanel(BlockDiagram.java:458)
2025-05-17 18:16:51,005 [ERROR] LogOutputStream:75 - [STDERR_REDIRECT] 	at com.st.microxplorer.plugins.ipmanager.gui.BlockDiagram.propertyChange(BlockDiagram.java:1389)
2025-05-17 18:16:51,005 [ERROR] LogOutputStream:75 - [STDERR_REDIRECT] 	at java.desktop/java.beans.PropertyChangeSupport.fire(PropertyChangeSupport.java:343)
2025-05-17 18:16:51,006 [ERROR] LogOutputStream:75 - [STDERR_REDIRECT] 	at java.desktop/java.beans.PropertyChangeSupport.firePropertyChange(PropertyChangeSupport.java:335)
2025-05-17 18:16:51,006 [ERROR] LogOutputStream:75 - [STDERR_REDIRECT] 	at java.desktop/java.beans.PropertyChangeSupport.firePropertyChange(PropertyChangeSupport.java:268)
2025-05-17 18:16:51,006 [ERROR] LogOutputStream:75 - [STDERR_REDIRECT] 	at com.st.microxplorer.util.MXPropertyChangeSupport.firePropertyChange(MXPropertyChangeSupport.java:54)
2025-05-17 18:16:51,006 [ERROR] LogOutputStream:75 - [STDERR_REDIRECT] 	at com.st.microxplorer.mxsystem.MxSystem.firePropertyChange(MxSystem.java:357)
2025-05-17 18:16:51,007 [ERROR] LogOutputStream:75 - [STDERR_REDIRECT] 	at com.st.microxplorer.plugins.pinoutconfig.guiV5.PeripheralsSelectionPanel.selectIP(PeripheralsSelectionPanel.java:409)
2025-05-17 18:16:51,007 [ERROR] LogOutputStream:75 - [STDERR_REDIRECT] 	at com.st.microxplorer.plugins.pinoutconfig.guiV5.PeripheralsListListener.mouseClicked(PeripheralsListListener.java:103)
2025-05-17 18:16:51,007 [ERROR] LogOutputStream:75 - [STDERR_REDIRECT] 	at java.desktop/java.awt.AWTEventMulticaster.mouseClicked(AWTEventMulticaster.java:278)
2025-05-17 18:16:51,008 [ERROR] LogOutputStream:75 - [STDERR_REDIRECT] 	at java.desktop/java.awt.Component.processMouseEvent(Component.java:6624)
2025-05-17 18:16:51,008 [ERROR] LogOutputStream:75 - [STDERR_REDIRECT] 	at java.desktop/javax.swing.JComponent.processMouseEvent(JComponent.java:3398)
2025-05-17 18:16:51,008 [ERROR] LogOutputStream:75 - [STDERR_REDIRECT] 	at java.desktop/java.awt.Component.processEvent(Component.java:6386)
2025-05-17 18:16:51,008 [ERROR] LogOutputStream:75 - [STDERR_REDIRECT] 	at java.desktop/java.awt.Container.processEvent(Container.java:2266)
2025-05-17 18:16:51,009 [ERROR] LogOutputStream:75 - [STDERR_REDIRECT] 	at java.desktop/java.awt.Component.dispatchEventImpl(Component.java:4996)
2025-05-17 18:16:51,009 [ERROR] LogOutputStream:75 - [STDERR_REDIRECT] 	at java.desktop/java.awt.Container.dispatchEventImpl(Container.java:2324)
2025-05-17 18:16:51,009 [ERROR] LogOutputStream:75 - [STDERR_REDIRECT] 	at java.desktop/java.awt.Component.dispatchEvent(Component.java:4828)
2025-05-17 18:16:51,009 [ERROR] LogOutputStream:75 - [STDERR_REDIRECT] 	at java.desktop/java.awt.LightweightDispatcher.retargetMouseEvent(Container.java:4948)
2025-05-17 18:16:51,010 [ERROR] LogOutputStream:75 - [STDERR_REDIRECT] 	at java.desktop/java.awt.LightweightDispatcher.processMouseEvent(Container.java:4584)
2025-05-17 18:16:51,010 [ERROR] LogOutputStream:75 - [STDERR_REDIRECT] 	at java.desktop/java.awt.LightweightDispatcher.dispatchEvent(Container.java:4516)
2025-05-17 18:16:51,010 [ERROR] LogOutputStream:75 - [STDERR_REDIRECT] 	at java.desktop/java.awt.Container.dispatchEventImpl(Container.java:2310)
2025-05-17 18:16:51,010 [ERROR] LogOutputStream:75 - [STDERR_REDIRECT] 	at java.desktop/java.awt.Component.dispatchEvent(Component.java:4828)
2025-05-17 18:16:51,010 [ERROR] LogOutputStream:75 - [STDERR_REDIRECT] 	at java.desktop/java.awt.EventQueue.dispatchEventImpl(EventQueue.java:775)
2025-05-17 18:16:51,011 [ERROR] LogOutputStream:75 - [STDERR_REDIRECT] 	at java.desktop/java.awt.EventQueue$4.run(EventQueue.java:720)
2025-05-17 18:16:51,011 [ERROR] LogOutputStream:75 - [STDERR_REDIRECT] 	at java.desktop/java.awt.EventQueue$4.run(EventQueue.java:714)
2025-05-17 18:16:51,011 [ERROR] LogOutputStream:75 - [STDERR_REDIRECT] 	at java.base/java.security.AccessController.doPrivileged(AccessController.java:400)
2025-05-17 18:16:51,011 [ERROR] LogOutputStream:75 - [STDERR_REDIRECT] 	at java.base/java.security.ProtectionDomain$JavaSecurityAccessImpl.doIntersectionPrivilege(ProtectionDomain.java:87)
2025-05-17 18:16:51,011 [ERROR] LogOutputStream:75 - [STDERR_REDIRECT] 	at java.base/java.security.ProtectionDomain$JavaSecurityAccessImpl.doIntersectionPrivilege(ProtectionDomain.java:98)
2025-05-17 18:16:51,012 [ERROR] LogOutputStream:75 - [STDERR_REDIRECT] 	at java.desktop/java.awt.EventQueue$5.run(EventQueue.java:747)
2025-05-17 18:16:51,012 [ERROR] LogOutputStream:75 - [STDERR_REDIRECT] 	at java.desktop/java.awt.EventQueue$5.run(EventQueue.java:745)
2025-05-17 18:16:51,012 [ERROR] LogOutputStream:75 - [STDERR_REDIRECT] 	at java.base/java.security.AccessController.doPrivileged(AccessController.java:400)
2025-05-17 18:16:51,012 [ERROR] LogOutputStream:75 - [STDERR_REDIRECT] 	at java.base/java.security.ProtectionDomain$JavaSecurityAccessImpl.doIntersectionPrivilege(ProtectionDomain.java:87)
2025-05-17 18:16:51,013 [ERROR] LogOutputStream:75 - [STDERR_REDIRECT] 	at java.desktop/java.awt.EventQueue.dispatchEvent(EventQueue.java:744)
2025-05-17 18:16:51,013 [ERROR] LogOutputStream:75 - [STDERR_REDIRECT] 	at java.desktop/java.awt.EventDispatchThread.pumpOneEventForFilters(EventDispatchThread.java:203)
2025-05-17 18:16:51,013 [ERROR] LogOutputStream:75 - [STDERR_REDIRECT] 	at java.desktop/java.awt.EventDispatchThread.pumpEventsForFilter(EventDispatchThread.java:124)
2025-05-17 18:16:51,013 [ERROR] LogOutputStream:75 - [STDERR_REDIRECT] 	at java.desktop/java.awt.EventDispatchThread.pumpEventsForHierarchy(EventDispatchThread.java:113)
2025-05-17 18:16:51,014 [ERROR] LogOutputStream:75 - [STDERR_REDIRECT] 	at java.desktop/java.awt.EventDispatchThread.pumpEvents(EventDispatchThread.java:109)
2025-05-17 18:16:51,014 [ERROR] LogOutputStream:75 - [STDERR_REDIRECT] 	at java.desktop/java.awt.EventDispatchThread.pumpEvents(EventDispatchThread.java:101)
2025-05-17 18:16:51,014 [ERROR] LogOutputStream:75 - [STDERR_REDIRECT] 	at java.desktop/java.awt.EventDispatchThread.run(EventDispatchThread.java:90)
2025-05-17 18:16:51,016 [ERROR] LogOutputStream:75 - [STDERR_REDIRECT] java.lang.Error: no ComponentUI class for: com.st.microxplorer.plugins.ip.nvic.CheckBoxHeader[,0,0,0x0,invalid,alignmentX=0.0,alignmentY=0.0,border=,flags=0,maximumSize=,minimumSize=,preferredSize=,defaultIcon=,disabledIcon=,disabledSelectedIcon=,margin=null,paintBorder=true,paintFocus=true,pressedIcon=,rolloverEnabled=false,rolloverIcon=,rolloverSelectedIcon=,selectedIcon=,text=]
2025-05-17 18:16:51,017 [ERROR] LogOutputStream:75 - [STDERR_REDIRECT] 	at java.desktop/javax.swing.UIDefaults.getUIError(UIDefaults.java:763)
2025-05-17 18:16:51,018 [ERROR] LogOutputStream:75 - [STDERR_REDIRECT] 	at java.desktop/javax.swing.MultiUIDefaults.getUIError(MultiUIDefaults.java:144)
2025-05-17 18:16:51,018 [ERROR] LogOutputStream:75 - [STDERR_REDIRECT] 	at java.desktop/javax.swing.UIDefaults.getUI(UIDefaults.java:793)
2025-05-17 18:16:51,019 [ERROR] LogOutputStream:75 - [STDERR_REDIRECT] 	at java.desktop/javax.swing.UIManager.getUI(UIManager.java:1070)
2025-05-17 18:16:51,019 [ERROR] LogOutputStream:75 - [STDERR_REDIRECT] 	at java.desktop/javax.swing.JCheckBox.updateUI(JCheckBox.java:228)
2025-05-17 18:16:51,019 [ERROR] LogOutputStream:75 - [STDERR_REDIRECT] 	at java.desktop/javax.swing.AbstractButton.init(AbstractButton.java:2141)
2025-05-17 18:16:51,020 [ERROR] LogOutputStream:75 - [STDERR_REDIRECT] 	at java.desktop/javax.swing.JToggleButton.<init>(JToggleButton.java:187)
2025-05-17 18:16:51,020 [ERROR] LogOutputStream:75 - [STDERR_REDIRECT] 	at java.desktop/javax.swing.JCheckBox.<init>(JCheckBox.java:176)
2025-05-17 18:16:51,020 [ERROR] LogOutputStream:75 - [STDERR_REDIRECT] 	at java.desktop/javax.swing.JCheckBox.<init>(JCheckBox.java:97)
2025-05-17 18:16:51,020 [ERROR] LogOutputStream:75 - [STDERR_REDIRECT] 	at com.st.microxplorer.plugins.ip.nvic.CheckBoxHeader.<init>(CheckBoxHeader.java:55)
2025-05-17 18:16:51,021 [ERROR] LogOutputStream:75 - [STDERR_REDIRECT] 	at com.st.microxplorer.plugins.ip.nvic.NvicCodeSelectionTable.<init>(NvicCodeSelectionTable.java:78)
2025-05-17 18:16:51,021 [ERROR] LogOutputStream:75 - [STDERR_REDIRECT] 	at com.st.microxplorer.plugins.ip.nvic.NvicCodePanel.initComponents(NvicCodePanel.java:102)
2025-05-17 18:16:51,021 [ERROR] LogOutputStream:75 - [STDERR_REDIRECT] 	at com.st.microxplorer.plugins.ip.nvic.NvicCodePanel.<init>(NvicCodePanel.java:78)
2025-05-17 18:16:51,021 [ERROR] LogOutputStream:75 - [STDERR_REDIRECT] 	at com.st.microxplorer.plugins.ip.nvic.NvicTabbedPanel.<init>(NvicTabbedPanel.java:57)
2025-05-17 18:16:51,022 [ERROR] LogOutputStream:75 - [STDERR_REDIRECT] 	at com.st.microxplorer.plugins.ip.nvic.Nvic.getUI(Nvic.java:73)
2025-05-17 18:16:51,022 [ERROR] LogOutputStream:75 - [STDERR_REDIRECT] 	at com.st.microxplorer.plugins.ipmanager.gui.BlockDiagram.createIpPanel(BlockDiagram.java:402)
2025-05-17 18:16:51,022 [ERROR] LogOutputStream:75 - [STDERR_REDIRECT] 	at com.st.microxplorer.plugins.ipmanager.gui.BlockDiagram.getIPConfigPanel(BlockDiagram.java:552)
2025-05-17 18:16:51,022 [ERROR] LogOutputStream:75 - [STDERR_REDIRECT] 	at com.st.microxplorer.plugins.ipmanager.gui.BlockDiagram.getIPConfigPanel(BlockDiagram.java:458)
2025-05-17 18:16:51,023 [ERROR] LogOutputStream:75 - [STDERR_REDIRECT] 	at com.st.microxplorer.plugins.ipmanager.gui.BlockDiagram.propertyChange(BlockDiagram.java:1389)
2025-05-17 18:16:51,023 [ERROR] LogOutputStream:75 - [STDERR_REDIRECT] 	at java.desktop/java.beans.PropertyChangeSupport.fire(PropertyChangeSupport.java:343)
2025-05-17 18:16:51,023 [ERROR] LogOutputStream:75 - [STDERR_REDIRECT] 	at java.desktop/java.beans.PropertyChangeSupport.firePropertyChange(PropertyChangeSupport.java:335)
2025-05-17 18:16:51,023 [ERROR] LogOutputStream:75 - [STDERR_REDIRECT] 	at java.desktop/java.beans.PropertyChangeSupport.firePropertyChange(PropertyChangeSupport.java:268)
2025-05-17 18:16:51,023 [ERROR] LogOutputStream:75 - [STDERR_REDIRECT] 	at com.st.microxplorer.util.MXPropertyChangeSupport.firePropertyChange(MXPropertyChangeSupport.java:54)
2025-05-17 18:16:51,024 [ERROR] LogOutputStream:75 - [STDERR_REDIRECT] 	at com.st.microxplorer.mxsystem.MxSystem.firePropertyChange(MxSystem.java:357)
2025-05-17 18:16:51,024 [ERROR] LogOutputStream:75 - [STDERR_REDIRECT] 	at com.st.microxplorer.plugins.pinoutconfig.guiV5.PeripheralsSelectionPanel.selectIP(PeripheralsSelectionPanel.java:409)
2025-05-17 18:16:51,024 [ERROR] LogOutputStream:75 - [STDERR_REDIRECT] 	at com.st.microxplorer.plugins.pinoutconfig.guiV5.PeripheralsListListener.mouseClicked(PeripheralsListListener.java:103)
2025-05-17 18:16:51,024 [ERROR] LogOutputStream:75 - [STDERR_REDIRECT] 	at java.desktop/java.awt.AWTEventMulticaster.mouseClicked(AWTEventMulticaster.java:278)
2025-05-17 18:16:51,025 [ERROR] LogOutputStream:75 - [STDERR_REDIRECT] 	at java.desktop/java.awt.Component.processMouseEvent(Component.java:6624)
2025-05-17 18:16:51,025 [ERROR] LogOutputStream:75 - [STDERR_REDIRECT] 	at java.desktop/javax.swing.JComponent.processMouseEvent(JComponent.java:3398)
2025-05-17 18:16:51,025 [ERROR] LogOutputStream:75 - [STDERR_REDIRECT] 	at java.desktop/java.awt.Component.processEvent(Component.java:6386)
2025-05-17 18:16:51,025 [ERROR] LogOutputStream:75 - [STDERR_REDIRECT] 	at java.desktop/java.awt.Container.processEvent(Container.java:2266)
2025-05-17 18:16:51,025 [ERROR] LogOutputStream:75 - [STDERR_REDIRECT] 	at java.desktop/java.awt.Component.dispatchEventImpl(Component.java:4996)
2025-05-17 18:16:51,026 [ERROR] LogOutputStream:75 - [STDERR_REDIRECT] 	at java.desktop/java.awt.Container.dispatchEventImpl(Container.java:2324)
2025-05-17 18:16:51,026 [ERROR] LogOutputStream:75 - [STDERR_REDIRECT] 	at java.desktop/java.awt.Component.dispatchEvent(Component.java:4828)
2025-05-17 18:16:51,026 [ERROR] LogOutputStream:75 - [STDERR_REDIRECT] 	at java.desktop/java.awt.LightweightDispatcher.retargetMouseEvent(Container.java:4948)
2025-05-17 18:16:51,026 [ERROR] LogOutputStream:75 - [STDERR_REDIRECT] 	at java.desktop/java.awt.LightweightDispatcher.processMouseEvent(Container.java:4584)
2025-05-17 18:16:51,027 [ERROR] LogOutputStream:75 - [STDERR_REDIRECT] 	at java.desktop/java.awt.LightweightDispatcher.dispatchEvent(Container.java:4516)
2025-05-17 18:16:51,027 [ERROR] LogOutputStream:75 - [STDERR_REDIRECT] 	at java.desktop/java.awt.Container.dispatchEventImpl(Container.java:2310)
2025-05-17 18:16:51,027 [ERROR] LogOutputStream:75 - [STDERR_REDIRECT] 	at java.desktop/java.awt.Component.dispatchEvent(Component.java:4828)
2025-05-17 18:16:51,027 [ERROR] LogOutputStream:75 - [STDERR_REDIRECT] 	at java.desktop/java.awt.EventQueue.dispatchEventImpl(EventQueue.java:775)
2025-05-17 18:16:51,028 [ERROR] LogOutputStream:75 - [STDERR_REDIRECT] 	at java.desktop/java.awt.EventQueue$4.run(EventQueue.java:720)
2025-05-17 18:16:51,028 [ERROR] LogOutputStream:75 - [STDERR_REDIRECT] 	at java.desktop/java.awt.EventQueue$4.run(EventQueue.java:714)
2025-05-17 18:16:51,028 [ERROR] LogOutputStream:75 - [STDERR_REDIRECT] 	at java.base/java.security.AccessController.doPrivileged(AccessController.java:400)
2025-05-17 18:16:51,028 [ERROR] LogOutputStream:75 - [STDERR_REDIRECT] 	at java.base/java.security.ProtectionDomain$JavaSecurityAccessImpl.doIntersectionPrivilege(ProtectionDomain.java:87)
2025-05-17 18:16:51,029 [ERROR] LogOutputStream:75 - [STDERR_REDIRECT] 	at java.base/java.security.ProtectionDomain$JavaSecurityAccessImpl.doIntersectionPrivilege(ProtectionDomain.java:98)
2025-05-17 18:16:51,029 [ERROR] LogOutputStream:75 - [STDERR_REDIRECT] 	at java.desktop/java.awt.EventQueue$5.run(EventQueue.java:747)
2025-05-17 18:16:51,029 [ERROR] LogOutputStream:75 - [STDERR_REDIRECT] 	at java.desktop/java.awt.EventQueue$5.run(EventQueue.java:745)
2025-05-17 18:16:51,029 [ERROR] LogOutputStream:75 - [STDERR_REDIRECT] 	at java.base/java.security.AccessController.doPrivileged(AccessController.java:400)
2025-05-17 18:16:51,029 [ERROR] LogOutputStream:75 - [STDERR_REDIRECT] 	at java.base/java.security.ProtectionDomain$JavaSecurityAccessImpl.doIntersectionPrivilege(ProtectionDomain.java:87)
2025-05-17 18:16:51,030 [ERROR] LogOutputStream:75 - [STDERR_REDIRECT] 	at java.desktop/java.awt.EventQueue.dispatchEvent(EventQueue.java:744)
2025-05-17 18:16:51,030 [ERROR] LogOutputStream:75 - [STDERR_REDIRECT] 	at java.desktop/java.awt.EventDispatchThread.pumpOneEventForFilters(EventDispatchThread.java:203)
2025-05-17 18:16:51,030 [ERROR] LogOutputStream:75 - [STDERR_REDIRECT] 	at java.desktop/java.awt.EventDispatchThread.pumpEventsForFilter(EventDispatchThread.java:124)
2025-05-17 18:16:51,030 [ERROR] LogOutputStream:75 - [STDERR_REDIRECT] 	at java.desktop/java.awt.EventDispatchThread.pumpEventsForHierarchy(EventDispatchThread.java:113)
2025-05-17 18:16:51,030 [ERROR] LogOutputStream:75 - [STDERR_REDIRECT] 	at java.desktop/java.awt.EventDispatchThread.pumpEvents(EventDispatchThread.java:109)
2025-05-17 18:16:51,031 [ERROR] LogOutputStream:75 - [STDERR_REDIRECT] 	at java.desktop/java.awt.EventDispatchThread.pumpEvents(EventDispatchThread.java:101)
2025-05-17 18:16:51,031 [ERROR] LogOutputStream:75 - [STDERR_REDIRECT] 	at java.desktop/java.awt.EventDispatchThread.run(EventDispatchThread.java:90)
2025-05-17 18:17:02,255 [INFO] Gpio:277 - dependency for GPIO [ADC1, I2C1, I2S3, RCC, SPI1, SYS, TIM2, USB_OTG_FS]
2025-05-17 18:19:24,522 [INFO] MainUpdater:2872 - connection check result : 10
2025-05-17 18:19:24,523 [INFO] MainUpdater:2872 - connection check result : 10
2025-05-17 18:19:24,798 [INFO] I2sManager:658 - 9.6E7
2025-05-17 18:19:24,799 [INFO] I2sManager:195 - I2S Clock Value : 9.6E7
2025-05-17 18:19:24,799 [INFO] I2sManager:553 - AudioClock : 93750Divider : 2Odd : 0
2025-05-17 18:19:24,804 [INFO] MicroXplorer:468 - Change Database Path : 
2025-05-17 18:19:24,804 [INFO] MicroXplorer:498 - Change Database Version : DB.6.0.141
2025-05-17 18:19:24,817 [ERROR] ProjectManagerView:395 - 
java.lang.NullPointerException: Cannot invoke "javax.swing.JTextField.getText()" because the return value of "java.util.List.get(int)" is null
	at com.st.microxplorer.plugins.projectmanager.gui.ProjectChoiceTab$9.caretUpdate(ProjectChoiceTab.java:2678) ~[filemanager.jar:?]
	at javax.swing.text.JTextComponent.fireCaretUpdate(JTextComponent.java:408) ~[?:?]
	at javax.swing.text.JTextComponent$MutableCaretEvent.fire(JTextComponent.java:4484) ~[?:?]
	at javax.swing.text.JTextComponent$MutableCaretEvent.stateChanged(JTextComponent.java:4506) ~[?:?]
	at javax.swing.text.DefaultCaret.fireStateChanged(DefaultCaret.java:857) ~[?:?]
	at javax.swing.text.DefaultCaret.changeCaretPosition(DefaultCaret.java:1343) ~[?:?]
	at javax.swing.text.DefaultCaret.handleSetDot(DefaultCaret.java:1242) ~[?:?]
	at javax.swing.text.DefaultCaret.setDot(DefaultCaret.java:1223) ~[?:?]
	at javax.swing.text.DefaultCaret$Handler.insertUpdate(DefaultCaret.java:1819) ~[?:?]
	at javax.swing.text.AbstractDocument.fireInsertUpdate(AbstractDocument.java:227) ~[?:?]
	at javax.swing.text.AbstractDocument.handleInsertString(AbstractDocument.java:781) ~[?:?]
	at javax.swing.text.AbstractDocument.insertString(AbstractDocument.java:740) ~[?:?]
	at javax.swing.text.PlainDocument.insertString(PlainDocument.java:131) ~[?:?]
	at javax.swing.text.AbstractDocument.replace(AbstractDocument.java:699) ~[?:?]
	at javax.swing.text.JTextComponent.setText(JTextComponent.java:1725) ~[?:?]
	at com.st.microxplorer.plugins.projectmanager.gui.ProjectChoiceTab.createHeapStackFields(ProjectChoiceTab.java:979) ~[filemanager.jar:?]
	at com.st.microxplorer.plugins.projectmanager.gui.ProjectChoiceTab.buildLinkSettingsPanel(ProjectChoiceTab.java:3766) ~[filemanager.jar:?]
	at com.st.microxplorer.plugins.projectmanager.gui.ProjectChoiceTab.defineWindowsFields(ProjectChoiceTab.java:1962) ~[filemanager.jar:?]
	at com.st.microxplorer.plugins.projectmanager.gui.ProjectChoiceTab.updateSettings(ProjectChoiceTab.java:555) ~[filemanager.jar:?]
	at com.st.microxplorer.plugins.projectmanager.gui.ProjectSettingsPanel.UpdateDialog(ProjectSettingsPanel.java:245) ~[filemanager.jar:?]
	at com.st.microxplorer.plugins.projectmanager.ProjectManagerView.propertyChange(ProjectManagerView.java:392) ~[filemanager.jar:?]
	at java.beans.PropertyChangeSupport.fire(PropertyChangeSupport.java:343) ~[?:?]
	at java.beans.PropertyChangeSupport.firePropertyChange(PropertyChangeSupport.java:335) ~[?:?]
	at java.beans.PropertyChangeSupport.firePropertyChange(PropertyChangeSupport.java:268) ~[?:?]
	at com.st.microxplorer.util.MXPropertyChangeSupport.firePropertyChange(MXPropertyChangeSupport.java:54) ~[STM32CubeMX.jar:?]
	at com.st.microxplorer.mxsystem.MxSystem.closeConfig(MxSystem.java:899) ~[STM32CubeMX.jar:?]
	at com.st.microxplorer.maingui.MainPanel.closeConfig(MainPanel.java:789) ~[STM32CubeMX.jar:?]
	at com.st.microxplorer.plugins.filemanager.engine.OpenFileManager.loadConfigurationFile(OpenFileManager.java:287) ~[filemanager.jar:?]
	at com.st.microxplorer.plugins.filemanager.engine.MainFileManager.userLoadConfig(MainFileManager.java:341) ~[filemanager.jar:?]
	at com.st.microxplorer.plugins.filemanager.engine.MainFileManager.userLoadConfig(MainFileManager.java:319) ~[filemanager.jar:?]
	at com.st.microxplorer.plugins.filemanager.FileManagerView.getSpecificTask(FileManagerView.java:246) ~[filemanager.jar:?]
	at com.st.stm32cube.common.mx.editor.CubeMxEditor.getMxTabbedPaneInstance(CubeMxEditor.java:1198) ~[com.st.stm32cube.common.mx_6.14.1.202504091515/:?]
	at com.st.stm32cube.common.mx.editor.CubeMxEditor$12$1.createSwingComponent(CubeMxEditor.java:1068) ~[com.st.stm32cube.common.mx_6.14.1.202504091515/:?]
	at com.st.stm32cube.common.mx.oss.core.awtswtbridge.EmbeddedSwingComposite.doComponentCreation(EmbeddedSwingComposite.java:492) ~[com.st.stm32cube.common.mx.oss_6.14.1.202504091515/:?]
	at com.st.stm32cube.common.mx.oss.core.awtswtbridge.EmbeddedSwingComposite$4.run(EmbeddedSwingComposite.java:291) ~[com.st.stm32cube.common.mx.oss_6.14.1.202504091515/:?]
	at com.st.stm32cube.common.mx.oss.core.awtswtbridge.AwtEnvironment$2.run(AwtEnvironment.java:166) ~[com.st.stm32cube.common.mx.oss_6.14.1.202504091515/:?]
	at java.awt.event.InvocationEvent.dispatch(InvocationEvent.java:318) ~[?:?]
	at java.awt.EventQueue.dispatchEventImpl(EventQueue.java:773) ~[?:?]
	at java.awt.EventQueue$4.run(EventQueue.java:720) ~[?:?]
	at java.awt.EventQueue$4.run(EventQueue.java:714) ~[?:?]
	at java.security.AccessController.doPrivileged(AccessController.java:400) ~[?:?]
	at java.security.ProtectionDomain$JavaSecurityAccessImpl.doIntersectionPrivilege(ProtectionDomain.java:87) ~[?:?]
	at java.awt.EventQueue.dispatchEvent(EventQueue.java:742) ~[?:?]
	at java.awt.EventDispatchThread.pumpOneEventForFilters(EventDispatchThread.java:203) ~[?:?]
	at java.awt.EventDispatchThread.pumpEventsForFilter(EventDispatchThread.java:124) ~[?:?]
	at java.awt.EventDispatchThread.pumpEventsForHierarchy(EventDispatchThread.java:113) ~[?:?]
	at java.awt.EventDispatchThread.pumpEvents(EventDispatchThread.java:109) ~[?:?]
	at java.awt.EventDispatchThread.pumpEvents(EventDispatchThread.java:101) ~[?:?]
	at java.awt.EventDispatchThread.run(EventDispatchThread.java:90) ~[?:?]
2025-05-17 18:19:24,826 [WARN] ThirdParty:871 - waiting for thirdparty lock release [close project]
2025-05-17 18:19:24,826 [INFO] ThirdParty:873 - entering critical section [close project]
2025-05-17 18:19:24,826 [INFO] ThirdParty:883 - exiting critical section [close project]
2025-05-17 18:19:24,828 [INFO] PinOutPanel:1589 - setPackage(No Configuration,No Configuration)
2025-05-17 18:19:24,839 [WARN] IpParametersView:155 - Warning: This peripheral hasn't parameters
2025-05-17 18:19:24,843 [WARN] MainPanel:289 - <html><b><center>Warning: This peripheral has no parameters to be configured<br></b></html>
2025-05-17 18:19:24,848 [INFO] UtilMem:75 - Begin LoadConfig() Used Memory: 338850320 Bytes (723517440)
2025-05-17 18:19:26,959 [INFO] MicroXplorer:468 - Change Database Path : 
2025-05-17 18:19:26,960 [INFO] MicroXplorer:498 - Change Database Version : DB.6.0.141
2025-05-17 18:19:26,960 [INFO] OpenFileManager:354 - Change cursor
2025-05-17 18:19:26,986 [INFO] RulesReader:64 - Compatibility file has been processed (302 Rules)
2025-05-17 18:19:26,992 [INFO] Mcu:2011 - Initializing MCU STM32F407V(E-G)Tx STM32F407VGTx STM32F407VGT6
2025-05-17 18:19:28,277 [INFO] Context:756 - Trying to add GPIOservice into a context  which must be forbidden
2025-05-17 18:19:28,969 [INFO] Rule:225 - rule Adapt Old IOC CSI. is applicable
2025-05-17 18:19:28,970 [INFO] DbConfProperties:307 - Apply Compatibility (0/1 Rules)
2025-05-17 18:19:29,000 [INFO] ImportTextPane:218 - (OptionalMessage_ERROR) Pin36 (VP_RIF_VS_RIF1) cannot be retrieved for this MCU
2025-05-17 18:19:29,202 [INFO] RtosManager:558 - Registered RTOS mode: class=CMSIS, group=RTOS, mode=CMSIS_V1, owner=FREERTOS
2025-05-17 18:19:29,203 [INFO] RtosManager:558 - Registered RTOS mode: class=CMSIS, group=RTOS2, mode=CMSIS_V2, owner=FREERTOS
2025-05-17 18:19:29,203 [INFO] RtosManager:558 - Registered RTOS mode: class=RTOS, group=Core, mode=CMSIS_V1, owner=FREERTOS
2025-05-17 18:19:29,203 [INFO] RtosManager:558 - Registered RTOS mode: class=RTOS, group=Core, mode=CMSIS_V2, owner=FREERTOS
2025-05-17 18:19:29,203 [WARN] ModelIntegratedComponent:184 - Missing modes for component STMicroelectronics:FreeRTOS:0.0.1:STMicroelectronics:RTOS:FreeRTOS:Core:::10.2.0:
2025-05-17 18:19:29,215 [WARN] ModelIntegratedComponent:63 - No mode defined for component null
2025-05-17 18:19:29,215 [WARN] ModelIntegratedComponent:63 - No mode defined for component null
2025-05-17 18:19:29,215 [WARN] ModelIntegratedComponent:63 - No mode defined for component null
2025-05-17 18:19:29,215 [WARN] ModelIntegratedComponent:63 - No mode defined for component null
2025-05-17 18:19:29,215 [WARN] ModelIntegratedComponent:63 - No mode defined for component null
2025-05-17 18:19:29,215 [WARN] ModelIntegratedComponent:63 - No mode defined for component null
2025-05-17 18:19:29,215 [WARN] ModelIntegratedComponent:63 - No mode defined for component null
2025-05-17 18:19:29,215 [WARN] ModelIntegratedComponent:63 - No mode defined for component null
2025-05-17 18:19:29,215 [WARN] ModelIntegratedComponent:63 - No mode defined for component null
2025-05-17 18:19:29,216 [WARN] ModelIntegratedComponent:63 - No mode defined for component null
2025-05-17 18:19:29,216 [WARN] ModelIntegratedComponent:63 - No mode defined for component null
2025-05-17 18:19:29,216 [WARN] ModelIntegratedComponent:63 - No mode defined for component null
2025-05-17 18:19:29,216 [WARN] ModelIntegratedComponent:63 - No mode defined for component null
2025-05-17 18:19:29,216 [WARN] ModelIntegratedComponent:63 - No mode defined for component null
2025-05-17 18:19:29,216 [WARN] ModelIntegratedComponent:63 - No mode defined for component null
2025-05-17 18:19:29,216 [WARN] ModelIntegratedComponent:63 - No mode defined for component null
2025-05-17 18:19:29,216 [WARN] ModelIntegratedComponent:63 - No mode defined for component null
2025-05-17 18:19:29,216 [WARN] ModelIntegratedComponent:63 - No mode defined for component null
2025-05-17 18:19:29,216 [WARN] ModelIntegratedComponent:63 - No mode defined for component null
2025-05-17 18:19:29,216 [WARN] ModelIntegratedComponent:63 - No mode defined for component null
2025-05-17 18:19:29,216 [WARN] ModelIntegratedComponent:63 - No mode defined for component null
2025-05-17 18:19:29,216 [WARN] ModelIntegratedComponent:63 - No mode defined for component null
2025-05-17 18:19:29,216 [WARN] ModelIntegratedComponent:63 - No mode defined for component null
2025-05-17 18:19:29,216 [WARN] ModelIntegratedComponent:63 - No mode defined for component null
2025-05-17 18:19:29,217 [WARN] ModelIntegratedComponent:63 - No mode defined for component null
2025-05-17 18:19:29,217 [WARN] ModelIntegratedComponent:63 - No mode defined for component null
2025-05-17 18:19:29,217 [WARN] ModelIntegratedComponent:63 - No mode defined for component null
2025-05-17 18:19:29,217 [WARN] ModelIntegratedComponent:63 - No mode defined for component null
2025-05-17 18:19:29,217 [WARN] ModelIntegratedComponent:63 - No mode defined for component null
2025-05-17 18:19:29,217 [WARN] ModelIntegratedComponent:63 - No mode defined for component null
2025-05-17 18:19:29,217 [WARN] ModelIntegratedComponent:63 - No mode defined for component null
2025-05-17 18:19:29,217 [WARN] ModelIntegratedComponent:63 - No mode defined for component null
2025-05-17 18:19:29,217 [WARN] ModelIntegratedComponent:63 - No mode defined for component null
2025-05-17 18:19:29,217 [WARN] ModelIntegratedComponent:63 - No mode defined for component null
2025-05-17 18:19:29,217 [WARN] ModelIntegratedComponent:63 - No mode defined for component null
2025-05-17 18:19:29,217 [WARN] ModelPack:524 - Component already loaded: STMicroelectronics:HAL Drivers:0.0.0:STMicroelectronics:Device:STMicro_Driver:XSPI:HAL::0.0.1:HAL_XSPI
2025-05-17 18:19:29,321 [INFO] ThirdPartyModel:298 - Start build external matchings
2025-05-17 18:19:30,276 [INFO] ThirdPartyModel:316 - End build external matchings
2025-05-17 18:19:30,298 [INFO] ImportTextPane:218 - (OptionalMessage_ERROR) IP (RCC) : Parameter (RTCHSEDivFreq_Value) has invalid value (4000000)
2025-05-17 18:19:30,508 [INFO] UtilMem:75 - End LoadConfig() Used Memory: 293044992 Bytes (723517440)
2025-05-17 18:19:30,556 [WARN] ThirdParty:833 - waiting for thirdparty lock release [change project]
2025-05-17 18:19:30,556 [INFO] ThirdParty:835 - entering critical section [change project]
2025-05-17 18:19:30,556 [INFO] ThirdParty:1030 - CMSIS Pack Vendor :STMicroelectronics USBPD 4.1
2025-05-17 18:19:30,556 [INFO] ThirdParty:1030 - CMSIS Pack Vendor :STMicroelectronics X-CUBE-AZRTOS-H7 3.3.0
2025-05-17 18:19:30,556 [INFO] ThirdParty:1030 - CMSIS Pack Vendor :STMicroelectronics X-CUBE-NFC9 1.0.0
2025-05-17 18:19:30,557 [INFO] ThirdParty:1030 - CMSIS Pack Vendor :STMicroelectronics USB_HOST 2.0.0
2025-05-17 18:19:30,557 [INFO] ThirdParty:1030 - CMSIS Pack Vendor :STMicroelectronics FP-SNS-MOTENVWB1 1.4.0
2025-05-17 18:19:30,557 [INFO] ThirdParty:1030 - CMSIS Pack Vendor :STMicroelectronics X-CUBE-AZRTOS-F4 1.1.0
2025-05-17 18:19:30,557 [INFO] ThirdParty:1030 - CMSIS Pack Vendor :STMicroelectronics LIBJPEG 8.0.0
2025-05-17 18:19:30,557 [INFO] ThirdParty:1030 - CMSIS Pack Vendor :STMicroelectronics FP-ATR-ASTRA1 2.0.2
2025-05-17 18:19:30,557 [INFO] ThirdParty:1030 - CMSIS Pack Vendor :STMicroelectronics X-CUBE-BLE1 7.1.0
2025-05-17 18:19:30,557 [INFO] ThirdParty:1030 - CMSIS Pack Vendor :Avnet-IotConnect X-CUBE-IoTC-DA16k-PMOD 1.0.0
2025-05-17 18:19:30,557 [INFO] ThirdParty:1030 - CMSIS Pack Vendor :STMicroelectronics X-CUBE-SMBUS 2.1.0
2025-05-17 18:19:30,557 [INFO] ThirdParty:1030 - CMSIS Pack Vendor :STMicroelectronics X-CUBE-WB05N 1.1.0
2025-05-17 18:19:30,557 [INFO] ThirdParty:1030 - CMSIS Pack Vendor :wolfSSL I-CUBE-wolfMQTT 1.19.2
2025-05-17 18:19:30,557 [INFO] ThirdParty:1030 - CMSIS Pack Vendor :STMicroelectronics USB_DEVICE 3.0.0
2025-05-17 18:19:30,557 [INFO] ThirdParty:1030 - CMSIS Pack Vendor :STMicroelectronics X-CUBE-ISPU 2.1.0
2025-05-17 18:19:30,557 [INFO] ThirdParty:1030 - CMSIS Pack Vendor :STMicroelectronics X-CUBE-AZRTOS-WB 2.0.0
2025-05-17 18:19:30,557 [INFO] ThirdParty:1030 - CMSIS Pack Vendor :STMicroelectronics X-CUBE-GNSS1 7.0.1
2025-05-17 18:19:30,557 [INFO] ThirdParty:1030 - CMSIS Pack Vendor :STMicroelectronics X-CUBE-AZRTOS-F7 1.1.0
2025-05-17 18:19:30,557 [INFO] ThirdParty:1030 - CMSIS Pack Vendor :STMicroelectronics X-CUBE-AZRTOS-L5 2.0.0
2025-05-17 18:19:30,557 [INFO] ThirdParty:1030 - CMSIS Pack Vendor :STMicroelectronics X-CUBE-TOUCHGFX 4.25.0
2025-05-17 18:19:30,557 [INFO] ThirdParty:1030 - CMSIS Pack Vendor :STMicroelectronics USB_DEVICE 2.0.0
2025-05-17 18:19:30,557 [INFO] ThirdParty:1030 - CMSIS Pack Vendor :STMicroelectronics X-CUBE-NFC6 3.1.0
2025-05-17 18:19:30,558 [INFO] ThirdParty:1030 - CMSIS Pack Vendor :STMicroelectronics FP-SNS-STBOX1 2.0.0
2025-05-17 18:19:30,558 [INFO] ThirdParty:1030 - CMSIS Pack Vendor :STMicroelectronics X-CUBE-MEMS1 11.2.0
2025-05-17 18:19:30,558 [INFO] ThirdParty:1030 - CMSIS Pack Vendor :STMicroelectronics FreeRTOS 0.0.1
2025-05-17 18:19:30,558 [INFO] ThirdParty:1030 - CMSIS Pack Vendor :STMicroelectronics X-CUBE-AZRTOS-G0 1.1.0
2025-05-17 18:19:30,558 [INFO] ThirdParty:1030 - CMSIS Pack Vendor :STMicroelectronics X-CUBE-SAFEA1 1.2.2
2025-05-17 18:19:30,558 [INFO] ThirdParty:1030 - CMSIS Pack Vendor :STMicroelectronics X-CUBE-NFC4 3.0.0
2025-05-17 18:19:30,558 [INFO] ThirdParty:1030 - CMSIS Pack Vendor :STMicroelectronics X-CUBE-SUBG2 5.0.0
2025-05-17 18:19:30,558 [INFO] ThirdParty:1030 - CMSIS Pack Vendor :STMicroelectronics X-CUBE-AZRTOS-H7RS 1.1.0
2025-05-17 18:19:30,558 [INFO] ThirdParty:1030 - CMSIS Pack Vendor :STMicroelectronics STM32_WPAN 1.0.0
2025-05-17 18:19:30,558 [INFO] ThirdParty:1030 - CMSIS Pack Vendor :EmbeddedOffice I-CUBE-FS-RTOS 1.0.1
2025-05-17 18:19:30,558 [INFO] ThirdParty:1030 - CMSIS Pack Vendor :STMicroelectronics lwIP 2.0.3
2025-05-17 18:19:30,558 [INFO] ThirdParty:1030 - CMSIS Pack Vendor :Cesanta I-CUBE-Mongoose 7.13.0
2025-05-17 18:19:30,559 [INFO] ThirdParty:1030 - CMSIS Pack Vendor :STMicroelectronics USB_HOST 1.0.0
2025-05-17 18:19:30,559 [INFO] ThirdParty:1030 - CMSIS Pack Vendor :Infineon AIROC-Wi-Fi-Bluetooth-STM32 1.7.0
2025-05-17 18:19:30,559 [INFO] ThirdParty:1030 - CMSIS Pack Vendor :STMicroelectronics X-CUBE-AZRTOS-G4 2.0.0
2025-05-17 18:19:30,559 [INFO] ThirdParty:1030 - CMSIS Pack Vendor :STMicroelectronics X-CUBE-WB05N 2.0.0
2025-05-17 18:19:30,559 [INFO] ThirdParty:1030 - CMSIS Pack Vendor :STMicroelectronics PDM2PCM 3.1.0
2025-05-17 18:19:30,559 [INFO] ThirdParty:1030 - CMSIS Pack Vendor :STMicroelectronics PDM2PCM 3.3.0
2025-05-17 18:19:30,559 [INFO] ThirdParty:1030 - CMSIS Pack Vendor :wolfSSL I-CUBE-wolfTPM 3.8.0
2025-05-17 18:19:30,559 [INFO] ThirdParty:1030 - CMSIS Pack Vendor :STMicroelectronics X-CUBE-DISPLAY 3.0.0
2025-05-17 18:19:30,559 [INFO] ThirdParty:1030 - CMSIS Pack Vendor :wolfSSL I-CUBE-wolfSSH 1.4.20
2025-05-17 18:19:30,559 [INFO] ThirdParty:1030 - CMSIS Pack Vendor :STMicroelectronics X-CUBE-NFC7 2.0.0
2025-05-17 18:19:30,559 [INFO] ThirdParty:1030 - CMSIS Pack Vendor :STMicroelectronics X-CUBE-TCPP 4.2.0
2025-05-17 18:19:30,559 [INFO] ThirdParty:1030 - CMSIS Pack Vendor :RealThread X-CUBE-RT-Thread_Nano 4.1.1
2025-05-17 18:19:30,559 [INFO] ThirdParty:1030 - CMSIS Pack Vendor :STMicroelectronics FP-ATR-SIGFOX1 3.2.0
2025-05-17 18:19:30,559 [INFO] ThirdParty:1030 - CMSIS Pack Vendor :STMicroelectronics X-CUBE-NFC10 1.0.0
2025-05-17 18:19:30,559 [INFO] ThirdParty:1030 - CMSIS Pack Vendor :STMicroelectronics X-CUBE-BLEMGR 4.0.0
2025-05-17 18:19:30,559 [INFO] ThirdParty:1030 - CMSIS Pack Vendor :STMicroelectronics X-CUBE-EEPRMA1 5.1.0
2025-05-17 18:19:30,559 [INFO] ThirdParty:1030 - CMSIS Pack Vendor :STMicroelectronics X-CUBE-FREERTOS 1.3.1
2025-05-17 18:19:30,559 [INFO] ThirdParty:1030 - CMSIS Pack Vendor :STMicroelectronics HAL Drivers 0.0.0
2025-05-17 18:19:30,560 [INFO] ThirdParty:1030 - CMSIS Pack Vendor :STMicroelectronics MBEDTLS 2.16.2
2025-05-17 18:19:30,560 [INFO] ThirdParty:1030 - CMSIS Pack Vendor :STMicroelectronics X-CUBE-IPS 3.1.0
2025-05-17 18:19:30,560 [INFO] ThirdParty:1030 - CMSIS Pack Vendor :STMicroelectronics X-CUBE-ALS 1.0.2
2025-05-17 18:19:30,560 [INFO] ThirdParty:1030 - CMSIS Pack Vendor :emotas I-CUBE-CANOPEN 1.3.0
2025-05-17 18:19:30,560 [INFO] ThirdParty:1030 - CMSIS Pack Vendor :STMicroelectronics X-CUBE-FREERTOS 1.3.0
2025-05-17 18:19:30,560 [INFO] ThirdParty:1030 - CMSIS Pack Vendor :STMicroelectronics X-CUBE-NFC7 1.0.1
2025-05-17 18:19:30,560 [INFO] ThirdParty:1030 - CMSIS Pack Vendor :STMicroelectronics MBEDTLS 2.14.1
2025-05-17 18:19:30,560 [INFO] ThirdParty:1030 - CMSIS Pack Vendor :wolfSSL I-CUBE-wolfSSL 5.7.6
2025-05-17 18:19:30,560 [INFO] ThirdParty:1030 - CMSIS Pack Vendor :ITTIA_DB I-CUBE-ITTIADB 8.9.0
2025-05-17 18:19:30,560 [INFO] ThirdParty:1030 - CMSIS Pack Vendor :portGmbH I-Cube-SoM-uGOAL 1.1.0
2025-05-17 18:19:30,560 [INFO] ThirdParty:1030 - CMSIS Pack Vendor :quantropi X-CUBE-qispace-sdk-base 2.0.0
2025-05-17 18:19:30,560 [INFO] ThirdParty:1030 - CMSIS Pack Vendor :STMicroelectronics X-CUBE-AI 10.0.0
2025-05-17 18:19:30,560 [INFO] ThirdParty:1030 - CMSIS Pack Vendor :STMicroelectronics ThreadX 1.0.0
2025-05-17 18:19:30,560 [INFO] ThirdParty:1030 - CMSIS Pack Vendor :STMicroelectronics FP-SNS-SMARTAG2 1.2.0
2025-05-17 18:19:30,560 [INFO] ThirdParty:1030 - CMSIS Pack Vendor :STMicroelectronics FP-SNS-FLIGHT1 5.1.0
2025-05-17 18:19:30,560 [INFO] ThirdParty:1030 - CMSIS Pack Vendor :STMicroelectronics X-CUBE-MEMS1 11.1.0
2025-05-17 18:19:30,560 [INFO] ThirdParty:1030 - CMSIS Pack Vendor :STMicroelectronics X-CUBE-AZRTOS-WL 2.0.0
2025-05-17 18:19:30,560 [INFO] ThirdParty:1030 - CMSIS Pack Vendor :SEGGER I-CUBE-embOS 1.3.1
2025-05-17 18:19:30,561 [INFO] ThirdParty:1030 - CMSIS Pack Vendor :STMicroelectronics X-CUBE-ALGOBUILD 1.4.0
2025-05-17 18:19:30,561 [INFO] ThirdParty:1030 - CMSIS Pack Vendor :STMicroelectronics X-CUBE-DPower 1.3.0
2025-05-17 18:19:30,561 [INFO] ThirdParty:1030 - CMSIS Pack Vendor :STMicroelectronics FP-SNS-MOTENV1 5.0.0
2025-05-17 18:19:30,561 [INFO] ThirdParty:1030 - CMSIS Pack Vendor :STMicroelectronics USB_DEVICE 1.0.0
2025-05-17 18:19:30,561 [INFO] ThirdParty:1030 - CMSIS Pack Vendor :STMicroelectronics X-CUBE-AZRTOS-L4 2.0.0
2025-05-17 18:19:30,561 [INFO] ThirdParty:1030 - CMSIS Pack Vendor :STMicroelectronics ThreadX 0.0.2
2025-05-17 18:19:30,561 [INFO] ThirdParty:1030 - CMSIS Pack Vendor :WES I-CUBE-Cesium 1.3.0
2025-05-17 18:19:30,561 [INFO] ThirdParty:1030 - CMSIS Pack Vendor :STMicroelectronics lwIP 2.1.2
2025-05-17 18:19:30,561 [INFO] ThirdParty:1030 - CMSIS Pack Vendor :STMicroelectronics X-CUBE-SFXS2LP1 4.0.0
2025-05-17 18:19:30,561 [INFO] ThirdParty:1030 - CMSIS Pack Vendor :STMicroelectronics X-CUBE-BLE2 3.3.0
2025-05-17 18:19:30,561 [INFO] ThirdParty:1030 - CMSIS Pack Vendor :STMicroelectronics X-CUBE-TOF1 3.4.2
2025-05-17 18:19:30,561 [INFO] ThirdParty:1030 - CMSIS Pack Vendor :STMicroelectronics X-CUBE-TOF1 3.4.3
2025-05-17 18:19:30,561 [INFO] ThirdParty:1030 - CMSIS Pack Vendor :STMicroelectronics PDM2PCM 3.2.0
2025-05-17 18:19:30,561 [INFO] ThirdParty:841 - exiting critical section [change project]
2025-05-17 18:19:30,810 [INFO] PinOutPanel:1589 - setPackage(No Configuration,No Configuration)
2025-05-17 18:19:30,810 [INFO] PinOutPanel:1589 - setPackage(STM32F407VGTx,LQFP100)
2025-05-17 18:19:31,085 [INFO] UtilMem:75 - Before build in PCC Used Memory: 494725680 Bytes (723517440)
2025-05-17 18:19:31,337 [INFO] UtilMem:75 - After build in PCC Used Memory: 539288112 Bytes (723517440)
2025-05-17 18:19:31,343 [INFO] ApiDbMcu:508 - Load IP Config File for USB_HOST
2025-05-17 18:19:31,343 [WARN] BspModel:444 - BSP dependency skipped because of component: name='IOExpander', api='Unknown'
2025-05-17 18:19:31,369 [INFO] IPUIPlugin:80 - create IPUIPlugin
2025-05-17 18:19:31,369 [INFO] IPUIPlugin:80 - create IPUIPlugin
2025-05-17 18:19:31,369 [INFO] IPUIPlugin:80 - create IPUIPlugin
2025-05-17 18:19:31,370 [INFO] IPUIPlugin:80 - create IPUIPlugin
2025-05-17 18:19:31,370 [INFO] IPUIPlugin:80 - create IPUIPlugin
2025-05-17 18:19:31,370 [INFO] IPUIPlugin:80 - create IPUIPlugin
2025-05-17 18:19:31,370 [INFO] IPUIPlugin:80 - create IPUIPlugin
2025-05-17 18:19:31,370 [INFO] IPUIPlugin:80 - create IPUIPlugin
2025-05-17 18:19:31,370 [INFO] IPUIPlugin:80 - create IPUIPlugin
2025-05-17 18:19:31,371 [INFO] IPUIPlugin:80 - create IPUIPlugin
2025-05-17 18:19:31,371 [INFO] IPUIPlugin:80 - create IPUIPlugin
2025-05-17 18:19:31,371 [INFO] IPUIPlugin:80 - create IPUIPlugin
2025-05-17 18:19:31,371 [INFO] IPUIPlugin:80 - create IPUIPlugin
2025-05-17 18:19:31,372 [INFO] IPUIPlugin:80 - create IPUIPlugin
2025-05-17 18:19:31,372 [INFO] IPUIPlugin:80 - create IPUIPlugin
2025-05-17 18:19:31,372 [INFO] IPUIPlugin:80 - create IPUIPlugin
2025-05-17 18:19:31,372 [INFO] IPUIPlugin:80 - create IPUIPlugin
2025-05-17 18:19:31,372 [INFO] IPUIPlugin:80 - create IPUIPlugin
2025-05-17 18:19:31,373 [INFO] IPUIPlugin:80 - create IPUIPlugin
2025-05-17 18:19:31,373 [INFO] IPUIPlugin:80 - create IPUIPlugin
2025-05-17 18:19:31,373 [INFO] IPUIPlugin:80 - create IPUIPlugin
2025-05-17 18:19:31,373 [INFO] IPUIPlugin:80 - create IPUIPlugin
2025-05-17 18:19:31,374 [INFO] IPUIPlugin:80 - create IPUIPlugin
2025-05-17 18:19:31,374 [INFO] IPUIPlugin:80 - create IPUIPlugin
2025-05-17 18:19:31,374 [INFO] IPUIPlugin:80 - create IPUIPlugin
2025-05-17 18:19:31,375 [INFO] IPUIPlugin:80 - create IPUIPlugin
2025-05-17 18:19:31,375 [INFO] IPUIPlugin:80 - create IPUIPlugin
2025-05-17 18:19:31,375 [INFO] IPUIPlugin:80 - create IPUIPlugin
2025-05-17 18:19:31,375 [INFO] IPUIPlugin:80 - create IPUIPlugin
2025-05-17 18:19:31,376 [INFO] IPUIPlugin:80 - create IPUIPlugin
2025-05-17 18:19:31,376 [INFO] IPUIPlugin:80 - create IPUIPlugin
2025-05-17 18:19:31,376 [INFO] IPUIPlugin:80 - create IPUIPlugin
2025-05-17 18:19:31,376 [INFO] IPUIPlugin:80 - create IPUIPlugin
2025-05-17 18:19:31,376 [INFO] IPUIPlugin:80 - create IPUIPlugin
2025-05-17 18:19:31,377 [INFO] IPUIPlugin:80 - create IPUIPlugin
2025-05-17 18:19:31,377 [INFO] IPUIPlugin:80 - create IPUIPlugin
2025-05-17 18:19:31,377 [INFO] IPUIPlugin:80 - create IPUIPlugin
2025-05-17 18:19:31,377 [INFO] IPUIPlugin:80 - create IPUIPlugin
2025-05-17 18:19:31,377 [INFO] IPUIPlugin:80 - create IPUIPlugin
2025-05-17 18:19:31,377 [INFO] IPUIPlugin:80 - create IPUIPlugin
2025-05-17 18:19:31,377 [INFO] IPUIPlugin:80 - create IPUIPlugin
2025-05-17 18:19:31,378 [INFO] IPUIPlugin:80 - create IPUIPlugin
2025-05-17 18:19:31,378 [INFO] IPUIPlugin:80 - create IPUIPlugin
2025-05-17 18:19:31,378 [INFO] IPUIPlugin:80 - create IPUIPlugin
2025-05-17 18:19:31,378 [INFO] IPUIPlugin:80 - create IPUIPlugin
2025-05-17 18:19:31,378 [INFO] IPUIPlugin:80 - create IPUIPlugin
2025-05-17 18:19:31,378 [INFO] IPUIPlugin:80 - create IPUIPlugin
2025-05-17 18:19:31,379 [INFO] IPUIPlugin:80 - create IPUIPlugin
2025-05-17 18:19:31,379 [INFO] IPUIPlugin:80 - create IPUIPlugin
2025-05-17 18:19:31,379 [INFO] IPUIPlugin:80 - create IPUIPlugin
2025-05-17 18:19:31,379 [INFO] IPUIPlugin:80 - create IPUIPlugin
2025-05-17 18:19:31,380 [INFO] IPUIPlugin:80 - create IPUIPlugin
2025-05-17 18:19:31,380 [INFO] IPUIPlugin:80 - create IPUIPlugin
2025-05-17 18:19:31,380 [INFO] IPUIPlugin:80 - create IPUIPlugin
2025-05-17 18:19:31,381 [INFO] IPUIPlugin:80 - create IPUIPlugin
2025-05-17 18:19:31,381 [INFO] IPUIPlugin:80 - create IPUIPlugin
2025-05-17 18:19:31,382 [INFO] IPUIPlugin:80 - create IPUIPlugin
2025-05-17 18:19:31,382 [INFO] IPUIPlugin:80 - create IPUIPlugin
2025-05-17 18:19:31,386 [INFO] ApiDbMcu:508 - Load IP Config File for PDM2PCM
2025-05-17 18:19:31,387 [WARN] IP:2250 - I2C_Coeff_DF not found: check if there is a RefParameter without a condition.
2025-05-17 18:19:31,387 [WARN] IP:2250 - Analog_Filter not found: check if there is a RefParameter without a condition.
2025-05-17 18:19:31,390 [INFO] I2sManager:658 - 9.6E7
2025-05-17 18:19:31,390 [INFO] I2sManager:195 - I2S Clock Value : 9.6E7
2025-05-17 18:19:31,390 [INFO] I2sManager:553 - AudioClock : 93750Divider : 2Odd : 0
2025-05-17 18:19:31,459 [INFO] CADModel:165 - CPN selected for project levelSTM32F407VGT6
2025-05-17 18:19:31,459 [INFO] CADModel:114 - Register for checkConnection events
2025-05-17 18:19:31,496 [INFO] OpenFileManager:385 - Restore cursor
2025-05-17 18:19:31,734 [WARN] IP:2250 - I2C_Coeff_DF not found: check if there is a RefParameter without a condition.
2025-05-17 18:19:31,735 [WARN] IP:2250 - Analog_Filter not found: check if there is a RefParameter without a condition.
2025-05-17 18:19:31,735 [WARN] IP:2250 - I2C_Coeff_DF not found: check if there is a RefParameter without a condition.
2025-05-17 18:19:31,735 [WARN] IP:2250 - Analog_Filter not found: check if there is a RefParameter without a condition.
2025-05-17 18:19:58,065 [INFO] NvicIntPanel:101 - NVIC parent = com.st.microxplorer.plugins.ip.nvic.MultiNvicIntPanel[,0,0,0x0,invalid,layout=javax.swing.BoxLayout,alignmentX=0.0,alignmentY=0.0,border=,flags=9,maximumSize=,minimumSize=,preferredSize=]
2025-05-17 18:20:25,589 [INFO] MainUpdater:2872 - connection check result : 10
2025-05-17 18:20:25,589 [INFO] MainUpdater:2872 - connection check result : 10
2025-05-17 18:20:25,781 [INFO] I2sManager:658 - 9.6E7
2025-05-17 18:20:25,781 [INFO] I2sManager:195 - I2S Clock Value : 9.6E7
2025-05-17 18:20:25,782 [INFO] I2sManager:553 - AudioClock : 93750Divider : 2Odd : 0
2025-05-17 18:20:25,784 [INFO] MicroXplorer:468 - Change Database Path : 
2025-05-17 18:20:25,784 [INFO] MicroXplorer:498 - Change Database Version : DB.6.0.141
2025-05-17 18:20:25,794 [ERROR] ProjectManagerView:395 - 
java.lang.NullPointerException: Cannot invoke "javax.swing.JTextField.getText()" because the return value of "java.util.List.get(int)" is null
	at com.st.microxplorer.plugins.projectmanager.gui.ProjectChoiceTab$9.caretUpdate(ProjectChoiceTab.java:2678) ~[filemanager.jar:?]
	at javax.swing.text.JTextComponent.fireCaretUpdate(JTextComponent.java:408) ~[?:?]
	at javax.swing.text.JTextComponent$MutableCaretEvent.fire(JTextComponent.java:4484) ~[?:?]
	at javax.swing.text.JTextComponent$MutableCaretEvent.stateChanged(JTextComponent.java:4506) ~[?:?]
	at javax.swing.text.DefaultCaret.fireStateChanged(DefaultCaret.java:857) ~[?:?]
	at javax.swing.text.DefaultCaret.changeCaretPosition(DefaultCaret.java:1343) ~[?:?]
	at javax.swing.text.DefaultCaret.handleSetDot(DefaultCaret.java:1242) ~[?:?]
	at javax.swing.text.DefaultCaret.setDot(DefaultCaret.java:1223) ~[?:?]
	at javax.swing.text.DefaultCaret$Handler.insertUpdate(DefaultCaret.java:1819) ~[?:?]
	at javax.swing.text.AbstractDocument.fireInsertUpdate(AbstractDocument.java:227) ~[?:?]
	at javax.swing.text.AbstractDocument.handleInsertString(AbstractDocument.java:781) ~[?:?]
	at javax.swing.text.AbstractDocument.insertString(AbstractDocument.java:740) ~[?:?]
	at javax.swing.text.PlainDocument.insertString(PlainDocument.java:131) ~[?:?]
	at javax.swing.text.AbstractDocument.replace(AbstractDocument.java:699) ~[?:?]
	at javax.swing.text.JTextComponent.setText(JTextComponent.java:1725) ~[?:?]
	at com.st.microxplorer.plugins.projectmanager.gui.ProjectChoiceTab.createHeapStackFields(ProjectChoiceTab.java:979) ~[filemanager.jar:?]
	at com.st.microxplorer.plugins.projectmanager.gui.ProjectChoiceTab.buildLinkSettingsPanel(ProjectChoiceTab.java:3766) ~[filemanager.jar:?]
	at com.st.microxplorer.plugins.projectmanager.gui.ProjectChoiceTab.defineWindowsFields(ProjectChoiceTab.java:1962) ~[filemanager.jar:?]
	at com.st.microxplorer.plugins.projectmanager.gui.ProjectChoiceTab.updateSettings(ProjectChoiceTab.java:555) ~[filemanager.jar:?]
	at com.st.microxplorer.plugins.projectmanager.gui.ProjectSettingsPanel.UpdateDialog(ProjectSettingsPanel.java:245) ~[filemanager.jar:?]
	at com.st.microxplorer.plugins.projectmanager.ProjectManagerView.propertyChange(ProjectManagerView.java:392) ~[filemanager.jar:?]
	at java.beans.PropertyChangeSupport.fire(PropertyChangeSupport.java:343) ~[?:?]
	at java.beans.PropertyChangeSupport.firePropertyChange(PropertyChangeSupport.java:335) ~[?:?]
	at java.beans.PropertyChangeSupport.firePropertyChange(PropertyChangeSupport.java:268) ~[?:?]
	at com.st.microxplorer.util.MXPropertyChangeSupport.firePropertyChange(MXPropertyChangeSupport.java:54) ~[STM32CubeMX.jar:?]
	at com.st.microxplorer.mxsystem.MxSystem.closeConfig(MxSystem.java:899) ~[STM32CubeMX.jar:?]
	at com.st.microxplorer.maingui.MainPanel.closeConfig(MainPanel.java:789) ~[STM32CubeMX.jar:?]
	at com.st.microxplorer.plugins.filemanager.engine.OpenFileManager.loadConfigurationFile(OpenFileManager.java:287) ~[filemanager.jar:?]
	at com.st.microxplorer.plugins.filemanager.engine.MainFileManager.userLoadConfig(MainFileManager.java:341) ~[filemanager.jar:?]
	at com.st.microxplorer.plugins.filemanager.engine.MainFileManager.userLoadConfig(MainFileManager.java:319) ~[filemanager.jar:?]
	at com.st.microxplorer.plugins.filemanager.FileManagerView.getSpecificTask(FileManagerView.java:246) ~[filemanager.jar:?]
	at com.st.stm32cube.common.mx.editor.CubeMxEditor.getMxTabbedPaneInstance(CubeMxEditor.java:1198) ~[com.st.stm32cube.common.mx_6.14.1.202504091515/:?]
	at com.st.stm32cube.common.mx.editor.CubeMxEditor$12$1.createSwingComponent(CubeMxEditor.java:1068) ~[com.st.stm32cube.common.mx_6.14.1.202504091515/:?]
	at com.st.stm32cube.common.mx.oss.core.awtswtbridge.EmbeddedSwingComposite.doComponentCreation(EmbeddedSwingComposite.java:492) ~[com.st.stm32cube.common.mx.oss_6.14.1.202504091515/:?]
	at com.st.stm32cube.common.mx.oss.core.awtswtbridge.EmbeddedSwingComposite$4.run(EmbeddedSwingComposite.java:291) ~[com.st.stm32cube.common.mx.oss_6.14.1.202504091515/:?]
	at com.st.stm32cube.common.mx.oss.core.awtswtbridge.AwtEnvironment$2.run(AwtEnvironment.java:166) ~[com.st.stm32cube.common.mx.oss_6.14.1.202504091515/:?]
	at java.awt.event.InvocationEvent.dispatch(InvocationEvent.java:318) ~[?:?]
	at java.awt.EventQueue.dispatchEventImpl(EventQueue.java:773) ~[?:?]
	at java.awt.EventQueue$4.run(EventQueue.java:720) ~[?:?]
	at java.awt.EventQueue$4.run(EventQueue.java:714) ~[?:?]
	at java.security.AccessController.doPrivileged(AccessController.java:400) ~[?:?]
	at java.security.ProtectionDomain$JavaSecurityAccessImpl.doIntersectionPrivilege(ProtectionDomain.java:87) ~[?:?]
	at java.awt.EventQueue.dispatchEvent(EventQueue.java:742) ~[?:?]
	at java.awt.EventDispatchThread.pumpOneEventForFilters(EventDispatchThread.java:203) ~[?:?]
	at java.awt.EventDispatchThread.pumpEventsForFilter(EventDispatchThread.java:124) ~[?:?]
	at java.awt.EventDispatchThread.pumpEventsForHierarchy(EventDispatchThread.java:113) ~[?:?]
	at java.awt.EventDispatchThread.pumpEvents(EventDispatchThread.java:109) ~[?:?]
	at java.awt.EventDispatchThread.pumpEvents(EventDispatchThread.java:101) ~[?:?]
	at java.awt.EventDispatchThread.run(EventDispatchThread.java:90) ~[?:?]
2025-05-17 18:20:25,795 [WARN] ThirdParty:871 - waiting for thirdparty lock release [close project]
2025-05-17 18:20:25,796 [INFO] ThirdParty:873 - entering critical section [close project]
2025-05-17 18:20:25,796 [INFO] ThirdParty:883 - exiting critical section [close project]
2025-05-17 18:20:25,816 [INFO] PinOutPanel:1589 - setPackage(No Configuration,No Configuration)
2025-05-17 18:20:25,822 [WARN] IpParametersView:155 - Warning: This peripheral hasn't parameters
2025-05-17 18:20:25,826 [WARN] MainPanel:289 - <html><b><center>Warning: This peripheral has no parameters to be configured<br></b></html>
2025-05-17 18:20:25,829 [INFO] UtilMem:75 - Begin LoadConfig() Used Memory: 270800848 Bytes (723517440)
2025-05-17 18:20:25,830 [INFO] MicroXplorer:468 - Change Database Path : 
2025-05-17 18:20:25,830 [INFO] MicroXplorer:498 - Change Database Version : DB.6.0.141
2025-05-17 18:20:25,830 [INFO] OpenFileManager:354 - Change cursor
2025-05-17 18:20:25,838 [INFO] Mcu:2011 - Initializing MCU STM32F407V(E-G)Tx STM32F407VGTx STM32F407VGT6
2025-05-17 18:20:26,959 [INFO] Context:756 - Trying to add GPIOservice into a context  which must be forbidden
2025-05-17 18:20:27,271 [INFO] ImportTextPane:218 - (OptionalMessage_ERROR) Pin41 (VP_RIF_VS_RIF1) cannot be retrieved for this MCU
2025-05-17 18:20:27,382 [INFO] RtosManager:558 - Registered RTOS mode: class=CMSIS, group=RTOS, mode=CMSIS_V1, owner=FREERTOS
2025-05-17 18:20:27,382 [INFO] RtosManager:558 - Registered RTOS mode: class=CMSIS, group=RTOS2, mode=CMSIS_V2, owner=FREERTOS
2025-05-17 18:20:27,382 [INFO] RtosManager:558 - Registered RTOS mode: class=RTOS, group=Core, mode=CMSIS_V1, owner=FREERTOS
2025-05-17 18:20:27,382 [INFO] RtosManager:558 - Registered RTOS mode: class=RTOS, group=Core, mode=CMSIS_V2, owner=FREERTOS
2025-05-17 18:20:27,382 [WARN] ModelIntegratedComponent:184 - Missing modes for component STMicroelectronics:FreeRTOS:0.0.1:STMicroelectronics:RTOS:FreeRTOS:Core:::10.2.0:
2025-05-17 18:20:27,390 [WARN] ModelIntegratedComponent:63 - No mode defined for component null
2025-05-17 18:20:27,390 [WARN] ModelIntegratedComponent:63 - No mode defined for component null
2025-05-17 18:20:27,390 [WARN] ModelIntegratedComponent:63 - No mode defined for component null
2025-05-17 18:20:27,390 [WARN] ModelIntegratedComponent:63 - No mode defined for component null
2025-05-17 18:20:27,391 [WARN] ModelIntegratedComponent:63 - No mode defined for component null
2025-05-17 18:20:27,391 [WARN] ModelIntegratedComponent:63 - No mode defined for component null
2025-05-17 18:20:27,391 [WARN] ModelIntegratedComponent:63 - No mode defined for component null
2025-05-17 18:20:27,391 [WARN] ModelIntegratedComponent:63 - No mode defined for component null
2025-05-17 18:20:27,391 [WARN] ModelIntegratedComponent:63 - No mode defined for component null
2025-05-17 18:20:27,391 [WARN] ModelIntegratedComponent:63 - No mode defined for component null
2025-05-17 18:20:27,391 [WARN] ModelIntegratedComponent:63 - No mode defined for component null
2025-05-17 18:20:27,391 [WARN] ModelIntegratedComponent:63 - No mode defined for component null
2025-05-17 18:20:27,391 [WARN] ModelIntegratedComponent:63 - No mode defined for component null
2025-05-17 18:20:27,391 [WARN] ModelIntegratedComponent:63 - No mode defined for component null
2025-05-17 18:20:27,391 [WARN] ModelIntegratedComponent:63 - No mode defined for component null
2025-05-17 18:20:27,391 [WARN] ModelIntegratedComponent:63 - No mode defined for component null
2025-05-17 18:20:27,391 [WARN] ModelIntegratedComponent:63 - No mode defined for component null
2025-05-17 18:20:27,391 [WARN] ModelIntegratedComponent:63 - No mode defined for component null
2025-05-17 18:20:27,391 [WARN] ModelIntegratedComponent:63 - No mode defined for component null
2025-05-17 18:20:27,391 [WARN] ModelIntegratedComponent:63 - No mode defined for component null
2025-05-17 18:20:27,391 [WARN] ModelIntegratedComponent:63 - No mode defined for component null
2025-05-17 18:20:27,391 [WARN] ModelIntegratedComponent:63 - No mode defined for component null
2025-05-17 18:20:27,392 [WARN] ModelIntegratedComponent:63 - No mode defined for component null
2025-05-17 18:20:27,392 [WARN] ModelIntegratedComponent:63 - No mode defined for component null
2025-05-17 18:20:27,392 [WARN] ModelIntegratedComponent:63 - No mode defined for component null
2025-05-17 18:20:27,392 [WARN] ModelIntegratedComponent:63 - No mode defined for component null
2025-05-17 18:20:27,392 [WARN] ModelIntegratedComponent:63 - No mode defined for component null
2025-05-17 18:20:27,392 [WARN] ModelIntegratedComponent:63 - No mode defined for component null
2025-05-17 18:20:27,392 [WARN] ModelIntegratedComponent:63 - No mode defined for component null
2025-05-17 18:20:27,392 [WARN] ModelIntegratedComponent:63 - No mode defined for component null
2025-05-17 18:20:27,392 [WARN] ModelIntegratedComponent:63 - No mode defined for component null
2025-05-17 18:20:27,392 [WARN] ModelIntegratedComponent:63 - No mode defined for component null
2025-05-17 18:20:27,392 [WARN] ModelIntegratedComponent:63 - No mode defined for component null
2025-05-17 18:20:27,392 [WARN] ModelIntegratedComponent:63 - No mode defined for component null
2025-05-17 18:20:27,392 [WARN] ModelIntegratedComponent:63 - No mode defined for component null
2025-05-17 18:20:27,392 [WARN] ModelPack:524 - Component already loaded: STMicroelectronics:HAL Drivers:0.0.0:STMicroelectronics:Device:STMicro_Driver:XSPI:HAL::0.0.1:HAL_XSPI
2025-05-17 18:20:27,493 [INFO] ThirdPartyModel:298 - Start build external matchings
2025-05-17 18:20:28,466 [INFO] ThirdPartyModel:316 - End build external matchings
2025-05-17 18:20:28,481 [INFO] ImportTextPane:218 - (OptionalMessage_ERROR) IP (RCC) : Parameter (RTCHSEDivFreq_Value) has invalid value (4000000)
2025-05-17 18:20:28,653 [INFO] UtilMem:75 - End LoadConfig() Used Memory: 652350416 Bytes (723517440)
2025-05-17 18:20:28,712 [WARN] ThirdParty:833 - waiting for thirdparty lock release [change project]
2025-05-17 18:20:28,712 [INFO] ThirdParty:835 - entering critical section [change project]
2025-05-17 18:20:28,712 [INFO] ThirdParty:1030 - CMSIS Pack Vendor :STMicroelectronics USBPD 4.1
2025-05-17 18:20:28,712 [INFO] ThirdParty:1030 - CMSIS Pack Vendor :STMicroelectronics X-CUBE-AZRTOS-H7 3.3.0
2025-05-17 18:20:28,712 [INFO] ThirdParty:1030 - CMSIS Pack Vendor :STMicroelectronics X-CUBE-NFC9 1.0.0
2025-05-17 18:20:28,712 [INFO] ThirdParty:1030 - CMSIS Pack Vendor :STMicroelectronics USB_HOST 2.0.0
2025-05-17 18:20:28,712 [INFO] ThirdParty:1030 - CMSIS Pack Vendor :STMicroelectronics FP-SNS-MOTENVWB1 1.4.0
2025-05-17 18:20:28,712 [INFO] ThirdParty:1030 - CMSIS Pack Vendor :STMicroelectronics X-CUBE-AZRTOS-F4 1.1.0
2025-05-17 18:20:28,712 [INFO] ThirdParty:1030 - CMSIS Pack Vendor :STMicroelectronics LIBJPEG 8.0.0
2025-05-17 18:20:28,712 [INFO] ThirdParty:1030 - CMSIS Pack Vendor :STMicroelectronics FP-ATR-ASTRA1 2.0.2
2025-05-17 18:20:28,712 [INFO] ThirdParty:1030 - CMSIS Pack Vendor :STMicroelectronics X-CUBE-BLE1 7.1.0
2025-05-17 18:20:28,713 [INFO] ThirdParty:1030 - CMSIS Pack Vendor :Avnet-IotConnect X-CUBE-IoTC-DA16k-PMOD 1.0.0
2025-05-17 18:20:28,713 [INFO] ThirdParty:1030 - CMSIS Pack Vendor :STMicroelectronics X-CUBE-SMBUS 2.1.0
2025-05-17 18:20:28,713 [INFO] ThirdParty:1030 - CMSIS Pack Vendor :STMicroelectronics X-CUBE-WB05N 1.1.0
2025-05-17 18:20:28,713 [INFO] ThirdParty:1030 - CMSIS Pack Vendor :wolfSSL I-CUBE-wolfMQTT 1.19.2
2025-05-17 18:20:28,713 [INFO] ThirdParty:1030 - CMSIS Pack Vendor :STMicroelectronics USB_DEVICE 3.0.0
2025-05-17 18:20:28,713 [INFO] ThirdParty:1030 - CMSIS Pack Vendor :STMicroelectronics X-CUBE-ISPU 2.1.0
2025-05-17 18:20:28,713 [INFO] ThirdParty:1030 - CMSIS Pack Vendor :STMicroelectronics X-CUBE-AZRTOS-WB 2.0.0
2025-05-17 18:20:28,713 [INFO] ThirdParty:1030 - CMSIS Pack Vendor :STMicroelectronics X-CUBE-GNSS1 7.0.1
2025-05-17 18:20:28,713 [INFO] ThirdParty:1030 - CMSIS Pack Vendor :STMicroelectronics X-CUBE-AZRTOS-F7 1.1.0
2025-05-17 18:20:28,713 [INFO] ThirdParty:1030 - CMSIS Pack Vendor :STMicroelectronics X-CUBE-AZRTOS-L5 2.0.0
2025-05-17 18:20:28,713 [INFO] ThirdParty:1030 - CMSIS Pack Vendor :STMicroelectronics X-CUBE-TOUCHGFX 4.25.0
2025-05-17 18:20:28,713 [INFO] ThirdParty:1030 - CMSIS Pack Vendor :STMicroelectronics USB_DEVICE 2.0.0
2025-05-17 18:20:28,713 [INFO] ThirdParty:1030 - CMSIS Pack Vendor :STMicroelectronics X-CUBE-NFC6 3.1.0
2025-05-17 18:20:28,713 [INFO] ThirdParty:1030 - CMSIS Pack Vendor :STMicroelectronics FP-SNS-STBOX1 2.0.0
2025-05-17 18:20:28,714 [INFO] ThirdParty:1030 - CMSIS Pack Vendor :STMicroelectronics X-CUBE-MEMS1 11.2.0
2025-05-17 18:20:28,714 [INFO] ThirdParty:1030 - CMSIS Pack Vendor :STMicroelectronics FreeRTOS 0.0.1
2025-05-17 18:20:28,714 [INFO] ThirdParty:1030 - CMSIS Pack Vendor :STMicroelectronics X-CUBE-AZRTOS-G0 1.1.0
2025-05-17 18:20:28,714 [INFO] ThirdParty:1030 - CMSIS Pack Vendor :STMicroelectronics X-CUBE-SAFEA1 1.2.2
2025-05-17 18:20:28,714 [INFO] ThirdParty:1030 - CMSIS Pack Vendor :STMicroelectronics X-CUBE-NFC4 3.0.0
2025-05-17 18:20:28,714 [INFO] ThirdParty:1030 - CMSIS Pack Vendor :STMicroelectronics X-CUBE-SUBG2 5.0.0
2025-05-17 18:20:28,714 [INFO] ThirdParty:1030 - CMSIS Pack Vendor :STMicroelectronics X-CUBE-AZRTOS-H7RS 1.1.0
2025-05-17 18:20:28,714 [INFO] ThirdParty:1030 - CMSIS Pack Vendor :STMicroelectronics STM32_WPAN 1.0.0
2025-05-17 18:20:28,714 [INFO] ThirdParty:1030 - CMSIS Pack Vendor :EmbeddedOffice I-CUBE-FS-RTOS 1.0.1
2025-05-17 18:20:28,714 [INFO] ThirdParty:1030 - CMSIS Pack Vendor :STMicroelectronics lwIP 2.0.3
2025-05-17 18:20:28,714 [INFO] ThirdParty:1030 - CMSIS Pack Vendor :Cesanta I-CUBE-Mongoose 7.13.0
2025-05-17 18:20:28,714 [INFO] ThirdParty:1030 - CMSIS Pack Vendor :STMicroelectronics USB_HOST 1.0.0
2025-05-17 18:20:28,714 [INFO] ThirdParty:1030 - CMSIS Pack Vendor :Infineon AIROC-Wi-Fi-Bluetooth-STM32 1.7.0
2025-05-17 18:20:28,714 [INFO] ThirdParty:1030 - CMSIS Pack Vendor :STMicroelectronics X-CUBE-AZRTOS-G4 2.0.0
2025-05-17 18:20:28,714 [INFO] ThirdParty:1030 - CMSIS Pack Vendor :STMicroelectronics X-CUBE-WB05N 2.0.0
2025-05-17 18:20:28,714 [INFO] ThirdParty:1030 - CMSIS Pack Vendor :STMicroelectronics PDM2PCM 3.1.0
2025-05-17 18:20:28,714 [INFO] ThirdParty:1030 - CMSIS Pack Vendor :STMicroelectronics PDM2PCM 3.3.0
2025-05-17 18:20:28,714 [INFO] ThirdParty:1030 - CMSIS Pack Vendor :wolfSSL I-CUBE-wolfTPM 3.8.0
2025-05-17 18:20:28,714 [INFO] ThirdParty:1030 - CMSIS Pack Vendor :STMicroelectronics X-CUBE-DISPLAY 3.0.0
2025-05-17 18:20:28,714 [INFO] ThirdParty:1030 - CMSIS Pack Vendor :wolfSSL I-CUBE-wolfSSH 1.4.20
2025-05-17 18:20:28,715 [INFO] ThirdParty:1030 - CMSIS Pack Vendor :STMicroelectronics X-CUBE-NFC7 2.0.0
2025-05-17 18:20:28,715 [INFO] ThirdParty:1030 - CMSIS Pack Vendor :STMicroelectronics X-CUBE-TCPP 4.2.0
2025-05-17 18:20:28,715 [INFO] ThirdParty:1030 - CMSIS Pack Vendor :RealThread X-CUBE-RT-Thread_Nano 4.1.1
2025-05-17 18:20:28,715 [INFO] ThirdParty:1030 - CMSIS Pack Vendor :STMicroelectronics FP-ATR-SIGFOX1 3.2.0
2025-05-17 18:20:28,715 [INFO] ThirdParty:1030 - CMSIS Pack Vendor :STMicroelectronics X-CUBE-NFC10 1.0.0
2025-05-17 18:20:28,715 [INFO] ThirdParty:1030 - CMSIS Pack Vendor :STMicroelectronics X-CUBE-BLEMGR 4.0.0
2025-05-17 18:20:28,715 [INFO] ThirdParty:1030 - CMSIS Pack Vendor :STMicroelectronics X-CUBE-EEPRMA1 5.1.0
2025-05-17 18:20:28,715 [INFO] ThirdParty:1030 - CMSIS Pack Vendor :STMicroelectronics X-CUBE-FREERTOS 1.3.1
2025-05-17 18:20:28,715 [INFO] ThirdParty:1030 - CMSIS Pack Vendor :STMicroelectronics HAL Drivers 0.0.0
2025-05-17 18:20:28,715 [INFO] ThirdParty:1030 - CMSIS Pack Vendor :STMicroelectronics MBEDTLS 2.16.2
2025-05-17 18:20:28,715 [INFO] ThirdParty:1030 - CMSIS Pack Vendor :STMicroelectronics X-CUBE-IPS 3.1.0
2025-05-17 18:20:28,715 [INFO] ThirdParty:1030 - CMSIS Pack Vendor :STMicroelectronics X-CUBE-ALS 1.0.2
2025-05-17 18:20:28,715 [INFO] ThirdParty:1030 - CMSIS Pack Vendor :emotas I-CUBE-CANOPEN 1.3.0
2025-05-17 18:20:28,715 [INFO] ThirdParty:1030 - CMSIS Pack Vendor :STMicroelectronics X-CUBE-FREERTOS 1.3.0
2025-05-17 18:20:28,715 [INFO] ThirdParty:1030 - CMSIS Pack Vendor :STMicroelectronics X-CUBE-NFC7 1.0.1
2025-05-17 18:20:28,715 [INFO] ThirdParty:1030 - CMSIS Pack Vendor :STMicroelectronics MBEDTLS 2.14.1
2025-05-17 18:20:28,715 [INFO] ThirdParty:1030 - CMSIS Pack Vendor :wolfSSL I-CUBE-wolfSSL 5.7.6
2025-05-17 18:20:28,715 [INFO] ThirdParty:1030 - CMSIS Pack Vendor :ITTIA_DB I-CUBE-ITTIADB 8.9.0
2025-05-17 18:20:28,715 [INFO] ThirdParty:1030 - CMSIS Pack Vendor :portGmbH I-Cube-SoM-uGOAL 1.1.0
2025-05-17 18:20:28,715 [INFO] ThirdParty:1030 - CMSIS Pack Vendor :quantropi X-CUBE-qispace-sdk-base 2.0.0
2025-05-17 18:20:28,715 [INFO] ThirdParty:1030 - CMSIS Pack Vendor :STMicroelectronics X-CUBE-AI 10.0.0
2025-05-17 18:20:28,716 [INFO] ThirdParty:1030 - CMSIS Pack Vendor :STMicroelectronics ThreadX 1.0.0
2025-05-17 18:20:28,716 [INFO] ThirdParty:1030 - CMSIS Pack Vendor :STMicroelectronics FP-SNS-SMARTAG2 1.2.0
2025-05-17 18:20:28,716 [INFO] ThirdParty:1030 - CMSIS Pack Vendor :STMicroelectronics FP-SNS-FLIGHT1 5.1.0
2025-05-17 18:20:28,716 [INFO] ThirdParty:1030 - CMSIS Pack Vendor :STMicroelectronics X-CUBE-MEMS1 11.1.0
2025-05-17 18:20:28,716 [INFO] ThirdParty:1030 - CMSIS Pack Vendor :STMicroelectronics X-CUBE-AZRTOS-WL 2.0.0
2025-05-17 18:20:28,716 [INFO] ThirdParty:1030 - CMSIS Pack Vendor :SEGGER I-CUBE-embOS 1.3.1
2025-05-17 18:20:28,716 [INFO] ThirdParty:1030 - CMSIS Pack Vendor :STMicroelectronics X-CUBE-ALGOBUILD 1.4.0
2025-05-17 18:20:28,716 [INFO] ThirdParty:1030 - CMSIS Pack Vendor :STMicroelectronics X-CUBE-DPower 1.3.0
2025-05-17 18:20:28,716 [INFO] ThirdParty:1030 - CMSIS Pack Vendor :STMicroelectronics FP-SNS-MOTENV1 5.0.0
2025-05-17 18:20:28,716 [INFO] ThirdParty:1030 - CMSIS Pack Vendor :STMicroelectronics USB_DEVICE 1.0.0
2025-05-17 18:20:28,716 [INFO] ThirdParty:1030 - CMSIS Pack Vendor :STMicroelectronics X-CUBE-AZRTOS-L4 2.0.0
2025-05-17 18:20:28,716 [INFO] ThirdParty:1030 - CMSIS Pack Vendor :STMicroelectronics ThreadX 0.0.2
2025-05-17 18:20:28,716 [INFO] ThirdParty:1030 - CMSIS Pack Vendor :WES I-CUBE-Cesium 1.3.0
2025-05-17 18:20:28,716 [INFO] ThirdParty:1030 - CMSIS Pack Vendor :STMicroelectronics lwIP 2.1.2
2025-05-17 18:20:28,716 [INFO] ThirdParty:1030 - CMSIS Pack Vendor :STMicroelectronics X-CUBE-SFXS2LP1 4.0.0
2025-05-17 18:20:28,716 [INFO] ThirdParty:1030 - CMSIS Pack Vendor :STMicroelectronics X-CUBE-BLE2 3.3.0
2025-05-17 18:20:28,716 [INFO] ThirdParty:1030 - CMSIS Pack Vendor :STMicroelectronics X-CUBE-TOF1 3.4.2
2025-05-17 18:20:28,716 [INFO] ThirdParty:1030 - CMSIS Pack Vendor :STMicroelectronics X-CUBE-TOF1 3.4.3
2025-05-17 18:20:28,716 [INFO] ThirdParty:1030 - CMSIS Pack Vendor :STMicroelectronics PDM2PCM 3.2.0
2025-05-17 18:20:28,716 [INFO] ThirdParty:841 - exiting critical section [change project]
2025-05-17 18:20:28,948 [INFO] PinOutPanel:1589 - setPackage(No Configuration,No Configuration)
2025-05-17 18:20:28,948 [INFO] PinOutPanel:1589 - setPackage(STM32F407VGTx,LQFP100)
2025-05-17 18:20:29,189 [INFO] UtilMem:75 - Before build in PCC Used Memory: 347157888 Bytes (723517440)
2025-05-17 18:20:29,397 [INFO] UtilMem:75 - After build in PCC Used Memory: 383858040 Bytes (723517440)
2025-05-17 18:20:29,403 [INFO] ApiDbMcu:508 - Load IP Config File for USB_HOST
2025-05-17 18:20:29,404 [WARN] BspModel:444 - BSP dependency skipped because of component: name='IOExpander', api='Unknown'
2025-05-17 18:20:29,429 [INFO] IPUIPlugin:80 - create IPUIPlugin
2025-05-17 18:20:29,429 [INFO] IPUIPlugin:80 - create IPUIPlugin
2025-05-17 18:20:29,430 [INFO] IPUIPlugin:80 - create IPUIPlugin
2025-05-17 18:20:29,430 [INFO] IPUIPlugin:80 - create IPUIPlugin
2025-05-17 18:20:29,430 [INFO] IPUIPlugin:80 - create IPUIPlugin
2025-05-17 18:20:29,430 [INFO] IPUIPlugin:80 - create IPUIPlugin
2025-05-17 18:20:29,430 [INFO] IPUIPlugin:80 - create IPUIPlugin
2025-05-17 18:20:29,430 [INFO] IPUIPlugin:80 - create IPUIPlugin
2025-05-17 18:20:29,430 [INFO] IPUIPlugin:80 - create IPUIPlugin
2025-05-17 18:20:29,431 [INFO] IPUIPlugin:80 - create IPUIPlugin
2025-05-17 18:20:29,431 [INFO] IPUIPlugin:80 - create IPUIPlugin
2025-05-17 18:20:29,431 [INFO] IPUIPlugin:80 - create IPUIPlugin
2025-05-17 18:20:29,431 [INFO] IPUIPlugin:80 - create IPUIPlugin
2025-05-17 18:20:29,431 [INFO] IPUIPlugin:80 - create IPUIPlugin
2025-05-17 18:20:29,431 [INFO] IPUIPlugin:80 - create IPUIPlugin
2025-05-17 18:20:29,432 [INFO] IPUIPlugin:80 - create IPUIPlugin
2025-05-17 18:20:29,432 [INFO] IPUIPlugin:80 - create IPUIPlugin
2025-05-17 18:20:29,432 [INFO] IPUIPlugin:80 - create IPUIPlugin
2025-05-17 18:20:29,432 [INFO] IPUIPlugin:80 - create IPUIPlugin
2025-05-17 18:20:29,432 [INFO] IPUIPlugin:80 - create IPUIPlugin
2025-05-17 18:20:29,433 [INFO] IPUIPlugin:80 - create IPUIPlugin
2025-05-17 18:20:29,433 [INFO] IPUIPlugin:80 - create IPUIPlugin
2025-05-17 18:20:29,433 [INFO] IPUIPlugin:80 - create IPUIPlugin
2025-05-17 18:20:29,433 [INFO] IPUIPlugin:80 - create IPUIPlugin
2025-05-17 18:20:29,433 [INFO] IPUIPlugin:80 - create IPUIPlugin
2025-05-17 18:20:29,434 [INFO] IPUIPlugin:80 - create IPUIPlugin
2025-05-17 18:20:29,434 [INFO] IPUIPlugin:80 - create IPUIPlugin
2025-05-17 18:20:29,434 [INFO] IPUIPlugin:80 - create IPUIPlugin
2025-05-17 18:20:29,434 [INFO] IPUIPlugin:80 - create IPUIPlugin
2025-05-17 18:20:29,434 [INFO] IPUIPlugin:80 - create IPUIPlugin
2025-05-17 18:20:29,435 [INFO] IPUIPlugin:80 - create IPUIPlugin
2025-05-17 18:20:29,435 [INFO] IPUIPlugin:80 - create IPUIPlugin
2025-05-17 18:20:29,435 [INFO] IPUIPlugin:80 - create IPUIPlugin
2025-05-17 18:20:29,435 [INFO] IPUIPlugin:80 - create IPUIPlugin
2025-05-17 18:20:29,435 [INFO] IPUIPlugin:80 - create IPUIPlugin
2025-05-17 18:20:29,435 [INFO] IPUIPlugin:80 - create IPUIPlugin
2025-05-17 18:20:29,435 [INFO] IPUIPlugin:80 - create IPUIPlugin
2025-05-17 18:20:29,435 [INFO] IPUIPlugin:80 - create IPUIPlugin
2025-05-17 18:20:29,435 [INFO] IPUIPlugin:80 - create IPUIPlugin
2025-05-17 18:20:29,436 [INFO] IPUIPlugin:80 - create IPUIPlugin
2025-05-17 18:20:29,436 [INFO] IPUIPlugin:80 - create IPUIPlugin
2025-05-17 18:20:29,436 [INFO] IPUIPlugin:80 - create IPUIPlugin
2025-05-17 18:20:29,436 [INFO] IPUIPlugin:80 - create IPUIPlugin
2025-05-17 18:20:29,436 [INFO] IPUIPlugin:80 - create IPUIPlugin
2025-05-17 18:20:29,436 [INFO] IPUIPlugin:80 - create IPUIPlugin
2025-05-17 18:20:29,436 [INFO] IPUIPlugin:80 - create IPUIPlugin
2025-05-17 18:20:29,436 [INFO] IPUIPlugin:80 - create IPUIPlugin
2025-05-17 18:20:29,437 [INFO] IPUIPlugin:80 - create IPUIPlugin
2025-05-17 18:20:29,437 [INFO] IPUIPlugin:80 - create IPUIPlugin
2025-05-17 18:20:29,437 [INFO] IPUIPlugin:80 - create IPUIPlugin
2025-05-17 18:20:29,437 [INFO] IPUIPlugin:80 - create IPUIPlugin
2025-05-17 18:20:29,438 [INFO] IPUIPlugin:80 - create IPUIPlugin
2025-05-17 18:20:29,438 [INFO] IPUIPlugin:80 - create IPUIPlugin
2025-05-17 18:20:29,438 [INFO] IPUIPlugin:80 - create IPUIPlugin
2025-05-17 18:20:29,439 [INFO] IPUIPlugin:80 - create IPUIPlugin
2025-05-17 18:20:29,439 [INFO] IPUIPlugin:80 - create IPUIPlugin
2025-05-17 18:20:29,439 [INFO] IPUIPlugin:80 - create IPUIPlugin
2025-05-17 18:20:29,440 [INFO] IPUIPlugin:80 - create IPUIPlugin
2025-05-17 18:20:29,443 [INFO] ApiDbMcu:508 - Load IP Config File for PDM2PCM
2025-05-17 18:20:29,444 [WARN] IP:2250 - I2C_Coeff_DF not found: check if there is a RefParameter without a condition.
2025-05-17 18:20:29,444 [WARN] IP:2250 - Analog_Filter not found: check if there is a RefParameter without a condition.
2025-05-17 18:20:29,447 [INFO] I2sManager:658 - 9.6E7
2025-05-17 18:20:29,447 [INFO] I2sManager:195 - I2S Clock Value : 9.6E7
2025-05-17 18:20:29,447 [INFO] I2sManager:553 - AudioClock : 93750Divider : 2Odd : 0
2025-05-17 18:20:29,512 [INFO] CADModel:165 - CPN selected for project levelSTM32F407VGT6
2025-05-17 18:20:29,512 [INFO] CADModel:114 - Register for checkConnection events
2025-05-17 18:20:29,549 [INFO] OpenFileManager:385 - Restore cursor
2025-05-17 18:20:29,824 [WARN] IP:2250 - I2C_Coeff_DF not found: check if there is a RefParameter without a condition.
2025-05-17 18:20:29,824 [WARN] IP:2250 - Analog_Filter not found: check if there is a RefParameter without a condition.
2025-05-17 18:20:29,824 [WARN] IP:2250 - I2C_Coeff_DF not found: check if there is a RefParameter without a condition.
2025-05-17 18:20:29,824 [WARN] IP:2250 - Analog_Filter not found: check if there is a RefParameter without a condition.
2025-05-17 18:20:44,195 [INFO] NvicIntPanel:101 - NVIC parent = com.st.microxplorer.plugins.ip.nvic.MultiNvicIntPanel[,0,0,0x0,invalid,layout=javax.swing.BoxLayout,alignmentX=0.0,alignmentY=0.0,border=,flags=9,maximumSize=,minimumSize=,preferredSize=]
2025-05-17 18:20:59,364 [WARN] BspModel:444 - BSP dependency skipped because of component: name='IOExpander', api='Unknown'
2025-05-17 18:20:59,438 [INFO] NvicIntPanel:101 - NVIC parent = com.st.microxplorer.plugins.ip.nvic.MultiNvicIntPanel[,0,0,0x0,invalid,layout=javax.swing.BoxLayout,alignmentX=0.0,alignmentY=0.0,border=,flags=9,maximumSize=,minimumSize=,preferredSize=]
2025-05-17 18:20:59,464 [WARN] BspModel:444 - BSP dependency skipped because of component: name='IOExpander', api='Unknown'
2025-05-17 18:22:45,102 [INFO] NvicIntPanel:101 - NVIC parent = com.st.microxplorer.plugins.ip.nvic.MultiNvicIntPanel[,0,0,0x0,invalid,layout=javax.swing.BoxLayout,alignmentX=0.0,alignmentY=0.0,border=,flags=9,maximumSize=,minimumSize=,preferredSize=]
2025-05-17 18:22:45,112 [WARN] BspModel:444 - BSP dependency skipped because of component: name='IOExpander', api='Unknown'
2025-05-17 18:22:45,258 [WARN] IP:2250 - I2C_Coeff_DF not found: check if there is a RefParameter without a condition.
2025-05-17 18:22:45,258 [WARN] IP:2250 - Analog_Filter not found: check if there is a RefParameter without a condition.
2025-05-17 18:22:45,259 [WARN] IP:2250 - I2C_Coeff_DF not found: check if there is a RefParameter without a condition.
2025-05-17 18:22:45,259 [WARN] IP:2250 - Analog_Filter not found: check if there is a RefParameter without a condition.
2025-05-17 18:22:45,369 [WARN] IP:2250 - I2C_Coeff_DF not found: check if there is a RefParameter without a condition.
2025-05-17 18:22:45,370 [WARN] IP:2250 - Analog_Filter not found: check if there is a RefParameter without a condition.
2025-05-17 18:22:45,481 [WARN] IP:2250 - I2C_Coeff_DF not found: check if there is a RefParameter without a condition.
2025-05-17 18:22:45,481 [WARN] IP:2250 - Analog_Filter not found: check if there is a RefParameter without a condition.
2025-05-17 18:22:45,552 [INFO] NvicIntPanel:101 - NVIC parent = com.st.microxplorer.plugins.ip.nvic.MultiNvicIntPanel[,0,0,0x0,invalid,layout=javax.swing.BoxLayout,alignmentX=0.0,alignmentY=0.0,border=,flags=9,maximumSize=,minimumSize=,preferredSize=]
2025-05-17 18:23:00,577 [WARN] BspModel:444 - BSP dependency skipped because of component: name='IOExpander', api='Unknown'
2025-05-17 18:23:51,660 [WARN] BspModel:444 - BSP dependency skipped because of component: name='IOExpander', api='Unknown'
2025-05-17 18:23:57,791 [INFO] UtilMem:75 - End SaveConfig() Used Memory: 437186960 Bytes (727711744)
2025-05-17 18:23:57,958 [INFO] UtilMem:75 - End SaveConfig() Used Memory: 458207976 Bytes (727711744)
2025-05-17 18:23:58,368 [INFO] UtilMem:75 - End SaveConfig() Used Memory: 485446160 Bytes (727711744)
2025-05-17 18:23:58,875 [INFO] BlockDiagram:2775 - set Specific Code input for plugin: SPI
2025-05-17 18:23:58,876 [INFO] BlockDiagram:2775 - set Specific Code input for plugin: TIM1_8
2025-05-17 18:23:58,876 [INFO] BlockDiagram:2775 - set Specific Code input for plugin: I2S
2025-05-17 18:23:58,876 [INFO] BlockDiagram:2775 - set Specific Code input for plugin: SYS
2025-05-17 18:23:58,876 [INFO] BlockDiagram:2775 - set Specific Code input for plugin: ADC
2025-05-17 18:23:58,876 [INFO] BlockDiagram:2775 - set Specific Code input for plugin: RCC
2025-05-17 18:23:58,876 [INFO] BlockDiagram:2775 - set Specific Code input for plugin: I2C
2025-05-17 18:23:58,876 [INFO] BlockDiagram:2775 - set Specific Code input for plugin: USB_OTG_FS
2025-05-17 18:23:58,876 [INFO] BlockDiagram:2775 - set Specific Code input for plugin: NVIC
2025-05-17 18:23:58,876 [INFO] BlockDiagram:2775 - set Specific Code input for plugin: USB_HOST
2025-05-17 18:23:58,877 [INFO] BlockDiagram:2775 - set Specific Code input for plugin: GPIO
2025-05-17 18:23:58,878 [INFO] CodeGenerator:882 - code generatio: config db path: /Applications/STM32CubeIDE.app/Contents/Eclipse/plugins/com.st.stm32cube.common.mx_6.14.1.202504091515//db/
2025-05-17 18:23:58,920 [WARN] IP:2250 - I2C_Coeff_DF not found: check if there is a RefParameter without a condition.
2025-05-17 18:23:58,920 [WARN] IP:2250 - Analog_Filter not found: check if there is a RefParameter without a condition.
2025-05-17 18:23:59,100 [INFO] CodeEngine:263 - oldGeneratedFile, /Users/winstonhar/ENCE-3231/Phase A/Projects/2025_STM32F407_ADC_Challenge/MXTmpFiles/license.tmp_save
2025-05-17 18:23:59,362 [INFO] CodeEngine:287 - Generated code: /Users/winstonhar/ENCE-3231/Phase A/Projects/2025_STM32F407_ADC_Challenge/MXTmpFiles/license.tmp
2025-05-17 18:23:59,442 [INFO] CodeEngine:263 - oldGeneratedFile, /Users/winstonhar/ENCE-3231/Phase A/Projects/2025_STM32F407_ADC_Challenge/MXTmpFiles/gpio.tmp_save
2025-05-17 18:23:59,628 [INFO] CodeEngine:287 - Generated code: /Users/winstonhar/ENCE-3231/Phase A/Projects/2025_STM32F407_ADC_Challenge/MXTmpFiles/gpio.tmp
2025-05-17 18:23:59,735 [WARN] IPConfigManager:3217 - Warning: the RefConfig PWREx_EnableUSBVoltageDetector is not available in your config.xml file
2025-05-17 18:23:59,741 [INFO] CodeEngine:263 - oldGeneratedFile, /Users/winstonhar/ENCE-3231/Phase A/Projects/2025_STM32F407_ADC_Challenge/MXTmpFiles/usb_otg_fs_vars.tmp_save
2025-05-17 18:23:59,890 [INFO] CodeEngine:287 - Generated code: /Users/winstonhar/ENCE-3231/Phase A/Projects/2025_STM32F407_ADC_Challenge/MXTmpFiles/usb_otg_fs_vars.tmp
2025-05-17 18:23:59,892 [INFO] CodeEngine:263 - oldGeneratedFile, /Users/winstonhar/ENCE-3231/Phase A/Projects/2025_STM32F407_ADC_Challenge/MXTmpFiles/usb_otg_fs_inc.tmp_save
2025-05-17 18:23:59,996 [INFO] CodeEngine:287 - Generated code: /Users/winstonhar/ENCE-3231/Phase A/Projects/2025_STM32F407_ADC_Challenge/MXTmpFiles/usb_otg_fs_inc.tmp
2025-05-17 18:23:59,999 [INFO] CodeEngine:263 - oldGeneratedFile, /Users/winstonhar/ENCE-3231/Phase A/Projects/2025_STM32F407_ADC_Challenge/MXTmpFiles/usb_otg_fs_HalInit.tmp_save
2025-05-17 18:24:00,112 [INFO] CodeEngine:287 - Generated code: /Users/winstonhar/ENCE-3231/Phase A/Projects/2025_STM32F407_ADC_Challenge/MXTmpFiles/usb_otg_fs_HalInit.tmp
2025-05-17 18:24:00,114 [INFO] CodeEngine:263 - oldGeneratedFile, /Users/winstonhar/ENCE-3231/Phase A/Projects/2025_STM32F407_ADC_Challenge/MXTmpFiles/usb_otg_fs_Msp.tmp_save
2025-05-17 18:24:00,214 [INFO] CodeEngine:287 - Generated code: /Users/winstonhar/ENCE-3231/Phase A/Projects/2025_STM32F407_ADC_Challenge/MXTmpFiles/usb_otg_fs_Msp.tmp
2025-05-17 18:24:00,614 [INFO] CodeEngine:263 - oldGeneratedFile, /Users/winstonhar/ENCE-3231/Phase A/Projects/2025_STM32F407_ADC_Challenge/USB_HOST/App/usb_host.c_save
2025-05-17 18:24:00,714 [INFO] CodeEngine:287 - Generated code: /Users/winstonhar/ENCE-3231/Phase A/Projects/2025_STM32F407_ADC_Challenge/USB_HOST/App/usb_host.c
2025-05-17 18:24:00,717 [INFO] CodeEngine:263 - oldGeneratedFile, /Users/winstonhar/ENCE-3231/Phase A/Projects/2025_STM32F407_ADC_Challenge/USB_HOST/App/usb_host.h_save
2025-05-17 18:24:00,789 [INFO] CodeEngine:287 - Generated code: /Users/winstonhar/ENCE-3231/Phase A/Projects/2025_STM32F407_ADC_Challenge/USB_HOST/App/usb_host.h
2025-05-17 18:24:00,791 [INFO] CodeEngine:263 - oldGeneratedFile, /Users/winstonhar/ENCE-3231/Phase A/Projects/2025_STM32F407_ADC_Challenge/USB_HOST/Target/usbh_conf.h_save
2025-05-17 18:24:00,861 [INFO] CodeEngine:287 - Generated code: /Users/winstonhar/ENCE-3231/Phase A/Projects/2025_STM32F407_ADC_Challenge/USB_HOST/Target/usbh_conf.h
2025-05-17 18:24:00,865 [INFO] CodeEngine:263 - oldGeneratedFile, /Users/winstonhar/ENCE-3231/Phase A/Projects/2025_STM32F407_ADC_Challenge/USB_HOST/Target/usbh_conf.c_save
2025-05-17 18:24:00,941 [INFO] CodeEngine:287 - Generated code: /Users/winstonhar/ENCE-3231/Phase A/Projects/2025_STM32F407_ADC_Challenge/USB_HOST/Target/usbh_conf.c
2025-05-17 18:24:00,945 [INFO] CodeEngine:263 - oldGeneratedFile, /Users/winstonhar/ENCE-3231/Phase A/Projects/2025_STM32F407_ADC_Challenge/USB_HOST/Target/usbh_platform.c_save
2025-05-17 18:24:01,018 [INFO] CodeEngine:287 - Generated code: /Users/winstonhar/ENCE-3231/Phase A/Projects/2025_STM32F407_ADC_Challenge/USB_HOST/Target/usbh_platform.c
2025-05-17 18:24:01,021 [INFO] CodeEngine:263 - oldGeneratedFile, /Users/winstonhar/ENCE-3231/Phase A/Projects/2025_STM32F407_ADC_Challenge/USB_HOST/Target/usbh_platform.h_save
2025-05-17 18:24:01,089 [INFO] CodeEngine:287 - Generated code: /Users/winstonhar/ENCE-3231/Phase A/Projects/2025_STM32F407_ADC_Challenge/USB_HOST/Target/usbh_platform.h
2025-05-17 18:24:01,103 [INFO] CodeEngine:263 - oldGeneratedFile, /Users/winstonhar/ENCE-3231/Phase A/Projects/2025_STM32F407_ADC_Challenge/Core/Src/stm32f4xx_it.c_save
2025-05-17 18:24:01,182 [INFO] CodeEngine:287 - Generated code: /Users/winstonhar/ENCE-3231/Phase A/Projects/2025_STM32F407_ADC_Challenge/Core/Src/stm32f4xx_it.c
2025-05-17 18:24:01,185 [INFO] CodeEngine:263 - oldGeneratedFile, /Users/winstonhar/ENCE-3231/Phase A/Projects/2025_STM32F407_ADC_Challenge/Core/Inc/stm32f4xx_it.h_save
2025-05-17 18:24:01,255 [INFO] CodeEngine:287 - Generated code: /Users/winstonhar/ENCE-3231/Phase A/Projects/2025_STM32F407_ADC_Challenge/Core/Inc/stm32f4xx_it.h
2025-05-17 18:24:01,273 [INFO] CodeEngine:263 - oldGeneratedFile, /Users/winstonhar/ENCE-3231/Phase A/Projects/2025_STM32F407_ADC_Challenge/Core/Src/stm32f4xx_hal_msp.c_save
2025-05-17 18:24:01,441 [INFO] CodeEngine:287 - Generated code: /Users/winstonhar/ENCE-3231/Phase A/Projects/2025_STM32F407_ADC_Challenge/Core/Src/stm32f4xx_hal_msp.c
2025-05-17 18:24:01,445 [INFO] CodeEngine:263 - oldGeneratedFile, /Users/winstonhar/ENCE-3231/Phase A/Projects/2025_STM32F407_ADC_Challenge/MXTmpFiles/system.tmp_save
2025-05-17 18:24:01,525 [INFO] CodeEngine:287 - Generated code: /Users/winstonhar/ENCE-3231/Phase A/Projects/2025_STM32F407_ADC_Challenge/MXTmpFiles/system.tmp
2025-05-17 18:24:01,533 [INFO] CodeEngine:319 - oldGeneratedFile, /Users/winstonhar/ENCE-3231/Phase A/Projects/2025_STM32F407_ADC_Challenge/Core/Inc/stm32f4xx_hal_conf.h_save
2025-05-17 18:24:01,610 [INFO] CodeEngine:343 - Generated code: /Users/winstonhar/ENCE-3231/Phase A/Projects/2025_STM32F407_ADC_Challenge/Core/Inc/stm32f4xx_hal_conf.h
2025-05-17 18:24:01,638 [INFO] ApiDbMcu:508 - Load IP Config File for ADC1
2025-05-17 18:24:01,641 [INFO] ApiDbMcu:508 - Load IP Config File for I2C1
2025-05-17 18:24:01,644 [INFO] ApiDbMcu:508 - Load IP Config File for I2S3
2025-05-17 18:24:01,647 [INFO] ApiDbMcu:508 - Load IP Config File for SPI1
2025-05-17 18:24:01,660 [INFO] ApiDbMcu:508 - Load IP Config File for TIM2
2025-05-17 18:24:01,663 [INFO] ApiDbMcu:508 - Load IP Config File for RCC
2025-05-17 18:24:01,667 [WARN] IPConfigManager:3790 - IP not found : TIM
2025-05-17 18:24:01,668 [WARN] CodeGenerator:4198 - IP not found : null
2025-05-17 18:24:01,674 [INFO] CodeEngine:263 - oldGeneratedFile, /Users/winstonhar/ENCE-3231/Phase A/Projects/2025_STM32F407_ADC_Challenge/Core/Inc/main.h_save
2025-05-17 18:24:01,752 [INFO] CodeEngine:287 - Generated code: /Users/winstonhar/ENCE-3231/Phase A/Projects/2025_STM32F407_ADC_Challenge/Core/Inc/main.h
2025-05-17 18:24:01,755 [INFO] CodeEngine:263 - oldGeneratedFile, /Users/winstonhar/ENCE-3231/Phase A/Projects/2025_STM32F407_ADC_Challenge/Core/Src/main.c_save
2025-05-17 18:24:01,923 [INFO] CodeEngine:287 - Generated code: /Users/winstonhar/ENCE-3231/Phase A/Projects/2025_STM32F407_ADC_Challenge/Core/Src/main.c
2025-05-17 18:24:02,435 [INFO] ProjectBuilder:3324 - Time for Copy HAL[1] : 220mS.
2025-05-17 18:24:02,441 [INFO] ProjectBuilder:4912 - Project Generator version: 4.6.0.1-B1
2025-05-17 18:24:02,628 [INFO] ConfigFileManager:1590 - The Die is : DIE413
2025-05-17 18:24:02,634 [INFO] ApiDbMcu:508 - Load IP Config File for FATFS
2025-05-17 18:24:02,642 [INFO] ApiDbMcu:508 - Load IP Config File for FREERTOS
2025-05-17 18:24:02,646 [INFO] ApiDbMcu:508 - Load IP Config File for LIBJPEG
2025-05-17 18:24:02,657 [INFO] ApiDbMcu:508 - Load IP Config File for LWIP
2025-05-17 18:24:02,667 [INFO] ApiDbMcu:508 - Load IP Config File for MBEDTLS
2025-05-17 18:24:02,679 [INFO] ApiDbMcu:508 - Load IP Config File for USB_DEVICE
2025-05-17 18:24:04,097 [INFO] ProjectBuilder:5191 - Time for Generating toolchain IDE Files: 1656mS.
2025-05-17 18:24:04,098 [INFO] ProjectBuilder:3181 - Time for Copy CMSIS : 0mS.
2025-05-17 18:24:04,102 [INFO] ProjectBuilder:3181 - Time for Copy CMSIS : 0mS.
2025-05-17 18:36:11,674 [INFO] ADCParametersView:116 -                Rank 1 : false
2025-05-17 18:36:11,677 [INFO] ADCParametersView:116 -                Rank 1 : false
2025-05-17 18:36:11,677 [INFO] ADCParametersView:116 -                Injected Rank 1 : false
2025-05-17 18:36:11,679 [INFO] ADCParametersView:116 -                Rank 1 : false
2025-05-17 18:36:11,679 [INFO] ADCParametersView:116 -                Injected Rank 1 : false
2025-05-17 18:36:11,679 [INFO] ADCParametersView:116 -                Injected Rank 2 : false
2025-05-17 18:36:11,681 [INFO] ADCParametersView:116 -                Rank 1 : false
2025-05-17 18:36:11,681 [INFO] ADCParametersView:116 -                Injected Rank 1 : false
2025-05-17 18:36:11,681 [INFO] ADCParametersView:116 -                Injected Rank 2 : false
2025-05-17 18:36:11,681 [INFO] ADCParametersView:116 -                Injected Rank 3 : false
2025-05-17 18:36:11,683 [INFO] ADCParametersView:116 -                Rank 1 : false
2025-05-17 18:36:11,683 [INFO] ADCParametersView:116 -                Injected Rank 1 : false
2025-05-17 18:36:11,683 [INFO] ADCParametersView:116 -                Injected Rank 2 : false
2025-05-17 18:36:11,683 [INFO] ADCParametersView:116 -                Injected Rank 3 : false
2025-05-17 18:36:11,683 [INFO] ADCParametersView:116 -                Injected Rank 4 : false
2025-05-17 18:36:11,808 [INFO] ADCParametersView:116 -                Rank 1 : false
2025-05-17 18:36:11,808 [INFO] ADCParametersView:116 -                Injected Rank 1 : false
2025-05-17 18:36:11,808 [INFO] ADCParametersView:116 -                Injected Rank 2 : false
2025-05-17 18:36:11,808 [INFO] ADCParametersView:116 -                Injected Rank 3 : false
2025-05-17 18:36:11,808 [INFO] ADCParametersView:116 -                Injected Rank 4 : false
2025-05-17 18:36:11,809 [INFO] ADCParametersView:116 -                Rank 1 : false
2025-05-17 18:36:11,809 [INFO] ADCParametersView:116 -                Injected Rank 1 : false
2025-05-17 18:36:11,809 [INFO] ADCParametersView:116 -                Injected Rank 2 : false
2025-05-17 18:36:11,809 [INFO] ADCParametersView:116 -                Injected Rank 3 : false
2025-05-17 18:36:11,809 [INFO] ADCParametersView:116 -                Injected Rank 4 : false
2025-05-17 18:36:11,809 [INFO] ADCParametersView:116 -                Rank 1 : false
2025-05-17 18:36:11,809 [INFO] ADCParametersView:116 -                Injected Rank 1 : false
2025-05-17 18:36:11,809 [INFO] ADCParametersView:116 -                Injected Rank 2 : false
2025-05-17 18:36:11,809 [INFO] ADCParametersView:116 -                Injected Rank 3 : false
2025-05-17 18:36:11,810 [INFO] ADCParametersView:116 -                Injected Rank 4 : false
2025-05-17 18:36:11,810 [INFO] ADCParametersView:116 -                Rank 1 : false
2025-05-17 18:36:11,810 [INFO] ADCParametersView:116 -                Injected Rank 1 : false
2025-05-17 18:36:11,810 [INFO] ADCParametersView:116 -                Injected Rank 2 : false
2025-05-17 18:36:11,810 [INFO] ADCParametersView:116 -                Injected Rank 3 : false
2025-05-17 18:36:11,810 [INFO] ADCParametersView:116 -                Injected Rank 4 : false
2025-05-17 18:36:11,811 [INFO] ADCParametersView:116 -                Rank 1 : false
2025-05-17 18:36:11,811 [INFO] ADCParametersView:116 -                Injected Rank 1 : false
2025-05-17 18:36:11,811 [INFO] ADCParametersView:116 -                Injected Rank 2 : false
2025-05-17 18:36:11,811 [INFO] ADCParametersView:116 -                Injected Rank 3 : false
2025-05-17 18:36:11,811 [INFO] ADCParametersView:116 -                Injected Rank 4 : false
2025-05-17 18:36:11,811 [INFO] ADCParametersView:116 -                Rank 1 : false
2025-05-17 18:36:11,811 [INFO] ADCParametersView:116 -                Injected Rank 1 : false
2025-05-17 18:36:11,811 [INFO] ADCParametersView:116 -                Injected Rank 2 : false
2025-05-17 18:36:11,811 [INFO] ADCParametersView:116 -                Injected Rank 3 : false
2025-05-17 18:36:11,811 [INFO] ADCParametersView:116 -                Injected Rank 4 : false
2025-05-17 18:36:11,812 [INFO] ADCParametersView:116 -                Rank 1 : false
2025-05-17 18:36:11,812 [INFO] ADCParametersView:116 -                Injected Rank 1 : false
2025-05-17 18:36:11,812 [INFO] ADCParametersView:116 -                Injected Rank 2 : false
2025-05-17 18:36:11,812 [INFO] ADCParametersView:116 -                Injected Rank 3 : false
2025-05-17 18:36:11,812 [INFO] ADCParametersView:116 -                Injected Rank 4 : false
2025-05-17 18:36:11,812 [INFO] ADCParametersView:116 -                Rank 1 : false
2025-05-17 18:36:11,812 [INFO] ADCParametersView:116 -                Injected Rank 1 : false
2025-05-17 18:36:11,812 [INFO] ADCParametersView:116 -                Injected Rank 2 : false
2025-05-17 18:36:11,812 [INFO] ADCParametersView:116 -                Injected Rank 3 : false
2025-05-17 18:36:11,812 [INFO] ADCParametersView:116 -                Injected Rank 4 : false
2025-05-17 18:36:11,812 [INFO] ADCParametersView:116 -                Rank 1 : false
2025-05-17 18:36:11,813 [INFO] ADCParametersView:116 -                Injected Rank 1 : false
2025-05-17 18:36:11,813 [INFO] ADCParametersView:116 -                Injected Rank 2 : false
2025-05-17 18:36:11,813 [INFO] ADCParametersView:116 -                Injected Rank 3 : false
2025-05-17 18:36:11,813 [INFO] ADCParametersView:116 -                Injected Rank 4 : false
2025-05-17 18:36:11,813 [INFO] ADCParametersView:116 -                Rank 1 : false
2025-05-17 18:36:11,813 [INFO] ADCParametersView:116 -                Injected Rank 1 : false
2025-05-17 18:36:11,813 [INFO] ADCParametersView:116 -                Injected Rank 2 : false
2025-05-17 18:36:11,813 [INFO] ADCParametersView:116 -                Injected Rank 3 : false
2025-05-17 18:36:11,813 [INFO] ADCParametersView:116 -                Injected Rank 4 : false
2025-05-17 18:36:11,813 [INFO] ADCParametersView:116 -                Rank 1 : false
2025-05-17 18:36:11,814 [INFO] ADCParametersView:116 -                Injected Rank 1 : false
2025-05-17 18:36:11,814 [INFO] ADCParametersView:116 -                Injected Rank 2 : false
2025-05-17 18:36:11,814 [INFO] ADCParametersView:116 -                Injected Rank 3 : false
2025-05-17 18:36:11,814 [INFO] ADCParametersView:116 -                Injected Rank 4 : false
2025-05-17 18:36:11,814 [INFO] ADCParametersView:116 -                Injected Rank 1 : false
2025-05-17 18:36:11,814 [INFO] ADCParametersView:116 -                Injected Rank 2 : false
2025-05-17 18:36:11,814 [INFO] ADCParametersView:116 -                Injected Rank 3 : false
2025-05-17 18:36:11,814 [INFO] ADCParametersView:116 -                Injected Rank 4 : false
2025-05-17 18:36:11,814 [INFO] ADCParametersView:116 -                Rank 1 : false
2025-05-17 18:36:11,814 [INFO] ADCParametersView:116 -                Injected Rank 1 : false
2025-05-17 18:36:11,814 [INFO] ADCParametersView:116 -                Injected Rank 2 : false
2025-05-17 18:36:11,815 [INFO] ADCParametersView:116 -                Injected Rank 3 : false
2025-05-17 18:36:11,815 [INFO] ADCParametersView:116 -                Injected Rank 4 : false
2025-05-17 18:36:11,815 [INFO] ADCParametersView:116 -                Rank 1 : false
2025-05-17 18:36:11,815 [INFO] ADCParametersView:116 -                Injected Rank 1 : false
2025-05-17 18:36:11,815 [INFO] ADCParametersView:116 -                Injected Rank 2 : false
2025-05-17 18:36:11,815 [INFO] ADCParametersView:116 -                Injected Rank 3 : false
2025-05-17 18:36:11,815 [INFO] ADCParametersView:116 -                Injected Rank 4 : false
2025-05-17 18:36:11,815 [INFO] ADCParametersView:116 -                Rank 1 : false
2025-05-17 18:36:11,815 [INFO] ADCParametersView:116 -                Injected Rank 1 : false
2025-05-17 18:36:11,815 [INFO] ADCParametersView:116 -                Injected Rank 2 : false
2025-05-17 18:36:11,815 [INFO] ADCParametersView:116 -                Injected Rank 3 : false
2025-05-17 18:36:11,815 [INFO] ADCParametersView:116 -                Injected Rank 4 : false
2025-05-17 18:36:11,815 [INFO] ADCParametersView:116 -                Rank 1 : false
2025-05-17 18:36:11,816 [INFO] ADCParametersView:116 -                Rank 1 : false
2025-05-17 18:36:11,816 [INFO] ADCParametersView:116 -                Injected Rank 1 : false
2025-05-17 18:36:11,816 [INFO] ADCParametersView:116 -                Injected Rank 2 : false
2025-05-17 18:36:11,816 [INFO] ADCParametersView:116 -                Injected Rank 3 : false
2025-05-17 18:36:11,816 [INFO] ADCParametersView:116 -                Injected Rank 4 : false
2025-05-17 18:36:11,816 [INFO] ADCParametersView:116 -                Rank 1 : false
2025-05-17 18:36:11,816 [INFO] ADCParametersView:116 -                Injected Rank 1 : false
2025-05-17 18:36:11,816 [INFO] ADCParametersView:116 -                Injected Rank 2 : false
2025-05-17 18:36:11,816 [INFO] ADCParametersView:116 -                Injected Rank 3 : false
2025-05-17 18:36:11,816 [INFO] ADCParametersView:116 -                Injected Rank 4 : false
2025-05-17 18:36:11,816 [INFO] ADCParametersView:116 -                Injected Rank 1 : false
2025-05-17 18:36:11,817 [INFO] ADCParametersView:116 -                Injected Rank 2 : false
2025-05-17 18:36:11,817 [INFO] ADCParametersView:116 -                Injected Rank 3 : false
2025-05-17 18:36:11,817 [INFO] ADCParametersView:116 -                Injected Rank 4 : false
2025-05-17 18:36:11,817 [INFO] ADCParametersView:116 -                Injected Rank 2 : false
2025-05-17 18:36:11,817 [INFO] ADCParametersView:116 -                Injected Rank 3 : false
2025-05-17 18:36:11,817 [INFO] ADCParametersView:116 -                Injected Rank 4 : false
2025-05-17 18:36:11,817 [INFO] ADCParametersView:116 -                Injected Rank 3 : false
2025-05-17 18:36:11,817 [INFO] ADCParametersView:116 -                Injected Rank 4 : false
2025-05-17 18:36:11,817 [INFO] ADCParametersView:116 -                Injected Rank 4 : false
2025-05-17 18:36:11,899 [INFO] ADCParametersView:116 -                Rank 1 : false
2025-05-17 18:36:11,901 [INFO] ADCParametersView:116 -                Rank 1 : false
2025-05-17 18:36:11,901 [INFO] ADCParametersView:116 -                Injected Rank 1 : false
2025-05-17 18:36:11,903 [INFO] ADCParametersView:116 -                Rank 1 : false
2025-05-17 18:36:11,904 [INFO] ADCParametersView:116 -                Injected Rank 1 : false
2025-05-17 18:36:11,904 [INFO] ADCParametersView:116 -                Injected Rank 2 : false
2025-05-17 18:36:11,905 [INFO] ADCParametersView:116 -                Rank 1 : false
2025-05-17 18:36:11,905 [INFO] ADCParametersView:116 -                Injected Rank 1 : false
2025-05-17 18:36:11,906 [INFO] ADCParametersView:116 -                Injected Rank 2 : false
2025-05-17 18:36:11,906 [INFO] ADCParametersView:116 -                Injected Rank 3 : false
2025-05-17 18:36:11,907 [INFO] ADCParametersView:116 -                Rank 1 : false
2025-05-17 18:36:11,907 [INFO] ADCParametersView:116 -                Injected Rank 1 : false
2025-05-17 18:36:11,907 [INFO] ADCParametersView:116 -                Injected Rank 2 : false
2025-05-17 18:36:11,907 [INFO] ADCParametersView:116 -                Injected Rank 3 : false
2025-05-17 18:36:11,907 [INFO] ADCParametersView:116 -                Injected Rank 4 : false
2025-05-17 18:44:18,745 [INFO] WebApp:194 - Connection lost
2025-05-17 18:44:24,185 [INFO] WebApp:191 - Connection restablished
2025-05-17 18:45:25,086 [INFO] WebApp:194 - Connection lost
2025-05-17 18:45:32,302 [INFO] WebApp:191 - Connection restablished
2025-05-17 18:46:06,521 [INFO] WebApp:194 - Connection lost
2025-05-17 18:46:12,009 [INFO] WebApp:191 - Connection restablished
2025-05-17 18:46:48,113 [INFO] WebApp:194 - Connection lost
2025-05-17 18:46:55,807 [INFO] WebApp:191 - Connection restablished
2025-05-17 18:47:29,942 [INFO] WebApp:194 - Connection lost
2025-05-17 18:47:35,642 [INFO] WebApp:191 - Connection restablished
2025-05-17 18:49:21,776 [INFO] WebApp:194 - Connection lost
2025-05-17 18:49:40,229 [INFO] WebApp:191 - Connection restablished
2025-05-17 18:49:42,054 [INFO] WebApp:194 - Connection lost
2025-05-17 18:49:42,265 [INFO] WebApp:191 - Connection restablished
2025-05-17 21:25:29,687 [INFO] WebApp:194 - Connection lost
2025-05-17 21:25:35,418 [INFO] WebApp:191 - Connection restablished
2025-05-17 21:26:23,371 [INFO] WebApp:194 - Connection lost
2025-05-17 21:26:30,236 [INFO] WebApp:191 - Connection restablished
2025-05-17 21:35:34,175 [INFO] WebApp:194 - Connection lost
2025-05-17 21:35:40,087 [INFO] WebApp:191 - Connection restablished
2025-05-17 21:40:24,063 [INFO] ADCParametersView:116 -                Rank 1 : false
2025-05-17 21:40:24,063 [INFO] ADCParametersView:116 -                Injected Rank 1 : false
2025-05-17 21:40:24,063 [INFO] ADCParametersView:116 -                Injected Rank 2 : false
2025-05-17 21:40:24,064 [INFO] ADCParametersView:116 -                Injected Rank 3 : false
2025-05-17 21:40:24,064 [INFO] ADCParametersView:116 -                Injected Rank 4 : false
2025-05-17 21:40:24,064 [INFO] ADCParametersView:116 -                Rank 1 : false
2025-05-17 21:40:24,064 [INFO] ADCParametersView:116 -                Injected Rank 1 : false
2025-05-17 21:40:24,064 [INFO] ADCParametersView:116 -                Injected Rank 2 : false
2025-05-17 21:40:24,064 [INFO] ADCParametersView:116 -                Injected Rank 3 : false
2025-05-17 21:40:24,064 [INFO] ADCParametersView:116 -                Injected Rank 4 : false
2025-05-17 21:40:24,064 [INFO] ADCParametersView:116 -                Rank 1 : false
2025-05-17 21:40:24,065 [INFO] ADCParametersView:116 -                Injected Rank 1 : false
2025-05-17 21:40:24,065 [INFO] ADCParametersView:116 -                Injected Rank 2 : false
2025-05-17 21:40:24,065 [INFO] ADCParametersView:116 -                Injected Rank 3 : false
2025-05-17 21:40:24,065 [INFO] ADCParametersView:116 -                Injected Rank 4 : false
2025-05-17 21:40:24,065 [INFO] ADCParametersView:116 -                Rank 1 : false
2025-05-17 21:40:24,065 [INFO] ADCParametersView:116 -                Injected Rank 1 : false
2025-05-17 21:40:24,065 [INFO] ADCParametersView:116 -                Injected Rank 2 : false
2025-05-17 21:40:24,065 [INFO] ADCParametersView:116 -                Injected Rank 3 : false
2025-05-17 21:40:24,065 [INFO] ADCParametersView:116 -                Injected Rank 4 : false
2025-05-17 21:40:24,066 [INFO] ADCParametersView:116 -                Rank 1 : false
2025-05-17 21:40:24,066 [INFO] ADCParametersView:116 -                Injected Rank 1 : false
2025-05-17 21:40:24,066 [INFO] ADCParametersView:116 -                Injected Rank 2 : false
2025-05-17 21:40:24,066 [INFO] ADCParametersView:116 -                Injected Rank 3 : false
2025-05-17 21:40:24,066 [INFO] ADCParametersView:116 -                Injected Rank 4 : false
2025-05-17 21:40:24,066 [INFO] ADCParametersView:116 -                Rank 1 : false
2025-05-17 21:40:24,066 [INFO] ADCParametersView:116 -                Injected Rank 1 : false
2025-05-17 21:40:24,066 [INFO] ADCParametersView:116 -                Injected Rank 2 : false
2025-05-17 21:40:24,066 [INFO] ADCParametersView:116 -                Injected Rank 3 : false
2025-05-17 21:40:24,066 [INFO] ADCParametersView:116 -                Injected Rank 4 : false
2025-05-17 21:40:24,066 [INFO] ADCParametersView:116 -                Rank 1 : false
2025-05-17 21:40:24,066 [INFO] ADCParametersView:116 -                Injected Rank 1 : false
2025-05-17 21:40:24,066 [INFO] ADCParametersView:116 -                Injected Rank 2 : false
2025-05-17 21:40:24,066 [INFO] ADCParametersView:116 -                Injected Rank 3 : false
2025-05-17 21:40:24,066 [INFO] ADCParametersView:116 -                Injected Rank 4 : false
2025-05-17 21:40:24,066 [INFO] ADCParametersView:116 -                Rank 1 : false
2025-05-17 21:40:24,067 [INFO] ADCParametersView:116 -                Injected Rank 1 : false
2025-05-17 21:40:24,067 [INFO] ADCParametersView:116 -                Injected Rank 2 : false
2025-05-17 21:40:24,067 [INFO] ADCParametersView:116 -                Injected Rank 3 : false
2025-05-17 21:40:24,067 [INFO] ADCParametersView:116 -                Injected Rank 4 : false
2025-05-17 21:40:24,067 [INFO] ADCParametersView:116 -                Rank 1 : false
2025-05-17 21:40:24,067 [INFO] ADCParametersView:116 -                Injected Rank 1 : false
2025-05-17 21:40:24,067 [INFO] ADCParametersView:116 -                Injected Rank 2 : false
2025-05-17 21:40:24,067 [INFO] ADCParametersView:116 -                Injected Rank 3 : false
2025-05-17 21:40:24,067 [INFO] ADCParametersView:116 -                Injected Rank 4 : false
2025-05-17 21:40:24,067 [INFO] ADCParametersView:116 -                Rank 1 : false
2025-05-17 21:40:24,067 [INFO] ADCParametersView:116 -                Injected Rank 1 : false
2025-05-17 21:40:24,067 [INFO] ADCParametersView:116 -                Injected Rank 2 : false
2025-05-17 21:40:24,067 [INFO] ADCParametersView:116 -                Injected Rank 3 : false
2025-05-17 21:40:24,067 [INFO] ADCParametersView:116 -                Injected Rank 4 : false
2025-05-17 21:40:24,067 [INFO] ADCParametersView:116 -                Rank 1 : false
2025-05-17 21:40:24,067 [INFO] ADCParametersView:116 -                Injected Rank 1 : false
2025-05-17 21:40:24,068 [INFO] ADCParametersView:116 -                Injected Rank 2 : false
2025-05-17 21:40:24,068 [INFO] ADCParametersView:116 -                Injected Rank 3 : false
2025-05-17 21:40:24,068 [INFO] ADCParametersView:116 -                Injected Rank 4 : false
2025-05-17 21:40:24,068 [INFO] ADCParametersView:116 -                Injected Rank 1 : false
2025-05-17 21:40:24,068 [INFO] ADCParametersView:116 -                Injected Rank 2 : false
2025-05-17 21:40:24,068 [INFO] ADCParametersView:116 -                Injected Rank 3 : false
2025-05-17 21:40:24,068 [INFO] ADCParametersView:116 -                Injected Rank 4 : false
2025-05-17 21:40:24,068 [INFO] ADCParametersView:116 -                Rank 1 : false
2025-05-17 21:40:24,068 [INFO] ADCParametersView:116 -                Injected Rank 1 : false
2025-05-17 21:40:24,068 [INFO] ADCParametersView:116 -                Injected Rank 2 : false
2025-05-17 21:40:24,068 [INFO] ADCParametersView:116 -                Injected Rank 3 : false
2025-05-17 21:40:24,068 [INFO] ADCParametersView:116 -                Injected Rank 4 : false
2025-05-17 21:40:24,068 [INFO] ADCParametersView:116 -                Rank 1 : false
2025-05-17 21:40:24,068 [INFO] ADCParametersView:116 -                Injected Rank 1 : false
2025-05-17 21:40:24,068 [INFO] ADCParametersView:116 -                Injected Rank 2 : false
2025-05-17 21:40:24,068 [INFO] ADCParametersView:116 -                Injected Rank 3 : false
2025-05-17 21:40:24,068 [INFO] ADCParametersView:116 -                Injected Rank 4 : false
2025-05-17 21:40:24,068 [INFO] ADCParametersView:116 -                Rank 1 : false
2025-05-17 21:40:24,069 [INFO] ADCParametersView:116 -                Injected Rank 1 : false
2025-05-17 21:40:24,069 [INFO] ADCParametersView:116 -                Injected Rank 2 : false
2025-05-17 21:40:24,069 [INFO] ADCParametersView:116 -                Injected Rank 3 : false
2025-05-17 21:40:24,069 [INFO] ADCParametersView:116 -                Injected Rank 4 : false
2025-05-17 21:40:24,069 [INFO] ADCParametersView:116 -                Rank 1 : false
2025-05-17 21:40:24,069 [INFO] ADCParametersView:116 -                Rank 1 : false
2025-05-17 21:40:24,069 [INFO] ADCParametersView:116 -                Injected Rank 1 : false
2025-05-17 21:40:24,069 [INFO] ADCParametersView:116 -                Injected Rank 2 : false
2025-05-17 21:40:24,069 [INFO] ADCParametersView:116 -                Injected Rank 3 : false
2025-05-17 21:40:24,069 [INFO] ADCParametersView:116 -                Injected Rank 4 : false
2025-05-17 21:40:24,069 [INFO] ADCParametersView:116 -                Rank 1 : false
2025-05-17 21:40:24,069 [INFO] ADCParametersView:116 -                Injected Rank 1 : false
2025-05-17 21:40:24,069 [INFO] ADCParametersView:116 -                Injected Rank 2 : false
2025-05-17 21:40:24,069 [INFO] ADCParametersView:116 -                Injected Rank 3 : false
2025-05-17 21:40:24,069 [INFO] ADCParametersView:116 -                Injected Rank 4 : false
2025-05-17 21:40:24,069 [INFO] ADCParametersView:116 -                Injected Rank 1 : false
2025-05-17 21:40:24,069 [INFO] ADCParametersView:116 -                Injected Rank 2 : false
2025-05-17 21:40:24,070 [INFO] ADCParametersView:116 -                Injected Rank 3 : false
2025-05-17 21:40:24,070 [INFO] ADCParametersView:116 -                Injected Rank 4 : false
2025-05-17 21:40:24,070 [INFO] ADCParametersView:116 -                Injected Rank 2 : false
2025-05-17 21:40:24,070 [INFO] ADCParametersView:116 -                Injected Rank 3 : false
2025-05-17 21:40:24,070 [INFO] ADCParametersView:116 -                Injected Rank 4 : false
2025-05-17 21:40:24,070 [INFO] ADCParametersView:116 -                Injected Rank 3 : false
2025-05-17 21:40:24,070 [INFO] ADCParametersView:116 -                Injected Rank 4 : false
2025-05-17 21:40:24,070 [INFO] ADCParametersView:116 -                Injected Rank 4 : false
2025-05-17 21:40:24,129 [INFO] ADCParametersView:116 -                Rank 1 : false
2025-05-17 21:40:24,131 [INFO] ADCParametersView:116 -                Rank 1 : false
2025-05-17 21:40:24,131 [INFO] ADCParametersView:116 -                Injected Rank 1 : false
2025-05-17 21:40:24,133 [INFO] ADCParametersView:116 -                Rank 1 : false
2025-05-17 21:40:24,133 [INFO] ADCParametersView:116 -                Injected Rank 1 : false
2025-05-17 21:40:24,133 [INFO] ADCParametersView:116 -                Injected Rank 2 : false
2025-05-17 21:40:24,135 [INFO] ADCParametersView:116 -                Rank 1 : false
2025-05-17 21:40:24,135 [INFO] ADCParametersView:116 -                Injected Rank 1 : false
2025-05-17 21:40:24,135 [INFO] ADCParametersView:116 -                Injected Rank 2 : false
2025-05-17 21:40:24,135 [INFO] ADCParametersView:116 -                Injected Rank 3 : false
2025-05-17 21:40:24,136 [INFO] ADCParametersView:116 -                Rank 1 : false
2025-05-17 21:40:24,136 [INFO] ADCParametersView:116 -                Injected Rank 1 : false
2025-05-17 21:40:24,136 [INFO] ADCParametersView:116 -                Injected Rank 2 : false
2025-05-17 21:40:24,136 [INFO] ADCParametersView:116 -                Injected Rank 3 : false
2025-05-17 21:40:24,137 [INFO] ADCParametersView:116 -                Injected Rank 4 : false
2025-05-17 21:41:04,464 [INFO] NvicIntPanel:101 - NVIC parent = com.st.microxplorer.plugins.ip.nvic.MultiNvicIntPanel[,0,0,0x0,invalid,layout=javax.swing.BoxLayout,alignmentX=0.0,alignmentY=0.0,border=,flags=9,maximumSize=,minimumSize=,preferredSize=]
2025-05-17 21:41:13,329 [INFO] UtilMem:75 - End SaveConfig() Used Memory: 666659120 Bytes (727711744)
2025-05-17 21:41:13,550 [INFO] UtilMem:75 - End SaveConfig() Used Memory: 327823104 Bytes (727711744)
2025-05-17 21:41:16,812 [INFO] UtilMem:75 - End SaveConfig() Used Memory: 572772848 Bytes (727711744)
2025-05-17 21:41:17,319 [INFO] BlockDiagram:2775 - set Specific Code input for plugin: SPI
2025-05-17 21:41:17,320 [INFO] BlockDiagram:2775 - set Specific Code input for plugin: TIM1_8
2025-05-17 21:41:17,320 [INFO] BlockDiagram:2775 - set Specific Code input for plugin: I2S
2025-05-17 21:41:17,320 [INFO] BlockDiagram:2775 - set Specific Code input for plugin: SYS
2025-05-17 21:41:17,320 [INFO] BlockDiagram:2775 - set Specific Code input for plugin: ADC
2025-05-17 21:41:17,320 [INFO] BlockDiagram:2775 - set Specific Code input for plugin: RCC
2025-05-17 21:41:17,320 [INFO] BlockDiagram:2775 - set Specific Code input for plugin: I2C
2025-05-17 21:41:17,320 [INFO] BlockDiagram:2775 - set Specific Code input for plugin: USB_OTG_FS
2025-05-17 21:41:17,320 [INFO] BlockDiagram:2775 - set Specific Code input for plugin: NVIC
2025-05-17 21:41:17,320 [INFO] BlockDiagram:2775 - set Specific Code input for plugin: USB_HOST
2025-05-17 21:41:17,321 [INFO] BlockDiagram:2775 - set Specific Code input for plugin: DMA
2025-05-17 21:41:17,322 [INFO] BlockDiagram:2775 - set Specific Code input for plugin: GPIO
2025-05-17 21:41:17,324 [INFO] CodeGenerator:882 - code generatio: config db path: /Applications/STM32CubeIDE.app/Contents/Eclipse/plugins/com.st.stm32cube.common.mx_6.14.1.202504091515//db/
2025-05-17 21:41:17,368 [WARN] IP:2250 - I2C_Coeff_DF not found: check if there is a RefParameter without a condition.
2025-05-17 21:41:17,368 [WARN] IP:2250 - Analog_Filter not found: check if there is a RefParameter without a condition.
2025-05-17 21:41:17,572 [INFO] CodeEngine:263 - oldGeneratedFile, /Users/winstonhar/ENCE-3231/Phase A/Projects/2025_STM32F407_ADC_Challenge/MXTmpFiles/license.tmp_save
2025-05-17 21:41:18,031 [INFO] CodeEngine:287 - Generated code: /Users/winstonhar/ENCE-3231/Phase A/Projects/2025_STM32F407_ADC_Challenge/MXTmpFiles/license.tmp
2025-05-17 21:41:18,109 [INFO] CodeEngine:263 - oldGeneratedFile, /Users/winstonhar/ENCE-3231/Phase A/Projects/2025_STM32F407_ADC_Challenge/MXTmpFiles/gpio.tmp_save
2025-05-17 21:41:18,356 [INFO] CodeEngine:287 - Generated code: /Users/winstonhar/ENCE-3231/Phase A/Projects/2025_STM32F407_ADC_Challenge/MXTmpFiles/gpio.tmp
2025-05-17 21:41:18,494 [WARN] IPConfigManager:3217 - Warning: the RefConfig PWREx_EnableUSBVoltageDetector is not available in your config.xml file
2025-05-17 21:41:18,500 [INFO] CodeEngine:263 - oldGeneratedFile, /Users/winstonhar/ENCE-3231/Phase A/Projects/2025_STM32F407_ADC_Challenge/MXTmpFiles/usb_otg_fs_vars.tmp_save
2025-05-17 21:41:18,687 [INFO] CodeEngine:287 - Generated code: /Users/winstonhar/ENCE-3231/Phase A/Projects/2025_STM32F407_ADC_Challenge/MXTmpFiles/usb_otg_fs_vars.tmp
2025-05-17 21:41:18,689 [INFO] CodeEngine:263 - oldGeneratedFile, /Users/winstonhar/ENCE-3231/Phase A/Projects/2025_STM32F407_ADC_Challenge/MXTmpFiles/usb_otg_fs_inc.tmp_save
2025-05-17 21:41:18,797 [INFO] CodeEngine:287 - Generated code: /Users/winstonhar/ENCE-3231/Phase A/Projects/2025_STM32F407_ADC_Challenge/MXTmpFiles/usb_otg_fs_inc.tmp
2025-05-17 21:41:18,800 [INFO] CodeEngine:263 - oldGeneratedFile, /Users/winstonhar/ENCE-3231/Phase A/Projects/2025_STM32F407_ADC_Challenge/MXTmpFiles/usb_otg_fs_HalInit.tmp_save
2025-05-17 21:41:18,921 [INFO] CodeEngine:287 - Generated code: /Users/winstonhar/ENCE-3231/Phase A/Projects/2025_STM32F407_ADC_Challenge/MXTmpFiles/usb_otg_fs_HalInit.tmp
2025-05-17 21:41:18,923 [INFO] CodeEngine:263 - oldGeneratedFile, /Users/winstonhar/ENCE-3231/Phase A/Projects/2025_STM32F407_ADC_Challenge/MXTmpFiles/usb_otg_fs_Msp.tmp_save
2025-05-17 21:41:19,038 [INFO] CodeEngine:287 - Generated code: /Users/winstonhar/ENCE-3231/Phase A/Projects/2025_STM32F407_ADC_Challenge/MXTmpFiles/usb_otg_fs_Msp.tmp
2025-05-17 21:41:19,471 [INFO] CodeEngine:263 - oldGeneratedFile, /Users/winstonhar/ENCE-3231/Phase A/Projects/2025_STM32F407_ADC_Challenge/MXTmpFiles/dma.tmp_save
2025-05-17 21:41:19,548 [INFO] CodeEngine:287 - Generated code: /Users/winstonhar/ENCE-3231/Phase A/Projects/2025_STM32F407_ADC_Challenge/MXTmpFiles/dma.tmp
2025-05-17 21:41:19,550 [INFO] CodeEngine:263 - oldGeneratedFile, /Users/winstonhar/ENCE-3231/Phase A/Projects/2025_STM32F407_ADC_Challenge/MXTmpFiles/dma_GV.tmp_save
2025-05-17 21:41:19,619 [INFO] CodeEngine:287 - Generated code: /Users/winstonhar/ENCE-3231/Phase A/Projects/2025_STM32F407_ADC_Challenge/MXTmpFiles/dma_GV.tmp
2025-05-17 21:41:19,634 [INFO] CodeEngine:263 - oldGeneratedFile, /Users/winstonhar/ENCE-3231/Phase A/Projects/2025_STM32F407_ADC_Challenge/USB_HOST/App/usb_host.c_save
2025-05-17 21:41:19,710 [INFO] CodeEngine:287 - Generated code: /Users/winstonhar/ENCE-3231/Phase A/Projects/2025_STM32F407_ADC_Challenge/USB_HOST/App/usb_host.c
2025-05-17 21:41:19,713 [INFO] CodeEngine:263 - oldGeneratedFile, /Users/winstonhar/ENCE-3231/Phase A/Projects/2025_STM32F407_ADC_Challenge/USB_HOST/App/usb_host.h_save
2025-05-17 21:41:19,793 [INFO] CodeEngine:287 - Generated code: /Users/winstonhar/ENCE-3231/Phase A/Projects/2025_STM32F407_ADC_Challenge/USB_HOST/App/usb_host.h
2025-05-17 21:41:19,796 [INFO] CodeEngine:263 - oldGeneratedFile, /Users/winstonhar/ENCE-3231/Phase A/Projects/2025_STM32F407_ADC_Challenge/USB_HOST/Target/usbh_conf.h_save
2025-05-17 21:41:19,867 [INFO] CodeEngine:287 - Generated code: /Users/winstonhar/ENCE-3231/Phase A/Projects/2025_STM32F407_ADC_Challenge/USB_HOST/Target/usbh_conf.h
2025-05-17 21:41:19,870 [INFO] CodeEngine:263 - oldGeneratedFile, /Users/winstonhar/ENCE-3231/Phase A/Projects/2025_STM32F407_ADC_Challenge/USB_HOST/Target/usbh_conf.c_save
2025-05-17 21:41:19,948 [INFO] CodeEngine:287 - Generated code: /Users/winstonhar/ENCE-3231/Phase A/Projects/2025_STM32F407_ADC_Challenge/USB_HOST/Target/usbh_conf.c
2025-05-17 21:41:19,951 [INFO] CodeEngine:263 - oldGeneratedFile, /Users/winstonhar/ENCE-3231/Phase A/Projects/2025_STM32F407_ADC_Challenge/USB_HOST/Target/usbh_platform.c_save
2025-05-17 21:41:20,025 [INFO] CodeEngine:287 - Generated code: /Users/winstonhar/ENCE-3231/Phase A/Projects/2025_STM32F407_ADC_Challenge/USB_HOST/Target/usbh_platform.c
2025-05-17 21:41:20,028 [INFO] CodeEngine:263 - oldGeneratedFile, /Users/winstonhar/ENCE-3231/Phase A/Projects/2025_STM32F407_ADC_Challenge/USB_HOST/Target/usbh_platform.h_save
2025-05-17 21:41:20,098 [INFO] CodeEngine:287 - Generated code: /Users/winstonhar/ENCE-3231/Phase A/Projects/2025_STM32F407_ADC_Challenge/USB_HOST/Target/usbh_platform.h
2025-05-17 21:41:20,112 [INFO] CodeEngine:263 - oldGeneratedFile, /Users/winstonhar/ENCE-3231/Phase A/Projects/2025_STM32F407_ADC_Challenge/Core/Src/stm32f4xx_it.c_save
2025-05-17 21:41:20,397 [INFO] CodeEngine:287 - Generated code: /Users/winstonhar/ENCE-3231/Phase A/Projects/2025_STM32F407_ADC_Challenge/Core/Src/stm32f4xx_it.c
2025-05-17 21:41:20,400 [INFO] CodeEngine:263 - oldGeneratedFile, /Users/winstonhar/ENCE-3231/Phase A/Projects/2025_STM32F407_ADC_Challenge/Core/Inc/stm32f4xx_it.h_save
2025-05-17 21:41:20,469 [INFO] CodeEngine:287 - Generated code: /Users/winstonhar/ENCE-3231/Phase A/Projects/2025_STM32F407_ADC_Challenge/Core/Inc/stm32f4xx_it.h
2025-05-17 21:41:20,487 [INFO] CodeEngine:263 - oldGeneratedFile, /Users/winstonhar/ENCE-3231/Phase A/Projects/2025_STM32F407_ADC_Challenge/Core/Src/stm32f4xx_hal_msp.c_save
2025-05-17 21:41:20,642 [INFO] CodeEngine:287 - Generated code: /Users/winstonhar/ENCE-3231/Phase A/Projects/2025_STM32F407_ADC_Challenge/Core/Src/stm32f4xx_hal_msp.c
2025-05-17 21:41:20,645 [INFO] CodeEngine:263 - oldGeneratedFile, /Users/winstonhar/ENCE-3231/Phase A/Projects/2025_STM32F407_ADC_Challenge/MXTmpFiles/system.tmp_save
2025-05-17 21:41:20,713 [INFO] CodeEngine:287 - Generated code: /Users/winstonhar/ENCE-3231/Phase A/Projects/2025_STM32F407_ADC_Challenge/MXTmpFiles/system.tmp
2025-05-17 21:41:20,720 [INFO] CodeEngine:319 - oldGeneratedFile, /Users/winstonhar/ENCE-3231/Phase A/Projects/2025_STM32F407_ADC_Challenge/Core/Inc/stm32f4xx_hal_conf.h_save
2025-05-17 21:41:20,802 [INFO] CodeEngine:343 - Generated code: /Users/winstonhar/ENCE-3231/Phase A/Projects/2025_STM32F407_ADC_Challenge/Core/Inc/stm32f4xx_hal_conf.h
2025-05-17 21:41:20,834 [WARN] IPConfigManager:3790 - IP not found : TIM
2025-05-17 21:41:20,835 [WARN] CodeGenerator:4198 - IP not found : null
2025-05-17 21:41:20,842 [INFO] CodeEngine:263 - oldGeneratedFile, /Users/winstonhar/ENCE-3231/Phase A/Projects/2025_STM32F407_ADC_Challenge/Core/Inc/main.h_save
2025-05-17 21:41:20,953 [INFO] CodeEngine:287 - Generated code: /Users/winstonhar/ENCE-3231/Phase A/Projects/2025_STM32F407_ADC_Challenge/Core/Inc/main.h
2025-05-17 21:41:20,958 [INFO] CodeEngine:263 - oldGeneratedFile, /Users/winstonhar/ENCE-3231/Phase A/Projects/2025_STM32F407_ADC_Challenge/Core/Src/main.c_save
2025-05-17 21:41:21,109 [INFO] CodeEngine:287 - Generated code: /Users/winstonhar/ENCE-3231/Phase A/Projects/2025_STM32F407_ADC_Challenge/Core/Src/main.c
2025-05-17 21:41:21,665 [INFO] ProjectBuilder:3324 - Time for Copy HAL[1] : 208mS.
2025-05-17 21:41:21,671 [INFO] ProjectBuilder:4912 - Project Generator version: 4.6.0.1-B1
2025-05-17 21:41:21,796 [INFO] ConfigFileManager:1590 - The Die is : DIE413
2025-05-17 21:41:22,876 [INFO] ProjectBuilder:5191 - Time for Generating toolchain IDE Files: 1205mS.
2025-05-17 21:41:22,877 [INFO] ProjectBuilder:3181 - Time for Copy CMSIS : 1mS.
2025-05-17 21:41:22,880 [INFO] ProjectBuilder:3181 - Time for Copy CMSIS : 0mS.
2025-05-17 22:08:24,028 [INFO] ADCParametersView:116 -                Rank 1 : false
2025-05-17 22:08:24,029 [INFO] ADCParametersView:116 -                Injected Rank 1 : false
2025-05-17 22:08:24,030 [INFO] ADCParametersView:116 -                Injected Rank 2 : false
2025-05-17 22:08:24,030 [INFO] ADCParametersView:116 -                Injected Rank 3 : false
2025-05-17 22:08:24,031 [INFO] ADCParametersView:116 -                Injected Rank 4 : false
2025-05-17 22:08:24,037 [INFO] ADCParametersView:116 -                Rank 1 : false
2025-05-17 22:08:24,038 [INFO] ADCParametersView:116 -                Injected Rank 1 : false
2025-05-17 22:08:24,038 [INFO] ADCParametersView:116 -                Injected Rank 2 : false
2025-05-17 22:08:24,038 [INFO] ADCParametersView:116 -                Injected Rank 3 : false
2025-05-17 22:08:24,038 [INFO] ADCParametersView:116 -                Injected Rank 4 : false
2025-05-17 22:08:24,039 [INFO] ADCParametersView:116 -                Rank 1 : false
2025-05-17 22:08:24,039 [INFO] ADCParametersView:116 -                Injected Rank 1 : false
2025-05-17 22:08:24,040 [INFO] ADCParametersView:116 -                Injected Rank 2 : false
2025-05-17 22:08:24,040 [INFO] ADCParametersView:116 -                Injected Rank 3 : false
2025-05-17 22:08:24,040 [INFO] ADCParametersView:116 -                Injected Rank 4 : false
2025-05-17 22:08:24,041 [INFO] ADCParametersView:116 -                Rank 1 : false
2025-05-17 22:08:24,041 [INFO] ADCParametersView:116 -                Injected Rank 1 : false
2025-05-17 22:08:24,041 [INFO] ADCParametersView:116 -                Injected Rank 2 : false
2025-05-17 22:08:24,042 [INFO] ADCParametersView:116 -                Injected Rank 3 : false
2025-05-17 22:08:24,042 [INFO] ADCParametersView:116 -                Injected Rank 4 : false
2025-05-17 22:08:24,042 [INFO] ADCParametersView:116 -                Rank 1 : false
2025-05-17 22:08:24,043 [INFO] ADCParametersView:116 -                Injected Rank 1 : false
2025-05-17 22:08:24,043 [INFO] ADCParametersView:116 -                Injected Rank 2 : false
2025-05-17 22:08:24,043 [INFO] ADCParametersView:116 -                Injected Rank 3 : false
2025-05-17 22:08:24,043 [INFO] ADCParametersView:116 -                Injected Rank 4 : false
2025-05-17 22:08:24,044 [INFO] ADCParametersView:116 -                Rank 1 : false
2025-05-17 22:08:24,045 [INFO] ADCParametersView:116 -                Injected Rank 1 : false
2025-05-17 22:08:24,045 [INFO] ADCParametersView:116 -                Injected Rank 2 : false
2025-05-17 22:08:24,046 [INFO] ADCParametersView:116 -                Injected Rank 3 : false
2025-05-17 22:08:24,046 [INFO] ADCParametersView:116 -                Injected Rank 4 : false
2025-05-17 22:08:24,047 [INFO] ADCParametersView:116 -                Rank 1 : false
2025-05-17 22:08:24,047 [INFO] ADCParametersView:116 -                Injected Rank 1 : false
2025-05-17 22:08:24,047 [INFO] ADCParametersView:116 -                Injected Rank 2 : false
2025-05-17 22:08:24,048 [INFO] ADCParametersView:116 -                Injected Rank 3 : false
2025-05-17 22:08:24,048 [INFO] ADCParametersView:116 -                Injected Rank 4 : false
2025-05-17 22:08:24,048 [INFO] ADCParametersView:116 -                Rank 1 : false
2025-05-17 22:08:24,048 [INFO] ADCParametersView:116 -                Injected Rank 1 : false
2025-05-17 22:08:24,049 [INFO] ADCParametersView:116 -                Injected Rank 2 : false
2025-05-17 22:08:24,049 [INFO] ADCParametersView:116 -                Injected Rank 3 : false
2025-05-17 22:08:24,049 [INFO] ADCParametersView:116 -                Injected Rank 4 : false
2025-05-17 22:08:24,050 [INFO] ADCParametersView:116 -                Rank 1 : false
2025-05-17 22:08:24,050 [INFO] ADCParametersView:116 -                Injected Rank 1 : false
2025-05-17 22:08:24,050 [INFO] ADCParametersView:116 -                Injected Rank 2 : false
2025-05-17 22:08:24,051 [INFO] ADCParametersView:116 -                Injected Rank 3 : false
2025-05-17 22:08:24,051 [INFO] ADCParametersView:116 -                Injected Rank 4 : false
2025-05-17 22:08:24,051 [INFO] ADCParametersView:116 -                Rank 1 : false
2025-05-17 22:08:24,051 [INFO] ADCParametersView:116 -                Injected Rank 1 : false
2025-05-17 22:08:24,052 [INFO] ADCParametersView:116 -                Injected Rank 2 : false
2025-05-17 22:08:24,052 [INFO] ADCParametersView:116 -                Injected Rank 3 : false
2025-05-17 22:08:24,052 [INFO] ADCParametersView:116 -                Injected Rank 4 : false
2025-05-17 22:08:24,053 [INFO] ADCParametersView:116 -                Rank 1 : false
2025-05-17 22:08:24,053 [INFO] ADCParametersView:116 -                Injected Rank 1 : false
2025-05-17 22:08:24,053 [INFO] ADCParametersView:116 -                Injected Rank 2 : false
2025-05-17 22:08:24,054 [INFO] ADCParametersView:116 -                Injected Rank 3 : false
2025-05-17 22:08:24,054 [INFO] ADCParametersView:116 -                Injected Rank 4 : false
2025-05-17 22:08:24,054 [INFO] ADCParametersView:116 -                Injected Rank 1 : false
2025-05-17 22:08:24,054 [INFO] ADCParametersView:116 -                Injected Rank 2 : false
2025-05-17 22:08:24,054 [INFO] ADCParametersView:116 -                Injected Rank 3 : false
2025-05-17 22:08:24,055 [INFO] ADCParametersView:116 -                Injected Rank 4 : false
2025-05-17 22:08:24,055 [INFO] ADCParametersView:116 -                Rank 1 : false
2025-05-17 22:08:24,055 [INFO] ADCParametersView:116 -                Injected Rank 1 : false
2025-05-17 22:08:24,055 [INFO] ADCParametersView:116 -                Injected Rank 2 : false
2025-05-17 22:08:24,055 [INFO] ADCParametersView:116 -                Injected Rank 3 : false
2025-05-17 22:08:24,056 [INFO] ADCParametersView:116 -                Injected Rank 4 : false
2025-05-17 22:08:24,056 [INFO] ADCParametersView:116 -                Rank 1 : false
2025-05-17 22:08:24,056 [INFO] ADCParametersView:116 -                Injected Rank 1 : false
2025-05-17 22:08:24,056 [INFO] ADCParametersView:116 -                Injected Rank 2 : false
2025-05-17 22:08:24,056 [INFO] ADCParametersView:116 -                Injected Rank 3 : false
2025-05-17 22:08:24,057 [INFO] ADCParametersView:116 -                Injected Rank 4 : false
2025-05-17 22:08:24,057 [INFO] ADCParametersView:116 -                Rank 1 : false
2025-05-17 22:08:24,057 [INFO] ADCParametersView:116 -                Injected Rank 1 : false
2025-05-17 22:08:24,058 [INFO] ADCParametersView:116 -                Injected Rank 2 : false
2025-05-17 22:08:24,058 [INFO] ADCParametersView:116 -                Injected Rank 3 : false
2025-05-17 22:08:24,058 [INFO] ADCParametersView:116 -                Injected Rank 4 : false
2025-05-17 22:08:24,058 [INFO] ADCParametersView:116 -                Rank 1 : false
2025-05-17 22:08:24,058 [INFO] ADCParametersView:116 -                Rank 1 : false
2025-05-17 22:08:24,059 [INFO] ADCParametersView:116 -                Injected Rank 1 : false
2025-05-17 22:08:24,059 [INFO] ADCParametersView:116 -                Injected Rank 2 : false
2025-05-17 22:08:24,059 [INFO] ADCParametersView:116 -                Injected Rank 3 : false
2025-05-17 22:08:24,059 [INFO] ADCParametersView:116 -                Injected Rank 4 : false
2025-05-17 22:08:24,060 [INFO] ADCParametersView:116 -                Rank 1 : false
2025-05-17 22:08:24,060 [INFO] ADCParametersView:116 -                Injected Rank 1 : false
2025-05-17 22:08:24,060 [INFO] ADCParametersView:116 -                Injected Rank 2 : false
2025-05-17 22:08:24,061 [INFO] ADCParametersView:116 -                Injected Rank 3 : false
2025-05-17 22:08:24,061 [INFO] ADCParametersView:116 -                Injected Rank 4 : false
2025-05-17 22:08:24,062 [INFO] ADCParametersView:116 -                Injected Rank 1 : false
2025-05-17 22:08:24,063 [INFO] ADCParametersView:116 -                Injected Rank 2 : false
2025-05-17 22:08:24,063 [INFO] ADCParametersView:116 -                Injected Rank 3 : false
2025-05-17 22:08:24,063 [INFO] ADCParametersView:116 -                Injected Rank 4 : false
2025-05-17 22:08:24,064 [INFO] ADCParametersView:116 -                Injected Rank 2 : false
2025-05-17 22:08:24,064 [INFO] ADCParametersView:116 -                Injected Rank 3 : false
2025-05-17 22:08:24,064 [INFO] ADCParametersView:116 -                Injected Rank 4 : false
2025-05-17 22:08:24,065 [INFO] ADCParametersView:116 -                Injected Rank 3 : false
2025-05-17 22:08:24,065 [INFO] ADCParametersView:116 -                Injected Rank 4 : false
2025-05-17 22:08:24,066 [INFO] ADCParametersView:116 -                Injected Rank 4 : false
2025-05-17 22:08:24,183 [INFO] ADCParametersView:116 -                Rank 1 : false
2025-05-17 22:08:24,186 [INFO] ADCParametersView:116 -                Rank 1 : false
2025-05-17 22:08:24,186 [INFO] ADCParametersView:116 -                Injected Rank 1 : false
2025-05-17 22:08:24,188 [INFO] ADCParametersView:116 -                Rank 1 : false
2025-05-17 22:08:24,189 [INFO] ADCParametersView:116 -                Injected Rank 1 : false
2025-05-17 22:08:24,189 [INFO] ADCParametersView:116 -                Injected Rank 2 : false
2025-05-17 22:08:24,191 [INFO] ADCParametersView:116 -                Rank 1 : false
2025-05-17 22:08:24,191 [INFO] ADCParametersView:116 -                Injected Rank 1 : false
2025-05-17 22:08:24,191 [INFO] ADCParametersView:116 -                Injected Rank 2 : false
2025-05-17 22:08:24,191 [INFO] ADCParametersView:116 -                Injected Rank 3 : false
2025-05-17 22:08:24,194 [INFO] ADCParametersView:116 -                Rank 1 : false
2025-05-17 22:08:24,195 [INFO] ADCParametersView:116 -                Injected Rank 1 : false
2025-05-17 22:08:24,195 [INFO] ADCParametersView:116 -                Injected Rank 2 : false
2025-05-17 22:08:24,195 [INFO] ADCParametersView:116 -                Injected Rank 3 : false
2025-05-17 22:08:24,195 [INFO] ADCParametersView:116 -                Injected Rank 4 : false
2025-05-17 22:08:24,197 [INFO] ADCParametersView:116 -                Rank 1 : false
2025-05-17 22:08:24,197 [INFO] ADCParametersView:116 -                Injected Rank 1 : false
2025-05-17 22:08:24,197 [INFO] ADCParametersView:116 -                Injected Rank 2 : false
2025-05-17 22:08:24,197 [INFO] ADCParametersView:116 -                Injected Rank 3 : false
2025-05-17 22:08:24,198 [INFO] ADCParametersView:116 -                Injected Rank 4 : false
2025-05-17 22:08:24,201 [INFO] ADCParametersView:116 -                Rank 1 : false
2025-05-17 22:08:24,201 [INFO] ADCParametersView:116 -                Injected Rank 1 : false
2025-05-17 22:08:24,202 [INFO] ADCParametersView:116 -                Injected Rank 2 : false
2025-05-17 22:08:24,202 [INFO] ADCParametersView:116 -                Injected Rank 3 : false
2025-05-17 22:08:24,202 [INFO] ADCParametersView:116 -                Injected Rank 4 : false
2025-05-17 22:08:24,202 [INFO] ADCParametersView:116 -                Rank 1 : false
2025-05-17 22:08:24,202 [INFO] ADCParametersView:116 -                Injected Rank 1 : false
2025-05-17 22:08:24,203 [INFO] ADCParametersView:116 -                Injected Rank 2 : false
2025-05-17 22:08:24,203 [INFO] ADCParametersView:116 -                Injected Rank 3 : false
2025-05-17 22:08:24,203 [INFO] ADCParametersView:116 -                Injected Rank 4 : false
2025-05-17 22:08:24,203 [INFO] ADCParametersView:116 -                Rank 1 : false
2025-05-17 22:08:24,203 [INFO] ADCParametersView:116 -                Injected Rank 1 : false
2025-05-17 22:08:24,203 [INFO] ADCParametersView:116 -                Injected Rank 2 : false
2025-05-17 22:08:24,203 [INFO] ADCParametersView:116 -                Injected Rank 3 : false
2025-05-17 22:08:24,204 [INFO] ADCParametersView:116 -                Injected Rank 4 : false
2025-05-17 22:08:24,205 [INFO] ADCParametersView:116 -                Rank 1 : false
2025-05-17 22:08:24,205 [INFO] ADCParametersView:116 -                Injected Rank 1 : false
2025-05-17 22:08:24,205 [INFO] ADCParametersView:116 -                Injected Rank 2 : false
2025-05-17 22:08:24,205 [INFO] ADCParametersView:116 -                Injected Rank 3 : false
2025-05-17 22:08:24,205 [INFO] ADCParametersView:116 -                Injected Rank 4 : false
2025-05-17 22:08:24,205 [INFO] ADCParametersView:116 -                Rank 1 : false
2025-05-17 22:08:24,206 [INFO] ADCParametersView:116 -                Injected Rank 1 : false
2025-05-17 22:08:24,206 [INFO] ADCParametersView:116 -                Injected Rank 2 : false
2025-05-17 22:08:24,206 [INFO] ADCParametersView:116 -                Injected Rank 3 : false
2025-05-17 22:08:24,206 [INFO] ADCParametersView:116 -                Injected Rank 4 : false
2025-05-17 22:08:24,206 [INFO] ADCParametersView:116 -                Rank 1 : false
2025-05-17 22:08:24,206 [INFO] ADCParametersView:116 -                Injected Rank 1 : false
2025-05-17 22:08:24,206 [INFO] ADCParametersView:116 -                Injected Rank 2 : false
2025-05-17 22:08:24,207 [INFO] ADCParametersView:116 -                Injected Rank 3 : false
2025-05-17 22:08:24,207 [INFO] ADCParametersView:116 -                Injected Rank 4 : false
2025-05-17 22:08:24,207 [INFO] ADCParametersView:116 -                Rank 1 : false
2025-05-17 22:08:24,207 [INFO] ADCParametersView:116 -                Injected Rank 1 : false
2025-05-17 22:08:24,207 [INFO] ADCParametersView:116 -                Injected Rank 2 : false
2025-05-17 22:08:24,207 [INFO] ADCParametersView:116 -                Injected Rank 3 : false
2025-05-17 22:08:24,207 [INFO] ADCParametersView:116 -                Injected Rank 4 : false
2025-05-17 22:08:24,208 [INFO] ADCParametersView:116 -                Rank 1 : false
2025-05-17 22:08:24,208 [INFO] ADCParametersView:116 -                Injected Rank 1 : false
2025-05-17 22:08:24,208 [INFO] ADCParametersView:116 -                Injected Rank 2 : false
2025-05-17 22:08:24,209 [INFO] ADCParametersView:116 -                Injected Rank 3 : false
2025-05-17 22:08:24,209 [INFO] ADCParametersView:116 -                Injected Rank 4 : false
2025-05-17 22:08:24,209 [INFO] ADCParametersView:116 -                Rank 1 : false
2025-05-17 22:08:24,209 [INFO] ADCParametersView:116 -                Injected Rank 1 : false
2025-05-17 22:08:24,209 [INFO] ADCParametersView:116 -                Injected Rank 2 : false
2025-05-17 22:08:24,209 [INFO] ADCParametersView:116 -                Injected Rank 3 : false
2025-05-17 22:08:24,209 [INFO] ADCParametersView:116 -                Injected Rank 4 : false
2025-05-17 22:08:24,210 [INFO] ADCParametersView:116 -                Rank 1 : false
2025-05-17 22:08:24,210 [INFO] ADCParametersView:116 -                Injected Rank 1 : false
2025-05-17 22:08:24,210 [INFO] ADCParametersView:116 -                Injected Rank 2 : false
2025-05-17 22:08:24,210 [INFO] ADCParametersView:116 -                Injected Rank 3 : false
2025-05-17 22:08:24,210 [INFO] ADCParametersView:116 -                Injected Rank 4 : false
2025-05-17 22:08:24,210 [INFO] ADCParametersView:116 -                Injected Rank 1 : false
2025-05-17 22:08:24,210 [INFO] ADCParametersView:116 -                Injected Rank 2 : false
2025-05-17 22:08:24,211 [INFO] ADCParametersView:116 -                Injected Rank 3 : false
2025-05-17 22:08:24,211 [INFO] ADCParametersView:116 -                Injected Rank 4 : false
2025-05-17 22:08:24,211 [INFO] ADCParametersView:116 -                Rank 1 : false
2025-05-17 22:08:24,211 [INFO] ADCParametersView:116 -                Injected Rank 1 : false
2025-05-17 22:08:24,211 [INFO] ADCParametersView:116 -                Injected Rank 2 : false
2025-05-17 22:08:24,211 [INFO] ADCParametersView:116 -                Injected Rank 3 : false
2025-05-17 22:08:24,211 [INFO] ADCParametersView:116 -                Injected Rank 4 : false
2025-05-17 22:08:24,212 [INFO] ADCParametersView:116 -                Rank 1 : false
2025-05-17 22:08:24,212 [INFO] ADCParametersView:116 -                Injected Rank 1 : false
2025-05-17 22:08:24,212 [INFO] ADCParametersView:116 -                Injected Rank 2 : false
2025-05-17 22:08:24,212 [INFO] ADCParametersView:116 -                Injected Rank 3 : false
2025-05-17 22:08:24,212 [INFO] ADCParametersView:116 -                Injected Rank 4 : false
2025-05-17 22:08:24,212 [INFO] ADCParametersView:116 -                Rank 1 : false
2025-05-17 22:08:24,212 [INFO] ADCParametersView:116 -                Injected Rank 1 : false
2025-05-17 22:08:24,213 [INFO] ADCParametersView:116 -                Injected Rank 2 : false
2025-05-17 22:08:24,213 [INFO] ADCParametersView:116 -                Injected Rank 3 : false
2025-05-17 22:08:24,213 [INFO] ADCParametersView:116 -                Injected Rank 4 : false
2025-05-17 22:08:24,213 [INFO] ADCParametersView:116 -                Rank 1 : false
2025-05-17 22:08:24,213 [INFO] ADCParametersView:116 -                Rank 1 : false
2025-05-17 22:08:24,213 [INFO] ADCParametersView:116 -                Injected Rank 1 : false
2025-05-17 22:08:24,213 [INFO] ADCParametersView:116 -                Injected Rank 2 : false
2025-05-17 22:08:24,213 [INFO] ADCParametersView:116 -                Injected Rank 3 : false
2025-05-17 22:08:24,213 [INFO] ADCParametersView:116 -                Injected Rank 4 : false
2025-05-17 22:08:24,214 [INFO] ADCParametersView:116 -                Rank 1 : false
2025-05-17 22:08:24,214 [INFO] ADCParametersView:116 -                Injected Rank 1 : false
2025-05-17 22:08:24,214 [INFO] ADCParametersView:116 -                Injected Rank 2 : false
2025-05-17 22:08:24,214 [INFO] ADCParametersView:116 -                Injected Rank 3 : false
2025-05-17 22:08:24,214 [INFO] ADCParametersView:116 -                Injected Rank 4 : false
2025-05-17 22:08:24,214 [INFO] ADCParametersView:116 -                Injected Rank 1 : false
2025-05-17 22:08:24,214 [INFO] ADCParametersView:116 -                Injected Rank 2 : false
2025-05-17 22:08:24,215 [INFO] ADCParametersView:116 -                Injected Rank 3 : false
2025-05-17 22:08:24,215 [INFO] ADCParametersView:116 -                Injected Rank 4 : false
2025-05-17 22:08:24,215 [INFO] ADCParametersView:116 -                Injected Rank 2 : false
2025-05-17 22:08:24,215 [INFO] ADCParametersView:116 -                Injected Rank 3 : false
2025-05-17 22:08:24,215 [INFO] ADCParametersView:116 -                Injected Rank 4 : false
2025-05-17 22:08:24,215 [INFO] ADCParametersView:116 -                Injected Rank 3 : false
2025-05-17 22:08:24,215 [INFO] ADCParametersView:116 -                Injected Rank 4 : false
2025-05-17 22:08:24,216 [INFO] ADCParametersView:116 -                Injected Rank 4 : false
2025-05-17 22:08:24,280 [INFO] ADCParametersView:116 -                Rank 1 : false
2025-05-17 22:08:24,282 [INFO] ADCParametersView:116 -                Rank 1 : false
2025-05-17 22:08:24,282 [INFO] ADCParametersView:116 -                Injected Rank 1 : false
2025-05-17 22:08:24,284 [INFO] ADCParametersView:116 -                Rank 1 : false
2025-05-17 22:08:24,284 [INFO] ADCParametersView:116 -                Injected Rank 1 : false
2025-05-17 22:08:24,284 [INFO] ADCParametersView:116 -                Injected Rank 2 : false
2025-05-17 22:08:24,286 [INFO] ADCParametersView:116 -                Rank 1 : false
2025-05-17 22:08:24,287 [INFO] ADCParametersView:116 -                Injected Rank 1 : false
2025-05-17 22:08:24,287 [INFO] ADCParametersView:116 -                Injected Rank 2 : false
2025-05-17 22:08:24,287 [INFO] ADCParametersView:116 -                Injected Rank 3 : false
2025-05-17 22:08:24,289 [INFO] ADCParametersView:116 -                Rank 1 : false
2025-05-17 22:08:24,289 [INFO] ADCParametersView:116 -                Injected Rank 1 : false
2025-05-17 22:08:24,289 [INFO] ADCParametersView:116 -                Injected Rank 2 : false
2025-05-17 22:08:24,289 [INFO] ADCParametersView:116 -                Injected Rank 3 : false
2025-05-17 22:08:24,289 [INFO] ADCParametersView:116 -                Injected Rank 4 : false
2025-05-17 22:08:35,937 [INFO] ADCParametersView:116 -                Rank 1 : false
2025-05-17 22:08:35,938 [INFO] ADCParametersView:116 -                Injected Rank 1 : true
2025-05-17 22:08:35,938 [INFO] ADCParametersView:116 -                Injected Rank 2 : false
2025-05-17 22:08:35,938 [INFO] ADCParametersView:116 -                Injected Rank 3 : false
2025-05-17 22:08:35,938 [INFO] ADCParametersView:116 -                Injected Rank 4 : false
2025-05-17 22:08:43,383 [INFO] NvicIntPanel:101 - NVIC parent = com.st.microxplorer.plugins.ip.nvic.MultiNvicIntPanel[,0,0,0x0,invalid,layout=javax.swing.BoxLayout,alignmentX=0.0,alignmentY=0.0,border=,flags=9,maximumSize=,minimumSize=,preferredSize=]
2025-05-17 22:08:43,457 [INFO] ADCParametersView:116 -                Rank 1 : false
2025-05-17 22:08:43,457 [INFO] ADCParametersView:116 -                Injected Rank 1 : true
2025-05-17 22:08:43,457 [INFO] ADCParametersView:116 -                Injected Rank 2 : false
2025-05-17 22:08:43,458 [INFO] ADCParametersView:116 -                Injected Rank 3 : false
2025-05-17 22:08:43,458 [INFO] ADCParametersView:116 -                Injected Rank 4 : false
2025-05-17 22:08:43,468 [INFO] ADCParametersView:116 -                Rank 1 : false
2025-05-17 22:08:43,468 [INFO] ADCParametersView:116 -                Injected Rank 1 : true
2025-05-17 22:08:43,468 [INFO] ADCParametersView:116 -                Injected Rank 2 : false
2025-05-17 22:08:43,468 [INFO] ADCParametersView:116 -                Injected Rank 3 : false
2025-05-17 22:08:43,469 [INFO] ADCParametersView:116 -                Injected Rank 4 : false
2025-05-17 22:08:43,469 [INFO] ADCParametersView:116 -                Rank 1 : false
2025-05-17 22:08:43,469 [INFO] ADCParametersView:116 -                Injected Rank 1 : true
2025-05-17 22:08:43,469 [INFO] ADCParametersView:116 -                Injected Rank 2 : false
2025-05-17 22:08:43,469 [INFO] ADCParametersView:116 -                Injected Rank 3 : false
2025-05-17 22:08:43,470 [INFO] ADCParametersView:116 -                Injected Rank 4 : false
2025-05-17 22:08:43,470 [INFO] ADCParametersView:116 -                Rank 1 : false
2025-05-17 22:08:43,470 [INFO] ADCParametersView:116 -                Injected Rank 1 : true
2025-05-17 22:08:43,470 [INFO] ADCParametersView:116 -                Injected Rank 2 : false
2025-05-17 22:08:43,470 [INFO] ADCParametersView:116 -                Injected Rank 3 : false
2025-05-17 22:08:43,470 [INFO] ADCParametersView:116 -                Injected Rank 4 : false
2025-05-17 22:08:43,471 [INFO] ADCParametersView:116 -                Rank 1 : false
2025-05-17 22:08:43,471 [INFO] ADCParametersView:116 -                Injected Rank 1 : true
2025-05-17 22:08:43,471 [INFO] ADCParametersView:116 -                Injected Rank 2 : false
2025-05-17 22:08:43,471 [INFO] ADCParametersView:116 -                Injected Rank 3 : false
2025-05-17 22:08:43,471 [INFO] ADCParametersView:116 -                Injected Rank 4 : false
2025-05-17 22:08:43,471 [INFO] ADCParametersView:116 -                Rank 1 : false
2025-05-17 22:08:43,471 [INFO] ADCParametersView:116 -                Injected Rank 1 : true
2025-05-17 22:08:43,471 [INFO] ADCParametersView:116 -                Injected Rank 2 : false
2025-05-17 22:08:43,472 [INFO] ADCParametersView:116 -                Injected Rank 3 : false
2025-05-17 22:08:43,472 [INFO] ADCParametersView:116 -                Injected Rank 4 : false
2025-05-17 22:08:43,472 [INFO] ADCParametersView:116 -                Rank 1 : false
2025-05-17 22:08:43,472 [INFO] ADCParametersView:116 -                Injected Rank 1 : true
2025-05-17 22:08:43,472 [INFO] ADCParametersView:116 -                Injected Rank 2 : false
2025-05-17 22:08:43,472 [INFO] ADCParametersView:116 -                Injected Rank 3 : false
2025-05-17 22:08:43,472 [INFO] ADCParametersView:116 -                Injected Rank 4 : false
2025-05-17 22:08:43,473 [INFO] ADCParametersView:116 -                Rank 1 : false
2025-05-17 22:08:43,473 [INFO] ADCParametersView:116 -                Injected Rank 1 : true
2025-05-17 22:08:43,473 [INFO] ADCParametersView:116 -                Injected Rank 2 : false
2025-05-17 22:08:43,473 [INFO] ADCParametersView:116 -                Injected Rank 3 : false
2025-05-17 22:08:43,473 [INFO] ADCParametersView:116 -                Injected Rank 4 : false
2025-05-17 22:08:43,473 [INFO] ADCParametersView:116 -                Rank 1 : false
2025-05-17 22:08:43,473 [INFO] ADCParametersView:116 -                Injected Rank 1 : true
2025-05-17 22:08:43,473 [INFO] ADCParametersView:116 -                Injected Rank 2 : false
2025-05-17 22:08:43,473 [INFO] ADCParametersView:116 -                Injected Rank 3 : false
2025-05-17 22:08:43,474 [INFO] ADCParametersView:116 -                Injected Rank 4 : false
2025-05-17 22:08:43,474 [INFO] ADCParametersView:116 -                Rank 1 : false
2025-05-17 22:08:43,474 [INFO] ADCParametersView:116 -                Injected Rank 1 : true
2025-05-17 22:08:43,474 [INFO] ADCParametersView:116 -                Injected Rank 2 : false
2025-05-17 22:08:43,474 [INFO] ADCParametersView:116 -                Injected Rank 3 : false
2025-05-17 22:08:43,474 [INFO] ADCParametersView:116 -                Injected Rank 4 : false
2025-05-17 22:08:43,474 [INFO] ADCParametersView:116 -                Rank 1 : false
2025-05-17 22:08:43,474 [INFO] ADCParametersView:116 -                Injected Rank 1 : true
2025-05-17 22:08:43,475 [INFO] ADCParametersView:116 -                Injected Rank 2 : false
2025-05-17 22:08:43,475 [INFO] ADCParametersView:116 -                Injected Rank 3 : false
2025-05-17 22:08:43,475 [INFO] ADCParametersView:116 -                Injected Rank 4 : false
2025-05-17 22:08:43,475 [INFO] ADCParametersView:116 -                Injected Rank 1 : true
2025-05-17 22:08:43,475 [INFO] ADCParametersView:116 -                Injected Rank 2 : false
2025-05-17 22:08:43,475 [INFO] ADCParametersView:116 -                Injected Rank 3 : false
2025-05-17 22:08:43,475 [INFO] ADCParametersView:116 -                Injected Rank 4 : false
2025-05-17 22:08:43,475 [INFO] ADCParametersView:116 -                Rank 1 : false
2025-05-17 22:08:43,475 [INFO] ADCParametersView:116 -                Injected Rank 1 : true
2025-05-17 22:08:43,476 [INFO] ADCParametersView:116 -                Injected Rank 2 : false
2025-05-17 22:08:43,476 [INFO] ADCParametersView:116 -                Injected Rank 3 : false
2025-05-17 22:08:43,476 [INFO] ADCParametersView:116 -                Injected Rank 4 : false
2025-05-17 22:08:43,476 [INFO] ADCParametersView:116 -                Rank 1 : false
2025-05-17 22:08:43,476 [INFO] ADCParametersView:116 -                Injected Rank 1 : true
2025-05-17 22:08:43,476 [INFO] ADCParametersView:116 -                Injected Rank 2 : false
2025-05-17 22:08:43,476 [INFO] ADCParametersView:116 -                Injected Rank 3 : false
2025-05-17 22:08:43,476 [INFO] ADCParametersView:116 -                Injected Rank 4 : false
2025-05-17 22:08:43,476 [INFO] ADCParametersView:116 -                Rank 1 : false
2025-05-17 22:08:43,477 [INFO] ADCParametersView:116 -                Injected Rank 1 : true
2025-05-17 22:08:43,477 [INFO] ADCParametersView:116 -                Injected Rank 2 : false
2025-05-17 22:08:43,477 [INFO] ADCParametersView:116 -                Injected Rank 3 : false
2025-05-17 22:08:43,477 [INFO] ADCParametersView:116 -                Injected Rank 4 : false
2025-05-17 22:08:43,477 [INFO] ADCParametersView:116 -                Rank 1 : false
2025-05-17 22:08:43,477 [INFO] ADCParametersView:116 -                Rank 1 : false
2025-05-17 22:08:43,477 [INFO] ADCParametersView:116 -                Injected Rank 1 : true
2025-05-17 22:08:43,477 [INFO] ADCParametersView:116 -                Injected Rank 2 : false
2025-05-17 22:08:43,477 [INFO] ADCParametersView:116 -                Injected Rank 3 : false
2025-05-17 22:08:43,478 [INFO] ADCParametersView:116 -                Injected Rank 4 : false
2025-05-17 22:08:43,478 [INFO] ADCParametersView:116 -                Rank 1 : false
2025-05-17 22:08:43,478 [INFO] ADCParametersView:116 -                Injected Rank 1 : true
2025-05-17 22:08:43,478 [INFO] ADCParametersView:116 -                Injected Rank 2 : false
2025-05-17 22:08:43,478 [INFO] ADCParametersView:116 -                Injected Rank 3 : false
2025-05-17 22:08:43,478 [INFO] ADCParametersView:116 -                Injected Rank 4 : false
2025-05-17 22:08:43,478 [INFO] ADCParametersView:116 -                Injected Rank 1 : true
2025-05-17 22:08:43,479 [INFO] ADCParametersView:116 -                Injected Rank 2 : false
2025-05-17 22:08:43,479 [INFO] ADCParametersView:116 -                Injected Rank 3 : false
2025-05-17 22:08:43,479 [INFO] ADCParametersView:116 -                Injected Rank 4 : false
2025-05-17 22:08:43,479 [INFO] ADCParametersView:116 -                Injected Rank 2 : false
2025-05-17 22:08:43,479 [INFO] ADCParametersView:116 -                Injected Rank 3 : false
2025-05-17 22:08:43,479 [INFO] ADCParametersView:116 -                Injected Rank 4 : false
2025-05-17 22:08:43,479 [INFO] ADCParametersView:116 -                Injected Rank 3 : false
2025-05-17 22:08:43,479 [INFO] ADCParametersView:116 -                Injected Rank 4 : false
2025-05-17 22:08:43,479 [INFO] ADCParametersView:116 -                Injected Rank 4 : false
2025-05-17 22:08:43,531 [INFO] ADCParametersView:116 -                Rank 1 : false
2025-05-17 22:08:43,533 [INFO] ADCParametersView:116 -                Rank 1 : false
2025-05-17 22:08:43,533 [INFO] ADCParametersView:116 -                Injected Rank 1 : true
2025-05-17 22:08:43,535 [INFO] ADCParametersView:116 -                Rank 1 : false
2025-05-17 22:08:43,535 [INFO] ADCParametersView:116 -                Injected Rank 1 : true
2025-05-17 22:08:43,535 [INFO] ADCParametersView:116 -                Injected Rank 2 : false
2025-05-17 22:08:43,537 [INFO] ADCParametersView:116 -                Rank 1 : false
2025-05-17 22:08:43,538 [INFO] ADCParametersView:116 -                Injected Rank 1 : true
2025-05-17 22:08:43,538 [INFO] ADCParametersView:116 -                Injected Rank 2 : false
2025-05-17 22:08:43,538 [INFO] ADCParametersView:116 -                Injected Rank 3 : false
2025-05-17 22:08:43,539 [INFO] ADCParametersView:116 -                Rank 1 : false
2025-05-17 22:08:43,539 [INFO] ADCParametersView:116 -                Injected Rank 1 : true
2025-05-17 22:08:43,539 [INFO] ADCParametersView:116 -                Injected Rank 2 : false
2025-05-17 22:08:43,540 [INFO] ADCParametersView:116 -                Injected Rank 3 : false
2025-05-17 22:08:43,540 [INFO] ADCParametersView:116 -                Injected Rank 4 : false
2025-05-17 22:09:55,779 [INFO] ADCParametersView:116 -                Rank 1 : false
2025-05-17 22:09:55,779 [INFO] ADCParametersView:116 -                Injected Rank 1 : true
2025-05-17 22:09:55,780 [INFO] ADCParametersView:116 -                Injected Rank 2 : false
2025-05-17 22:09:55,780 [INFO] ADCParametersView:116 -                Injected Rank 3 : false
2025-05-17 22:09:55,780 [INFO] ADCParametersView:116 -                Injected Rank 4 : false
2025-05-17 22:09:55,782 [INFO] ADCParametersView:116 -                Rank 1 : false
2025-05-17 22:09:55,782 [INFO] ADCParametersView:116 -                Injected Rank 1 : true
2025-05-17 22:09:55,782 [INFO] ADCParametersView:116 -                Injected Rank 2 : false
2025-05-17 22:09:55,783 [INFO] ADCParametersView:116 -                Injected Rank 3 : false
2025-05-17 22:09:55,783 [INFO] ADCParametersView:116 -                Injected Rank 4 : false
2025-05-17 22:09:55,783 [INFO] ADCParametersView:116 -                Rank 1 : false
2025-05-17 22:09:55,783 [INFO] ADCParametersView:116 -                Injected Rank 1 : true
2025-05-17 22:09:55,783 [INFO] ADCParametersView:116 -                Injected Rank 2 : false
2025-05-17 22:09:55,783 [INFO] ADCParametersView:116 -                Injected Rank 3 : false
2025-05-17 22:09:55,783 [INFO] ADCParametersView:116 -                Injected Rank 4 : false
2025-05-17 22:09:55,783 [INFO] ADCParametersView:116 -                Rank 1 : false
2025-05-17 22:09:55,783 [INFO] ADCParametersView:116 -                Injected Rank 1 : true
2025-05-17 22:09:55,783 [INFO] ADCParametersView:116 -                Injected Rank 2 : false
2025-05-17 22:09:55,783 [INFO] ADCParametersView:116 -                Injected Rank 3 : false
2025-05-17 22:09:55,783 [INFO] ADCParametersView:116 -                Injected Rank 4 : false
2025-05-17 22:09:55,783 [INFO] ADCParametersView:116 -                Rank 1 : false
2025-05-17 22:09:55,784 [INFO] ADCParametersView:116 -                Injected Rank 1 : true
2025-05-17 22:09:55,784 [INFO] ADCParametersView:116 -                Injected Rank 2 : false
2025-05-17 22:09:55,784 [INFO] ADCParametersView:116 -                Injected Rank 3 : false
2025-05-17 22:09:55,784 [INFO] ADCParametersView:116 -                Injected Rank 4 : false
2025-05-17 22:09:55,784 [INFO] ADCParametersView:116 -                Rank 1 : false
2025-05-17 22:09:55,784 [INFO] ADCParametersView:116 -                Injected Rank 1 : true
2025-05-17 22:09:55,784 [INFO] ADCParametersView:116 -                Injected Rank 2 : false
2025-05-17 22:09:55,784 [INFO] ADCParametersView:116 -                Injected Rank 3 : false
2025-05-17 22:09:55,784 [INFO] ADCParametersView:116 -                Injected Rank 4 : false
2025-05-17 22:09:55,784 [INFO] ADCParametersView:116 -                Rank 1 : false
2025-05-17 22:09:55,784 [INFO] ADCParametersView:116 -                Injected Rank 1 : true
2025-05-17 22:09:55,784 [INFO] ADCParametersView:116 -                Injected Rank 2 : false
2025-05-17 22:09:55,784 [INFO] ADCParametersView:116 -                Injected Rank 3 : false
2025-05-17 22:09:55,785 [INFO] ADCParametersView:116 -                Injected Rank 4 : false
2025-05-17 22:09:55,785 [INFO] ADCParametersView:116 -                Rank 1 : false
2025-05-17 22:09:55,785 [INFO] ADCParametersView:116 -                Injected Rank 1 : true
2025-05-17 22:09:55,785 [INFO] ADCParametersView:116 -                Injected Rank 2 : false
2025-05-17 22:09:55,785 [INFO] ADCParametersView:116 -                Injected Rank 3 : false
2025-05-17 22:09:55,785 [INFO] ADCParametersView:116 -                Injected Rank 4 : false
2025-05-17 22:09:55,785 [INFO] ADCParametersView:116 -                Rank 1 : false
2025-05-17 22:09:55,785 [INFO] ADCParametersView:116 -                Injected Rank 1 : true
2025-05-17 22:09:55,785 [INFO] ADCParametersView:116 -                Injected Rank 2 : false
2025-05-17 22:09:55,785 [INFO] ADCParametersView:116 -                Injected Rank 3 : false
2025-05-17 22:09:55,785 [INFO] ADCParametersView:116 -                Injected Rank 4 : false
2025-05-17 22:09:55,785 [INFO] ADCParametersView:116 -                Rank 1 : false
2025-05-17 22:09:55,785 [INFO] ADCParametersView:116 -                Injected Rank 1 : true
2025-05-17 22:09:55,786 [INFO] ADCParametersView:116 -                Injected Rank 2 : false
2025-05-17 22:09:55,786 [INFO] ADCParametersView:116 -                Injected Rank 3 : false
2025-05-17 22:09:55,786 [INFO] ADCParametersView:116 -                Injected Rank 4 : false
2025-05-17 22:09:55,786 [INFO] ADCParametersView:116 -                Rank 1 : false
2025-05-17 22:09:55,786 [INFO] ADCParametersView:116 -                Injected Rank 1 : true
2025-05-17 22:09:55,786 [INFO] ADCParametersView:116 -                Injected Rank 2 : false
2025-05-17 22:09:55,786 [INFO] ADCParametersView:116 -                Injected Rank 3 : false
2025-05-17 22:09:55,786 [INFO] ADCParametersView:116 -                Injected Rank 4 : false
2025-05-17 22:09:55,786 [INFO] ADCParametersView:116 -                Injected Rank 1 : true
2025-05-17 22:09:55,786 [INFO] ADCParametersView:116 -                Injected Rank 2 : false
2025-05-17 22:09:55,786 [INFO] ADCParametersView:116 -                Injected Rank 3 : false
2025-05-17 22:09:55,786 [INFO] ADCParametersView:116 -                Injected Rank 4 : false
2025-05-17 22:09:55,786 [INFO] ADCParametersView:116 -                Rank 1 : false
2025-05-17 22:09:55,786 [INFO] ADCParametersView:116 -                Injected Rank 1 : true
2025-05-17 22:09:55,786 [INFO] ADCParametersView:116 -                Injected Rank 2 : false
2025-05-17 22:09:55,786 [INFO] ADCParametersView:116 -                Injected Rank 3 : false
2025-05-17 22:09:55,787 [INFO] ADCParametersView:116 -                Injected Rank 4 : false
2025-05-17 22:09:55,787 [INFO] ADCParametersView:116 -                Rank 1 : false
2025-05-17 22:09:55,787 [INFO] ADCParametersView:116 -                Injected Rank 1 : true
2025-05-17 22:09:55,787 [INFO] ADCParametersView:116 -                Injected Rank 2 : false
2025-05-17 22:09:55,787 [INFO] ADCParametersView:116 -                Injected Rank 3 : false
2025-05-17 22:09:55,787 [INFO] ADCParametersView:116 -                Injected Rank 4 : false
2025-05-17 22:09:55,787 [INFO] ADCParametersView:116 -                Rank 1 : false
2025-05-17 22:09:55,787 [INFO] ADCParametersView:116 -                Injected Rank 1 : true
2025-05-17 22:09:55,787 [INFO] ADCParametersView:116 -                Injected Rank 2 : false
2025-05-17 22:09:55,787 [INFO] ADCParametersView:116 -                Injected Rank 3 : false
2025-05-17 22:09:55,787 [INFO] ADCParametersView:116 -                Injected Rank 4 : false
2025-05-17 22:09:55,787 [INFO] ADCParametersView:116 -                Rank 1 : false
2025-05-17 22:09:55,788 [INFO] ADCParametersView:116 -                Rank 1 : false
2025-05-17 22:09:55,788 [INFO] ADCParametersView:116 -                Injected Rank 1 : true
2025-05-17 22:09:55,788 [INFO] ADCParametersView:116 -                Injected Rank 2 : false
2025-05-17 22:09:55,788 [INFO] ADCParametersView:116 -                Injected Rank 3 : false
2025-05-17 22:09:55,788 [INFO] ADCParametersView:116 -                Injected Rank 4 : false
2025-05-17 22:09:55,788 [INFO] ADCParametersView:116 -                Rank 1 : false
2025-05-17 22:09:55,788 [INFO] ADCParametersView:116 -                Injected Rank 1 : true
2025-05-17 22:09:55,788 [INFO] ADCParametersView:116 -                Injected Rank 2 : false
2025-05-17 22:09:55,788 [INFO] ADCParametersView:116 -                Injected Rank 3 : false
2025-05-17 22:09:55,788 [INFO] ADCParametersView:116 -                Injected Rank 4 : false
2025-05-17 22:09:55,788 [INFO] ADCParametersView:116 -                Injected Rank 1 : true
2025-05-17 22:09:55,788 [INFO] ADCParametersView:116 -                Injected Rank 2 : false
2025-05-17 22:09:55,788 [INFO] ADCParametersView:116 -                Injected Rank 3 : false
2025-05-17 22:09:55,788 [INFO] ADCParametersView:116 -                Injected Rank 4 : false
2025-05-17 22:09:55,788 [INFO] ADCParametersView:116 -                Injected Rank 2 : false
2025-05-17 22:09:55,789 [INFO] ADCParametersView:116 -                Injected Rank 3 : false
2025-05-17 22:09:55,789 [INFO] ADCParametersView:116 -                Injected Rank 4 : false
2025-05-17 22:09:55,789 [INFO] ADCParametersView:116 -                Injected Rank 3 : false
2025-05-17 22:09:55,789 [INFO] ADCParametersView:116 -                Injected Rank 4 : false
2025-05-17 22:09:55,789 [INFO] ADCParametersView:116 -                Injected Rank 4 : false
2025-05-17 22:09:55,833 [INFO] ADCParametersView:116 -                Rank 1 : false
2025-05-17 22:09:55,835 [INFO] ADCParametersView:116 -                Rank 1 : false
2025-05-17 22:09:55,835 [INFO] ADCParametersView:116 -                Injected Rank 1 : true
2025-05-17 22:09:55,836 [INFO] ADCParametersView:116 -                Rank 1 : false
2025-05-17 22:09:55,836 [INFO] ADCParametersView:116 -                Injected Rank 1 : true
2025-05-17 22:09:55,836 [INFO] ADCParametersView:116 -                Injected Rank 2 : false
2025-05-17 22:09:55,837 [INFO] ADCParametersView:116 -                Rank 1 : false
2025-05-17 22:09:55,838 [INFO] ADCParametersView:116 -                Injected Rank 1 : true
2025-05-17 22:09:55,838 [INFO] ADCParametersView:116 -                Injected Rank 2 : false
2025-05-17 22:09:55,838 [INFO] ADCParametersView:116 -                Injected Rank 3 : false
2025-05-17 22:09:55,839 [INFO] ADCParametersView:116 -                Rank 1 : false
2025-05-17 22:09:55,839 [INFO] ADCParametersView:116 -                Injected Rank 1 : true
2025-05-17 22:09:55,839 [INFO] ADCParametersView:116 -                Injected Rank 2 : false
2025-05-17 22:09:55,839 [INFO] ADCParametersView:116 -                Injected Rank 3 : false
2025-05-17 22:09:55,839 [INFO] ADCParametersView:116 -                Injected Rank 4 : false
2025-05-17 22:09:55,841 [INFO] ADCParametersView:116 -                Rank 1 : false
2025-05-17 22:09:55,841 [INFO] ADCParametersView:116 -                Injected Rank 1 : true
2025-05-17 22:09:55,841 [INFO] ADCParametersView:116 -                Injected Rank 2 : false
2025-05-17 22:09:55,841 [INFO] ADCParametersView:116 -                Injected Rank 3 : false
2025-05-17 22:09:55,841 [INFO] ADCParametersView:116 -                Injected Rank 4 : false
2025-05-17 22:09:55,843 [INFO] ADCParametersView:116 -                Rank 1 : false
2025-05-17 22:09:55,843 [INFO] ADCParametersView:116 -                Injected Rank 1 : true
2025-05-17 22:09:55,843 [INFO] ADCParametersView:116 -                Injected Rank 2 : false
2025-05-17 22:09:55,843 [INFO] ADCParametersView:116 -                Injected Rank 3 : false
2025-05-17 22:09:55,843 [INFO] ADCParametersView:116 -                Injected Rank 4 : false
2025-05-17 22:09:55,844 [INFO] ADCParametersView:116 -                Rank 1 : false
2025-05-17 22:09:55,844 [INFO] ADCParametersView:116 -                Injected Rank 1 : true
2025-05-17 22:09:55,844 [INFO] ADCParametersView:116 -                Injected Rank 2 : false
2025-05-17 22:09:55,844 [INFO] ADCParametersView:116 -                Injected Rank 3 : false
2025-05-17 22:09:55,844 [INFO] ADCParametersView:116 -                Injected Rank 4 : false
2025-05-17 22:09:55,844 [INFO] ADCParametersView:116 -                Rank 1 : false
2025-05-17 22:09:55,844 [INFO] ADCParametersView:116 -                Injected Rank 1 : true
2025-05-17 22:09:55,844 [INFO] ADCParametersView:116 -                Injected Rank 2 : false
2025-05-17 22:09:55,844 [INFO] ADCParametersView:116 -                Injected Rank 3 : false
2025-05-17 22:09:55,844 [INFO] ADCParametersView:116 -                Injected Rank 4 : false
2025-05-17 22:09:55,844 [INFO] ADCParametersView:116 -                Rank 1 : false
2025-05-17 22:09:55,844 [INFO] ADCParametersView:116 -                Injected Rank 1 : true
2025-05-17 22:09:55,844 [INFO] ADCParametersView:116 -                Injected Rank 2 : false
2025-05-17 22:09:55,844 [INFO] ADCParametersView:116 -                Injected Rank 3 : false
2025-05-17 22:09:55,844 [INFO] ADCParametersView:116 -                Injected Rank 4 : false
2025-05-17 22:09:55,844 [INFO] ADCParametersView:116 -                Rank 1 : false
2025-05-17 22:09:55,845 [INFO] ADCParametersView:116 -                Injected Rank 1 : true
2025-05-17 22:09:55,845 [INFO] ADCParametersView:116 -                Injected Rank 2 : false
2025-05-17 22:09:55,845 [INFO] ADCParametersView:116 -                Injected Rank 3 : false
2025-05-17 22:09:55,845 [INFO] ADCParametersView:116 -                Injected Rank 4 : false
2025-05-17 22:09:55,845 [INFO] ADCParametersView:116 -                Rank 1 : false
2025-05-17 22:09:55,845 [INFO] ADCParametersView:116 -                Injected Rank 1 : true
2025-05-17 22:09:55,845 [INFO] ADCParametersView:116 -                Injected Rank 2 : false
2025-05-17 22:09:55,845 [INFO] ADCParametersView:116 -                Injected Rank 3 : false
2025-05-17 22:09:55,845 [INFO] ADCParametersView:116 -                Injected Rank 4 : false
2025-05-17 22:09:55,845 [INFO] ADCParametersView:116 -                Rank 1 : false
2025-05-17 22:09:55,845 [INFO] ADCParametersView:116 -                Injected Rank 1 : true
2025-05-17 22:09:55,845 [INFO] ADCParametersView:116 -                Injected Rank 2 : false
2025-05-17 22:09:55,845 [INFO] ADCParametersView:116 -                Injected Rank 3 : false
2025-05-17 22:09:55,845 [INFO] ADCParametersView:116 -                Injected Rank 4 : false
2025-05-17 22:09:55,845 [INFO] ADCParametersView:116 -                Rank 1 : false
2025-05-17 22:09:55,845 [INFO] ADCParametersView:116 -                Injected Rank 1 : true
2025-05-17 22:09:55,845 [INFO] ADCParametersView:116 -                Injected Rank 2 : false
2025-05-17 22:09:55,846 [INFO] ADCParametersView:116 -                Injected Rank 3 : false
2025-05-17 22:09:55,846 [INFO] ADCParametersView:116 -                Injected Rank 4 : false
2025-05-17 22:09:55,846 [INFO] ADCParametersView:116 -                Rank 1 : false
2025-05-17 22:09:55,846 [INFO] ADCParametersView:116 -                Injected Rank 1 : true
2025-05-17 22:09:55,846 [INFO] ADCParametersView:116 -                Injected Rank 2 : false
2025-05-17 22:09:55,846 [INFO] ADCParametersView:116 -                Injected Rank 3 : false
2025-05-17 22:09:55,846 [INFO] ADCParametersView:116 -                Injected Rank 4 : false
2025-05-17 22:09:55,846 [INFO] ADCParametersView:116 -                Rank 1 : false
2025-05-17 22:09:55,846 [INFO] ADCParametersView:116 -                Injected Rank 1 : true
2025-05-17 22:09:55,846 [INFO] ADCParametersView:116 -                Injected Rank 2 : false
2025-05-17 22:09:55,846 [INFO] ADCParametersView:116 -                Injected Rank 3 : false
2025-05-17 22:09:55,846 [INFO] ADCParametersView:116 -                Injected Rank 4 : false
2025-05-17 22:09:55,846 [INFO] ADCParametersView:116 -                Injected Rank 1 : true
2025-05-17 22:09:55,846 [INFO] ADCParametersView:116 -                Injected Rank 2 : false
2025-05-17 22:09:55,847 [INFO] ADCParametersView:116 -                Injected Rank 3 : false
2025-05-17 22:09:55,847 [INFO] ADCParametersView:116 -                Injected Rank 4 : false
2025-05-17 22:09:55,847 [INFO] ADCParametersView:116 -                Rank 1 : false
2025-05-17 22:09:55,847 [INFO] ADCParametersView:116 -                Injected Rank 1 : true
2025-05-17 22:09:55,847 [INFO] ADCParametersView:116 -                Injected Rank 2 : false
2025-05-17 22:09:55,847 [INFO] ADCParametersView:116 -                Injected Rank 3 : false
2025-05-17 22:09:55,847 [INFO] ADCParametersView:116 -                Injected Rank 4 : false
2025-05-17 22:09:55,847 [INFO] ADCParametersView:116 -                Rank 1 : false
2025-05-17 22:09:55,847 [INFO] ADCParametersView:116 -                Injected Rank 1 : true
2025-05-17 22:09:55,847 [INFO] ADCParametersView:116 -                Injected Rank 2 : false
2025-05-17 22:09:55,847 [INFO] ADCParametersView:116 -                Injected Rank 3 : false
2025-05-17 22:09:55,847 [INFO] ADCParametersView:116 -                Injected Rank 4 : false
2025-05-17 22:09:55,847 [INFO] ADCParametersView:116 -                Rank 1 : false
2025-05-17 22:09:55,847 [INFO] ADCParametersView:116 -                Injected Rank 1 : true
2025-05-17 22:09:55,847 [INFO] ADCParametersView:116 -                Injected Rank 2 : false
2025-05-17 22:09:55,847 [INFO] ADCParametersView:116 -                Injected Rank 3 : false
2025-05-17 22:09:55,847 [INFO] ADCParametersView:116 -                Injected Rank 4 : false
2025-05-17 22:09:55,848 [INFO] ADCParametersView:116 -                Rank 1 : false
2025-05-17 22:09:55,848 [INFO] ADCParametersView:116 -                Rank 1 : false
2025-05-17 22:09:55,848 [INFO] ADCParametersView:116 -                Injected Rank 1 : true
2025-05-17 22:09:55,848 [INFO] ADCParametersView:116 -                Injected Rank 2 : false
2025-05-17 22:09:55,848 [INFO] ADCParametersView:116 -                Injected Rank 3 : false
2025-05-17 22:09:55,848 [INFO] ADCParametersView:116 -                Injected Rank 4 : false
2025-05-17 22:09:55,848 [INFO] ADCParametersView:116 -                Rank 1 : false
2025-05-17 22:09:55,848 [INFO] ADCParametersView:116 -                Injected Rank 1 : true
2025-05-17 22:09:55,848 [INFO] ADCParametersView:116 -                Injected Rank 2 : false
2025-05-17 22:09:55,848 [INFO] ADCParametersView:116 -                Injected Rank 3 : false
2025-05-17 22:09:55,848 [INFO] ADCParametersView:116 -                Injected Rank 4 : false
2025-05-17 22:09:55,848 [INFO] ADCParametersView:116 -                Injected Rank 1 : true
2025-05-17 22:09:55,848 [INFO] ADCParametersView:116 -                Injected Rank 2 : false
2025-05-17 22:09:55,848 [INFO] ADCParametersView:116 -                Injected Rank 3 : false
2025-05-17 22:09:55,848 [INFO] ADCParametersView:116 -                Injected Rank 4 : false
2025-05-17 22:09:55,848 [INFO] ADCParametersView:116 -                Injected Rank 2 : false
2025-05-17 22:09:55,848 [INFO] ADCParametersView:116 -                Injected Rank 3 : false
2025-05-17 22:09:55,848 [INFO] ADCParametersView:116 -                Injected Rank 4 : false
2025-05-17 22:09:55,849 [INFO] ADCParametersView:116 -                Injected Rank 3 : false
2025-05-17 22:09:55,849 [INFO] ADCParametersView:116 -                Injected Rank 4 : false
2025-05-17 22:09:55,849 [INFO] ADCParametersView:116 -                Injected Rank 4 : false
2025-05-17 22:09:55,893 [INFO] ADCParametersView:116 -                Rank 1 : false
2025-05-17 22:09:55,894 [INFO] ADCParametersView:116 -                Rank 1 : false
2025-05-17 22:09:55,895 [INFO] ADCParametersView:116 -                Injected Rank 1 : true
2025-05-17 22:09:55,896 [INFO] ADCParametersView:116 -                Rank 1 : false
2025-05-17 22:09:55,896 [INFO] ADCParametersView:116 -                Injected Rank 1 : true
2025-05-17 22:09:55,896 [INFO] ADCParametersView:116 -                Injected Rank 2 : false
2025-05-17 22:09:55,897 [INFO] ADCParametersView:116 -                Rank 1 : false
2025-05-17 22:09:55,898 [INFO] ADCParametersView:116 -                Injected Rank 1 : true
2025-05-17 22:09:55,898 [INFO] ADCParametersView:116 -                Injected Rank 2 : false
2025-05-17 22:09:55,898 [INFO] ADCParametersView:116 -                Injected Rank 3 : false
2025-05-17 22:09:55,899 [INFO] ADCParametersView:116 -                Rank 1 : false
2025-05-17 22:09:55,899 [INFO] ADCParametersView:116 -                Injected Rank 1 : true
2025-05-17 22:09:55,899 [INFO] ADCParametersView:116 -                Injected Rank 2 : false
2025-05-17 22:09:55,899 [INFO] ADCParametersView:116 -                Injected Rank 3 : false
2025-05-17 22:09:55,899 [INFO] ADCParametersView:116 -                Injected Rank 4 : false
2025-05-17 22:09:55,901 [INFO] ADCParametersView:116 -                Rank 1 : false
2025-05-17 22:09:55,901 [INFO] ADCParametersView:116 -                Injected Rank 1 : true
2025-05-17 22:09:55,901 [INFO] ADCParametersView:116 -                Injected Rank 2 : false
2025-05-17 22:09:55,902 [INFO] ADCParametersView:116 -                Injected Rank 3 : false
2025-05-17 22:09:55,902 [INFO] ADCParametersView:116 -                Injected Rank 4 : false
2025-05-17 22:09:55,904 [INFO] ADCParametersView:116 -                Rank 1 : false
2025-05-17 22:09:55,904 [INFO] ADCParametersView:116 -                Injected Rank 1 : true
2025-05-17 22:09:55,904 [INFO] ADCParametersView:116 -                Injected Rank 2 : false
2025-05-17 22:09:55,904 [INFO] ADCParametersView:116 -                Injected Rank 3 : false
2025-05-17 22:09:55,905 [INFO] ADCParametersView:116 -                Injected Rank 4 : false
2025-05-17 22:09:55,905 [INFO] ADCParametersView:116 -                Rank 1 : false
2025-05-17 22:09:55,905 [INFO] ADCParametersView:116 -                Injected Rank 1 : true
2025-05-17 22:09:55,905 [INFO] ADCParametersView:116 -                Injected Rank 2 : false
2025-05-17 22:09:55,905 [INFO] ADCParametersView:116 -                Injected Rank 3 : false
2025-05-17 22:09:55,905 [INFO] ADCParametersView:116 -                Injected Rank 4 : false
2025-05-17 22:09:55,905 [INFO] ADCParametersView:116 -                Rank 1 : false
2025-05-17 22:09:55,905 [INFO] ADCParametersView:116 -                Injected Rank 1 : true
2025-05-17 22:09:55,905 [INFO] ADCParametersView:116 -                Injected Rank 2 : false
2025-05-17 22:09:55,905 [INFO] ADCParametersView:116 -                Injected Rank 3 : false
2025-05-17 22:09:55,905 [INFO] ADCParametersView:116 -                Injected Rank 4 : false
2025-05-17 22:09:55,906 [INFO] ADCParametersView:116 -                Rank 1 : false
2025-05-17 22:09:55,906 [INFO] ADCParametersView:116 -                Injected Rank 1 : true
2025-05-17 22:09:55,906 [INFO] ADCParametersView:116 -                Injected Rank 2 : false
2025-05-17 22:09:55,906 [INFO] ADCParametersView:116 -                Injected Rank 3 : false
2025-05-17 22:09:55,906 [INFO] ADCParametersView:116 -                Injected Rank 4 : false
2025-05-17 22:09:55,906 [INFO] ADCParametersView:116 -                Rank 1 : false
2025-05-17 22:09:55,906 [INFO] ADCParametersView:116 -                Injected Rank 1 : true
2025-05-17 22:09:55,906 [INFO] ADCParametersView:116 -                Injected Rank 2 : false
2025-05-17 22:09:55,906 [INFO] ADCParametersView:116 -                Injected Rank 3 : false
2025-05-17 22:09:55,906 [INFO] ADCParametersView:116 -                Injected Rank 4 : false
2025-05-17 22:09:55,906 [INFO] ADCParametersView:116 -                Rank 1 : false
2025-05-17 22:09:55,906 [INFO] ADCParametersView:116 -                Injected Rank 1 : true
2025-05-17 22:09:55,906 [INFO] ADCParametersView:116 -                Injected Rank 2 : false
2025-05-17 22:09:55,906 [INFO] ADCParametersView:116 -                Injected Rank 3 : false
2025-05-17 22:09:55,906 [INFO] ADCParametersView:116 -                Injected Rank 4 : false
2025-05-17 22:09:55,907 [INFO] ADCParametersView:116 -                Rank 1 : false
2025-05-17 22:09:55,907 [INFO] ADCParametersView:116 -                Injected Rank 1 : true
2025-05-17 22:09:55,907 [INFO] ADCParametersView:116 -                Injected Rank 2 : false
2025-05-17 22:09:55,907 [INFO] ADCParametersView:116 -                Injected Rank 3 : false
2025-05-17 22:09:55,907 [INFO] ADCParametersView:116 -                Injected Rank 4 : false
2025-05-17 22:09:55,907 [INFO] ADCParametersView:116 -                Rank 1 : false
2025-05-17 22:09:55,907 [INFO] ADCParametersView:116 -                Injected Rank 1 : true
2025-05-17 22:09:55,907 [INFO] ADCParametersView:116 -                Injected Rank 2 : false
2025-05-17 22:09:55,907 [INFO] ADCParametersView:116 -                Injected Rank 3 : false
2025-05-17 22:09:55,907 [INFO] ADCParametersView:116 -                Injected Rank 4 : false
2025-05-17 22:09:55,907 [INFO] ADCParametersView:116 -                Rank 1 : false
2025-05-17 22:09:55,907 [INFO] ADCParametersView:116 -                Injected Rank 1 : true
2025-05-17 22:09:55,907 [INFO] ADCParametersView:116 -                Injected Rank 2 : false
2025-05-17 22:09:55,908 [INFO] ADCParametersView:116 -                Injected Rank 3 : false
2025-05-17 22:09:55,908 [INFO] ADCParametersView:116 -                Injected Rank 4 : false
2025-05-17 22:09:55,908 [INFO] ADCParametersView:116 -                Rank 1 : false
2025-05-17 22:09:55,908 [INFO] ADCParametersView:116 -                Injected Rank 1 : true
2025-05-17 22:09:55,908 [INFO] ADCParametersView:116 -                Injected Rank 2 : false
2025-05-17 22:09:55,908 [INFO] ADCParametersView:116 -                Injected Rank 3 : false
2025-05-17 22:09:55,908 [INFO] ADCParametersView:116 -                Injected Rank 4 : false
2025-05-17 22:09:55,908 [INFO] ADCParametersView:116 -                Injected Rank 1 : true
2025-05-17 22:09:55,908 [INFO] ADCParametersView:116 -                Injected Rank 2 : false
2025-05-17 22:09:55,908 [INFO] ADCParametersView:116 -                Injected Rank 3 : false
2025-05-17 22:09:55,908 [INFO] ADCParametersView:116 -                Injected Rank 4 : false
2025-05-17 22:09:55,908 [INFO] ADCParametersView:116 -                Rank 1 : false
2025-05-17 22:09:55,908 [INFO] ADCParametersView:116 -                Injected Rank 1 : true
2025-05-17 22:09:55,908 [INFO] ADCParametersView:116 -                Injected Rank 2 : false
2025-05-17 22:09:55,908 [INFO] ADCParametersView:116 -                Injected Rank 3 : false
2025-05-17 22:09:55,908 [INFO] ADCParametersView:116 -                Injected Rank 4 : false
2025-05-17 22:09:55,908 [INFO] ADCParametersView:116 -                Rank 1 : false
2025-05-17 22:09:55,909 [INFO] ADCParametersView:116 -                Injected Rank 1 : true
2025-05-17 22:09:55,909 [INFO] ADCParametersView:116 -                Injected Rank 2 : false
2025-05-17 22:09:55,909 [INFO] ADCParametersView:116 -                Injected Rank 3 : false
2025-05-17 22:09:55,909 [INFO] ADCParametersView:116 -                Injected Rank 4 : false
2025-05-17 22:09:55,909 [INFO] ADCParametersView:116 -                Rank 1 : false
2025-05-17 22:09:55,909 [INFO] ADCParametersView:116 -                Injected Rank 1 : true
2025-05-17 22:09:55,909 [INFO] ADCParametersView:116 -                Injected Rank 2 : false
2025-05-17 22:09:55,909 [INFO] ADCParametersView:116 -                Injected Rank 3 : false
2025-05-17 22:09:55,909 [INFO] ADCParametersView:116 -                Injected Rank 4 : false
2025-05-17 22:09:55,909 [INFO] ADCParametersView:116 -                Rank 1 : false
2025-05-17 22:09:55,909 [INFO] ADCParametersView:116 -                Rank 1 : false
2025-05-17 22:09:55,909 [INFO] ADCParametersView:116 -                Injected Rank 1 : true
2025-05-17 22:09:55,909 [INFO] ADCParametersView:116 -                Injected Rank 2 : false
2025-05-17 22:09:55,909 [INFO] ADCParametersView:116 -                Injected Rank 3 : false
2025-05-17 22:09:55,910 [INFO] ADCParametersView:116 -                Injected Rank 4 : false
2025-05-17 22:09:55,910 [INFO] ADCParametersView:116 -                Rank 1 : false
2025-05-17 22:09:55,910 [INFO] ADCParametersView:116 -                Injected Rank 1 : true
2025-05-17 22:09:55,910 [INFO] ADCParametersView:116 -                Injected Rank 2 : false
2025-05-17 22:09:55,910 [INFO] ADCParametersView:116 -                Injected Rank 3 : false
2025-05-17 22:09:55,910 [INFO] ADCParametersView:116 -                Injected Rank 4 : false
2025-05-17 22:09:55,910 [INFO] ADCParametersView:116 -                Injected Rank 1 : true
2025-05-17 22:09:55,910 [INFO] ADCParametersView:116 -                Injected Rank 2 : false
2025-05-17 22:09:55,910 [INFO] ADCParametersView:116 -                Injected Rank 3 : false
2025-05-17 22:09:55,910 [INFO] ADCParametersView:116 -                Injected Rank 4 : false
2025-05-17 22:09:55,910 [INFO] ADCParametersView:116 -                Injected Rank 2 : false
2025-05-17 22:09:55,910 [INFO] ADCParametersView:116 -                Injected Rank 3 : false
2025-05-17 22:09:55,910 [INFO] ADCParametersView:116 -                Injected Rank 4 : false
2025-05-17 22:09:55,910 [INFO] ADCParametersView:116 -                Injected Rank 3 : false
2025-05-17 22:09:55,911 [INFO] ADCParametersView:116 -                Injected Rank 4 : false
2025-05-17 22:09:55,911 [INFO] ADCParametersView:116 -                Injected Rank 4 : false
2025-05-17 22:09:55,952 [INFO] ADCParametersView:116 -                Rank 1 : false
2025-05-17 22:09:55,953 [INFO] ADCParametersView:116 -                Rank 1 : false
2025-05-17 22:09:55,953 [INFO] ADCParametersView:116 -                Injected Rank 1 : true
2025-05-17 22:09:55,954 [INFO] ADCParametersView:116 -                Rank 1 : false
2025-05-17 22:09:55,954 [INFO] ADCParametersView:116 -                Injected Rank 1 : true
2025-05-17 22:09:55,954 [INFO] ADCParametersView:116 -                Injected Rank 2 : false
2025-05-17 22:09:55,956 [INFO] ADCParametersView:116 -                Rank 1 : false
2025-05-17 22:09:55,956 [INFO] ADCParametersView:116 -                Injected Rank 1 : true
2025-05-17 22:09:55,956 [INFO] ADCParametersView:116 -                Injected Rank 2 : false
2025-05-17 22:09:55,956 [INFO] ADCParametersView:116 -                Injected Rank 3 : false
2025-05-17 22:09:55,957 [INFO] ADCParametersView:116 -                Rank 1 : false
2025-05-17 22:09:55,957 [INFO] ADCParametersView:116 -                Injected Rank 1 : true
2025-05-17 22:09:55,957 [INFO] ADCParametersView:116 -                Injected Rank 2 : false
2025-05-17 22:09:55,957 [INFO] ADCParametersView:116 -                Injected Rank 3 : false
2025-05-17 22:09:55,957 [INFO] ADCParametersView:116 -                Injected Rank 4 : false
2025-05-17 22:10:09,396 [INFO] ADCParametersView:116 -                Rank 1 : false
2025-05-17 22:10:09,396 [INFO] ADCParametersView:116 -                Injected Rank 1 : true
2025-05-17 22:10:09,396 [INFO] ADCParametersView:116 -                Injected Rank 2 : true
2025-05-17 22:10:09,396 [INFO] ADCParametersView:116 -                Injected Rank 3 : false
2025-05-17 22:10:09,396 [INFO] ADCParametersView:116 -                Injected Rank 4 : false
2025-05-17 22:10:11,499 [INFO] ADCParametersView:116 -                Rank 1 : false
2025-05-17 22:10:11,499 [INFO] ADCParametersView:116 -                Injected Rank 1 : true
2025-05-17 22:10:11,499 [INFO] ADCParametersView:116 -                Injected Rank 2 : true
2025-05-17 22:10:11,499 [INFO] ADCParametersView:116 -                Injected Rank 3 : true
2025-05-17 22:10:11,499 [INFO] ADCParametersView:116 -                Injected Rank 4 : false
2025-05-17 22:10:13,085 [INFO] ADCParametersView:116 -                Rank 1 : false
2025-05-17 22:10:13,085 [INFO] ADCParametersView:116 -                Injected Rank 1 : true
2025-05-17 22:10:13,085 [INFO] ADCParametersView:116 -                Injected Rank 2 : true
2025-05-17 22:10:13,085 [INFO] ADCParametersView:116 -                Injected Rank 3 : true
2025-05-17 22:10:13,085 [INFO] ADCParametersView:116 -                Injected Rank 4 : true
2025-05-17 22:10:18,416 [INFO] UtilMem:75 - End SaveConfig() Used Memory: 295912040 Bytes (727711744)
2025-05-17 22:10:18,711 [INFO] UtilMem:75 - End SaveConfig() Used Memory: 319090872 Bytes (727711744)
2025-05-17 22:10:19,161 [INFO] UtilMem:75 - End SaveConfig() Used Memory: 358095272 Bytes (727711744)
2025-05-17 22:10:19,779 [INFO] BlockDiagram:2775 - set Specific Code input for plugin: SPI
2025-05-17 22:10:19,779 [INFO] BlockDiagram:2775 - set Specific Code input for plugin: TIM1_8
2025-05-17 22:10:19,779 [INFO] BlockDiagram:2775 - set Specific Code input for plugin: I2S
2025-05-17 22:10:19,779 [INFO] BlockDiagram:2775 - set Specific Code input for plugin: SYS
2025-05-17 22:10:19,779 [INFO] BlockDiagram:2775 - set Specific Code input for plugin: ADC
2025-05-17 22:10:19,779 [INFO] BlockDiagram:2775 - set Specific Code input for plugin: RCC
2025-05-17 22:10:19,779 [INFO] BlockDiagram:2775 - set Specific Code input for plugin: I2C
2025-05-17 22:10:19,779 [INFO] BlockDiagram:2775 - set Specific Code input for plugin: USB_OTG_FS
2025-05-17 22:10:19,779 [INFO] BlockDiagram:2775 - set Specific Code input for plugin: NVIC
2025-05-17 22:10:19,779 [INFO] BlockDiagram:2775 - set Specific Code input for plugin: USB_HOST
2025-05-17 22:10:19,779 [INFO] BlockDiagram:2775 - set Specific Code input for plugin: DMA
2025-05-17 22:10:19,780 [INFO] BlockDiagram:2775 - set Specific Code input for plugin: GPIO
2025-05-17 22:10:19,781 [INFO] CodeGenerator:882 - code generatio: config db path: /Applications/STM32CubeIDE.app/Contents/Eclipse/plugins/com.st.stm32cube.common.mx_6.14.1.202504091515//db/
2025-05-17 22:10:19,803 [INFO] Argument:325 - Argument : hdmavalue: null
2025-05-17 22:10:19,803 [INFO] Argument:327 - 	 sub Args: 
2025-05-17 22:10:19,803 [INFO] Argument:325 - Argument : Instancevalue: DMA2_Stream0
2025-05-17 22:10:19,803 [INFO] Argument:335 - Argument : Instancevalue: DMA2_Stream0
2025-05-17 22:10:19,803 [INFO] Argument:325 - Argument : Initvalue: null
2025-05-17 22:10:19,803 [INFO] Argument:327 - 	 sub Args: 
2025-05-17 22:10:19,803 [INFO] Argument:325 - Argument : Channelvalue: DMA_CHANNEL_0
2025-05-17 22:10:19,803 [INFO] Argument:335 - Argument : Channelvalue: DMA_CHANNEL_0
2025-05-17 22:10:19,804 [INFO] Argument:325 - Argument : Directionvalue: DMA_PERIPH_TO_MEMORY
2025-05-17 22:10:19,804 [INFO] Argument:335 - Argument : Directionvalue: DMA_PERIPH_TO_MEMORY
2025-05-17 22:10:19,804 [INFO] Argument:325 - Argument : PeriphIncvalue: DMA_PINC_DISABLE
2025-05-17 22:10:19,804 [INFO] Argument:335 - Argument : PeriphIncvalue: DMA_PINC_DISABLE
2025-05-17 22:10:19,804 [INFO] Argument:325 - Argument : MemIncvalue: DMA_MINC_ENABLE
2025-05-17 22:10:19,804 [INFO] Argument:335 - Argument : MemIncvalue: DMA_MINC_ENABLE
2025-05-17 22:10:19,804 [INFO] Argument:325 - Argument : PeriphDataAlignmentvalue: DMA_PDATAALIGN_HALFWORD
2025-05-17 22:10:19,804 [INFO] Argument:335 - Argument : PeriphDataAlignmentvalue: DMA_PDATAALIGN_HALFWORD
2025-05-17 22:10:19,804 [INFO] Argument:325 - Argument : MemDataAlignmentvalue: DMA_MDATAALIGN_HALFWORD
2025-05-17 22:10:19,804 [INFO] Argument:335 - Argument : MemDataAlignmentvalue: DMA_MDATAALIGN_HALFWORD
2025-05-17 22:10:19,804 [INFO] Argument:325 - Argument : Modevalue: DMA_NORMAL
2025-05-17 22:10:19,804 [INFO] Argument:335 - Argument : Modevalue: DMA_NORMAL
2025-05-17 22:10:19,804 [INFO] Argument:325 - Argument : Priorityvalue: DMA_PRIORITY_LOW
2025-05-17 22:10:19,804 [INFO] Argument:335 - Argument : Priorityvalue: DMA_PRIORITY_LOW
2025-05-17 22:10:19,804 [INFO] Argument:325 - Argument : FIFOModevalue: DMA_FIFOMODE_DISABLE
2025-05-17 22:10:19,804 [INFO] Argument:335 - Argument : FIFOModevalue: DMA_FIFOMODE_DISABLE
2025-05-17 22:10:19,804 [INFO] Argument:325 - Argument : FIFOThresholdvalue: null
2025-05-17 22:10:19,804 [INFO] Argument:335 - Argument : FIFOThresholdvalue: null
2025-05-17 22:10:19,804 [INFO] Argument:325 - Argument : MemBurstvalue: null
2025-05-17 22:10:19,804 [INFO] Argument:335 - Argument : MemBurstvalue: null
2025-05-17 22:10:19,804 [INFO] Argument:325 - Argument : PeriphBurstvalue: null
2025-05-17 22:10:19,804 [INFO] Argument:335 - Argument : PeriphBurstvalue: null
2025-05-17 22:10:19,804 [INFO] Argument:325 - Argument : Lockvalue: null
2025-05-17 22:10:19,804 [INFO] Argument:335 - Argument : Lockvalue: null
2025-05-17 22:10:19,804 [INFO] Argument:325 - Argument : Statevalue: null
2025-05-17 22:10:19,804 [INFO] Argument:335 - Argument : Statevalue: null
2025-05-17 22:10:19,805 [INFO] Argument:325 - Argument : Parentvalue: null
2025-05-17 22:10:19,805 [INFO] Argument:335 - Argument : Parentvalue: null
2025-05-17 22:10:19,805 [INFO] Argument:325 - Argument : XferCpltCallbackvalue: null
2025-05-17 22:10:19,805 [INFO] Argument:335 - Argument : XferCpltCallbackvalue: null
2025-05-17 22:10:19,805 [INFO] Argument:325 - Argument : XferHalfCpltCallbackvalue: null
2025-05-17 22:10:19,805 [INFO] Argument:335 - Argument : XferHalfCpltCallbackvalue: null
2025-05-17 22:10:19,805 [INFO] Argument:325 - Argument : XferM1CpltCallbackvalue: null
2025-05-17 22:10:19,805 [INFO] Argument:335 - Argument : XferM1CpltCallbackvalue: null
2025-05-17 22:10:19,805 [INFO] Argument:325 - Argument : XferErrorCallbackvalue: null
2025-05-17 22:10:19,805 [INFO] Argument:335 - Argument : XferErrorCallbackvalue: null
2025-05-17 22:10:19,805 [INFO] Argument:325 - Argument : ErrorCodevalue: null
2025-05-17 22:10:19,805 [INFO] Argument:335 - Argument : ErrorCodevalue: null
2025-05-17 22:10:19,806 [WARN] IP:2250 - I2C_Coeff_DF not found: check if there is a RefParameter without a condition.
2025-05-17 22:10:19,807 [WARN] IP:2250 - Analog_Filter not found: check if there is a RefParameter without a condition.
2025-05-17 22:10:19,948 [INFO] CodeEngine:263 - oldGeneratedFile, /Users/winstonhar/ENCE-3231/Phase A/Projects/2025_STM32F407_ADC_Challenge/MXTmpFiles/license.tmp_save
2025-05-17 22:10:20,345 [INFO] CodeEngine:287 - Generated code: /Users/winstonhar/ENCE-3231/Phase A/Projects/2025_STM32F407_ADC_Challenge/MXTmpFiles/license.tmp
2025-05-17 22:10:20,411 [INFO] CodeEngine:263 - oldGeneratedFile, /Users/winstonhar/ENCE-3231/Phase A/Projects/2025_STM32F407_ADC_Challenge/MXTmpFiles/gpio.tmp_save
2025-05-17 22:10:20,685 [INFO] CodeEngine:287 - Generated code: /Users/winstonhar/ENCE-3231/Phase A/Projects/2025_STM32F407_ADC_Challenge/MXTmpFiles/gpio.tmp
2025-05-17 22:10:20,798 [WARN] IPConfigManager:3217 - Warning: the RefConfig PWREx_EnableUSBVoltageDetector is not available in your config.xml file
2025-05-17 22:10:20,804 [INFO] CodeEngine:263 - oldGeneratedFile, /Users/winstonhar/ENCE-3231/Phase A/Projects/2025_STM32F407_ADC_Challenge/MXTmpFiles/usb_otg_fs_vars.tmp_save
2025-05-17 22:10:20,985 [INFO] CodeEngine:287 - Generated code: /Users/winstonhar/ENCE-3231/Phase A/Projects/2025_STM32F407_ADC_Challenge/MXTmpFiles/usb_otg_fs_vars.tmp
2025-05-17 22:10:20,986 [INFO] CodeEngine:263 - oldGeneratedFile, /Users/winstonhar/ENCE-3231/Phase A/Projects/2025_STM32F407_ADC_Challenge/MXTmpFiles/usb_otg_fs_inc.tmp_save
2025-05-17 22:10:21,136 [INFO] CodeEngine:287 - Generated code: /Users/winstonhar/ENCE-3231/Phase A/Projects/2025_STM32F407_ADC_Challenge/MXTmpFiles/usb_otg_fs_inc.tmp
2025-05-17 22:10:21,138 [INFO] CodeEngine:263 - oldGeneratedFile, /Users/winstonhar/ENCE-3231/Phase A/Projects/2025_STM32F407_ADC_Challenge/MXTmpFiles/usb_otg_fs_HalInit.tmp_save
2025-05-17 22:10:21,318 [INFO] CodeEngine:287 - Generated code: /Users/winstonhar/ENCE-3231/Phase A/Projects/2025_STM32F407_ADC_Challenge/MXTmpFiles/usb_otg_fs_HalInit.tmp
2025-05-17 22:10:21,320 [INFO] CodeEngine:263 - oldGeneratedFile, /Users/winstonhar/ENCE-3231/Phase A/Projects/2025_STM32F407_ADC_Challenge/MXTmpFiles/usb_otg_fs_Msp.tmp_save
2025-05-17 22:10:21,482 [INFO] CodeEngine:287 - Generated code: /Users/winstonhar/ENCE-3231/Phase A/Projects/2025_STM32F407_ADC_Challenge/MXTmpFiles/usb_otg_fs_Msp.tmp
2025-05-17 22:10:21,923 [INFO] CodeEngine:263 - oldGeneratedFile, /Users/winstonhar/ENCE-3231/Phase A/Projects/2025_STM32F407_ADC_Challenge/MXTmpFiles/dma.tmp_save
2025-05-17 22:10:22,042 [INFO] CodeEngine:287 - Generated code: /Users/winstonhar/ENCE-3231/Phase A/Projects/2025_STM32F407_ADC_Challenge/MXTmpFiles/dma.tmp
2025-05-17 22:10:22,044 [INFO] CodeEngine:263 - oldGeneratedFile, /Users/winstonhar/ENCE-3231/Phase A/Projects/2025_STM32F407_ADC_Challenge/MXTmpFiles/dma_GV.tmp_save
2025-05-17 22:10:22,152 [INFO] CodeEngine:287 - Generated code: /Users/winstonhar/ENCE-3231/Phase A/Projects/2025_STM32F407_ADC_Challenge/MXTmpFiles/dma_GV.tmp
2025-05-17 22:10:22,166 [INFO] CodeEngine:263 - oldGeneratedFile, /Users/winstonhar/ENCE-3231/Phase A/Projects/2025_STM32F407_ADC_Challenge/USB_HOST/App/usb_host.c_save
2025-05-17 22:10:22,289 [INFO] CodeEngine:287 - Generated code: /Users/winstonhar/ENCE-3231/Phase A/Projects/2025_STM32F407_ADC_Challenge/USB_HOST/App/usb_host.c
2025-05-17 22:10:22,292 [INFO] CodeEngine:263 - oldGeneratedFile, /Users/winstonhar/ENCE-3231/Phase A/Projects/2025_STM32F407_ADC_Challenge/USB_HOST/App/usb_host.h_save
2025-05-17 22:10:22,409 [INFO] CodeEngine:287 - Generated code: /Users/winstonhar/ENCE-3231/Phase A/Projects/2025_STM32F407_ADC_Challenge/USB_HOST/App/usb_host.h
2025-05-17 22:10:22,411 [INFO] CodeEngine:263 - oldGeneratedFile, /Users/winstonhar/ENCE-3231/Phase A/Projects/2025_STM32F407_ADC_Challenge/USB_HOST/Target/usbh_conf.h_save
2025-05-17 22:10:22,526 [INFO] CodeEngine:287 - Generated code: /Users/winstonhar/ENCE-3231/Phase A/Projects/2025_STM32F407_ADC_Challenge/USB_HOST/Target/usbh_conf.h
2025-05-17 22:10:22,529 [INFO] CodeEngine:263 - oldGeneratedFile, /Users/winstonhar/ENCE-3231/Phase A/Projects/2025_STM32F407_ADC_Challenge/USB_HOST/Target/usbh_conf.c_save
2025-05-17 22:10:22,628 [INFO] CodeEngine:287 - Generated code: /Users/winstonhar/ENCE-3231/Phase A/Projects/2025_STM32F407_ADC_Challenge/USB_HOST/Target/usbh_conf.c
2025-05-17 22:10:22,631 [INFO] CodeEngine:263 - oldGeneratedFile, /Users/winstonhar/ENCE-3231/Phase A/Projects/2025_STM32F407_ADC_Challenge/USB_HOST/Target/usbh_platform.c_save
2025-05-17 22:10:22,705 [INFO] CodeEngine:287 - Generated code: /Users/winstonhar/ENCE-3231/Phase A/Projects/2025_STM32F407_ADC_Challenge/USB_HOST/Target/usbh_platform.c
2025-05-17 22:10:22,707 [INFO] CodeEngine:263 - oldGeneratedFile, /Users/winstonhar/ENCE-3231/Phase A/Projects/2025_STM32F407_ADC_Challenge/USB_HOST/Target/usbh_platform.h_save
2025-05-17 22:10:22,777 [INFO] CodeEngine:287 - Generated code: /Users/winstonhar/ENCE-3231/Phase A/Projects/2025_STM32F407_ADC_Challenge/USB_HOST/Target/usbh_platform.h
2025-05-17 22:10:22,791 [INFO] CodeEngine:263 - oldGeneratedFile, /Users/winstonhar/ENCE-3231/Phase A/Projects/2025_STM32F407_ADC_Challenge/Core/Src/stm32f4xx_it.c_save
2025-05-17 22:10:23,012 [INFO] CodeEngine:287 - Generated code: /Users/winstonhar/ENCE-3231/Phase A/Projects/2025_STM32F407_ADC_Challenge/Core/Src/stm32f4xx_it.c
2025-05-17 22:10:23,015 [INFO] CodeEngine:263 - oldGeneratedFile, /Users/winstonhar/ENCE-3231/Phase A/Projects/2025_STM32F407_ADC_Challenge/Core/Inc/stm32f4xx_it.h_save
2025-05-17 22:10:23,093 [INFO] CodeEngine:287 - Generated code: /Users/winstonhar/ENCE-3231/Phase A/Projects/2025_STM32F407_ADC_Challenge/Core/Inc/stm32f4xx_it.h
2025-05-17 22:10:23,114 [INFO] CodeEngine:263 - oldGeneratedFile, /Users/winstonhar/ENCE-3231/Phase A/Projects/2025_STM32F407_ADC_Challenge/Core/Src/stm32f4xx_hal_msp.c_save
2025-05-17 22:10:23,260 [INFO] CodeEngine:287 - Generated code: /Users/winstonhar/ENCE-3231/Phase A/Projects/2025_STM32F407_ADC_Challenge/Core/Src/stm32f4xx_hal_msp.c
2025-05-17 22:10:23,263 [INFO] CodeEngine:263 - oldGeneratedFile, /Users/winstonhar/ENCE-3231/Phase A/Projects/2025_STM32F407_ADC_Challenge/MXTmpFiles/system.tmp_save
2025-05-17 22:10:23,338 [INFO] CodeEngine:287 - Generated code: /Users/winstonhar/ENCE-3231/Phase A/Projects/2025_STM32F407_ADC_Challenge/MXTmpFiles/system.tmp
2025-05-17 22:10:23,344 [INFO] CodeEngine:319 - oldGeneratedFile, /Users/winstonhar/ENCE-3231/Phase A/Projects/2025_STM32F407_ADC_Challenge/Core/Inc/stm32f4xx_hal_conf.h_save
2025-05-17 22:10:23,418 [INFO] CodeEngine:343 - Generated code: /Users/winstonhar/ENCE-3231/Phase A/Projects/2025_STM32F407_ADC_Challenge/Core/Inc/stm32f4xx_hal_conf.h
2025-05-17 22:10:23,445 [WARN] IPConfigManager:3790 - IP not found : TIM
2025-05-17 22:10:23,446 [WARN] CodeGenerator:4198 - IP not found : null
2025-05-17 22:10:23,450 [INFO] CodeEngine:263 - oldGeneratedFile, /Users/winstonhar/ENCE-3231/Phase A/Projects/2025_STM32F407_ADC_Challenge/Core/Inc/main.h_save
2025-05-17 22:10:23,544 [INFO] CodeEngine:287 - Generated code: /Users/winstonhar/ENCE-3231/Phase A/Projects/2025_STM32F407_ADC_Challenge/Core/Inc/main.h
2025-05-17 22:10:23,547 [INFO] CodeEngine:263 - oldGeneratedFile, /Users/winstonhar/ENCE-3231/Phase A/Projects/2025_STM32F407_ADC_Challenge/Core/Src/main.c_save
2025-05-17 22:10:23,697 [INFO] CodeEngine:287 - Generated code: /Users/winstonhar/ENCE-3231/Phase A/Projects/2025_STM32F407_ADC_Challenge/Core/Src/main.c
2025-05-17 22:10:24,102 [INFO] ProjectBuilder:3324 - Time for Copy HAL[1] : 185mS.
2025-05-17 22:10:24,108 [INFO] ProjectBuilder:4912 - Project Generator version: 4.6.0.1-B1
2025-05-17 22:10:24,267 [INFO] ConfigFileManager:1590 - The Die is : DIE413
2025-05-17 22:10:25,107 [INFO] ProjectBuilder:5191 - Time for Generating toolchain IDE Files: 999mS.
2025-05-17 22:10:25,108 [INFO] ProjectBuilder:3181 - Time for Copy CMSIS : 0mS.
2025-05-17 22:10:25,112 [INFO] ProjectBuilder:3181 - Time for Copy CMSIS : 0mS.
2025-05-17 22:31:11,049 [INFO] NvicIntPanel:101 - NVIC parent = com.st.microxplorer.plugins.ip.nvic.MultiNvicIntPanel[,0,0,0x0,invalid,layout=javax.swing.BoxLayout,alignmentX=0.0,alignmentY=0.0,border=,flags=9,maximumSize=,minimumSize=,preferredSize=]
2025-05-17 23:21:12,495 [ERROR] LogOutputStream:75 - [STDERR_REDIRECT] 
