2025-05-08 12:43:18,086 [INFO] Activator:176 - 


2025-05-08 12:43:18,094 [INFO] Activator:177 - !SESSION log4j initialized
2025-05-08 12:43:19,188 [INFO] LogOutputStream:77 - [STDOUT_REDIRECT] 
2025-05-08 12:43:20,651 [INFO] LogOutputStream:77 - [STDOUT_REDIRECT] 
2025-05-08 12:43:21,470 [ERROR] LogOutputStream:75 - [STDERR_REDIRECT] java.net.URISyntaxException: Illegal character in path at index 38: file:/Users/winstonhar/ENCE-3231/Phase A/Projects/.metadata/.log4j2.xml
2025-05-08 12:43:21,471 [ERROR] LogOutputStream:75 - [STDERR_REDIRECT] 	at java.base/java.net.URI$Parser.fail(URI.java:2995)
2025-05-08 12:43:21,472 [ERROR] LogOutputStream:75 - [STDERR_REDIRECT] 	at java.base/java.net.URI$Parser.checkChars(URI.java:3166)
2025-05-08 12:43:21,473 [ERROR] LogOutputStream:75 - [STDERR_REDIRECT] 	at java.base/java.net.URI$Parser.parseHierarchical(URI.java:3248)
2025-05-08 12:43:21,473 [ERROR] LogOutputStream:75 - [STDERR_REDIRECT] 	at java.base/java.net.URI$Parser.parse(URI.java:3196)
2025-05-08 12:43:21,474 [ERROR] LogOutputStream:75 - [STDERR_REDIRECT] 	at java.base/java.net.URI.<init>(URI.java:645)
2025-05-08 12:43:21,475 [ERROR] LogOutputStream:75 - [STDERR_REDIRECT] 	at java.base/java.net.URL.toURI(URL.java:1220)
2025-05-08 12:43:21,476 [ERROR] LogOutputStream:75 - [STDERR_REDIRECT] 	at com.st.stm32cube.common.mx.core.CubeMxInstance.getInstance(CubeMxInstance.java:81)
2025-05-08 12:43:21,477 [ERROR] LogOutputStream:75 - [STDERR_REDIRECT] 	at com.st.stm32cube.common.mx.userauth.UserAuthAdapter.<init>(UserAuthAdapter.java:25)
2025-05-08 12:43:21,477 [ERROR] LogOutputStream:75 - [STDERR_REDIRECT] 	at com.st.stm32cube.common.mx.userauth.UserAuthProvider.getUserAuthAdapter(UserAuthProvider.java:16)
2025-05-08 12:43:21,478 [ERROR] LogOutputStream:75 - [STDERR_REDIRECT] 	at com.st.stm32cube.common.ecosystemintegration.ui.core.MCUEcoSystemIntegrationUiHelper.getUserAuth(MCUEcoSystemIntegrationUiHelper.java:100)
2025-05-08 12:43:21,478 [ERROR] LogOutputStream:75 - [STDERR_REDIRECT] 	at com.st.stm32cube.ide.mcu.userauth.UserAuthStartup.earlyStartup(UserAuthStartup.java:32)
2025-05-08 12:43:21,478 [ERROR] LogOutputStream:75 - [STDERR_REDIRECT] 	at org.eclipse.ui.internal.EarlyStartupRunnable.runEarlyStartup(EarlyStartupRunnable.java:79)
2025-05-08 12:43:21,479 [ERROR] LogOutputStream:75 - [STDERR_REDIRECT] 	at org.eclipse.ui.internal.EarlyStartupRunnable.run(EarlyStartupRunnable.java:55)
2025-05-08 12:43:21,479 [ERROR] LogOutputStream:75 - [STDERR_REDIRECT] 	at org.eclipse.core.runtime.SafeRunner.run(SafeRunner.java:47)
2025-05-08 12:43:21,479 [ERROR] LogOutputStream:75 - [STDERR_REDIRECT] 	at org.eclipse.ui.internal.Workbench$39.run(Workbench.java:2733)
2025-05-08 12:43:21,480 [ERROR] LogOutputStream:75 - [STDERR_REDIRECT] 	at org.eclipse.core.internal.jobs.Worker.run(Worker.java:63)
2025-05-08 12:43:21,546 [ERROR] LogOutputStream:75 - [STDERR_REDIRECT] 
2025-05-08 12:43:23,067 [INFO] ApplicationProperties:184 - Using Application install path: /Applications/STM32CubeIDE.app/Contents/Eclipse/plugins/com.st.stm32cube.common.mx_6.14.1.202504091515
2025-05-08 12:43:23,082 [INFO] DbMcusXml:78 - Set database path to: /Applications/STM32CubeIDE.app/Contents/Eclipse/plugins/com.st.stm32cube.common.mx_6.14.1.202504091515//db//mcu/
2025-05-08 12:43:23,082 [INFO] ApiDb:274 - Set plugin database path to: /Applications/STM32CubeIDE.app/Contents/Eclipse/plugins/com.st.stm32cube.common.mx_6.14.1.202504091515//db//plugins/boardmanager/
2025-05-08 12:43:23,082 [WARN] ApiDb:259 - Overriding images path with different value:  => /Applications/STM32CubeIDE.app/Contents/Eclipse/plugins/com.st.stm32cube.common.mx_6.14.1.202504091515//db//plugins/mcufinder/images/
2025-05-08 12:43:23,088 [INFO] ApiDb:250 - Set database path to: /Users/winstonhar/.stmcufinder/plugins/mcufinder//mcu/
2025-05-08 12:43:23,089 [INFO] DbMcusAds:125 - Set database path to: /Users/winstonhar/.stmcufinder/plugins/mcufinder//mcu/
2025-05-08 12:43:23,091 [INFO] CrossReferenceDbSqlite:203 - Set database path to: /Users/winstonhar/.stmcufinder/plugins/mcufinder//mcu/cs/
2025-05-08 12:43:23,183 [INFO] RulesReader:64 - Compatibility file has been processed (302 Rules)
2025-05-08 12:43:23,246 [INFO] DbMcusXml:78 - Set database path to: /Applications/STM32CubeIDE.app/Contents/Eclipse/plugins/com.st.stm32cube.common.mx_6.14.1.202504091515//db//mcu/
2025-05-08 12:43:23,246 [INFO] ApiDb:274 - Set plugin database path to: /Applications/STM32CubeIDE.app/Contents/Eclipse/plugins/com.st.stm32cube.common.mx_6.14.1.202504091515//db//plugins/boardmanager/
2025-05-08 12:43:23,246 [INFO] ApiDb:261 - Set plugin images path to: /Applications/STM32CubeIDE.app/Contents/Eclipse/plugins/com.st.stm32cube.common.mx_6.14.1.202504091515//db//plugins/mcufinder/images/
2025-05-08 12:43:23,246 [WARN] DbFile:41 - Overriding database path with different value: /Users/winstonhar/.stmcufinder/plugins/mcufinder/ => /Users/winstonhar/.stmcufinder/plugins/mcufinder
2025-05-08 12:43:23,246 [INFO] ApiDb:250 - Set database path to: /Users/winstonhar/.stmcufinder/plugins/mcufinder//mcu/
2025-05-08 12:43:23,246 [WARN] DbFile:41 - Overriding database path with different value: /Users/winstonhar/.stmcufinder/plugins/mcufinder/ => /Users/winstonhar/.stmcufinder/plugins/mcufinder
2025-05-08 12:43:23,246 [INFO] DbMcusAds:125 - Set database path to: /Users/winstonhar/.stmcufinder/plugins/mcufinder//mcu/
2025-05-08 12:43:23,247 [WARN] DbFile:41 - Overriding database path with different value: /Users/winstonhar/.stmcufinder/plugins/mcufinder/ => /Users/winstonhar/.stmcufinder/plugins/mcufinder
2025-05-08 12:43:23,247 [WARN] DbFile:41 - Overriding database path with different value: /Users/winstonhar/.stmcufinder/plugins/mcufinder/ => /Users/winstonhar/.stmcufinder/plugins/mcufinder
2025-05-08 12:43:23,247 [INFO] CrossReferenceDbSqlite:203 - Set database path to: /Users/winstonhar/.stmcufinder/plugins/mcufinder//mcu/cs/
2025-05-08 12:43:23,307 [INFO] MainPanel:272 - HeapMemory: 268435456
2025-05-08 12:43:23,759 [INFO] DbMcusXml:78 - Set database path to: /Applications/STM32CubeIDE.app/Contents/Eclipse/plugins/com.st.stm32cube.common.mx_6.14.1.202504091515//db//mcu/
2025-05-08 12:43:23,760 [INFO] ApiDb:274 - Set plugin database path to: /Applications/STM32CubeIDE.app/Contents/Eclipse/plugins/com.st.stm32cube.common.mx_6.14.1.202504091515//db//plugins/boardmanager/
2025-05-08 12:43:23,760 [INFO] ApiDb:261 - Set plugin images path to: /Applications/STM32CubeIDE.app/Contents/Eclipse/plugins/com.st.stm32cube.common.mx_6.14.1.202504091515//db//plugins/mcufinder/images/
2025-05-08 12:43:23,760 [WARN] DbFile:41 - Overriding database path with different value: /Users/winstonhar/.stmcufinder/plugins/mcufinder/ => /Users/winstonhar/.stmcufinder/plugins/mcufinder
2025-05-08 12:43:23,760 [INFO] ApiDb:250 - Set database path to: /Users/winstonhar/.stmcufinder/plugins/mcufinder//mcu/
2025-05-08 12:43:23,760 [WARN] DbFile:41 - Overriding database path with different value: /Users/winstonhar/.stmcufinder/plugins/mcufinder/ => /Users/winstonhar/.stmcufinder/plugins/mcufinder
2025-05-08 12:43:23,760 [INFO] DbMcusAds:125 - Set database path to: /Users/winstonhar/.stmcufinder/plugins/mcufinder//mcu/
2025-05-08 12:43:23,760 [WARN] DbFile:41 - Overriding database path with different value: /Users/winstonhar/.stmcufinder/plugins/mcufinder/ => /Users/winstonhar/.stmcufinder/plugins/mcufinder
2025-05-08 12:43:23,761 [WARN] DbFile:41 - Overriding database path with different value: /Users/winstonhar/.stmcufinder/plugins/mcufinder/ => /Users/winstonhar/.stmcufinder/plugins/mcufinder
2025-05-08 12:43:23,761 [INFO] CrossReferenceDbSqlite:203 - Set database path to: /Users/winstonhar/.stmcufinder/plugins/mcufinder//mcu/cs/
2025-05-08 12:43:23,776 [INFO] ApplicationProperties:184 - Using Application install path: /Applications/STM32CubeIDE.app/Contents/Eclipse/plugins/com.st.stm32cube.common.mx_6.14.1.202504091515
2025-05-08 12:43:23,778 [INFO] PluginManage:196 - Search for loadable plugins [exclusion list=, ]
2025-05-08 12:43:23,780 [INFO] PluginManage:310 - Check plugin analytics
2025-05-08 12:43:23,939 [INFO] AnalyticsPlugin:253 - Accepted Software Licenses: 
2025-05-08 12:43:23,939 [INFO] AnalyticsPlugin:255 - Accepted CMSIS Pack Licenses: 
2025-05-08 12:43:23,939 [INFO] AnalyticsPlugin:257 - Accepted Firmware Licenses: FW.F4.1.28.0
2025-05-08 12:43:23,942 [INFO] PluginManage:359 - Loaded plugin analytics (category:tool,tabindex:-1)
2025-05-08 12:43:23,942 [INFO] PluginManage:310 - Check plugin cadmodel
2025-05-08 12:43:23,946 [INFO] CADModel:105 - Init CAD model plugin
2025-05-08 12:43:23,946 [INFO] PluginManage:359 - Loaded plugin cadmodel (category:power,tabindex:5)
2025-05-08 12:43:23,946 [INFO] PluginManage:310 - Check plugin clock
2025-05-08 12:43:23,955 [INFO] PluginManage:359 - Loaded plugin clock (category:base,tabindex:2)
2025-05-08 12:43:23,955 [INFO] PluginManage:310 - Check plugin ddr
2025-05-08 12:43:23,957 [INFO] PluginManage:359 - Loaded plugin ddr (category:tool,tabindex:6)
2025-05-08 12:43:23,958 [INFO] PluginManage:310 - Check plugin filemanager
2025-05-08 12:43:24,093 [INFO] PluginManage:359 - Loaded plugin filemanager (category:base,tabindex:10)
2025-05-08 12:43:24,093 [INFO] PluginManage:310 - Check plugin ipmanager
2025-05-08 12:43:24,100 [INFO] PluginManage:359 - Loaded plugin ipmanager (category:base,tabindex:5)
2025-05-08 12:43:24,100 [INFO] PluginManage:310 - Check plugin lpbam
2025-05-08 12:43:24,110 [INFO] PluginManage:359 - Loaded plugin lpbam (category:base,tabindex:0)
2025-05-08 12:43:24,110 [INFO] PluginManage:310 - Check plugin memorymap
2025-05-08 12:43:24,125 [INFO] PluginManage:359 - Loaded plugin memorymap (category:base,tabindex:4)
2025-05-08 12:43:24,125 [INFO] PluginManage:310 - Check plugin pinoutandconfiguration
2025-05-08 12:43:24,133 [INFO] PluginManage:359 - Loaded plugin pinoutandconfiguration (category:base,tabindex:1)
2025-05-08 12:43:24,134 [INFO] PluginManage:310 - Check plugin pinoutconfig
2025-05-08 12:43:24,257 [WARN] SupportedApi:132 - Cannot load RTOS API schema: s4s-elt-must-match.1: The content of 'definitions' must match (annotation?, (simpleType | complexType)?, (unique | key | keyref)*)). A problem was found starting at: attribute.
2025-05-08 12:43:24,414 [INFO] PluginManage:359 - Loaded plugin pinoutconfig (category:base,tabindex:0)
2025-05-08 12:43:24,414 [INFO] PluginManage:310 - Check plugin power
2025-05-08 12:43:24,425 [INFO] PluginManage:359 - Loaded plugin power (category:power,tabindex:4)
2025-05-08 12:43:24,425 [INFO] PluginManage:310 - Check plugin projectmanager
2025-05-08 12:43:24,442 [INFO] PluginManage:359 - Loaded plugin projectmanager (category:projectmanager,tabindex:4)
2025-05-08 12:43:24,442 [INFO] PluginManage:310 - Check plugin rif
2025-05-08 12:43:24,450 [INFO] PluginManage:359 - Loaded plugin rif (category:base,tabindex:3)
2025-05-08 12:43:24,450 [INFO] PluginManage:310 - Check plugin thirdparty
2025-05-08 12:43:24,583 [INFO] PluginManage:359 - Loaded plugin thirdparty (category:base,tabindex:-1)
2025-05-08 12:43:24,583 [WARN] IntegrityCheckThread:84 - waiting for thirdparty lock release [integrity check]
2025-05-08 12:43:24,583 [INFO] PluginManage:310 - Check plugin tools
2025-05-08 12:43:24,583 [INFO] IntegrityCheckThread:86 - entering critical section [integrity check]
2025-05-08 12:43:24,584 [INFO] ThirdPartyUpdaterWithRetryManager:70 - Updater plugin not ready yet. [1/15]
2025-05-08 12:43:24,585 [INFO] PluginManage:359 - Loaded plugin tools (category:base,tabindex:7)
2025-05-08 12:43:24,585 [INFO] PluginManage:310 - Check plugin tutovideos
2025-05-08 12:43:24,755 [INFO] PluginManage:359 - Loaded plugin tutovideos (category:base,tabindex:-1)
2025-05-08 12:43:24,756 [INFO] PluginManage:310 - Check plugin updater
2025-05-08 12:43:24,777 [INFO] PluginManage:359 - Loaded plugin updater (category:base,tabindex:12)
2025-05-08 12:43:24,777 [INFO] PluginManage:310 - Check plugin userauth
2025-05-08 12:43:24,780 [INFO] UserAuth:118 - Init User Auth plugin
2025-05-08 12:43:24,780 [INFO] PluginManage:359 - Loaded plugin userauth (category:base,tabindex:14)
2025-05-08 12:43:24,781 [INFO] PluginManage:283 - PluginManage : Loaded plugins [18]
2025-05-08 12:43:24,932 [INFO] PinOutPanel:1589 - setPackage(No Configuration,No Configuration)
2025-05-08 12:43:25,000 [INFO] CADModel:165 - CPN selected for project level
2025-05-08 12:43:25,001 [INFO] CADModel:114 - Register for checkConnection events
2025-05-08 12:43:25,014 [INFO] IPUIPlugin:80 - create IPUIPlugin
2025-05-08 12:43:25,015 [INFO] PluginManager:220 - loadIPPluginJar : add mdma
2025-05-08 12:43:25,022 [INFO] IPUIPlugin:80 - create IPUIPlugin
2025-05-08 12:43:25,022 [INFO] PluginManager:220 - loadIPPluginJar : add freertos
2025-05-08 12:43:25,026 [INFO] IPUIPlugin:80 - create IPUIPlugin
2025-05-08 12:43:25,026 [INFO] PluginManager:220 - loadIPPluginJar : add gic
2025-05-08 12:43:25,035 [INFO] IPUIPlugin:80 - create IPUIPlugin
2025-05-08 12:43:25,035 [INFO] PluginManager:220 - loadIPPluginJar : add adc
2025-05-08 12:43:25,039 [INFO] IPUIPlugin:80 - create IPUIPlugin
2025-05-08 12:43:25,039 [INFO] PluginManager:220 - loadIPPluginJar : add gtzc
2025-05-08 12:43:25,040 [INFO] IPUIPlugin:80 - create IPUIPlugin
2025-05-08 12:43:25,040 [INFO] PluginManager:220 - loadIPPluginJar : add quadspi
2025-05-08 12:43:25,042 [INFO] IPUIPlugin:80 - create IPUIPlugin
2025-05-08 12:43:25,042 [INFO] PluginManager:220 - loadIPPluginJar : add aes
2025-05-08 12:43:25,044 [INFO] IPUIPlugin:80 - create IPUIPlugin
2025-05-08 12:43:25,044 [INFO] PluginManager:220 - loadIPPluginJar : add pdm2pcm
2025-05-08 12:43:25,046 [INFO] IPUIPlugin:80 - create IPUIPlugin
2025-05-08 12:43:25,046 [INFO] PluginManager:220 - loadIPPluginJar : add hash
2025-05-08 12:43:25,047 [INFO] IPUIPlugin:80 - create IPUIPlugin
2025-05-08 12:43:25,047 [INFO] PluginManager:220 - loadIPPluginJar : add tim
2025-05-08 12:43:25,048 [INFO] IPUIPlugin:80 - create IPUIPlugin
2025-05-08 12:43:25,048 [INFO] PluginManager:220 - loadIPPluginJar : add tsc
2025-05-08 12:43:25,051 [INFO] IPUIPlugin:80 - create IPUIPlugin
2025-05-08 12:43:25,051 [INFO] PluginManager:220 - loadIPPluginJar : add extmemmanager
2025-05-08 12:43:25,052 [INFO] IPUIPlugin:80 - create IPUIPlugin
2025-05-08 12:43:25,052 [INFO] PluginManager:220 - loadIPPluginJar : add ts
2025-05-08 12:43:25,053 [INFO] IPUIPlugin:80 - create IPUIPlugin
2025-05-08 12:43:25,054 [INFO] PluginManager:220 - loadIPPluginJar : add radio
2025-05-08 12:43:25,056 [INFO] IPUIPlugin:80 - create IPUIPlugin
2025-05-08 12:43:25,056 [INFO] PluginManager:220 - loadIPPluginJar : add can
2025-05-08 12:43:25,058 [INFO] IPUIPlugin:80 - create IPUIPlugin
2025-05-08 12:43:25,058 [INFO] PluginManager:220 - loadIPPluginJar : add dma3
2025-05-08 12:43:25,059 [INFO] IPUIPlugin:80 - create IPUIPlugin
2025-05-08 12:43:25,059 [INFO] PluginManager:220 - loadIPPluginJar : add dfsdm
2025-05-08 12:43:25,061 [INFO] IPUIPlugin:80 - create IPUIPlugin
2025-05-08 12:43:25,061 [INFO] PluginManager:220 - loadIPPluginJar : add spi
2025-05-08 12:43:25,062 [INFO] IPUIPlugin:80 - create IPUIPlugin
2025-05-08 12:43:25,062 [INFO] PluginManager:220 - loadIPPluginJar : add gfxmmu
2025-05-08 12:43:25,063 [INFO] IPUIPlugin:80 - create IPUIPlugin
2025-05-08 12:43:25,063 [INFO] PluginManager:220 - loadIPPluginJar : add genericplugin
2025-05-08 12:43:25,065 [INFO] IPUIPlugin:80 - create IPUIPlugin
2025-05-08 12:43:25,065 [INFO] PluginManager:220 - loadIPPluginJar : add cryp
2025-05-08 12:43:25,069 [INFO] IPUIPlugin:80 - create IPUIPlugin
2025-05-08 12:43:25,069 [INFO] PluginManager:220 - loadIPPluginJar : add gpio
2025-05-08 12:43:25,072 [INFO] IPUIPlugin:80 - create IPUIPlugin
2025-05-08 12:43:25,072 [INFO] PluginManager:220 - loadIPPluginJar : add ddr_ctrl_phy
2025-05-08 12:43:25,073 [INFO] IPUIPlugin:80 - create IPUIPlugin
2025-05-08 12:43:25,073 [INFO] PluginManager:220 - loadIPPluginJar : add comp
2025-05-08 12:43:25,074 [INFO] IPUIPlugin:80 - create IPUIPlugin
2025-05-08 12:43:25,075 [INFO] PluginManager:220 - loadIPPluginJar : add tracer_emb
2025-05-08 12:43:25,077 [INFO] IPUIPlugin:80 - create IPUIPlugin
2025-05-08 12:43:25,077 [INFO] PluginManager:220 - loadIPPluginJar : add openamp
2025-05-08 12:43:25,082 [INFO] IPUIPlugin:80 - create IPUIPlugin
2025-05-08 12:43:25,082 [INFO] PluginManager:220 - loadIPPluginJar : add stm32_wpan
2025-05-08 12:43:25,088 [INFO] IPUIPlugin:80 - create IPUIPlugin
2025-05-08 12:43:25,090 [INFO] PluginManager:220 - loadIPPluginJar : add plateformsettings
2025-05-08 12:43:25,093 [INFO] IPUIPlugin:80 - create IPUIPlugin
2025-05-08 12:43:25,093 [INFO] PluginManager:220 - loadIPPluginJar : add ipddr
2025-05-08 12:43:25,095 [INFO] IPUIPlugin:80 - create IPUIPlugin
2025-05-08 12:43:25,095 [INFO] PluginManager:220 - loadIPPluginJar : add usart
2025-05-08 12:43:25,097 [INFO] IPUIPlugin:80 - create IPUIPlugin
2025-05-08 12:43:25,097 [INFO] PluginManager:220 - loadIPPluginJar : add ltdc
2025-05-08 12:43:25,100 [INFO] IPUIPlugin:80 - create IPUIPlugin
2025-05-08 12:43:25,101 [INFO] PluginManager:220 - loadIPPluginJar : add nvic
2025-05-08 12:43:25,102 [INFO] IPUIPlugin:80 - create IPUIPlugin
2025-05-08 12:43:25,102 [INFO] PluginManager:220 - loadIPPluginJar : add fatfs
2025-05-08 12:43:25,108 [INFO] IPUIPlugin:80 - create IPUIPlugin
2025-05-08 12:43:25,108 [INFO] PluginManager:220 - loadIPPluginJar : add linkedlist
2025-05-08 12:43:25,112 [INFO] IPUIPlugin:80 - create IPUIPlugin
2025-05-08 12:43:25,113 [INFO] PluginManager:220 - loadIPPluginJar : add dma
2025-05-08 12:43:25,117 [INFO] IPUIPlugin:80 - create IPUIPlugin
2025-05-08 12:43:25,117 [INFO] PluginManager:220 - loadIPPluginJar : add fmc
2025-05-08 12:43:25,119 [INFO] IPUIPlugin:80 - create IPUIPlugin
2025-05-08 12:43:25,119 [INFO] PluginManager:220 - loadIPPluginJar : add i2s
2025-05-08 12:43:25,120 [INFO] IPUIPlugin:80 - create IPUIPlugin
2025-05-08 12:43:25,121 [INFO] PluginManager:220 - loadIPPluginJar : add ucpd
2025-05-08 12:43:25,122 [INFO] IPUIPlugin:80 - create IPUIPlugin
2025-05-08 12:43:25,122 [INFO] PluginManager:220 - loadIPPluginJar : add lorawan
2025-05-08 12:43:25,124 [INFO] IPUIPlugin:80 - create IPUIPlugin
2025-05-08 12:43:25,124 [INFO] PluginManager:220 - loadIPPluginJar : add opamp
2025-05-08 12:43:25,126 [INFO] IPUIPlugin:80 - create IPUIPlugin
2025-05-08 12:43:25,126 [INFO] PluginManager:220 - loadIPPluginJar : add i3c
2025-05-08 12:43:25,130 [INFO] IPUIPlugin:80 - create IPUIPlugin
2025-05-08 12:43:25,130 [INFO] PluginManager:220 - loadIPPluginJar : add touchsensing
2025-05-08 12:43:25,133 [INFO] IPUIPlugin:80 - create IPUIPlugin
2025-05-08 12:43:25,133 [INFO] PluginManager:220 - loadIPPluginJar : add i2c
2025-05-08 12:43:25,136 [INFO] IPUIPlugin:80 - create IPUIPlugin
2025-05-08 12:43:25,136 [INFO] PluginManager:220 - loadIPPluginJar : add resmgrutility
2025-05-08 12:43:25,139 [INFO] IPUIPlugin:80 - create IPUIPlugin
2025-05-08 12:43:25,139 [INFO] PluginManager:220 - loadIPPluginJar : add sai
2025-05-08 12:43:25,142 [INFO] IPUIPlugin:80 - create IPUIPlugin
2025-05-08 12:43:25,142 [INFO] PluginManager:220 - loadIPPluginJar : add usbx
2025-05-08 12:43:25,254 [FATAL] Updater:351 - Updater called before beeing initialized
2025-05-08 12:43:25,277 [INFO] RulesReader:64 - Compatibility file has been processed (302 Rules)
2025-05-08 12:43:25,290 [INFO] RulesReader:64 - Compatibility file has been processed (302 Rules)
2025-05-08 12:43:25,295 [INFO] CADModel:165 - CPN selected for project level
2025-05-08 12:43:25,295 [INFO] CADModel:114 - Register for checkConnection events
2025-05-08 12:43:25,295 [FATAL] Updater:351 - Updater called before beeing initialized
2025-05-08 12:43:25,296 [ERROR] CADModel:125 - Updater not yet initialized, retry later 
2025-05-08 12:43:25,495 [FATAL] Updater:351 - Updater called before beeing initialized
2025-05-08 12:43:25,496 [INFO] CADModel:165 - CPN selected for project level
2025-05-08 12:43:25,496 [INFO] CADModel:114 - Register for checkConnection events
2025-05-08 12:43:25,496 [FATAL] Updater:351 - Updater called before beeing initialized
2025-05-08 12:43:25,496 [ERROR] CADModel:125 - Updater not yet initialized, retry later 
2025-05-08 12:43:25,499 [FATAL] Updater:351 - Updater called before beeing initialized
2025-05-08 12:43:25,564 [FATAL] Updater:351 - Updater called before beeing initialized
2025-05-08 12:43:25,568 [INFO] DbMcusAds:53 - JSON generation date=Thu Mar 06 07:54:22 MST 2025 (1741272862078)
2025-05-08 12:43:25,569 [FATAL] Updater:351 - Updater called before beeing initialized
2025-05-08 12:43:25,616 [WARN] DetailPanel:346 - Failed to get advertising image, set to default
2025-05-08 12:43:25,852 [FATAL] Updater:351 - Updater called before beeing initialized
2025-05-08 12:43:25,853 [FATAL] Updater:351 - Updater called before beeing initialized
2025-05-08 12:43:25,853 [FATAL] Updater:351 - Updater called before beeing initialized
2025-05-08 12:43:25,853 [WARN] DetailPanel:346 - Failed to get advertising image, set to default
2025-05-08 12:43:25,854 [FATAL] Updater:351 - Updater called before beeing initialized
2025-05-08 12:43:25,879 [ERROR] Updater:1198 - MainUpdater not yet initialized. External WinMGr cannot be set.
2025-05-08 12:43:25,880 [INFO] Updater:1134 - Updater Version found : 6.14.1
2025-05-08 12:43:25,895 [INFO] ApplicationProperties:184 - Using Application install path: /Applications/STM32CubeIDE.app/Contents/Eclipse/plugins/com.st.stm32cube.common.mx_6.14.1.202504091515
2025-05-08 12:43:26,166 [INFO] MainUpdater:2872 - connection check result : 10
2025-05-08 12:43:26,167 [INFO] MainUpdater:289 - Updater Check For Update Now.
2025-05-08 12:43:26,167 [INFO] MicroXplorer:498 - Change Database Version : DB.6.0.141
2025-05-08 12:43:26,171 [INFO] McuFinderGlobals:63 - Set McuFinder mode to 2 (CubeIDE integrated)
2025-05-08 12:43:26,172 [INFO] UserAuth:484 - Internet connection configuration mode: 1
2025-05-08 12:43:26,186 [INFO] JxBrowserEngine:152 - Initiate JxBrowser Engine with user profile folder
2025-05-08 12:43:26,343 [INFO] CheckServerUpdateThread:120 - End of CheckServer Thread
2025-05-08 12:43:27,281 [INFO] WebApp:169 - Instantiating new browser for Auth
2025-05-08 12:43:28,100 [INFO] WebApp:463 - Apply proxy settings
2025-05-08 12:43:28,113 [INFO] WebApp:508 - Chromium authenticates against Manually configured proxy
2025-05-08 12:43:28,135 [INFO] WebApp:516 - Username used for proxy authentication: 
2025-05-08 12:43:28,192 [INFO] WebApp:894 - Register for checkConnection events
2025-05-08 12:43:28,204 [INFO] WebApp:463 - Apply proxy settings
2025-05-08 12:43:28,210 [INFO] WebApp:508 - Chromium authenticates against Manually configured proxy
2025-05-08 12:43:28,243 [INFO] WebApp:516 - Username used for proxy authentication: 
2025-05-08 12:43:28,442 [INFO] WebApp:225 - Starting web application
2025-05-08 12:43:28,445 [INFO] WebApp:593 - Web application path used /Applications/STM32CubeIDE.app/Contents/Eclipse/plugins/com.st.stm32cube.common.mx_6.14.1.202504091515/db/plugins/mcufinder/reactClient1/index.html
2025-05-08 12:43:28,547 [INFO] UserAuth:484 - Internet connection configuration mode: 1
2025-05-08 12:43:29,201 [INFO] WebApp:191 - Connection restablished
2025-05-08 12:43:31,684 [WARN] PackLoader:240 - Cannot read IP mode file for STMicroelectronics.FP-SNS-MOTENVWB1.1.4.0
2025-05-08 12:43:31,693 [WARN] PackLoader:240 - Cannot read IP mode file for STMicroelectronics.FP-ATR-ASTRA1.2.0.2
2025-05-08 12:43:31,699 [WARN] PackLoader:240 - Cannot read IP mode file for STMicroelectronics.X-CUBE-SMBUS.2.1.0
2025-05-08 12:43:31,707 [WARN] PackLoader:240 - Cannot read IP mode file for STMicroelectronics.X-CUBE-WB05N.1.1.0
2025-05-08 12:43:31,745 [WARN] PackLoader:240 - Cannot read IP mode file for STMicroelectronics.X-CUBE-AZRTOS-F7.1.1.0
2025-05-08 12:43:31,800 [WARN] PackLoader:240 - Cannot read IP mode file for Infineon.AIROC-Wi-Fi-Bluetooth-STM32.1.7.0
2025-05-08 12:43:31,826 [WARN] PackLoader:240 - Cannot read IP mode file for STMicroelectronics.X-CUBE-DISPLAY.3.0.0
2025-05-08 12:43:31,837 [WARN] PackLoader:240 - Cannot read IP mode file for STMicroelectronics.X-CUBE-NFC10.1.0.0
2025-05-08 12:43:31,868 [WARN] PackLoader:240 - Cannot read IP mode file for STMicroelectronics.X-CUBE-BLEMGR.4.0.0
2025-05-08 12:43:31,893 [WARN] PackLoader:240 - Cannot read IP mode file for emotas.I-CUBE-CANOPEN.1.3.0
2025-05-08 12:43:31,915 [WARN] ConditionMgr:438 - getConditionDescription Invalid condition id : Cortex-A Device cause : null
2025-05-08 12:43:31,966 [WARN] ConditionMgr:1044 - genDependencies : Invalid condition id : Cortex-A Device cause : null
2025-05-08 12:43:31,966 [WARN] ConditionMgr:1044 - genDependencies : Invalid condition id : Cortex-A Device cause : null
2025-05-08 12:43:31,967 [WARN] ConditionMgr:1044 - genDependencies : Invalid condition id : Cortex-A Device cause : null
2025-05-08 12:43:31,971 [WARN] PackLoader:240 - Cannot read IP mode file for STMicroelectronics.X-CUBE-AI.10.0.0
2025-05-08 12:43:32,013 [WARN] PackLoader:240 - Cannot read IP mode file for STMicroelectronics.FP-SNS-SMARTAG2.1.2.0
2025-05-08 12:43:32,039 [WARN] PackLoader:240 - Cannot read IP mode file for STMicroelectronics.FP-SNS-FLIGHT1.5.1.0
2025-05-08 12:43:32,103 [WARN] PackLoader:240 - Cannot read IP mode file for STMicroelectronics.X-CUBE-MEMS1.11.1.0
2025-05-08 12:43:32,294 [INFO] LogOutputStream:77 - [STDOUT_REDIRECT] 1 : Invalid condition id : UX_CORESTACK_Condition cause : null
2025-05-08 12:43:32,311 [INFO] LogOutputStream:77 - [STDOUT_REDIRECT] 1 : Invalid condition id : UX_CORESTACK_Condition cause : null
2025-05-08 12:43:32,341 [INFO] LogOutputStream:77 - [STDOUT_REDIRECT] 1 : Invalid condition id : UX_CORESTACK_Condition cause : null
2025-05-08 12:43:32,362 [INFO] LogOutputStream:77 - [STDOUT_REDIRECT] 1 : Invalid condition id : UX_CORESTACK_Condition cause : null
2025-05-08 12:43:32,383 [INFO] LogOutputStream:77 - [STDOUT_REDIRECT] 1 : Invalid condition id : UX_CORESTACK_Condition cause : null
2025-05-08 12:43:32,407 [WARN] PackLoader:240 - Cannot read IP mode file for STMicroelectronics.X-CUBE-AZRTOS-WL.2.0.0
2025-05-08 12:43:32,503 [WARN] PackLoader:240 - Cannot read IP mode file for STMicroelectronics.FP-SNS-MOTENV1.5.0.0
2025-05-08 12:43:32,608 [WARN] PackLoader:240 - Cannot read IP mode file for WES.I-CUBE-Cesium.1.3.0
2025-05-08 12:43:32,707 [WARN] PackLoader:240 - Cannot read IP mode file for STMicroelectronics.X-CUBE-BLE2.3.3.0
2025-05-08 12:43:32,796 [WARN] PackLoader:240 - Cannot read IP mode file for STMicroelectronics.X-CUBE-NFC9.1.0.0
2025-05-08 12:43:32,835 [WARN] PackLoader:240 - Cannot read IP mode file for STMicroelectronics.X-CUBE-BLE1.7.1.0
2025-05-08 12:43:32,898 [WARN] PackLoader:240 - Cannot read IP mode file for wolfSSL.I-CUBE-wolfMQTT.1.19.2
2025-05-08 12:43:32,955 [WARN] PackLoader:240 - Cannot read IP mode file for STMicroelectronics.X-CUBE-MEMS1.11.2.0
2025-05-08 12:43:33,037 [WARN] PackLoader:240 - Cannot read IP mode file for STMicroelectronics.X-CUBE-AZRTOS-G0.1.1.0
2025-05-08 12:43:33,044 [WARN] PackLoader:240 - Cannot read IP mode file for STMicroelectronics.X-CUBE-SAFEA1.1.2.2
2025-05-08 12:43:33,049 [WARN] PackLoader:240 - Cannot read IP mode file for STMicroelectronics.X-CUBE-NFC4.3.0.0
2025-05-08 12:43:33,055 [WARN] PackLoader:240 - Cannot read IP mode file for EmbeddedOffice.I-CUBE-FS-RTOS.1.0.1
2025-05-08 12:43:33,060 [WARN] PackLoader:240 - Cannot read IP mode file for STMicroelectronics.X-CUBE-WB05N.2.0.0
2025-05-08 12:43:33,063 [WARN] PackLoader:240 - Cannot read IP mode file for wolfSSL.I-CUBE-wolfTPM.3.8.0
2025-05-08 12:43:33,068 [WARN] PackLoader:240 - Cannot read IP mode file for STMicroelectronics.X-CUBE-TCPP.4.2.0
2025-05-08 12:43:33,073 [WARN] PackLoader:240 - Cannot read IP mode file for RealThread.X-CUBE-RT-Thread_Nano.4.1.1
2025-05-08 12:43:33,076 [WARN] PackLoader:240 - Cannot read IP mode file for STMicroelectronics.FP-ATR-SIGFOX1.3.2.0
2025-05-08 12:43:33,081 [WARN] PackLoader:240 - Cannot read IP mode file for STMicroelectronics.X-CUBE-EEPRMA1.5.1.0
2025-05-08 12:43:33,085 [WARN] PackLoader:240 - Cannot read IP mode file for wolfSSL.I-CUBE-wolfSSL.5.7.6
2025-05-08 12:43:33,089 [WARN] PackLoader:240 - Cannot read IP mode file for ITTIA_DB.I-CUBE-ITTIADB.8.9.0
2025-05-08 12:43:33,108 [WARN] PackLoader:240 - Cannot read IP mode file for SEGGER.I-CUBE-embOS.1.3.1
2025-05-08 12:43:33,140 [WARN] PackLoader:240 - Cannot read IP mode file for STMicroelectronics.X-CUBE-ALGOBUILD.1.4.0
2025-05-08 12:43:33,153 [WARN] PackLoader:240 - Cannot read IP mode file for STMicroelectronics.X-CUBE-AZRTOS-F4.1.1.0
2025-05-08 12:43:33,158 [WARN] PackLoader:240 - Cannot read IP mode file for Avnet-IotConnect.X-CUBE-IoTC-DA16k-PMOD.1.0.0
2025-05-08 12:43:33,161 [WARN] PackLoader:240 - Cannot read IP mode file for STMicroelectronics.X-CUBE-ISPU.2.1.0
2025-05-08 12:43:33,174 [WARN] PackLoader:240 - Cannot read IP mode file for STMicroelectronics.X-CUBE-AZRTOS-L5.2.0.0
2025-05-08 12:43:33,181 [WARN] PackLoader:240 - Cannot read IP mode file for STMicroelectronics.X-CUBE-NFC6.3.1.0
2025-05-08 12:43:33,186 [WARN] PackLoader:240 - Cannot read IP mode file for STMicroelectronics.X-CUBE-FREERTOS.1.3.1
2025-05-08 12:43:33,190 [WARN] PackLoader:240 - Cannot read IP mode file for STMicroelectronics.X-CUBE-FREERTOS.1.3.0
2025-05-08 12:43:33,194 [WARN] PackLoader:240 - Cannot read IP mode file for STMicroelectronics.X-CUBE-NFC7.1.0.1
2025-05-08 12:43:33,199 [WARN] PackLoader:240 - Cannot read IP mode file for STMicroelectronics.X-CUBE-DPower.1.3.0
2025-05-08 12:43:33,212 [WARN] ConditionMgr:438 - getConditionDescription Invalid condition id : LAN8742 Phy interface Condition cause : null
2025-05-08 12:43:33,213 [WARN] PackLoader:240 - Cannot read IP mode file for STMicroelectronics.X-CUBE-AZRTOS-L4.2.0.0
2025-05-08 12:43:33,214 [WARN] ConditionMgr:1044 - genDependencies : Invalid condition id : LAN8742 Phy interface Condition cause : null
2025-05-08 12:43:33,214 [WARN] ConditionMgr:1044 - genDependencies : Invalid condition id : LAN8742 Phy interface Condition cause : null
2025-05-08 12:43:33,214 [WARN] ConditionMgr:1044 - genDependencies : Invalid condition id : LAN8742 Phy interface Condition cause : null
2025-05-08 12:43:33,220 [WARN] PackLoader:240 - Cannot read IP mode file for STMicroelectronics.X-CUBE-SFXS2LP1.4.0.0
2025-05-08 12:43:33,236 [WARN] PackLoader:240 - Cannot read IP mode file for STMicroelectronics.X-CUBE-AZRTOS-H7.3.3.0
2025-05-08 12:43:33,248 [WARN] ConditionMgr:438 - getConditionDescription Invalid condition id : UX DEVICE CLASS RTOS Condition cause : null
2025-05-08 12:43:33,248 [WARN] ConditionMgr:438 - getConditionDescription Invalid condition id : UX DEVICE CLASS RTOS Condition cause : null
2025-05-08 12:43:33,250 [WARN] PackLoader:240 - Cannot read IP mode file for STMicroelectronics.X-CUBE-AZRTOS-WB.2.0.0
2025-05-08 12:43:33,250 [WARN] ConditionMgr:1044 - genDependencies : Invalid condition id : UX DEVICE CLASS RTOS Condition cause : null
2025-05-08 12:43:33,250 [WARN] ConditionMgr:1044 - genDependencies : Invalid condition id : UX DEVICE CLASS RTOS Condition cause : null
2025-05-08 12:43:33,251 [WARN] ConditionMgr:1044 - genDependencies : Invalid condition id : UX DEVICE CLASS RTOS Condition cause : null
2025-05-08 12:43:33,251 [WARN] ConditionMgr:1044 - genDependencies : Invalid condition id : UX DEVICE CLASS RTOS Condition cause : null
2025-05-08 12:43:33,251 [WARN] ConditionMgr:1044 - genDependencies : Invalid condition id : UX DEVICE CLASS RTOS Condition cause : null
2025-05-08 12:43:33,256 [WARN] PackLoader:240 - Cannot read IP mode file for STMicroelectronics.X-CUBE-GNSS1.7.0.1
2025-05-08 12:43:33,260 [WARN] PackLoader:240 - Cannot read IP mode file for STMicroelectronics.X-CUBE-TOUCHGFX.4.25.0
2025-05-08 12:43:33,265 [WARN] PackLoader:240 - Cannot read IP mode file for STMicroelectronics.FP-SNS-STBOX1.2.0.0
2025-05-08 12:43:33,275 [WARN] PackLoader:240 - Cannot read IP mode file for STMicroelectronics.X-CUBE-SUBG2.5.0.0
2025-05-08 12:43:33,293 [WARN] PackLoader:240 - Cannot read IP mode file for STMicroelectronics.X-CUBE-AZRTOS-H7RS.1.1.0
2025-05-08 12:43:33,298 [WARN] PackLoader:240 - Cannot read IP mode file for Cesanta.I-CUBE-Mongoose.7.13.0
2025-05-08 12:43:33,312 [WARN] PackLoader:240 - Cannot read IP mode file for STMicroelectronics.X-CUBE-AZRTOS-G4.2.0.0
2025-05-08 12:43:33,317 [WARN] PackLoader:240 - Cannot read IP mode file for wolfSSL.I-CUBE-wolfSSH.1.4.20
2025-05-08 12:43:33,322 [WARN] PackLoader:240 - Cannot read IP mode file for STMicroelectronics.X-CUBE-NFC7.2.0.0
2025-05-08 12:43:33,336 [WARN] PackLoader:240 - Cannot read IP mode file for STMicroelectronics.X-CUBE-IPS.3.1.0
2025-05-08 12:43:33,368 [WARN] PackLoader:240 - Cannot read IP mode file for STMicroelectronics.X-CUBE-ALS.1.0.2
2025-05-08 12:43:33,374 [WARN] PackLoader:240 - Cannot read IP mode file for portGmbH.I-Cube-SoM-uGOAL.1.1.0
2025-05-08 12:43:33,382 [WARN] PackLoader:240 - Cannot read IP mode file for STMicroelectronics.X-CUBE-TOF1.3.4.2
2025-05-08 12:43:33,399 [WARN] PackLoader:240 - Cannot read IP mode file for STMicroelectronics.X-CUBE-TOF1.3.4.3
2025-05-08 12:43:33,409 [INFO] ThirdParty:978 - Integrity check success = true
2025-05-08 12:43:33,409 [INFO] IntegrityCheckThread:100 - exiting critical section [integrity check]
2025-05-08 12:43:33,409 [INFO] IntegrityCheckThread:103 - End integrity checks thread
2025-05-08 12:43:41,048 [INFO] Activator:176 - 


2025-05-08 12:43:41,050 [INFO] Activator:177 - !SESSION log4j initialized
2025-05-08 12:43:42,029 [INFO] LogOutputStream:77 - [STDOUT_REDIRECT] 
2025-05-08 12:43:43,408 [INFO] LogOutputStream:77 - [STDOUT_REDIRECT] 
2025-05-08 12:43:43,898 [ERROR] LogOutputStream:75 - [STDERR_REDIRECT] java.net.URISyntaxException: Illegal character in path at index 38: file:/Users/winstonhar/ENCE-3231/Phase A/Projects/.metadata/.log4j2.xml
2025-05-08 12:43:43,899 [ERROR] LogOutputStream:75 - [STDERR_REDIRECT] 	at java.base/java.net.URI$Parser.fail(URI.java:2995)
2025-05-08 12:43:43,899 [ERROR] LogOutputStream:75 - [STDERR_REDIRECT] 	at java.base/java.net.URI$Parser.checkChars(URI.java:3166)
2025-05-08 12:43:43,900 [ERROR] LogOutputStream:75 - [STDERR_REDIRECT] 	at java.base/java.net.URI$Parser.parseHierarchical(URI.java:3248)
2025-05-08 12:43:43,901 [ERROR] LogOutputStream:75 - [STDERR_REDIRECT] 	at java.base/java.net.URI$Parser.parse(URI.java:3196)
2025-05-08 12:43:43,902 [ERROR] LogOutputStream:75 - [STDERR_REDIRECT] 	at java.base/java.net.URI.<init>(URI.java:645)
2025-05-08 12:43:43,902 [ERROR] LogOutputStream:75 - [STDERR_REDIRECT] 	at java.base/java.net.URL.toURI(URL.java:1220)
2025-05-08 12:43:43,903 [ERROR] LogOutputStream:75 - [STDERR_REDIRECT] 	at com.st.stm32cube.common.mx.core.CubeMxInstance.getInstance(CubeMxInstance.java:81)
2025-05-08 12:43:43,904 [ERROR] LogOutputStream:75 - [STDERR_REDIRECT] 	at com.st.stm32cube.common.mx.userauth.UserAuthAdapter.<init>(UserAuthAdapter.java:25)
2025-05-08 12:43:43,904 [ERROR] LogOutputStream:75 - [STDERR_REDIRECT] 	at com.st.stm32cube.common.mx.userauth.UserAuthProvider.getUserAuthAdapter(UserAuthProvider.java:16)
2025-05-08 12:43:43,905 [ERROR] LogOutputStream:75 - [STDERR_REDIRECT] 	at com.st.stm32cube.common.ecosystemintegration.ui.core.MCUEcoSystemIntegrationUiHelper.getUserAuth(MCUEcoSystemIntegrationUiHelper.java:100)
2025-05-08 12:43:43,905 [ERROR] LogOutputStream:75 - [STDERR_REDIRECT] 	at com.st.stm32cube.ide.mcu.userauth.UserAuthStartup.earlyStartup(UserAuthStartup.java:32)
2025-05-08 12:43:43,906 [ERROR] LogOutputStream:75 - [STDERR_REDIRECT] 	at org.eclipse.ui.internal.EarlyStartupRunnable.runEarlyStartup(EarlyStartupRunnable.java:79)
2025-05-08 12:43:43,906 [ERROR] LogOutputStream:75 - [STDERR_REDIRECT] 	at org.eclipse.ui.internal.EarlyStartupRunnable.run(EarlyStartupRunnable.java:55)
2025-05-08 12:43:43,907 [ERROR] LogOutputStream:75 - [STDERR_REDIRECT] 	at org.eclipse.core.runtime.SafeRunner.run(SafeRunner.java:47)
2025-05-08 12:43:43,907 [ERROR] LogOutputStream:75 - [STDERR_REDIRECT] 	at org.eclipse.ui.internal.Workbench$39.run(Workbench.java:2733)
2025-05-08 12:43:43,907 [ERROR] LogOutputStream:75 - [STDERR_REDIRECT] 	at org.eclipse.core.internal.jobs.Worker.run(Worker.java:63)
2025-05-08 12:43:43,983 [ERROR] LogOutputStream:75 - [STDERR_REDIRECT] 
2025-05-08 12:43:45,709 [INFO] ApplicationProperties:184 - Using Application install path: /Applications/STM32CubeIDE.app/Contents/Eclipse/plugins/com.st.stm32cube.common.mx_6.14.1.202504091515
2025-05-08 12:43:45,721 [INFO] DbMcusXml:78 - Set database path to: /Applications/STM32CubeIDE.app/Contents/Eclipse/plugins/com.st.stm32cube.common.mx_6.14.1.202504091515//db//mcu/
2025-05-08 12:43:45,722 [INFO] ApiDb:274 - Set plugin database path to: /Applications/STM32CubeIDE.app/Contents/Eclipse/plugins/com.st.stm32cube.common.mx_6.14.1.202504091515//db//plugins/boardmanager/
2025-05-08 12:43:45,722 [WARN] ApiDb:259 - Overriding images path with different value:  => /Applications/STM32CubeIDE.app/Contents/Eclipse/plugins/com.st.stm32cube.common.mx_6.14.1.202504091515//db//plugins/mcufinder/images/
2025-05-08 12:43:45,725 [INFO] ApiDb:250 - Set database path to: /Users/winstonhar/.stmcufinder/plugins/mcufinder//mcu/
2025-05-08 12:43:45,725 [INFO] DbMcusAds:125 - Set database path to: /Users/winstonhar/.stmcufinder/plugins/mcufinder//mcu/
2025-05-08 12:43:45,727 [INFO] CrossReferenceDbSqlite:203 - Set database path to: /Users/winstonhar/.stmcufinder/plugins/mcufinder//mcu/cs/
2025-05-08 12:43:45,828 [INFO] RulesReader:64 - Compatibility file has been processed (302 Rules)
2025-05-08 12:43:45,904 [INFO] DbMcusXml:78 - Set database path to: /Applications/STM32CubeIDE.app/Contents/Eclipse/plugins/com.st.stm32cube.common.mx_6.14.1.202504091515//db//mcu/
2025-05-08 12:43:45,904 [INFO] ApiDb:274 - Set plugin database path to: /Applications/STM32CubeIDE.app/Contents/Eclipse/plugins/com.st.stm32cube.common.mx_6.14.1.202504091515//db//plugins/boardmanager/
2025-05-08 12:43:45,904 [INFO] ApiDb:261 - Set plugin images path to: /Applications/STM32CubeIDE.app/Contents/Eclipse/plugins/com.st.stm32cube.common.mx_6.14.1.202504091515//db//plugins/mcufinder/images/
2025-05-08 12:43:45,904 [WARN] DbFile:41 - Overriding database path with different value: /Users/winstonhar/.stmcufinder/plugins/mcufinder/ => /Users/winstonhar/.stmcufinder/plugins/mcufinder
2025-05-08 12:43:45,904 [INFO] ApiDb:250 - Set database path to: /Users/winstonhar/.stmcufinder/plugins/mcufinder//mcu/
2025-05-08 12:43:45,904 [WARN] DbFile:41 - Overriding database path with different value: /Users/winstonhar/.stmcufinder/plugins/mcufinder/ => /Users/winstonhar/.stmcufinder/plugins/mcufinder
2025-05-08 12:43:45,904 [INFO] DbMcusAds:125 - Set database path to: /Users/winstonhar/.stmcufinder/plugins/mcufinder//mcu/
2025-05-08 12:43:45,904 [WARN] DbFile:41 - Overriding database path with different value: /Users/winstonhar/.stmcufinder/plugins/mcufinder/ => /Users/winstonhar/.stmcufinder/plugins/mcufinder
2025-05-08 12:43:45,905 [WARN] DbFile:41 - Overriding database path with different value: /Users/winstonhar/.stmcufinder/plugins/mcufinder/ => /Users/winstonhar/.stmcufinder/plugins/mcufinder
2025-05-08 12:43:45,905 [INFO] CrossReferenceDbSqlite:203 - Set database path to: /Users/winstonhar/.stmcufinder/plugins/mcufinder//mcu/cs/
2025-05-08 12:43:45,960 [INFO] MainPanel:272 - HeapMemory: 268435456
2025-05-08 12:43:46,238 [INFO] DbMcusXml:78 - Set database path to: /Applications/STM32CubeIDE.app/Contents/Eclipse/plugins/com.st.stm32cube.common.mx_6.14.1.202504091515//db//mcu/
2025-05-08 12:43:46,238 [INFO] ApiDb:274 - Set plugin database path to: /Applications/STM32CubeIDE.app/Contents/Eclipse/plugins/com.st.stm32cube.common.mx_6.14.1.202504091515//db//plugins/boardmanager/
2025-05-08 12:43:46,238 [INFO] ApiDb:261 - Set plugin images path to: /Applications/STM32CubeIDE.app/Contents/Eclipse/plugins/com.st.stm32cube.common.mx_6.14.1.202504091515//db//plugins/mcufinder/images/
2025-05-08 12:43:46,238 [WARN] DbFile:41 - Overriding database path with different value: /Users/winstonhar/.stmcufinder/plugins/mcufinder/ => /Users/winstonhar/.stmcufinder/plugins/mcufinder
2025-05-08 12:43:46,238 [INFO] ApiDb:250 - Set database path to: /Users/winstonhar/.stmcufinder/plugins/mcufinder//mcu/
2025-05-08 12:43:46,239 [WARN] DbFile:41 - Overriding database path with different value: /Users/winstonhar/.stmcufinder/plugins/mcufinder/ => /Users/winstonhar/.stmcufinder/plugins/mcufinder
2025-05-08 12:43:46,239 [INFO] DbMcusAds:125 - Set database path to: /Users/winstonhar/.stmcufinder/plugins/mcufinder//mcu/
2025-05-08 12:43:46,239 [WARN] DbFile:41 - Overriding database path with different value: /Users/winstonhar/.stmcufinder/plugins/mcufinder/ => /Users/winstonhar/.stmcufinder/plugins/mcufinder
2025-05-08 12:43:46,239 [WARN] DbFile:41 - Overriding database path with different value: /Users/winstonhar/.stmcufinder/plugins/mcufinder/ => /Users/winstonhar/.stmcufinder/plugins/mcufinder
2025-05-08 12:43:46,239 [INFO] CrossReferenceDbSqlite:203 - Set database path to: /Users/winstonhar/.stmcufinder/plugins/mcufinder//mcu/cs/
2025-05-08 12:43:46,249 [INFO] ApplicationProperties:184 - Using Application install path: /Applications/STM32CubeIDE.app/Contents/Eclipse/plugins/com.st.stm32cube.common.mx_6.14.1.202504091515
2025-05-08 12:43:46,250 [INFO] PluginManage:196 - Search for loadable plugins [exclusion list=, ]
2025-05-08 12:43:46,251 [INFO] PluginManage:310 - Check plugin analytics
2025-05-08 12:43:46,370 [INFO] AnalyticsPlugin:253 - Accepted Software Licenses: 
2025-05-08 12:43:46,370 [INFO] AnalyticsPlugin:255 - Accepted CMSIS Pack Licenses: 
2025-05-08 12:43:46,370 [INFO] AnalyticsPlugin:257 - Accepted Firmware Licenses: FW.F4.1.28.0
2025-05-08 12:43:46,373 [INFO] PluginManage:359 - Loaded plugin analytics (category:tool,tabindex:-1)
2025-05-08 12:43:46,373 [INFO] PluginManage:310 - Check plugin cadmodel
2025-05-08 12:43:46,376 [INFO] CADModel:105 - Init CAD model plugin
2025-05-08 12:43:46,376 [INFO] PluginManage:359 - Loaded plugin cadmodel (category:power,tabindex:5)
2025-05-08 12:43:46,376 [INFO] PluginManage:310 - Check plugin clock
2025-05-08 12:43:46,383 [INFO] PluginManage:359 - Loaded plugin clock (category:base,tabindex:2)
2025-05-08 12:43:46,383 [INFO] PluginManage:310 - Check plugin ddr
2025-05-08 12:43:46,385 [INFO] PluginManage:359 - Loaded plugin ddr (category:tool,tabindex:6)
2025-05-08 12:43:46,385 [INFO] PluginManage:310 - Check plugin filemanager
2025-05-08 12:43:46,503 [INFO] PluginManage:359 - Loaded plugin filemanager (category:base,tabindex:10)
2025-05-08 12:43:46,504 [INFO] PluginManage:310 - Check plugin ipmanager
2025-05-08 12:43:46,508 [INFO] PluginManage:359 - Loaded plugin ipmanager (category:base,tabindex:5)
2025-05-08 12:43:46,509 [INFO] PluginManage:310 - Check plugin lpbam
2025-05-08 12:43:46,515 [INFO] PluginManage:359 - Loaded plugin lpbam (category:base,tabindex:0)
2025-05-08 12:43:46,515 [INFO] PluginManage:310 - Check plugin memorymap
2025-05-08 12:43:46,526 [INFO] PluginManage:359 - Loaded plugin memorymap (category:base,tabindex:4)
2025-05-08 12:43:46,526 [INFO] PluginManage:310 - Check plugin pinoutandconfiguration
2025-05-08 12:43:46,534 [INFO] PluginManage:359 - Loaded plugin pinoutandconfiguration (category:base,tabindex:1)
2025-05-08 12:43:46,534 [INFO] PluginManage:310 - Check plugin pinoutconfig
2025-05-08 12:43:46,643 [WARN] SupportedApi:132 - Cannot load RTOS API schema: s4s-elt-must-match.1: The content of 'definitions' must match (annotation?, (simpleType | complexType)?, (unique | key | keyref)*)). A problem was found starting at: attribute.
2025-05-08 12:43:46,786 [INFO] PluginManage:359 - Loaded plugin pinoutconfig (category:base,tabindex:0)
2025-05-08 12:43:46,786 [INFO] PluginManage:310 - Check plugin power
2025-05-08 12:43:46,793 [INFO] PluginManage:359 - Loaded plugin power (category:power,tabindex:4)
2025-05-08 12:43:46,793 [INFO] PluginManage:310 - Check plugin projectmanager
2025-05-08 12:43:46,807 [INFO] PluginManage:359 - Loaded plugin projectmanager (category:projectmanager,tabindex:4)
2025-05-08 12:43:46,807 [INFO] PluginManage:310 - Check plugin rif
2025-05-08 12:43:46,812 [INFO] PluginManage:359 - Loaded plugin rif (category:base,tabindex:3)
2025-05-08 12:43:46,812 [INFO] PluginManage:310 - Check plugin thirdparty
2025-05-08 12:43:46,909 [WARN] IntegrityCheckThread:84 - waiting for thirdparty lock release [integrity check]
2025-05-08 12:43:46,909 [INFO] IntegrityCheckThread:86 - entering critical section [integrity check]
2025-05-08 12:43:46,909 [INFO] ThirdPartyUpdaterWithRetryManager:70 - Updater plugin not ready yet. [1/15]
2025-05-08 12:43:46,909 [INFO] PluginManage:359 - Loaded plugin thirdparty (category:base,tabindex:-1)
2025-05-08 12:43:46,910 [INFO] PluginManage:310 - Check plugin tools
2025-05-08 12:43:46,911 [INFO] PluginManage:359 - Loaded plugin tools (category:base,tabindex:7)
2025-05-08 12:43:46,912 [INFO] PluginManage:310 - Check plugin tutovideos
2025-05-08 12:43:47,043 [INFO] PluginManage:359 - Loaded plugin tutovideos (category:base,tabindex:-1)
2025-05-08 12:43:47,044 [INFO] PluginManage:310 - Check plugin updater
2025-05-08 12:43:47,061 [INFO] PluginManage:359 - Loaded plugin updater (category:base,tabindex:12)
2025-05-08 12:43:47,062 [INFO] PluginManage:310 - Check plugin userauth
2025-05-08 12:43:47,065 [INFO] UserAuth:118 - Init User Auth plugin
2025-05-08 12:43:47,066 [INFO] PluginManage:359 - Loaded plugin userauth (category:base,tabindex:14)
2025-05-08 12:43:47,066 [INFO] PluginManage:283 - PluginManage : Loaded plugins [18]
2025-05-08 12:43:47,211 [INFO] PinOutPanel:1589 - setPackage(No Configuration,No Configuration)
2025-05-08 12:43:47,264 [INFO] CADModel:165 - CPN selected for project level
2025-05-08 12:43:47,264 [INFO] CADModel:114 - Register for checkConnection events
2025-05-08 12:43:47,272 [INFO] IPUIPlugin:80 - create IPUIPlugin
2025-05-08 12:43:47,272 [INFO] PluginManager:220 - loadIPPluginJar : add mdma
2025-05-08 12:43:47,277 [INFO] IPUIPlugin:80 - create IPUIPlugin
2025-05-08 12:43:47,277 [INFO] PluginManager:220 - loadIPPluginJar : add freertos
2025-05-08 12:43:47,280 [INFO] IPUIPlugin:80 - create IPUIPlugin
2025-05-08 12:43:47,280 [INFO] PluginManager:220 - loadIPPluginJar : add gic
2025-05-08 12:43:47,286 [INFO] IPUIPlugin:80 - create IPUIPlugin
2025-05-08 12:43:47,286 [INFO] PluginManager:220 - loadIPPluginJar : add adc
2025-05-08 12:43:47,288 [INFO] IPUIPlugin:80 - create IPUIPlugin
2025-05-08 12:43:47,288 [INFO] PluginManager:220 - loadIPPluginJar : add gtzc
2025-05-08 12:43:47,289 [INFO] IPUIPlugin:80 - create IPUIPlugin
2025-05-08 12:43:47,289 [INFO] PluginManager:220 - loadIPPluginJar : add quadspi
2025-05-08 12:43:47,290 [INFO] IPUIPlugin:80 - create IPUIPlugin
2025-05-08 12:43:47,290 [INFO] PluginManager:220 - loadIPPluginJar : add aes
2025-05-08 12:43:47,292 [INFO] IPUIPlugin:80 - create IPUIPlugin
2025-05-08 12:43:47,292 [INFO] PluginManager:220 - loadIPPluginJar : add pdm2pcm
2025-05-08 12:43:47,293 [INFO] IPUIPlugin:80 - create IPUIPlugin
2025-05-08 12:43:47,293 [INFO] PluginManager:220 - loadIPPluginJar : add hash
2025-05-08 12:43:47,294 [INFO] IPUIPlugin:80 - create IPUIPlugin
2025-05-08 12:43:47,294 [INFO] PluginManager:220 - loadIPPluginJar : add tim
2025-05-08 12:43:47,295 [INFO] IPUIPlugin:80 - create IPUIPlugin
2025-05-08 12:43:47,295 [INFO] PluginManager:220 - loadIPPluginJar : add tsc
2025-05-08 12:43:47,297 [INFO] IPUIPlugin:80 - create IPUIPlugin
2025-05-08 12:43:47,297 [INFO] PluginManager:220 - loadIPPluginJar : add extmemmanager
2025-05-08 12:43:47,298 [INFO] IPUIPlugin:80 - create IPUIPlugin
2025-05-08 12:43:47,298 [INFO] PluginManager:220 - loadIPPluginJar : add ts
2025-05-08 12:43:47,299 [INFO] IPUIPlugin:80 - create IPUIPlugin
2025-05-08 12:43:47,300 [INFO] PluginManager:220 - loadIPPluginJar : add radio
2025-05-08 12:43:47,302 [INFO] IPUIPlugin:80 - create IPUIPlugin
2025-05-08 12:43:47,302 [INFO] PluginManager:220 - loadIPPluginJar : add can
2025-05-08 12:43:47,303 [INFO] IPUIPlugin:80 - create IPUIPlugin
2025-05-08 12:43:47,303 [INFO] PluginManager:220 - loadIPPluginJar : add dma3
2025-05-08 12:43:47,305 [INFO] IPUIPlugin:80 - create IPUIPlugin
2025-05-08 12:43:47,305 [INFO] PluginManager:220 - loadIPPluginJar : add dfsdm
2025-05-08 12:43:47,306 [INFO] IPUIPlugin:80 - create IPUIPlugin
2025-05-08 12:43:47,306 [INFO] PluginManager:220 - loadIPPluginJar : add spi
2025-05-08 12:43:47,307 [INFO] IPUIPlugin:80 - create IPUIPlugin
2025-05-08 12:43:47,307 [INFO] PluginManager:220 - loadIPPluginJar : add gfxmmu
2025-05-08 12:43:47,308 [INFO] IPUIPlugin:80 - create IPUIPlugin
2025-05-08 12:43:47,308 [INFO] PluginManager:220 - loadIPPluginJar : add genericplugin
2025-05-08 12:43:47,309 [INFO] IPUIPlugin:80 - create IPUIPlugin
2025-05-08 12:43:47,309 [INFO] PluginManager:220 - loadIPPluginJar : add cryp
2025-05-08 12:43:47,311 [INFO] IPUIPlugin:80 - create IPUIPlugin
2025-05-08 12:43:47,311 [INFO] PluginManager:220 - loadIPPluginJar : add gpio
2025-05-08 12:43:47,313 [INFO] IPUIPlugin:80 - create IPUIPlugin
2025-05-08 12:43:47,313 [INFO] PluginManager:220 - loadIPPluginJar : add ddr_ctrl_phy
2025-05-08 12:43:47,314 [INFO] IPUIPlugin:80 - create IPUIPlugin
2025-05-08 12:43:47,314 [INFO] PluginManager:220 - loadIPPluginJar : add comp
2025-05-08 12:43:47,315 [INFO] IPUIPlugin:80 - create IPUIPlugin
2025-05-08 12:43:47,315 [INFO] PluginManager:220 - loadIPPluginJar : add tracer_emb
2025-05-08 12:43:47,317 [INFO] IPUIPlugin:80 - create IPUIPlugin
2025-05-08 12:43:47,317 [INFO] PluginManager:220 - loadIPPluginJar : add openamp
2025-05-08 12:43:47,322 [INFO] IPUIPlugin:80 - create IPUIPlugin
2025-05-08 12:43:47,322 [INFO] PluginManager:220 - loadIPPluginJar : add stm32_wpan
2025-05-08 12:43:47,326 [INFO] IPUIPlugin:80 - create IPUIPlugin
2025-05-08 12:43:47,328 [INFO] PluginManager:220 - loadIPPluginJar : add plateformsettings
2025-05-08 12:43:47,330 [INFO] IPUIPlugin:80 - create IPUIPlugin
2025-05-08 12:43:47,330 [INFO] PluginManager:220 - loadIPPluginJar : add ipddr
2025-05-08 12:43:47,332 [INFO] IPUIPlugin:80 - create IPUIPlugin
2025-05-08 12:43:47,332 [INFO] PluginManager:220 - loadIPPluginJar : add usart
2025-05-08 12:43:47,333 [INFO] IPUIPlugin:80 - create IPUIPlugin
2025-05-08 12:43:47,333 [INFO] PluginManager:220 - loadIPPluginJar : add ltdc
2025-05-08 12:43:47,335 [INFO] IPUIPlugin:80 - create IPUIPlugin
2025-05-08 12:43:47,335 [INFO] PluginManager:220 - loadIPPluginJar : add nvic
2025-05-08 12:43:47,336 [INFO] IPUIPlugin:80 - create IPUIPlugin
2025-05-08 12:43:47,336 [INFO] PluginManager:220 - loadIPPluginJar : add fatfs
2025-05-08 12:43:47,341 [INFO] IPUIPlugin:80 - create IPUIPlugin
2025-05-08 12:43:47,341 [INFO] PluginManager:220 - loadIPPluginJar : add linkedlist
2025-05-08 12:43:47,345 [INFO] IPUIPlugin:80 - create IPUIPlugin
2025-05-08 12:43:47,345 [INFO] PluginManager:220 - loadIPPluginJar : add dma
2025-05-08 12:43:47,348 [INFO] IPUIPlugin:80 - create IPUIPlugin
2025-05-08 12:43:47,349 [INFO] PluginManager:220 - loadIPPluginJar : add fmc
2025-05-08 12:43:47,350 [INFO] IPUIPlugin:80 - create IPUIPlugin
2025-05-08 12:43:47,350 [INFO] PluginManager:220 - loadIPPluginJar : add i2s
2025-05-08 12:43:47,352 [INFO] IPUIPlugin:80 - create IPUIPlugin
2025-05-08 12:43:47,352 [INFO] PluginManager:220 - loadIPPluginJar : add ucpd
2025-05-08 12:43:47,353 [INFO] IPUIPlugin:80 - create IPUIPlugin
2025-05-08 12:43:47,354 [INFO] PluginManager:220 - loadIPPluginJar : add lorawan
2025-05-08 12:43:47,356 [INFO] IPUIPlugin:80 - create IPUIPlugin
2025-05-08 12:43:47,356 [INFO] PluginManager:220 - loadIPPluginJar : add opamp
2025-05-08 12:43:47,358 [INFO] IPUIPlugin:80 - create IPUIPlugin
2025-05-08 12:43:47,358 [INFO] PluginManager:220 - loadIPPluginJar : add i3c
2025-05-08 12:43:47,360 [INFO] IPUIPlugin:80 - create IPUIPlugin
2025-05-08 12:43:47,360 [INFO] PluginManager:220 - loadIPPluginJar : add touchsensing
2025-05-08 12:43:47,362 [INFO] IPUIPlugin:80 - create IPUIPlugin
2025-05-08 12:43:47,362 [INFO] PluginManager:220 - loadIPPluginJar : add i2c
2025-05-08 12:43:47,364 [INFO] IPUIPlugin:80 - create IPUIPlugin
2025-05-08 12:43:47,364 [INFO] PluginManager:220 - loadIPPluginJar : add resmgrutility
2025-05-08 12:43:47,366 [INFO] IPUIPlugin:80 - create IPUIPlugin
2025-05-08 12:43:47,366 [INFO] PluginManager:220 - loadIPPluginJar : add sai
2025-05-08 12:43:47,368 [INFO] IPUIPlugin:80 - create IPUIPlugin
2025-05-08 12:43:47,368 [INFO] PluginManager:220 - loadIPPluginJar : add usbx
2025-05-08 12:43:47,470 [FATAL] Updater:351 - Updater called before beeing initialized
2025-05-08 12:43:47,491 [INFO] RulesReader:64 - Compatibility file has been processed (302 Rules)
2025-05-08 12:43:47,500 [INFO] RulesReader:64 - Compatibility file has been processed (302 Rules)
2025-05-08 12:43:47,506 [INFO] CADModel:165 - CPN selected for project level
2025-05-08 12:43:47,506 [INFO] CADModel:114 - Register for checkConnection events
2025-05-08 12:43:47,506 [FATAL] Updater:351 - Updater called before beeing initialized
2025-05-08 12:43:47,506 [ERROR] CADModel:125 - Updater not yet initialized, retry later 
2025-05-08 12:43:47,687 [FATAL] Updater:351 - Updater called before beeing initialized
2025-05-08 12:43:47,689 [INFO] CADModel:165 - CPN selected for project level
2025-05-08 12:43:47,689 [INFO] CADModel:114 - Register for checkConnection events
2025-05-08 12:43:47,689 [FATAL] Updater:351 - Updater called before beeing initialized
2025-05-08 12:43:47,690 [ERROR] CADModel:125 - Updater not yet initialized, retry later 
2025-05-08 12:43:47,693 [FATAL] Updater:351 - Updater called before beeing initialized
2025-05-08 12:43:47,764 [FATAL] Updater:351 - Updater called before beeing initialized
2025-05-08 12:43:47,768 [INFO] DbMcusAds:53 - JSON generation date=Thu Mar 06 07:54:22 MST 2025 (1741272862078)
2025-05-08 12:43:47,768 [FATAL] Updater:351 - Updater called before beeing initialized
2025-05-08 12:43:47,820 [WARN] DetailPanel:346 - Failed to get advertising image, set to default
2025-05-08 12:43:48,065 [FATAL] Updater:351 - Updater called before beeing initialized
2025-05-08 12:43:48,066 [FATAL] Updater:351 - Updater called before beeing initialized
2025-05-08 12:43:48,066 [FATAL] Updater:351 - Updater called before beeing initialized
2025-05-08 12:43:48,066 [WARN] DetailPanel:346 - Failed to get advertising image, set to default
2025-05-08 12:43:48,067 [FATAL] Updater:351 - Updater called before beeing initialized
2025-05-08 12:43:48,088 [ERROR] Updater:1198 - MainUpdater not yet initialized. External WinMGr cannot be set.
2025-05-08 12:43:48,089 [INFO] Updater:1134 - Updater Version found : 6.14.1
2025-05-08 12:43:48,103 [INFO] ApplicationProperties:184 - Using Application install path: /Applications/STM32CubeIDE.app/Contents/Eclipse/plugins/com.st.stm32cube.common.mx_6.14.1.202504091515
2025-05-08 12:43:48,391 [INFO] MainUpdater:2872 - connection check result : 10
2025-05-08 12:43:48,392 [INFO] MainUpdater:289 - Updater Check For Update Now.
2025-05-08 12:43:48,392 [INFO] MicroXplorer:498 - Change Database Version : DB.6.0.141
2025-05-08 12:43:48,396 [INFO] McuFinderGlobals:63 - Set McuFinder mode to 2 (CubeIDE integrated)
2025-05-08 12:43:48,396 [INFO] UserAuth:484 - Internet connection configuration mode: 1
2025-05-08 12:43:48,406 [INFO] JxBrowserEngine:152 - Initiate JxBrowser Engine with user profile folder
2025-05-08 12:43:48,562 [INFO] CheckServerUpdateThread:120 - End of CheckServer Thread
2025-05-08 12:43:49,240 [INFO] WebApp:169 - Instantiating new browser for Auth
2025-05-08 12:43:50,032 [INFO] WebApp:463 - Apply proxy settings
2025-05-08 12:43:50,048 [INFO] WebApp:508 - Chromium authenticates against Manually configured proxy
2025-05-08 12:43:50,068 [INFO] WebApp:516 - Username used for proxy authentication: 
2025-05-08 12:43:50,120 [INFO] WebApp:894 - Register for checkConnection events
2025-05-08 12:43:50,138 [INFO] WebApp:463 - Apply proxy settings
2025-05-08 12:43:50,145 [INFO] WebApp:508 - Chromium authenticates against Manually configured proxy
2025-05-08 12:43:50,177 [INFO] WebApp:516 - Username used for proxy authentication: 
2025-05-08 12:43:50,335 [INFO] WebApp:225 - Starting web application
2025-05-08 12:43:50,355 [INFO] WebApp:593 - Web application path used /Applications/STM32CubeIDE.app/Contents/Eclipse/plugins/com.st.stm32cube.common.mx_6.14.1.202504091515/db/plugins/mcufinder/reactClient1/index.html
2025-05-08 12:43:50,444 [INFO] UserAuth:484 - Internet connection configuration mode: 1
2025-05-08 12:43:51,170 [INFO] WebApp:191 - Connection restablished
2025-05-08 12:43:54,545 [WARN] PackLoader:240 - Cannot read IP mode file for STMicroelectronics.FP-SNS-MOTENVWB1.1.4.0
2025-05-08 12:43:54,551 [WARN] PackLoader:240 - Cannot read IP mode file for STMicroelectronics.FP-ATR-ASTRA1.2.0.2
2025-05-08 12:43:54,573 [WARN] PackLoader:240 - Cannot read IP mode file for STMicroelectronics.X-CUBE-SMBUS.2.1.0
2025-05-08 12:43:54,580 [WARN] PackLoader:240 - Cannot read IP mode file for STMicroelectronics.X-CUBE-WB05N.1.1.0
2025-05-08 12:43:54,617 [WARN] PackLoader:240 - Cannot read IP mode file for STMicroelectronics.X-CUBE-AZRTOS-F7.1.1.0
2025-05-08 12:43:54,644 [WARN] PackLoader:240 - Cannot read IP mode file for Infineon.AIROC-Wi-Fi-Bluetooth-STM32.1.7.0
2025-05-08 12:43:54,655 [WARN] PackLoader:240 - Cannot read IP mode file for STMicroelectronics.X-CUBE-DISPLAY.3.0.0
2025-05-08 12:43:54,663 [WARN] PackLoader:240 - Cannot read IP mode file for STMicroelectronics.X-CUBE-NFC10.1.0.0
2025-05-08 12:43:54,671 [WARN] PackLoader:240 - Cannot read IP mode file for STMicroelectronics.X-CUBE-BLEMGR.4.0.0
2025-05-08 12:43:54,677 [WARN] PackLoader:240 - Cannot read IP mode file for emotas.I-CUBE-CANOPEN.1.3.0
2025-05-08 12:43:54,680 [WARN] ConditionMgr:438 - getConditionDescription Invalid condition id : Cortex-A Device cause : null
2025-05-08 12:43:54,688 [WARN] ConditionMgr:1044 - genDependencies : Invalid condition id : Cortex-A Device cause : null
2025-05-08 12:43:54,689 [WARN] ConditionMgr:1044 - genDependencies : Invalid condition id : Cortex-A Device cause : null
2025-05-08 12:43:54,689 [WARN] ConditionMgr:1044 - genDependencies : Invalid condition id : Cortex-A Device cause : null
2025-05-08 12:43:54,691 [WARN] PackLoader:240 - Cannot read IP mode file for STMicroelectronics.X-CUBE-AI.10.0.0
2025-05-08 12:43:54,695 [WARN] PackLoader:240 - Cannot read IP mode file for STMicroelectronics.FP-SNS-SMARTAG2.1.2.0
2025-05-08 12:43:54,698 [WARN] PackLoader:240 - Cannot read IP mode file for STMicroelectronics.FP-SNS-FLIGHT1.5.1.0
2025-05-08 12:43:54,733 [WARN] PackLoader:240 - Cannot read IP mode file for STMicroelectronics.X-CUBE-MEMS1.11.1.0
2025-05-08 12:43:54,863 [INFO] LogOutputStream:77 - [STDOUT_REDIRECT] 1 : Invalid condition id : UX_CORESTACK_Condition cause : null
2025-05-08 12:43:54,863 [INFO] LogOutputStream:77 - [STDOUT_REDIRECT] 1 : Invalid condition id : UX_CORESTACK_Condition cause : null
2025-05-08 12:43:54,864 [INFO] LogOutputStream:77 - [STDOUT_REDIRECT] 1 : Invalid condition id : UX_CORESTACK_Condition cause : null
2025-05-08 12:43:54,864 [INFO] LogOutputStream:77 - [STDOUT_REDIRECT] 1 : Invalid condition id : UX_CORESTACK_Condition cause : null
2025-05-08 12:43:54,864 [INFO] LogOutputStream:77 - [STDOUT_REDIRECT] 1 : Invalid condition id : UX_CORESTACK_Condition cause : null
2025-05-08 12:43:54,867 [WARN] PackLoader:240 - Cannot read IP mode file for STMicroelectronics.X-CUBE-AZRTOS-WL.2.0.0
2025-05-08 12:43:54,871 [WARN] PackLoader:240 - Cannot read IP mode file for STMicroelectronics.FP-SNS-MOTENV1.5.0.0
2025-05-08 12:43:54,877 [WARN] PackLoader:240 - Cannot read IP mode file for WES.I-CUBE-Cesium.1.3.0
2025-05-08 12:43:54,880 [WARN] PackLoader:240 - Cannot read IP mode file for STMicroelectronics.X-CUBE-BLE2.3.3.0
2025-05-08 12:43:54,898 [WARN] PackLoader:240 - Cannot read IP mode file for STMicroelectronics.X-CUBE-NFC9.1.0.0
2025-05-08 12:43:54,904 [WARN] PackLoader:240 - Cannot read IP mode file for STMicroelectronics.X-CUBE-BLE1.7.1.0
2025-05-08 12:43:54,907 [WARN] PackLoader:240 - Cannot read IP mode file for wolfSSL.I-CUBE-wolfMQTT.1.19.2
2025-05-08 12:43:54,948 [WARN] PackLoader:240 - Cannot read IP mode file for STMicroelectronics.X-CUBE-MEMS1.11.2.0
2025-05-08 12:43:55,042 [WARN] PackLoader:240 - Cannot read IP mode file for STMicroelectronics.X-CUBE-AZRTOS-G0.1.1.0
2025-05-08 12:43:55,047 [WARN] PackLoader:240 - Cannot read IP mode file for STMicroelectronics.X-CUBE-SAFEA1.1.2.2
2025-05-08 12:43:55,050 [WARN] PackLoader:240 - Cannot read IP mode file for STMicroelectronics.X-CUBE-NFC4.3.0.0
2025-05-08 12:43:55,054 [WARN] PackLoader:240 - Cannot read IP mode file for EmbeddedOffice.I-CUBE-FS-RTOS.1.0.1
2025-05-08 12:43:55,058 [WARN] PackLoader:240 - Cannot read IP mode file for STMicroelectronics.X-CUBE-WB05N.2.0.0
2025-05-08 12:43:55,060 [WARN] PackLoader:240 - Cannot read IP mode file for wolfSSL.I-CUBE-wolfTPM.3.8.0
2025-05-08 12:43:55,063 [WARN] PackLoader:240 - Cannot read IP mode file for STMicroelectronics.X-CUBE-TCPP.4.2.0
2025-05-08 12:43:55,066 [WARN] PackLoader:240 - Cannot read IP mode file for RealThread.X-CUBE-RT-Thread_Nano.4.1.1
2025-05-08 12:43:55,068 [WARN] PackLoader:240 - Cannot read IP mode file for STMicroelectronics.FP-ATR-SIGFOX1.3.2.0
2025-05-08 12:43:55,071 [WARN] PackLoader:240 - Cannot read IP mode file for STMicroelectronics.X-CUBE-EEPRMA1.5.1.0
2025-05-08 12:43:55,074 [WARN] PackLoader:240 - Cannot read IP mode file for wolfSSL.I-CUBE-wolfSSL.5.7.6
2025-05-08 12:43:55,078 [WARN] PackLoader:240 - Cannot read IP mode file for ITTIA_DB.I-CUBE-ITTIADB.8.9.0
2025-05-08 12:43:55,095 [WARN] PackLoader:240 - Cannot read IP mode file for SEGGER.I-CUBE-embOS.1.3.1
2025-05-08 12:43:55,123 [WARN] PackLoader:240 - Cannot read IP mode file for STMicroelectronics.X-CUBE-ALGOBUILD.1.4.0
2025-05-08 12:43:55,133 [WARN] PackLoader:240 - Cannot read IP mode file for STMicroelectronics.X-CUBE-AZRTOS-F4.1.1.0
2025-05-08 12:43:55,137 [WARN] PackLoader:240 - Cannot read IP mode file for Avnet-IotConnect.X-CUBE-IoTC-DA16k-PMOD.1.0.0
2025-05-08 12:43:55,139 [WARN] PackLoader:240 - Cannot read IP mode file for STMicroelectronics.X-CUBE-ISPU.2.1.0
2025-05-08 12:43:55,149 [WARN] PackLoader:240 - Cannot read IP mode file for STMicroelectronics.X-CUBE-AZRTOS-L5.2.0.0
2025-05-08 12:43:55,155 [WARN] PackLoader:240 - Cannot read IP mode file for STMicroelectronics.X-CUBE-NFC6.3.1.0
2025-05-08 12:43:55,159 [WARN] PackLoader:240 - Cannot read IP mode file for STMicroelectronics.X-CUBE-FREERTOS.1.3.1
2025-05-08 12:43:55,162 [WARN] PackLoader:240 - Cannot read IP mode file for STMicroelectronics.X-CUBE-FREERTOS.1.3.0
2025-05-08 12:43:55,164 [WARN] PackLoader:240 - Cannot read IP mode file for STMicroelectronics.X-CUBE-NFC7.1.0.1
2025-05-08 12:43:55,168 [WARN] PackLoader:240 - Cannot read IP mode file for STMicroelectronics.X-CUBE-DPower.1.3.0
2025-05-08 12:43:55,198 [WARN] ConditionMgr:438 - getConditionDescription Invalid condition id : LAN8742 Phy interface Condition cause : null
2025-05-08 12:43:55,199 [WARN] PackLoader:240 - Cannot read IP mode file for STMicroelectronics.X-CUBE-AZRTOS-L4.2.0.0
2025-05-08 12:43:55,200 [WARN] ConditionMgr:1044 - genDependencies : Invalid condition id : LAN8742 Phy interface Condition cause : null
2025-05-08 12:43:55,200 [WARN] ConditionMgr:1044 - genDependencies : Invalid condition id : LAN8742 Phy interface Condition cause : null
2025-05-08 12:43:55,200 [WARN] ConditionMgr:1044 - genDependencies : Invalid condition id : LAN8742 Phy interface Condition cause : null
2025-05-08 12:43:55,205 [WARN] PackLoader:240 - Cannot read IP mode file for STMicroelectronics.X-CUBE-SFXS2LP1.4.0.0
2025-05-08 12:43:55,219 [WARN] PackLoader:240 - Cannot read IP mode file for STMicroelectronics.X-CUBE-AZRTOS-H7.3.3.0
2025-05-08 12:43:55,228 [WARN] ConditionMgr:438 - getConditionDescription Invalid condition id : UX DEVICE CLASS RTOS Condition cause : null
2025-05-08 12:43:55,228 [WARN] ConditionMgr:438 - getConditionDescription Invalid condition id : UX DEVICE CLASS RTOS Condition cause : null
2025-05-08 12:43:55,230 [WARN] PackLoader:240 - Cannot read IP mode file for STMicroelectronics.X-CUBE-AZRTOS-WB.2.0.0
2025-05-08 12:43:55,230 [WARN] ConditionMgr:1044 - genDependencies : Invalid condition id : UX DEVICE CLASS RTOS Condition cause : null
2025-05-08 12:43:55,230 [WARN] ConditionMgr:1044 - genDependencies : Invalid condition id : UX DEVICE CLASS RTOS Condition cause : null
2025-05-08 12:43:55,231 [WARN] ConditionMgr:1044 - genDependencies : Invalid condition id : UX DEVICE CLASS RTOS Condition cause : null
2025-05-08 12:43:55,231 [WARN] ConditionMgr:1044 - genDependencies : Invalid condition id : UX DEVICE CLASS RTOS Condition cause : null
2025-05-08 12:43:55,231 [WARN] ConditionMgr:1044 - genDependencies : Invalid condition id : UX DEVICE CLASS RTOS Condition cause : null
2025-05-08 12:43:55,234 [WARN] PackLoader:240 - Cannot read IP mode file for STMicroelectronics.X-CUBE-GNSS1.7.0.1
2025-05-08 12:43:55,238 [WARN] PackLoader:240 - Cannot read IP mode file for STMicroelectronics.X-CUBE-TOUCHGFX.4.25.0
2025-05-08 12:43:55,241 [WARN] PackLoader:240 - Cannot read IP mode file for STMicroelectronics.FP-SNS-STBOX1.2.0.0
2025-05-08 12:43:55,249 [WARN] PackLoader:240 - Cannot read IP mode file for STMicroelectronics.X-CUBE-SUBG2.5.0.0
2025-05-08 12:43:55,264 [WARN] PackLoader:240 - Cannot read IP mode file for STMicroelectronics.X-CUBE-AZRTOS-H7RS.1.1.0
2025-05-08 12:43:55,267 [WARN] PackLoader:240 - Cannot read IP mode file for Cesanta.I-CUBE-Mongoose.7.13.0
2025-05-08 12:43:55,279 [WARN] PackLoader:240 - Cannot read IP mode file for STMicroelectronics.X-CUBE-AZRTOS-G4.2.0.0
2025-05-08 12:43:55,286 [WARN] PackLoader:240 - Cannot read IP mode file for wolfSSL.I-CUBE-wolfSSH.1.4.20
2025-05-08 12:43:55,289 [WARN] PackLoader:240 - Cannot read IP mode file for STMicroelectronics.X-CUBE-NFC7.2.0.0
2025-05-08 12:43:55,300 [WARN] PackLoader:240 - Cannot read IP mode file for STMicroelectronics.X-CUBE-IPS.3.1.0
2025-05-08 12:43:55,309 [WARN] PackLoader:240 - Cannot read IP mode file for STMicroelectronics.X-CUBE-ALS.1.0.2
2025-05-08 12:43:55,314 [WARN] PackLoader:240 - Cannot read IP mode file for portGmbH.I-Cube-SoM-uGOAL.1.1.0
2025-05-08 12:43:55,331 [WARN] PackLoader:240 - Cannot read IP mode file for STMicroelectronics.X-CUBE-TOF1.3.4.2
2025-05-08 12:43:55,347 [WARN] PackLoader:240 - Cannot read IP mode file for STMicroelectronics.X-CUBE-TOF1.3.4.3
2025-05-08 12:43:55,356 [INFO] ThirdParty:978 - Integrity check success = true
2025-05-08 12:43:55,356 [INFO] IntegrityCheckThread:100 - exiting critical section [integrity check]
2025-05-08 12:43:55,356 [INFO] IntegrityCheckThread:103 - End integrity checks thread
2025-05-08 12:44:17,556 [INFO] Activator:176 - 


2025-05-08 12:44:17,558 [INFO] Activator:177 - !SESSION log4j initialized
2025-05-08 12:44:18,531 [INFO] LogOutputStream:77 - [STDOUT_REDIRECT] 
2025-05-08 12:44:20,027 [INFO] LogOutputStream:77 - [STDOUT_REDIRECT] 
2025-05-08 12:44:20,601 [ERROR] LogOutputStream:75 - [STDERR_REDIRECT] 
2025-05-08 12:44:22,347 [INFO] ApplicationProperties:184 - Using Application install path: /Applications/STM32CubeIDE.app/Contents/Eclipse/plugins/com.st.stm32cube.common.mx_6.14.1.202504091515
2025-05-08 12:44:22,361 [INFO] DbMcusXml:78 - Set database path to: /Applications/STM32CubeIDE.app/Contents/Eclipse/plugins/com.st.stm32cube.common.mx_6.14.1.202504091515//db//mcu/
2025-05-08 12:44:22,362 [INFO] ApiDb:274 - Set plugin database path to: /Applications/STM32CubeIDE.app/Contents/Eclipse/plugins/com.st.stm32cube.common.mx_6.14.1.202504091515//db//plugins/boardmanager/
2025-05-08 12:44:22,362 [WARN] ApiDb:259 - Overriding images path with different value:  => /Applications/STM32CubeIDE.app/Contents/Eclipse/plugins/com.st.stm32cube.common.mx_6.14.1.202504091515//db//plugins/mcufinder/images/
2025-05-08 12:44:22,365 [INFO] ApiDb:250 - Set database path to: /Users/winstonhar/.stmcufinder/plugins/mcufinder//mcu/
2025-05-08 12:44:22,366 [INFO] DbMcusAds:125 - Set database path to: /Users/winstonhar/.stmcufinder/plugins/mcufinder//mcu/
2025-05-08 12:44:22,368 [INFO] CrossReferenceDbSqlite:203 - Set database path to: /Users/winstonhar/.stmcufinder/plugins/mcufinder//mcu/cs/
2025-05-08 12:44:22,475 [INFO] RulesReader:64 - Compatibility file has been processed (302 Rules)
2025-05-08 12:44:22,551 [INFO] DbMcusXml:78 - Set database path to: /Applications/STM32CubeIDE.app/Contents/Eclipse/plugins/com.st.stm32cube.common.mx_6.14.1.202504091515//db//mcu/
2025-05-08 12:44:22,551 [INFO] ApiDb:274 - Set plugin database path to: /Applications/STM32CubeIDE.app/Contents/Eclipse/plugins/com.st.stm32cube.common.mx_6.14.1.202504091515//db//plugins/boardmanager/
2025-05-08 12:44:22,552 [INFO] ApiDb:261 - Set plugin images path to: /Applications/STM32CubeIDE.app/Contents/Eclipse/plugins/com.st.stm32cube.common.mx_6.14.1.202504091515//db//plugins/mcufinder/images/
2025-05-08 12:44:22,552 [WARN] DbFile:41 - Overriding database path with different value: /Users/winstonhar/.stmcufinder/plugins/mcufinder/ => /Users/winstonhar/.stmcufinder/plugins/mcufinder
2025-05-08 12:44:22,552 [INFO] ApiDb:250 - Set database path to: /Users/winstonhar/.stmcufinder/plugins/mcufinder//mcu/
2025-05-08 12:44:22,552 [WARN] DbFile:41 - Overriding database path with different value: /Users/winstonhar/.stmcufinder/plugins/mcufinder/ => /Users/winstonhar/.stmcufinder/plugins/mcufinder
2025-05-08 12:44:22,552 [INFO] DbMcusAds:125 - Set database path to: /Users/winstonhar/.stmcufinder/plugins/mcufinder//mcu/
2025-05-08 12:44:22,552 [WARN] DbFile:41 - Overriding database path with different value: /Users/winstonhar/.stmcufinder/plugins/mcufinder/ => /Users/winstonhar/.stmcufinder/plugins/mcufinder
2025-05-08 12:44:22,553 [WARN] DbFile:41 - Overriding database path with different value: /Users/winstonhar/.stmcufinder/plugins/mcufinder/ => /Users/winstonhar/.stmcufinder/plugins/mcufinder
2025-05-08 12:44:22,553 [INFO] CrossReferenceDbSqlite:203 - Set database path to: /Users/winstonhar/.stmcufinder/plugins/mcufinder//mcu/cs/
2025-05-08 12:44:22,610 [INFO] MainPanel:272 - HeapMemory: 268435456
2025-05-08 12:44:23,001 [INFO] DbMcusXml:78 - Set database path to: /Applications/STM32CubeIDE.app/Contents/Eclipse/plugins/com.st.stm32cube.common.mx_6.14.1.202504091515//db//mcu/
2025-05-08 12:44:23,001 [INFO] ApiDb:274 - Set plugin database path to: /Applications/STM32CubeIDE.app/Contents/Eclipse/plugins/com.st.stm32cube.common.mx_6.14.1.202504091515//db//plugins/boardmanager/
2025-05-08 12:44:23,001 [INFO] ApiDb:261 - Set plugin images path to: /Applications/STM32CubeIDE.app/Contents/Eclipse/plugins/com.st.stm32cube.common.mx_6.14.1.202504091515//db//plugins/mcufinder/images/
2025-05-08 12:44:23,002 [WARN] DbFile:41 - Overriding database path with different value: /Users/winstonhar/.stmcufinder/plugins/mcufinder/ => /Users/winstonhar/.stmcufinder/plugins/mcufinder
2025-05-08 12:44:23,002 [INFO] ApiDb:250 - Set database path to: /Users/winstonhar/.stmcufinder/plugins/mcufinder//mcu/
2025-05-08 12:44:23,002 [WARN] DbFile:41 - Overriding database path with different value: /Users/winstonhar/.stmcufinder/plugins/mcufinder/ => /Users/winstonhar/.stmcufinder/plugins/mcufinder
2025-05-08 12:44:23,002 [INFO] DbMcusAds:125 - Set database path to: /Users/winstonhar/.stmcufinder/plugins/mcufinder//mcu/
2025-05-08 12:44:23,002 [WARN] DbFile:41 - Overriding database path with different value: /Users/winstonhar/.stmcufinder/plugins/mcufinder/ => /Users/winstonhar/.stmcufinder/plugins/mcufinder
2025-05-08 12:44:23,002 [WARN] DbFile:41 - Overriding database path with different value: /Users/winstonhar/.stmcufinder/plugins/mcufinder/ => /Users/winstonhar/.stmcufinder/plugins/mcufinder
2025-05-08 12:44:23,002 [INFO] CrossReferenceDbSqlite:203 - Set database path to: /Users/winstonhar/.stmcufinder/plugins/mcufinder//mcu/cs/
2025-05-08 12:44:23,017 [INFO] ApplicationProperties:184 - Using Application install path: /Applications/STM32CubeIDE.app/Contents/Eclipse/plugins/com.st.stm32cube.common.mx_6.14.1.202504091515
2025-05-08 12:44:23,019 [INFO] PluginManage:196 - Search for loadable plugins [exclusion list=, ]
2025-05-08 12:44:23,020 [INFO] PluginManage:310 - Check plugin analytics
2025-05-08 12:44:23,161 [INFO] AnalyticsPlugin:253 - Accepted Software Licenses: 
2025-05-08 12:44:23,161 [INFO] AnalyticsPlugin:255 - Accepted CMSIS Pack Licenses: 
2025-05-08 12:44:23,161 [INFO] AnalyticsPlugin:257 - Accepted Firmware Licenses: FW.F4.1.28.0
2025-05-08 12:44:23,164 [INFO] PluginManage:359 - Loaded plugin analytics (category:tool,tabindex:-1)
2025-05-08 12:44:23,165 [INFO] PluginManage:310 - Check plugin cadmodel
2025-05-08 12:44:23,168 [INFO] CADModel:105 - Init CAD model plugin
2025-05-08 12:44:23,168 [INFO] PluginManage:359 - Loaded plugin cadmodel (category:power,tabindex:5)
2025-05-08 12:44:23,168 [INFO] PluginManage:310 - Check plugin clock
2025-05-08 12:44:23,176 [INFO] PluginManage:359 - Loaded plugin clock (category:base,tabindex:2)
2025-05-08 12:44:23,176 [INFO] PluginManage:310 - Check plugin ddr
2025-05-08 12:44:23,178 [INFO] PluginManage:359 - Loaded plugin ddr (category:tool,tabindex:6)
2025-05-08 12:44:23,178 [INFO] PluginManage:310 - Check plugin filemanager
2025-05-08 12:44:23,307 [INFO] PluginManage:359 - Loaded plugin filemanager (category:base,tabindex:10)
2025-05-08 12:44:23,308 [INFO] PluginManage:310 - Check plugin ipmanager
2025-05-08 12:44:23,312 [INFO] PluginManage:359 - Loaded plugin ipmanager (category:base,tabindex:5)
2025-05-08 12:44:23,313 [INFO] PluginManage:310 - Check plugin lpbam
2025-05-08 12:44:23,319 [INFO] PluginManage:359 - Loaded plugin lpbam (category:base,tabindex:0)
2025-05-08 12:44:23,319 [INFO] PluginManage:310 - Check plugin memorymap
2025-05-08 12:44:23,328 [INFO] PluginManage:359 - Loaded plugin memorymap (category:base,tabindex:4)
2025-05-08 12:44:23,328 [INFO] PluginManage:310 - Check plugin pinoutandconfiguration
2025-05-08 12:44:23,334 [INFO] PluginManage:359 - Loaded plugin pinoutandconfiguration (category:base,tabindex:1)
2025-05-08 12:44:23,334 [INFO] PluginManage:310 - Check plugin pinoutconfig
2025-05-08 12:44:23,432 [WARN] SupportedApi:132 - Cannot load RTOS API schema: s4s-elt-must-match.1: The content of 'definitions' must match (annotation?, (simpleType | complexType)?, (unique | key | keyref)*)). A problem was found starting at: attribute.
2025-05-08 12:44:23,594 [INFO] PluginManage:359 - Loaded plugin pinoutconfig (category:base,tabindex:0)
2025-05-08 12:44:23,594 [INFO] PluginManage:310 - Check plugin power
2025-05-08 12:44:23,601 [INFO] PluginManage:359 - Loaded plugin power (category:power,tabindex:4)
2025-05-08 12:44:23,601 [INFO] PluginManage:310 - Check plugin projectmanager
2025-05-08 12:44:23,617 [INFO] PluginManage:359 - Loaded plugin projectmanager (category:projectmanager,tabindex:4)
2025-05-08 12:44:23,617 [INFO] PluginManage:310 - Check plugin rif
2025-05-08 12:44:23,622 [INFO] PluginManage:359 - Loaded plugin rif (category:base,tabindex:3)
2025-05-08 12:44:23,622 [INFO] PluginManage:310 - Check plugin thirdparty
2025-05-08 12:44:23,743 [INFO] PluginManage:359 - Loaded plugin thirdparty (category:base,tabindex:-1)
2025-05-08 12:44:23,743 [INFO] PluginManage:310 - Check plugin tools
2025-05-08 12:44:23,743 [WARN] IntegrityCheckThread:84 - waiting for thirdparty lock release [integrity check]
2025-05-08 12:44:23,744 [INFO] IntegrityCheckThread:86 - entering critical section [integrity check]
2025-05-08 12:44:23,744 [INFO] ThirdPartyUpdaterWithRetryManager:70 - Updater plugin not ready yet. [1/15]
2025-05-08 12:44:23,746 [INFO] PluginManage:359 - Loaded plugin tools (category:base,tabindex:7)
2025-05-08 12:44:23,746 [INFO] PluginManage:310 - Check plugin tutovideos
2025-05-08 12:44:23,898 [INFO] PluginManage:359 - Loaded plugin tutovideos (category:base,tabindex:-1)
2025-05-08 12:44:23,898 [INFO] PluginManage:310 - Check plugin updater
2025-05-08 12:44:23,919 [INFO] PluginManage:359 - Loaded plugin updater (category:base,tabindex:12)
2025-05-08 12:44:23,920 [INFO] PluginManage:310 - Check plugin userauth
2025-05-08 12:44:23,922 [INFO] UserAuth:118 - Init User Auth plugin
2025-05-08 12:44:23,923 [INFO] PluginManage:359 - Loaded plugin userauth (category:base,tabindex:14)
2025-05-08 12:44:23,924 [INFO] PluginManage:283 - PluginManage : Loaded plugins [18]
2025-05-08 12:44:24,082 [INFO] PinOutPanel:1589 - setPackage(No Configuration,No Configuration)
2025-05-08 12:44:24,144 [INFO] CADModel:165 - CPN selected for project level
2025-05-08 12:44:24,145 [INFO] CADModel:114 - Register for checkConnection events
2025-05-08 12:44:24,153 [INFO] IPUIPlugin:80 - create IPUIPlugin
2025-05-08 12:44:24,153 [INFO] PluginManager:220 - loadIPPluginJar : add mdma
2025-05-08 12:44:24,157 [INFO] IPUIPlugin:80 - create IPUIPlugin
2025-05-08 12:44:24,158 [INFO] PluginManager:220 - loadIPPluginJar : add freertos
2025-05-08 12:44:24,161 [INFO] IPUIPlugin:80 - create IPUIPlugin
2025-05-08 12:44:24,161 [INFO] PluginManager:220 - loadIPPluginJar : add gic
2025-05-08 12:44:24,167 [INFO] IPUIPlugin:80 - create IPUIPlugin
2025-05-08 12:44:24,167 [INFO] PluginManager:220 - loadIPPluginJar : add adc
2025-05-08 12:44:24,169 [INFO] IPUIPlugin:80 - create IPUIPlugin
2025-05-08 12:44:24,169 [INFO] PluginManager:220 - loadIPPluginJar : add gtzc
2025-05-08 12:44:24,170 [INFO] IPUIPlugin:80 - create IPUIPlugin
2025-05-08 12:44:24,170 [INFO] PluginManager:220 - loadIPPluginJar : add quadspi
2025-05-08 12:44:24,171 [INFO] IPUIPlugin:80 - create IPUIPlugin
2025-05-08 12:44:24,171 [INFO] PluginManager:220 - loadIPPluginJar : add aes
2025-05-08 12:44:24,173 [INFO] IPUIPlugin:80 - create IPUIPlugin
2025-05-08 12:44:24,173 [INFO] PluginManager:220 - loadIPPluginJar : add pdm2pcm
2025-05-08 12:44:24,174 [INFO] IPUIPlugin:80 - create IPUIPlugin
2025-05-08 12:44:24,174 [INFO] PluginManager:220 - loadIPPluginJar : add hash
2025-05-08 12:44:24,175 [INFO] IPUIPlugin:80 - create IPUIPlugin
2025-05-08 12:44:24,175 [INFO] PluginManager:220 - loadIPPluginJar : add tim
2025-05-08 12:44:24,176 [INFO] IPUIPlugin:80 - create IPUIPlugin
2025-05-08 12:44:24,176 [INFO] PluginManager:220 - loadIPPluginJar : add tsc
2025-05-08 12:44:24,178 [INFO] IPUIPlugin:80 - create IPUIPlugin
2025-05-08 12:44:24,178 [INFO] PluginManager:220 - loadIPPluginJar : add extmemmanager
2025-05-08 12:44:24,179 [INFO] IPUIPlugin:80 - create IPUIPlugin
2025-05-08 12:44:24,179 [INFO] PluginManager:220 - loadIPPluginJar : add ts
2025-05-08 12:44:24,180 [INFO] IPUIPlugin:80 - create IPUIPlugin
2025-05-08 12:44:24,181 [INFO] PluginManager:220 - loadIPPluginJar : add radio
2025-05-08 12:44:24,183 [INFO] IPUIPlugin:80 - create IPUIPlugin
2025-05-08 12:44:24,183 [INFO] PluginManager:220 - loadIPPluginJar : add can
2025-05-08 12:44:24,184 [INFO] IPUIPlugin:80 - create IPUIPlugin
2025-05-08 12:44:24,185 [INFO] PluginManager:220 - loadIPPluginJar : add dma3
2025-05-08 12:44:24,186 [INFO] IPUIPlugin:80 - create IPUIPlugin
2025-05-08 12:44:24,186 [INFO] PluginManager:220 - loadIPPluginJar : add dfsdm
2025-05-08 12:44:24,187 [INFO] IPUIPlugin:80 - create IPUIPlugin
2025-05-08 12:44:24,187 [INFO] PluginManager:220 - loadIPPluginJar : add spi
2025-05-08 12:44:24,188 [INFO] IPUIPlugin:80 - create IPUIPlugin
2025-05-08 12:44:24,188 [INFO] PluginManager:220 - loadIPPluginJar : add gfxmmu
2025-05-08 12:44:24,189 [INFO] IPUIPlugin:80 - create IPUIPlugin
2025-05-08 12:44:24,189 [INFO] PluginManager:220 - loadIPPluginJar : add genericplugin
2025-05-08 12:44:24,191 [INFO] IPUIPlugin:80 - create IPUIPlugin
2025-05-08 12:44:24,191 [INFO] PluginManager:220 - loadIPPluginJar : add cryp
2025-05-08 12:44:24,194 [INFO] IPUIPlugin:80 - create IPUIPlugin
2025-05-08 12:44:24,194 [INFO] PluginManager:220 - loadIPPluginJar : add gpio
2025-05-08 12:44:24,196 [INFO] IPUIPlugin:80 - create IPUIPlugin
2025-05-08 12:44:24,196 [INFO] PluginManager:220 - loadIPPluginJar : add ddr_ctrl_phy
2025-05-08 12:44:24,197 [INFO] IPUIPlugin:80 - create IPUIPlugin
2025-05-08 12:44:24,197 [INFO] PluginManager:220 - loadIPPluginJar : add comp
2025-05-08 12:44:24,198 [INFO] IPUIPlugin:80 - create IPUIPlugin
2025-05-08 12:44:24,198 [INFO] PluginManager:220 - loadIPPluginJar : add tracer_emb
2025-05-08 12:44:24,200 [INFO] IPUIPlugin:80 - create IPUIPlugin
2025-05-08 12:44:24,200 [INFO] PluginManager:220 - loadIPPluginJar : add openamp
2025-05-08 12:44:24,204 [INFO] IPUIPlugin:80 - create IPUIPlugin
2025-05-08 12:44:24,204 [INFO] PluginManager:220 - loadIPPluginJar : add stm32_wpan
2025-05-08 12:44:24,209 [INFO] IPUIPlugin:80 - create IPUIPlugin
2025-05-08 12:44:24,211 [INFO] PluginManager:220 - loadIPPluginJar : add plateformsettings
2025-05-08 12:44:24,214 [INFO] IPUIPlugin:80 - create IPUIPlugin
2025-05-08 12:44:24,214 [INFO] PluginManager:220 - loadIPPluginJar : add ipddr
2025-05-08 12:44:24,216 [INFO] IPUIPlugin:80 - create IPUIPlugin
2025-05-08 12:44:24,216 [INFO] PluginManager:220 - loadIPPluginJar : add usart
2025-05-08 12:44:24,217 [INFO] IPUIPlugin:80 - create IPUIPlugin
2025-05-08 12:44:24,217 [INFO] PluginManager:220 - loadIPPluginJar : add ltdc
2025-05-08 12:44:24,219 [INFO] IPUIPlugin:80 - create IPUIPlugin
2025-05-08 12:44:24,219 [INFO] PluginManager:220 - loadIPPluginJar : add nvic
2025-05-08 12:44:24,220 [INFO] IPUIPlugin:80 - create IPUIPlugin
2025-05-08 12:44:24,220 [INFO] PluginManager:220 - loadIPPluginJar : add fatfs
2025-05-08 12:44:24,225 [INFO] IPUIPlugin:80 - create IPUIPlugin
2025-05-08 12:44:24,225 [INFO] PluginManager:220 - loadIPPluginJar : add linkedlist
2025-05-08 12:44:24,229 [INFO] IPUIPlugin:80 - create IPUIPlugin
2025-05-08 12:44:24,229 [INFO] PluginManager:220 - loadIPPluginJar : add dma
2025-05-08 12:44:24,232 [INFO] IPUIPlugin:80 - create IPUIPlugin
2025-05-08 12:44:24,232 [INFO] PluginManager:220 - loadIPPluginJar : add fmc
2025-05-08 12:44:24,234 [INFO] IPUIPlugin:80 - create IPUIPlugin
2025-05-08 12:44:24,234 [INFO] PluginManager:220 - loadIPPluginJar : add i2s
2025-05-08 12:44:24,235 [INFO] IPUIPlugin:80 - create IPUIPlugin
2025-05-08 12:44:24,235 [INFO] PluginManager:220 - loadIPPluginJar : add ucpd
2025-05-08 12:44:24,237 [INFO] IPUIPlugin:80 - create IPUIPlugin
2025-05-08 12:44:24,237 [INFO] PluginManager:220 - loadIPPluginJar : add lorawan
2025-05-08 12:44:24,239 [INFO] IPUIPlugin:80 - create IPUIPlugin
2025-05-08 12:44:24,239 [INFO] PluginManager:220 - loadIPPluginJar : add opamp
2025-05-08 12:44:24,241 [INFO] IPUIPlugin:80 - create IPUIPlugin
2025-05-08 12:44:24,241 [INFO] PluginManager:220 - loadIPPluginJar : add i3c
2025-05-08 12:44:24,243 [INFO] IPUIPlugin:80 - create IPUIPlugin
2025-05-08 12:44:24,243 [INFO] PluginManager:220 - loadIPPluginJar : add touchsensing
2025-05-08 12:44:24,245 [INFO] IPUIPlugin:80 - create IPUIPlugin
2025-05-08 12:44:24,246 [INFO] PluginManager:220 - loadIPPluginJar : add i2c
2025-05-08 12:44:24,248 [INFO] IPUIPlugin:80 - create IPUIPlugin
2025-05-08 12:44:24,248 [INFO] PluginManager:220 - loadIPPluginJar : add resmgrutility
2025-05-08 12:44:24,250 [INFO] IPUIPlugin:80 - create IPUIPlugin
2025-05-08 12:44:24,250 [INFO] PluginManager:220 - loadIPPluginJar : add sai
2025-05-08 12:44:24,252 [INFO] IPUIPlugin:80 - create IPUIPlugin
2025-05-08 12:44:24,252 [INFO] PluginManager:220 - loadIPPluginJar : add usbx
2025-05-08 12:44:24,353 [FATAL] Updater:351 - Updater called before beeing initialized
2025-05-08 12:44:24,376 [INFO] RulesReader:64 - Compatibility file has been processed (302 Rules)
2025-05-08 12:44:24,387 [INFO] RulesReader:64 - Compatibility file has been processed (302 Rules)
2025-05-08 12:44:24,393 [INFO] CADModel:165 - CPN selected for project level
2025-05-08 12:44:24,393 [INFO] CADModel:114 - Register for checkConnection events
2025-05-08 12:44:24,393 [FATAL] Updater:351 - Updater called before beeing initialized
2025-05-08 12:44:24,393 [ERROR] CADModel:125 - Updater not yet initialized, retry later 
2025-05-08 12:44:24,572 [FATAL] Updater:351 - Updater called before beeing initialized
2025-05-08 12:44:24,574 [INFO] CADModel:165 - CPN selected for project level
2025-05-08 12:44:24,574 [INFO] CADModel:114 - Register for checkConnection events
2025-05-08 12:44:24,574 [FATAL] Updater:351 - Updater called before beeing initialized
2025-05-08 12:44:24,574 [ERROR] CADModel:125 - Updater not yet initialized, retry later 
2025-05-08 12:44:24,577 [FATAL] Updater:351 - Updater called before beeing initialized
2025-05-08 12:44:24,655 [FATAL] Updater:351 - Updater called before beeing initialized
2025-05-08 12:44:24,658 [INFO] DbMcusAds:53 - JSON generation date=Thu Mar 06 07:54:22 MST 2025 (1741272862078)
2025-05-08 12:44:24,658 [FATAL] Updater:351 - Updater called before beeing initialized
2025-05-08 12:44:24,714 [WARN] DetailPanel:346 - Failed to get advertising image, set to default
2025-05-08 12:44:24,993 [FATAL] Updater:351 - Updater called before beeing initialized
2025-05-08 12:44:24,994 [FATAL] Updater:351 - Updater called before beeing initialized
2025-05-08 12:44:24,994 [FATAL] Updater:351 - Updater called before beeing initialized
2025-05-08 12:44:24,994 [WARN] DetailPanel:346 - Failed to get advertising image, set to default
2025-05-08 12:44:24,995 [FATAL] Updater:351 - Updater called before beeing initialized
2025-05-08 12:44:25,022 [ERROR] Updater:1198 - MainUpdater not yet initialized. External WinMGr cannot be set.
2025-05-08 12:44:25,023 [INFO] Updater:1134 - Updater Version found : 6.14.1
2025-05-08 12:44:25,036 [INFO] ApplicationProperties:184 - Using Application install path: /Applications/STM32CubeIDE.app/Contents/Eclipse/plugins/com.st.stm32cube.common.mx_6.14.1.202504091515
2025-05-08 12:44:25,307 [INFO] MainUpdater:2872 - connection check result : 10
2025-05-08 12:44:25,308 [INFO] MainUpdater:289 - Updater Check For Update Now.
2025-05-08 12:44:25,308 [INFO] MicroXplorer:498 - Change Database Version : DB.6.0.141
2025-05-08 12:44:25,312 [INFO] McuFinderGlobals:63 - Set McuFinder mode to 2 (CubeIDE integrated)
2025-05-08 12:44:25,313 [INFO] UserAuth:484 - Internet connection configuration mode: 1
2025-05-08 12:44:25,324 [INFO] JxBrowserEngine:152 - Initiate JxBrowser Engine with user profile folder
2025-05-08 12:44:25,475 [INFO] CheckServerUpdateThread:120 - End of CheckServer Thread
2025-05-08 12:44:26,145 [INFO] WebApp:169 - Instantiating new browser for Auth
2025-05-08 12:44:26,916 [INFO] WebApp:463 - Apply proxy settings
2025-05-08 12:44:26,934 [INFO] WebApp:508 - Chromium authenticates against Manually configured proxy
2025-05-08 12:44:26,972 [INFO] WebApp:516 - Username used for proxy authentication: 
2025-05-08 12:44:27,028 [INFO] WebApp:894 - Register for checkConnection events
2025-05-08 12:44:27,067 [INFO] WebApp:463 - Apply proxy settings
2025-05-08 12:44:27,091 [INFO] WebApp:508 - Chromium authenticates against Manually configured proxy
2025-05-08 12:44:27,110 [INFO] WebApp:516 - Username used for proxy authentication: 
2025-05-08 12:44:27,276 [INFO] WebApp:225 - Starting web application
2025-05-08 12:44:27,307 [INFO] WebApp:593 - Web application path used /Applications/STM32CubeIDE.app/Contents/Eclipse/plugins/com.st.stm32cube.common.mx_6.14.1.202504091515/db/plugins/mcufinder/reactClient1/index.html
2025-05-08 12:44:27,384 [INFO] UserAuth:484 - Internet connection configuration mode: 1
2025-05-08 12:44:28,174 [INFO] WebApp:191 - Connection restablished
2025-05-08 12:44:35,681 [INFO] Activator:176 - 


2025-05-08 12:44:35,682 [INFO] Activator:177 - !SESSION log4j initialized
2025-05-08 12:44:36,623 [INFO] LogOutputStream:77 - [STDOUT_REDIRECT] 
2025-05-08 12:44:38,022 [INFO] LogOutputStream:77 - [STDOUT_REDIRECT] 
2025-05-08 12:44:38,498 [ERROR] LogOutputStream:75 - [STDERR_REDIRECT] java.net.URISyntaxException: Illegal character in path at index 38: file:/Users/winstonhar/ENCE-3231/Phase A/Projects/.metadata/.log4j2.xml
2025-05-08 12:44:38,500 [ERROR] LogOutputStream:75 - [STDERR_REDIRECT] 	at java.base/java.net.URI$Parser.fail(URI.java:2995)
2025-05-08 12:44:38,501 [ERROR] LogOutputStream:75 - [STDERR_REDIRECT] 	at java.base/java.net.URI$Parser.checkChars(URI.java:3166)
2025-05-08 12:44:38,501 [ERROR] LogOutputStream:75 - [STDERR_REDIRECT] 	at java.base/java.net.URI$Parser.parseHierarchical(URI.java:3248)
2025-05-08 12:44:38,504 [ERROR] LogOutputStream:75 - [STDERR_REDIRECT] 	at java.base/java.net.URI$Parser.parse(URI.java:3196)
2025-05-08 12:44:38,505 [ERROR] LogOutputStream:75 - [STDERR_REDIRECT] 	at java.base/java.net.URI.<init>(URI.java:645)
2025-05-08 12:44:38,505 [ERROR] LogOutputStream:75 - [STDERR_REDIRECT] 	at java.base/java.net.URL.toURI(URL.java:1220)
2025-05-08 12:44:38,506 [ERROR] LogOutputStream:75 - [STDERR_REDIRECT] 	at com.st.stm32cube.common.mx.core.CubeMxInstance.getInstance(CubeMxInstance.java:81)
2025-05-08 12:44:38,507 [ERROR] LogOutputStream:75 - [STDERR_REDIRECT] 	at com.st.stm32cube.common.mx.userauth.UserAuthAdapter.<init>(UserAuthAdapter.java:25)
2025-05-08 12:44:38,508 [ERROR] LogOutputStream:75 - [STDERR_REDIRECT] 	at com.st.stm32cube.common.mx.userauth.UserAuthProvider.getUserAuthAdapter(UserAuthProvider.java:16)
2025-05-08 12:44:38,509 [ERROR] LogOutputStream:75 - [STDERR_REDIRECT] 	at com.st.stm32cube.common.ecosystemintegration.ui.core.MCUEcoSystemIntegrationUiHelper.getUserAuth(MCUEcoSystemIntegrationUiHelper.java:100)
2025-05-08 12:44:38,510 [ERROR] LogOutputStream:75 - [STDERR_REDIRECT] 	at com.st.stm32cube.ide.mcu.userauth.UserAuthStartup.earlyStartup(UserAuthStartup.java:32)
2025-05-08 12:44:38,511 [ERROR] LogOutputStream:75 - [STDERR_REDIRECT] 	at org.eclipse.ui.internal.EarlyStartupRunnable.runEarlyStartup(EarlyStartupRunnable.java:79)
2025-05-08 12:44:38,512 [ERROR] LogOutputStream:75 - [STDERR_REDIRECT] 	at org.eclipse.ui.internal.EarlyStartupRunnable.run(EarlyStartupRunnable.java:55)
2025-05-08 12:44:38,513 [ERROR] LogOutputStream:75 - [STDERR_REDIRECT] 	at org.eclipse.core.runtime.SafeRunner.run(SafeRunner.java:47)
2025-05-08 12:44:38,514 [ERROR] LogOutputStream:75 - [STDERR_REDIRECT] 	at org.eclipse.ui.internal.Workbench$39.run(Workbench.java:2733)
2025-05-08 12:44:38,514 [ERROR] LogOutputStream:75 - [STDERR_REDIRECT] 	at org.eclipse.core.internal.jobs.Worker.run(Worker.java:63)
2025-05-08 12:44:38,597 [ERROR] LogOutputStream:75 - [STDERR_REDIRECT] 
2025-05-08 12:44:40,619 [INFO] ApplicationProperties:184 - Using Application install path: /Applications/STM32CubeIDE.app/Contents/Eclipse/plugins/com.st.stm32cube.common.mx_6.14.1.202504091515
2025-05-08 12:44:40,634 [INFO] DbMcusXml:78 - Set database path to: /Applications/STM32CubeIDE.app/Contents/Eclipse/plugins/com.st.stm32cube.common.mx_6.14.1.202504091515//db//mcu/
2025-05-08 12:44:40,634 [INFO] ApiDb:274 - Set plugin database path to: /Applications/STM32CubeIDE.app/Contents/Eclipse/plugins/com.st.stm32cube.common.mx_6.14.1.202504091515//db//plugins/boardmanager/
2025-05-08 12:44:40,634 [WARN] ApiDb:259 - Overriding images path with different value:  => /Applications/STM32CubeIDE.app/Contents/Eclipse/plugins/com.st.stm32cube.common.mx_6.14.1.202504091515//db//plugins/mcufinder/images/
2025-05-08 12:44:40,641 [INFO] ApiDb:250 - Set database path to: /Users/winstonhar/.stmcufinder/plugins/mcufinder//mcu/
2025-05-08 12:44:40,642 [INFO] DbMcusAds:125 - Set database path to: /Users/winstonhar/.stmcufinder/plugins/mcufinder//mcu/
2025-05-08 12:44:40,645 [INFO] CrossReferenceDbSqlite:203 - Set database path to: /Users/winstonhar/.stmcufinder/plugins/mcufinder//mcu/cs/
2025-05-08 12:44:40,746 [INFO] RulesReader:64 - Compatibility file has been processed (302 Rules)
2025-05-08 12:44:40,818 [INFO] DbMcusXml:78 - Set database path to: /Applications/STM32CubeIDE.app/Contents/Eclipse/plugins/com.st.stm32cube.common.mx_6.14.1.202504091515//db//mcu/
2025-05-08 12:44:40,818 [INFO] ApiDb:274 - Set plugin database path to: /Applications/STM32CubeIDE.app/Contents/Eclipse/plugins/com.st.stm32cube.common.mx_6.14.1.202504091515//db//plugins/boardmanager/
2025-05-08 12:44:40,819 [INFO] ApiDb:261 - Set plugin images path to: /Applications/STM32CubeIDE.app/Contents/Eclipse/plugins/com.st.stm32cube.common.mx_6.14.1.202504091515//db//plugins/mcufinder/images/
2025-05-08 12:44:40,819 [WARN] DbFile:41 - Overriding database path with different value: /Users/winstonhar/.stmcufinder/plugins/mcufinder/ => /Users/winstonhar/.stmcufinder/plugins/mcufinder
2025-05-08 12:44:40,819 [INFO] ApiDb:250 - Set database path to: /Users/winstonhar/.stmcufinder/plugins/mcufinder//mcu/
2025-05-08 12:44:40,819 [WARN] DbFile:41 - Overriding database path with different value: /Users/winstonhar/.stmcufinder/plugins/mcufinder/ => /Users/winstonhar/.stmcufinder/plugins/mcufinder
2025-05-08 12:44:40,819 [INFO] DbMcusAds:125 - Set database path to: /Users/winstonhar/.stmcufinder/plugins/mcufinder//mcu/
2025-05-08 12:44:40,819 [WARN] DbFile:41 - Overriding database path with different value: /Users/winstonhar/.stmcufinder/plugins/mcufinder/ => /Users/winstonhar/.stmcufinder/plugins/mcufinder
2025-05-08 12:44:40,819 [WARN] DbFile:41 - Overriding database path with different value: /Users/winstonhar/.stmcufinder/plugins/mcufinder/ => /Users/winstonhar/.stmcufinder/plugins/mcufinder
2025-05-08 12:44:40,819 [INFO] CrossReferenceDbSqlite:203 - Set database path to: /Users/winstonhar/.stmcufinder/plugins/mcufinder//mcu/cs/
2025-05-08 12:44:40,875 [INFO] MainPanel:272 - HeapMemory: 268435456
2025-05-08 12:44:41,274 [INFO] DbMcusXml:78 - Set database path to: /Applications/STM32CubeIDE.app/Contents/Eclipse/plugins/com.st.stm32cube.common.mx_6.14.1.202504091515//db//mcu/
2025-05-08 12:44:41,274 [INFO] ApiDb:274 - Set plugin database path to: /Applications/STM32CubeIDE.app/Contents/Eclipse/plugins/com.st.stm32cube.common.mx_6.14.1.202504091515//db//plugins/boardmanager/
2025-05-08 12:44:41,274 [INFO] ApiDb:261 - Set plugin images path to: /Applications/STM32CubeIDE.app/Contents/Eclipse/plugins/com.st.stm32cube.common.mx_6.14.1.202504091515//db//plugins/mcufinder/images/
2025-05-08 12:44:41,274 [WARN] DbFile:41 - Overriding database path with different value: /Users/winstonhar/.stmcufinder/plugins/mcufinder/ => /Users/winstonhar/.stmcufinder/plugins/mcufinder
2025-05-08 12:44:41,274 [INFO] ApiDb:250 - Set database path to: /Users/winstonhar/.stmcufinder/plugins/mcufinder//mcu/
2025-05-08 12:44:41,275 [WARN] DbFile:41 - Overriding database path with different value: /Users/winstonhar/.stmcufinder/plugins/mcufinder/ => /Users/winstonhar/.stmcufinder/plugins/mcufinder
2025-05-08 12:44:41,275 [INFO] DbMcusAds:125 - Set database path to: /Users/winstonhar/.stmcufinder/plugins/mcufinder//mcu/
2025-05-08 12:44:41,275 [WARN] DbFile:41 - Overriding database path with different value: /Users/winstonhar/.stmcufinder/plugins/mcufinder/ => /Users/winstonhar/.stmcufinder/plugins/mcufinder
2025-05-08 12:44:41,275 [WARN] DbFile:41 - Overriding database path with different value: /Users/winstonhar/.stmcufinder/plugins/mcufinder/ => /Users/winstonhar/.stmcufinder/plugins/mcufinder
2025-05-08 12:44:41,275 [INFO] CrossReferenceDbSqlite:203 - Set database path to: /Users/winstonhar/.stmcufinder/plugins/mcufinder//mcu/cs/
2025-05-08 12:44:41,289 [INFO] ApplicationProperties:184 - Using Application install path: /Applications/STM32CubeIDE.app/Contents/Eclipse/plugins/com.st.stm32cube.common.mx_6.14.1.202504091515
2025-05-08 12:44:41,290 [INFO] PluginManage:196 - Search for loadable plugins [exclusion list=, ]
2025-05-08 12:44:41,291 [INFO] PluginManage:310 - Check plugin analytics
2025-05-08 12:44:41,420 [INFO] AnalyticsPlugin:253 - Accepted Software Licenses: 
2025-05-08 12:44:41,420 [INFO] AnalyticsPlugin:255 - Accepted CMSIS Pack Licenses: 
2025-05-08 12:44:41,420 [INFO] AnalyticsPlugin:257 - Accepted Firmware Licenses: FW.F4.1.28.0
2025-05-08 12:44:41,423 [INFO] PluginManage:359 - Loaded plugin analytics (category:tool,tabindex:-1)
2025-05-08 12:44:41,423 [INFO] PluginManage:310 - Check plugin cadmodel
2025-05-08 12:44:41,426 [INFO] CADModel:105 - Init CAD model plugin
2025-05-08 12:44:41,426 [INFO] PluginManage:359 - Loaded plugin cadmodel (category:power,tabindex:5)
2025-05-08 12:44:41,426 [INFO] PluginManage:310 - Check plugin clock
2025-05-08 12:44:41,433 [INFO] PluginManage:359 - Loaded plugin clock (category:base,tabindex:2)
2025-05-08 12:44:41,433 [INFO] PluginManage:310 - Check plugin ddr
2025-05-08 12:44:41,434 [INFO] PluginManage:359 - Loaded plugin ddr (category:tool,tabindex:6)
2025-05-08 12:44:41,435 [INFO] PluginManage:310 - Check plugin filemanager
2025-05-08 12:44:41,556 [INFO] PluginManage:359 - Loaded plugin filemanager (category:base,tabindex:10)
2025-05-08 12:44:41,556 [INFO] PluginManage:310 - Check plugin ipmanager
2025-05-08 12:44:41,562 [INFO] PluginManage:359 - Loaded plugin ipmanager (category:base,tabindex:5)
2025-05-08 12:44:41,562 [INFO] PluginManage:310 - Check plugin lpbam
2025-05-08 12:44:41,570 [INFO] PluginManage:359 - Loaded plugin lpbam (category:base,tabindex:0)
2025-05-08 12:44:41,570 [INFO] PluginManage:310 - Check plugin memorymap
2025-05-08 12:44:41,581 [INFO] PluginManage:359 - Loaded plugin memorymap (category:base,tabindex:4)
2025-05-08 12:44:41,582 [INFO] PluginManage:310 - Check plugin pinoutandconfiguration
2025-05-08 12:44:41,588 [INFO] PluginManage:359 - Loaded plugin pinoutandconfiguration (category:base,tabindex:1)
2025-05-08 12:44:41,588 [INFO] PluginManage:310 - Check plugin pinoutconfig
2025-05-08 12:44:41,723 [WARN] SupportedApi:132 - Cannot load RTOS API schema: s4s-elt-must-match.1: The content of 'definitions' must match (annotation?, (simpleType | complexType)?, (unique | key | keyref)*)). A problem was found starting at: attribute.
2025-05-08 12:44:41,845 [INFO] PluginManage:359 - Loaded plugin pinoutconfig (category:base,tabindex:0)
2025-05-08 12:44:41,845 [INFO] PluginManage:310 - Check plugin power
2025-05-08 12:44:41,852 [INFO] PluginManage:359 - Loaded plugin power (category:power,tabindex:4)
2025-05-08 12:44:41,852 [INFO] PluginManage:310 - Check plugin projectmanager
2025-05-08 12:44:41,869 [INFO] PluginManage:359 - Loaded plugin projectmanager (category:projectmanager,tabindex:4)
2025-05-08 12:44:41,869 [INFO] PluginManage:310 - Check plugin rif
2025-05-08 12:44:41,875 [INFO] PluginManage:359 - Loaded plugin rif (category:base,tabindex:3)
2025-05-08 12:44:41,875 [INFO] PluginManage:310 - Check plugin thirdparty
2025-05-08 12:44:41,984 [INFO] PluginManage:359 - Loaded plugin thirdparty (category:base,tabindex:-1)
2025-05-08 12:44:41,984 [WARN] IntegrityCheckThread:84 - waiting for thirdparty lock release [integrity check]
2025-05-08 12:44:41,985 [INFO] IntegrityCheckThread:86 - entering critical section [integrity check]
2025-05-08 12:44:41,985 [INFO] PluginManage:310 - Check plugin tools
2025-05-08 12:44:41,985 [INFO] ThirdPartyUpdaterWithRetryManager:70 - Updater plugin not ready yet. [1/15]
2025-05-08 12:44:41,987 [INFO] PluginManage:359 - Loaded plugin tools (category:base,tabindex:7)
2025-05-08 12:44:41,987 [INFO] PluginManage:310 - Check plugin tutovideos
2025-05-08 12:44:42,134 [INFO] PluginManage:359 - Loaded plugin tutovideos (category:base,tabindex:-1)
2025-05-08 12:44:42,134 [INFO] PluginManage:310 - Check plugin updater
2025-05-08 12:44:42,153 [INFO] PluginManage:359 - Loaded plugin updater (category:base,tabindex:12)
2025-05-08 12:44:42,153 [INFO] PluginManage:310 - Check plugin userauth
2025-05-08 12:44:42,156 [INFO] UserAuth:118 - Init User Auth plugin
2025-05-08 12:44:42,158 [INFO] PluginManage:359 - Loaded plugin userauth (category:base,tabindex:14)
2025-05-08 12:44:42,158 [INFO] PluginManage:283 - PluginManage : Loaded plugins [18]
2025-05-08 12:44:42,312 [INFO] PinOutPanel:1589 - setPackage(No Configuration,No Configuration)
2025-05-08 12:44:42,378 [INFO] CADModel:165 - CPN selected for project level
2025-05-08 12:44:42,378 [INFO] CADModel:114 - Register for checkConnection events
2025-05-08 12:44:42,387 [INFO] IPUIPlugin:80 - create IPUIPlugin
2025-05-08 12:44:42,388 [INFO] PluginManager:220 - loadIPPluginJar : add mdma
2025-05-08 12:44:42,393 [INFO] IPUIPlugin:80 - create IPUIPlugin
2025-05-08 12:44:42,394 [INFO] PluginManager:220 - loadIPPluginJar : add freertos
2025-05-08 12:44:42,398 [INFO] IPUIPlugin:80 - create IPUIPlugin
2025-05-08 12:44:42,398 [INFO] PluginManager:220 - loadIPPluginJar : add gic
2025-05-08 12:44:42,405 [INFO] IPUIPlugin:80 - create IPUIPlugin
2025-05-08 12:44:42,405 [INFO] PluginManager:220 - loadIPPluginJar : add adc
2025-05-08 12:44:42,407 [INFO] IPUIPlugin:80 - create IPUIPlugin
2025-05-08 12:44:42,407 [INFO] PluginManager:220 - loadIPPluginJar : add gtzc
2025-05-08 12:44:42,408 [INFO] IPUIPlugin:80 - create IPUIPlugin
2025-05-08 12:44:42,409 [INFO] PluginManager:220 - loadIPPluginJar : add quadspi
2025-05-08 12:44:42,411 [INFO] IPUIPlugin:80 - create IPUIPlugin
2025-05-08 12:44:42,411 [INFO] PluginManager:220 - loadIPPluginJar : add aes
2025-05-08 12:44:42,414 [INFO] IPUIPlugin:80 - create IPUIPlugin
2025-05-08 12:44:42,414 [INFO] PluginManager:220 - loadIPPluginJar : add pdm2pcm
2025-05-08 12:44:42,416 [INFO] IPUIPlugin:80 - create IPUIPlugin
2025-05-08 12:44:42,416 [INFO] PluginManager:220 - loadIPPluginJar : add hash
2025-05-08 12:44:42,417 [INFO] IPUIPlugin:80 - create IPUIPlugin
2025-05-08 12:44:42,417 [INFO] PluginManager:220 - loadIPPluginJar : add tim
2025-05-08 12:44:42,418 [INFO] IPUIPlugin:80 - create IPUIPlugin
2025-05-08 12:44:42,418 [INFO] PluginManager:220 - loadIPPluginJar : add tsc
2025-05-08 12:44:42,420 [INFO] IPUIPlugin:80 - create IPUIPlugin
2025-05-08 12:44:42,420 [INFO] PluginManager:220 - loadIPPluginJar : add extmemmanager
2025-05-08 12:44:42,421 [INFO] IPUIPlugin:80 - create IPUIPlugin
2025-05-08 12:44:42,421 [INFO] PluginManager:220 - loadIPPluginJar : add ts
2025-05-08 12:44:42,422 [INFO] IPUIPlugin:80 - create IPUIPlugin
2025-05-08 12:44:42,424 [INFO] PluginManager:220 - loadIPPluginJar : add radio
2025-05-08 12:44:42,425 [INFO] IPUIPlugin:80 - create IPUIPlugin
2025-05-08 12:44:42,426 [INFO] PluginManager:220 - loadIPPluginJar : add can
2025-05-08 12:44:42,428 [INFO] IPUIPlugin:80 - create IPUIPlugin
2025-05-08 12:44:42,428 [INFO] PluginManager:220 - loadIPPluginJar : add dma3
2025-05-08 12:44:42,430 [INFO] IPUIPlugin:80 - create IPUIPlugin
2025-05-08 12:44:42,430 [INFO] PluginManager:220 - loadIPPluginJar : add dfsdm
2025-05-08 12:44:42,431 [INFO] IPUIPlugin:80 - create IPUIPlugin
2025-05-08 12:44:42,431 [INFO] PluginManager:220 - loadIPPluginJar : add spi
2025-05-08 12:44:42,433 [INFO] IPUIPlugin:80 - create IPUIPlugin
2025-05-08 12:44:42,433 [INFO] PluginManager:220 - loadIPPluginJar : add gfxmmu
2025-05-08 12:44:42,434 [INFO] IPUIPlugin:80 - create IPUIPlugin
2025-05-08 12:44:42,434 [INFO] PluginManager:220 - loadIPPluginJar : add genericplugin
2025-05-08 12:44:42,435 [INFO] IPUIPlugin:80 - create IPUIPlugin
2025-05-08 12:44:42,435 [INFO] PluginManager:220 - loadIPPluginJar : add cryp
2025-05-08 12:44:42,438 [INFO] IPUIPlugin:80 - create IPUIPlugin
2025-05-08 12:44:42,438 [INFO] PluginManager:220 - loadIPPluginJar : add gpio
2025-05-08 12:44:42,440 [INFO] IPUIPlugin:80 - create IPUIPlugin
2025-05-08 12:44:42,440 [INFO] PluginManager:220 - loadIPPluginJar : add ddr_ctrl_phy
2025-05-08 12:44:42,441 [INFO] IPUIPlugin:80 - create IPUIPlugin
2025-05-08 12:44:42,441 [INFO] PluginManager:220 - loadIPPluginJar : add comp
2025-05-08 12:44:42,443 [INFO] IPUIPlugin:80 - create IPUIPlugin
2025-05-08 12:44:42,443 [INFO] PluginManager:220 - loadIPPluginJar : add tracer_emb
2025-05-08 12:44:42,445 [INFO] IPUIPlugin:80 - create IPUIPlugin
2025-05-08 12:44:42,445 [INFO] PluginManager:220 - loadIPPluginJar : add openamp
2025-05-08 12:44:42,450 [INFO] IPUIPlugin:80 - create IPUIPlugin
2025-05-08 12:44:42,450 [INFO] PluginManager:220 - loadIPPluginJar : add stm32_wpan
2025-05-08 12:44:42,454 [INFO] IPUIPlugin:80 - create IPUIPlugin
2025-05-08 12:44:42,456 [INFO] PluginManager:220 - loadIPPluginJar : add plateformsettings
2025-05-08 12:44:42,458 [INFO] IPUIPlugin:80 - create IPUIPlugin
2025-05-08 12:44:42,459 [INFO] PluginManager:220 - loadIPPluginJar : add ipddr
2025-05-08 12:44:42,461 [INFO] IPUIPlugin:80 - create IPUIPlugin
2025-05-08 12:44:42,461 [INFO] PluginManager:220 - loadIPPluginJar : add usart
2025-05-08 12:44:42,462 [INFO] IPUIPlugin:80 - create IPUIPlugin
2025-05-08 12:44:42,462 [INFO] PluginManager:220 - loadIPPluginJar : add ltdc
2025-05-08 12:44:42,464 [INFO] IPUIPlugin:80 - create IPUIPlugin
2025-05-08 12:44:42,464 [INFO] PluginManager:220 - loadIPPluginJar : add nvic
2025-05-08 12:44:42,465 [INFO] IPUIPlugin:80 - create IPUIPlugin
2025-05-08 12:44:42,465 [INFO] PluginManager:220 - loadIPPluginJar : add fatfs
2025-05-08 12:44:42,470 [INFO] IPUIPlugin:80 - create IPUIPlugin
2025-05-08 12:44:42,470 [INFO] PluginManager:220 - loadIPPluginJar : add linkedlist
2025-05-08 12:44:42,474 [INFO] IPUIPlugin:80 - create IPUIPlugin
2025-05-08 12:44:42,474 [INFO] PluginManager:220 - loadIPPluginJar : add dma
2025-05-08 12:44:42,477 [INFO] IPUIPlugin:80 - create IPUIPlugin
2025-05-08 12:44:42,478 [INFO] PluginManager:220 - loadIPPluginJar : add fmc
2025-05-08 12:44:42,479 [INFO] IPUIPlugin:80 - create IPUIPlugin
2025-05-08 12:44:42,479 [INFO] PluginManager:220 - loadIPPluginJar : add i2s
2025-05-08 12:44:42,480 [INFO] IPUIPlugin:80 - create IPUIPlugin
2025-05-08 12:44:42,481 [INFO] PluginManager:220 - loadIPPluginJar : add ucpd
2025-05-08 12:44:42,482 [INFO] IPUIPlugin:80 - create IPUIPlugin
2025-05-08 12:44:42,482 [INFO] PluginManager:220 - loadIPPluginJar : add lorawan
2025-05-08 12:44:42,484 [INFO] IPUIPlugin:80 - create IPUIPlugin
2025-05-08 12:44:42,484 [INFO] PluginManager:220 - loadIPPluginJar : add opamp
2025-05-08 12:44:42,486 [INFO] IPUIPlugin:80 - create IPUIPlugin
2025-05-08 12:44:42,486 [INFO] PluginManager:220 - loadIPPluginJar : add i3c
2025-05-08 12:44:42,488 [INFO] IPUIPlugin:80 - create IPUIPlugin
2025-05-08 12:44:42,488 [INFO] PluginManager:220 - loadIPPluginJar : add touchsensing
2025-05-08 12:44:42,490 [INFO] IPUIPlugin:80 - create IPUIPlugin
2025-05-08 12:44:42,490 [INFO] PluginManager:220 - loadIPPluginJar : add i2c
2025-05-08 12:44:42,492 [INFO] IPUIPlugin:80 - create IPUIPlugin
2025-05-08 12:44:42,493 [INFO] PluginManager:220 - loadIPPluginJar : add resmgrutility
2025-05-08 12:44:42,494 [INFO] IPUIPlugin:80 - create IPUIPlugin
2025-05-08 12:44:42,494 [INFO] PluginManager:220 - loadIPPluginJar : add sai
2025-05-08 12:44:42,496 [INFO] IPUIPlugin:80 - create IPUIPlugin
2025-05-08 12:44:42,497 [INFO] PluginManager:220 - loadIPPluginJar : add usbx
2025-05-08 12:44:42,600 [FATAL] Updater:351 - Updater called before beeing initialized
2025-05-08 12:44:42,622 [INFO] RulesReader:64 - Compatibility file has been processed (302 Rules)
2025-05-08 12:44:42,632 [INFO] RulesReader:64 - Compatibility file has been processed (302 Rules)
2025-05-08 12:44:42,637 [INFO] CADModel:165 - CPN selected for project level
2025-05-08 12:44:42,638 [INFO] CADModel:114 - Register for checkConnection events
2025-05-08 12:44:42,638 [FATAL] Updater:351 - Updater called before beeing initialized
2025-05-08 12:44:42,638 [ERROR] CADModel:125 - Updater not yet initialized, retry later 
2025-05-08 12:44:42,803 [FATAL] Updater:351 - Updater called before beeing initialized
2025-05-08 12:44:42,805 [INFO] CADModel:165 - CPN selected for project level
2025-05-08 12:44:42,805 [INFO] CADModel:114 - Register for checkConnection events
2025-05-08 12:44:42,806 [FATAL] Updater:351 - Updater called before beeing initialized
2025-05-08 12:44:42,806 [ERROR] CADModel:125 - Updater not yet initialized, retry later 
2025-05-08 12:44:42,808 [FATAL] Updater:351 - Updater called before beeing initialized
2025-05-08 12:44:42,880 [FATAL] Updater:351 - Updater called before beeing initialized
2025-05-08 12:44:42,884 [INFO] DbMcusAds:53 - JSON generation date=Thu Mar 06 07:54:22 MST 2025 (1741272862078)
2025-05-08 12:44:42,884 [FATAL] Updater:351 - Updater called before beeing initialized
2025-05-08 12:44:42,937 [WARN] DetailPanel:346 - Failed to get advertising image, set to default
2025-05-08 12:44:43,192 [FATAL] Updater:351 - Updater called before beeing initialized
2025-05-08 12:44:43,193 [FATAL] Updater:351 - Updater called before beeing initialized
2025-05-08 12:44:43,193 [FATAL] Updater:351 - Updater called before beeing initialized
2025-05-08 12:44:43,194 [WARN] DetailPanel:346 - Failed to get advertising image, set to default
2025-05-08 12:44:43,194 [FATAL] Updater:351 - Updater called before beeing initialized
2025-05-08 12:44:43,218 [ERROR] Updater:1198 - MainUpdater not yet initialized. External WinMGr cannot be set.
2025-05-08 12:44:43,219 [INFO] Updater:1134 - Updater Version found : 6.14.1
2025-05-08 12:44:43,230 [INFO] ApplicationProperties:184 - Using Application install path: /Applications/STM32CubeIDE.app/Contents/Eclipse/plugins/com.st.stm32cube.common.mx_6.14.1.202504091515
2025-05-08 12:44:43,455 [INFO] MainUpdater:2872 - connection check result : 10
2025-05-08 12:44:43,455 [INFO] MainUpdater:289 - Updater Check For Update Now.
2025-05-08 12:44:43,455 [INFO] MicroXplorer:498 - Change Database Version : DB.6.0.141
2025-05-08 12:44:43,459 [INFO] McuFinderGlobals:63 - Set McuFinder mode to 2 (CubeIDE integrated)
2025-05-08 12:44:43,459 [INFO] UserAuth:484 - Internet connection configuration mode: 1
2025-05-08 12:44:43,469 [INFO] JxBrowserEngine:152 - Initiate JxBrowser Engine with user profile folder
2025-05-08 12:44:43,622 [INFO] CheckServerUpdateThread:120 - End of CheckServer Thread
2025-05-08 12:44:44,307 [INFO] WebApp:169 - Instantiating new browser for Auth
2025-05-08 12:44:45,026 [INFO] WebApp:463 - Apply proxy settings
2025-05-08 12:44:45,036 [INFO] WebApp:508 - Chromium authenticates against Manually configured proxy
2025-05-08 12:44:45,072 [INFO] WebApp:516 - Username used for proxy authentication: 
2025-05-08 12:44:45,123 [INFO] WebApp:894 - Register for checkConnection events
2025-05-08 12:44:45,142 [INFO] WebApp:463 - Apply proxy settings
2025-05-08 12:44:45,146 [INFO] WebApp:508 - Chromium authenticates against Manually configured proxy
2025-05-08 12:44:45,164 [INFO] WebApp:516 - Username used for proxy authentication: 
2025-05-08 12:44:45,301 [INFO] WebApp:225 - Starting web application
2025-05-08 12:44:45,307 [INFO] WebApp:593 - Web application path used /Applications/STM32CubeIDE.app/Contents/Eclipse/plugins/com.st.stm32cube.common.mx_6.14.1.202504091515/db/plugins/mcufinder/reactClient1/index.html
2025-05-08 12:44:45,378 [INFO] UserAuth:484 - Internet connection configuration mode: 1
2025-05-08 12:44:46,196 [INFO] WebApp:191 - Connection restablished
2025-05-08 12:44:49,855 [WARN] PackLoader:240 - Cannot read IP mode file for STMicroelectronics.FP-SNS-MOTENVWB1.1.4.0
2025-05-08 12:44:49,861 [WARN] PackLoader:240 - Cannot read IP mode file for STMicroelectronics.FP-ATR-ASTRA1.2.0.2
2025-05-08 12:44:49,867 [WARN] PackLoader:240 - Cannot read IP mode file for STMicroelectronics.X-CUBE-SMBUS.2.1.0
2025-05-08 12:44:49,874 [WARN] PackLoader:240 - Cannot read IP mode file for STMicroelectronics.X-CUBE-WB05N.1.1.0
2025-05-08 12:44:49,904 [WARN] PackLoader:240 - Cannot read IP mode file for STMicroelectronics.X-CUBE-AZRTOS-F7.1.1.0
2025-05-08 12:44:49,937 [WARN] PackLoader:240 - Cannot read IP mode file for Infineon.AIROC-Wi-Fi-Bluetooth-STM32.1.7.0
2025-05-08 12:44:49,949 [WARN] PackLoader:240 - Cannot read IP mode file for STMicroelectronics.X-CUBE-DISPLAY.3.0.0
2025-05-08 12:44:49,958 [WARN] PackLoader:240 - Cannot read IP mode file for STMicroelectronics.X-CUBE-NFC10.1.0.0
2025-05-08 12:44:49,970 [WARN] PackLoader:240 - Cannot read IP mode file for STMicroelectronics.X-CUBE-BLEMGR.4.0.0
2025-05-08 12:44:49,978 [WARN] PackLoader:240 - Cannot read IP mode file for emotas.I-CUBE-CANOPEN.1.3.0
2025-05-08 12:44:49,981 [WARN] ConditionMgr:438 - getConditionDescription Invalid condition id : Cortex-A Device cause : null
2025-05-08 12:44:49,989 [WARN] ConditionMgr:1044 - genDependencies : Invalid condition id : Cortex-A Device cause : null
2025-05-08 12:44:49,990 [WARN] ConditionMgr:1044 - genDependencies : Invalid condition id : Cortex-A Device cause : null
2025-05-08 12:44:49,990 [WARN] ConditionMgr:1044 - genDependencies : Invalid condition id : Cortex-A Device cause : null
2025-05-08 12:44:49,993 [WARN] PackLoader:240 - Cannot read IP mode file for STMicroelectronics.X-CUBE-AI.10.0.0
2025-05-08 12:44:49,996 [WARN] PackLoader:240 - Cannot read IP mode file for STMicroelectronics.FP-SNS-SMARTAG2.1.2.0
2025-05-08 12:44:50,000 [WARN] PackLoader:240 - Cannot read IP mode file for STMicroelectronics.FP-SNS-FLIGHT1.5.1.0
2025-05-08 12:44:50,052 [WARN] PackLoader:240 - Cannot read IP mode file for STMicroelectronics.X-CUBE-MEMS1.11.1.0
2025-05-08 12:44:50,344 [INFO] LogOutputStream:77 - [STDOUT_REDIRECT] 1 : Invalid condition id : UX_CORESTACK_Condition cause : null
2025-05-08 12:44:50,344 [INFO] LogOutputStream:77 - [STDOUT_REDIRECT] 1 : Invalid condition id : UX_CORESTACK_Condition cause : null
2025-05-08 12:44:50,345 [INFO] LogOutputStream:77 - [STDOUT_REDIRECT] 1 : Invalid condition id : UX_CORESTACK_Condition cause : null
2025-05-08 12:44:50,345 [INFO] LogOutputStream:77 - [STDOUT_REDIRECT] 1 : Invalid condition id : UX_CORESTACK_Condition cause : null
2025-05-08 12:44:50,345 [INFO] LogOutputStream:77 - [STDOUT_REDIRECT] 1 : Invalid condition id : UX_CORESTACK_Condition cause : null
2025-05-08 12:44:50,350 [WARN] PackLoader:240 - Cannot read IP mode file for STMicroelectronics.X-CUBE-AZRTOS-WL.2.0.0
2025-05-08 12:44:50,355 [WARN] PackLoader:240 - Cannot read IP mode file for STMicroelectronics.FP-SNS-MOTENV1.5.0.0
2025-05-08 12:44:50,362 [WARN] PackLoader:240 - Cannot read IP mode file for WES.I-CUBE-Cesium.1.3.0
2025-05-08 12:44:50,366 [WARN] PackLoader:240 - Cannot read IP mode file for STMicroelectronics.X-CUBE-BLE2.3.3.0
2025-05-08 12:44:50,372 [WARN] PackLoader:240 - Cannot read IP mode file for STMicroelectronics.X-CUBE-NFC9.1.0.0
2025-05-08 12:44:50,377 [WARN] PackLoader:240 - Cannot read IP mode file for STMicroelectronics.X-CUBE-BLE1.7.1.0
2025-05-08 12:44:50,380 [WARN] PackLoader:240 - Cannot read IP mode file for wolfSSL.I-CUBE-wolfMQTT.1.19.2
2025-05-08 12:44:50,441 [WARN] PackLoader:240 - Cannot read IP mode file for STMicroelectronics.X-CUBE-MEMS1.11.2.0
2025-05-08 12:44:50,669 [WARN] PackLoader:240 - Cannot read IP mode file for STMicroelectronics.X-CUBE-AZRTOS-G0.1.1.0
2025-05-08 12:44:50,676 [WARN] PackLoader:240 - Cannot read IP mode file for STMicroelectronics.X-CUBE-SAFEA1.1.2.2
2025-05-08 12:44:50,681 [WARN] PackLoader:240 - Cannot read IP mode file for STMicroelectronics.X-CUBE-NFC4.3.0.0
2025-05-08 12:44:50,690 [WARN] PackLoader:240 - Cannot read IP mode file for EmbeddedOffice.I-CUBE-FS-RTOS.1.0.1
2025-05-08 12:44:50,694 [WARN] PackLoader:240 - Cannot read IP mode file for STMicroelectronics.X-CUBE-WB05N.2.0.0
2025-05-08 12:44:50,698 [WARN] PackLoader:240 - Cannot read IP mode file for wolfSSL.I-CUBE-wolfTPM.3.8.0
2025-05-08 12:44:50,702 [WARN] PackLoader:240 - Cannot read IP mode file for STMicroelectronics.X-CUBE-TCPP.4.2.0
2025-05-08 12:44:50,708 [WARN] PackLoader:240 - Cannot read IP mode file for RealThread.X-CUBE-RT-Thread_Nano.4.1.1
2025-05-08 12:44:50,711 [WARN] PackLoader:240 - Cannot read IP mode file for STMicroelectronics.FP-ATR-SIGFOX1.3.2.0
2025-05-08 12:44:50,716 [WARN] PackLoader:240 - Cannot read IP mode file for STMicroelectronics.X-CUBE-EEPRMA1.5.1.0
2025-05-08 12:44:50,722 [WARN] PackLoader:240 - Cannot read IP mode file for wolfSSL.I-CUBE-wolfSSL.5.7.6
2025-05-08 12:44:50,727 [WARN] PackLoader:240 - Cannot read IP mode file for ITTIA_DB.I-CUBE-ITTIADB.8.9.0
2025-05-08 12:44:50,761 [WARN] PackLoader:240 - Cannot read IP mode file for SEGGER.I-CUBE-embOS.1.3.1
2025-05-08 12:44:50,799 [WARN] PackLoader:240 - Cannot read IP mode file for STMicroelectronics.X-CUBE-ALGOBUILD.1.4.0
2025-05-08 12:44:50,814 [WARN] PackLoader:240 - Cannot read IP mode file for STMicroelectronics.X-CUBE-AZRTOS-F4.1.1.0
2025-05-08 12:44:50,818 [WARN] PackLoader:240 - Cannot read IP mode file for Avnet-IotConnect.X-CUBE-IoTC-DA16k-PMOD.1.0.0
2025-05-08 12:44:50,820 [WARN] PackLoader:240 - Cannot read IP mode file for STMicroelectronics.X-CUBE-ISPU.2.1.0
2025-05-08 12:44:50,912 [WARN] PackLoader:240 - Cannot read IP mode file for STMicroelectronics.X-CUBE-AZRTOS-L5.2.0.0
2025-05-08 12:44:50,926 [WARN] PackLoader:240 - Cannot read IP mode file for STMicroelectronics.X-CUBE-NFC6.3.1.0
2025-05-08 12:44:50,933 [WARN] PackLoader:240 - Cannot read IP mode file for STMicroelectronics.X-CUBE-FREERTOS.1.3.1
2025-05-08 12:44:50,938 [WARN] PackLoader:240 - Cannot read IP mode file for STMicroelectronics.X-CUBE-FREERTOS.1.3.0
2025-05-08 12:44:51,016 [WARN] PackLoader:240 - Cannot read IP mode file for STMicroelectronics.X-CUBE-NFC7.1.0.1
2025-05-08 12:44:51,044 [WARN] PackLoader:240 - Cannot read IP mode file for STMicroelectronics.X-CUBE-DPower.1.3.0
2025-05-08 12:44:51,065 [WARN] ConditionMgr:438 - getConditionDescription Invalid condition id : LAN8742 Phy interface Condition cause : null
2025-05-08 12:44:51,066 [WARN] PackLoader:240 - Cannot read IP mode file for STMicroelectronics.X-CUBE-AZRTOS-L4.2.0.0
2025-05-08 12:44:51,067 [WARN] ConditionMgr:1044 - genDependencies : Invalid condition id : LAN8742 Phy interface Condition cause : null
2025-05-08 12:44:51,067 [WARN] ConditionMgr:1044 - genDependencies : Invalid condition id : LAN8742 Phy interface Condition cause : null
2025-05-08 12:44:51,068 [WARN] ConditionMgr:1044 - genDependencies : Invalid condition id : LAN8742 Phy interface Condition cause : null
2025-05-08 12:44:51,075 [WARN] PackLoader:240 - Cannot read IP mode file for STMicroelectronics.X-CUBE-SFXS2LP1.4.0.0
2025-05-08 12:44:51,098 [WARN] PackLoader:240 - Cannot read IP mode file for STMicroelectronics.X-CUBE-AZRTOS-H7.3.3.0
2025-05-08 12:44:51,120 [WARN] ConditionMgr:438 - getConditionDescription Invalid condition id : UX DEVICE CLASS RTOS Condition cause : null
2025-05-08 12:44:51,120 [WARN] ConditionMgr:438 - getConditionDescription Invalid condition id : UX DEVICE CLASS RTOS Condition cause : null
2025-05-08 12:44:51,125 [WARN] PackLoader:240 - Cannot read IP mode file for STMicroelectronics.X-CUBE-AZRTOS-WB.2.0.0
2025-05-08 12:44:51,126 [WARN] ConditionMgr:1044 - genDependencies : Invalid condition id : UX DEVICE CLASS RTOS Condition cause : null
2025-05-08 12:44:51,126 [WARN] ConditionMgr:1044 - genDependencies : Invalid condition id : UX DEVICE CLASS RTOS Condition cause : null
2025-05-08 12:44:51,127 [WARN] ConditionMgr:1044 - genDependencies : Invalid condition id : UX DEVICE CLASS RTOS Condition cause : null
2025-05-08 12:44:51,127 [WARN] ConditionMgr:1044 - genDependencies : Invalid condition id : UX DEVICE CLASS RTOS Condition cause : null
2025-05-08 12:44:51,127 [WARN] ConditionMgr:1044 - genDependencies : Invalid condition id : UX DEVICE CLASS RTOS Condition cause : null
2025-05-08 12:44:51,136 [WARN] PackLoader:240 - Cannot read IP mode file for STMicroelectronics.X-CUBE-GNSS1.7.0.1
2025-05-08 12:44:51,142 [WARN] PackLoader:240 - Cannot read IP mode file for STMicroelectronics.X-CUBE-TOUCHGFX.4.25.0
2025-05-08 12:44:51,150 [WARN] PackLoader:240 - Cannot read IP mode file for STMicroelectronics.FP-SNS-STBOX1.2.0.0
2025-05-08 12:44:51,169 [WARN] PackLoader:240 - Cannot read IP mode file for STMicroelectronics.X-CUBE-SUBG2.5.0.0
2025-05-08 12:44:51,211 [WARN] PackLoader:240 - Cannot read IP mode file for STMicroelectronics.X-CUBE-AZRTOS-H7RS.1.1.0
2025-05-08 12:44:51,219 [WARN] PackLoader:240 - Cannot read IP mode file for Cesanta.I-CUBE-Mongoose.7.13.0
2025-05-08 12:44:51,235 [WARN] PackLoader:240 - Cannot read IP mode file for STMicroelectronics.X-CUBE-AZRTOS-G4.2.0.0
2025-05-08 12:44:51,259 [WARN] PackLoader:240 - Cannot read IP mode file for wolfSSL.I-CUBE-wolfSSH.1.4.20
2025-05-08 12:44:51,262 [WARN] PackLoader:240 - Cannot read IP mode file for STMicroelectronics.X-CUBE-NFC7.2.0.0
2025-05-08 12:44:51,275 [WARN] PackLoader:240 - Cannot read IP mode file for STMicroelectronics.X-CUBE-IPS.3.1.0
2025-05-08 12:44:51,284 [WARN] PackLoader:240 - Cannot read IP mode file for STMicroelectronics.X-CUBE-ALS.1.0.2
2025-05-08 12:44:51,288 [WARN] PackLoader:240 - Cannot read IP mode file for portGmbH.I-Cube-SoM-uGOAL.1.1.0
2025-05-08 12:44:51,297 [WARN] PackLoader:240 - Cannot read IP mode file for STMicroelectronics.X-CUBE-TOF1.3.4.2
2025-05-08 12:44:51,318 [WARN] PackLoader:240 - Cannot read IP mode file for STMicroelectronics.X-CUBE-TOF1.3.4.3
2025-05-08 12:44:51,329 [INFO] ThirdParty:978 - Integrity check success = true
2025-05-08 12:44:51,329 [INFO] IntegrityCheckThread:100 - exiting critical section [integrity check]
2025-05-08 12:44:51,329 [INFO] IntegrityCheckThread:103 - End integrity checks thread
2025-05-08 12:44:54,918 [INFO] McuFinderGlobals:63 - Set McuFinder mode to 2 (CubeIDE integrated)
2025-05-08 12:44:54,922 [INFO] MainUpdater:2872 - connection check result : 10
2025-05-08 12:44:54,922 [INFO] MainUpdater:2872 - connection check result : 10
2025-05-08 12:44:55,084 [INFO] MicroXplorer:468 - Change Database Path : 
2025-05-08 12:44:55,084 [INFO] MicroXplorer:498 - Change Database Version : DB.6.0.141
2025-05-08 12:44:55,092 [WARN] ThirdParty:871 - waiting for thirdparty lock release [close project]
2025-05-08 12:44:55,092 [INFO] ThirdParty:873 - entering critical section [close project]
2025-05-08 12:44:55,093 [INFO] ThirdParty:883 - exiting critical section [close project]
2025-05-08 12:44:55,094 [INFO] PinOutPanel:1589 - setPackage(No Configuration,No Configuration)
2025-05-08 12:44:55,098 [INFO] UtilMem:75 - Begin LoadConfig() Used Memory: 213184856 Bytes (268435456)
2025-05-08 12:44:55,100 [INFO] MicroXplorer:468 - Change Database Path : 
2025-05-08 12:44:55,100 [INFO] MicroXplorer:498 - Change Database Version : DB.6.0.141
2025-05-08 12:44:55,100 [INFO] OpenFileManager:354 - Change cursor
2025-05-08 12:44:55,120 [INFO] Mcu:2011 - Initializing MCU STM32F103R(C-D-E)Tx STM32F103RCTx STM32F103RCT6
2025-05-08 12:44:55,958 [INFO] Context:756 - Trying to add GPIOservice into a context  which must be forbidden
2025-05-08 12:44:56,246 [INFO] ImportTextPane:218 - (OptionalMessage_ERROR) Pin17 (VP_RIF_VS_RIF1) cannot be retrieved for this MCU
2025-05-08 12:44:56,472 [INFO] RtosManager:558 - Registered RTOS mode: class=CMSIS, group=RTOS, mode=CMSIS_V1, owner=FREERTOS
2025-05-08 12:44:56,472 [INFO] RtosManager:558 - Registered RTOS mode: class=CMSIS, group=RTOS2, mode=CMSIS_V2, owner=FREERTOS
2025-05-08 12:44:56,473 [INFO] RtosManager:558 - Registered RTOS mode: class=RTOS, group=Core, mode=CMSIS_V1, owner=FREERTOS
2025-05-08 12:44:56,473 [INFO] RtosManager:558 - Registered RTOS mode: class=RTOS, group=Core, mode=CMSIS_V2, owner=FREERTOS
2025-05-08 12:44:56,473 [WARN] ModelIntegratedComponent:184 - Missing modes for component STMicroelectronics:FreeRTOS:0.0.1:STMicroelectronics:RTOS:FreeRTOS:Core:::10.2.0:
2025-05-08 12:44:56,493 [WARN] ModelIntegratedComponent:63 - No mode defined for component null
2025-05-08 12:44:56,494 [WARN] ModelIntegratedComponent:63 - No mode defined for component null
2025-05-08 12:44:56,494 [WARN] ModelIntegratedComponent:63 - No mode defined for component null
2025-05-08 12:44:56,494 [WARN] ModelIntegratedComponent:63 - No mode defined for component null
2025-05-08 12:44:56,494 [WARN] ModelIntegratedComponent:63 - No mode defined for component null
2025-05-08 12:44:56,494 [WARN] ModelIntegratedComponent:63 - No mode defined for component null
2025-05-08 12:44:56,494 [WARN] ModelIntegratedComponent:63 - No mode defined for component null
2025-05-08 12:44:56,494 [WARN] ModelIntegratedComponent:63 - No mode defined for component null
2025-05-08 12:44:56,494 [WARN] ModelIntegratedComponent:63 - No mode defined for component null
2025-05-08 12:44:56,495 [WARN] ModelIntegratedComponent:63 - No mode defined for component null
2025-05-08 12:44:56,495 [WARN] ModelIntegratedComponent:63 - No mode defined for component null
2025-05-08 12:44:56,495 [WARN] ModelIntegratedComponent:63 - No mode defined for component null
2025-05-08 12:44:56,495 [WARN] ModelIntegratedComponent:63 - No mode defined for component null
2025-05-08 12:44:56,495 [WARN] ModelIntegratedComponent:63 - No mode defined for component null
2025-05-08 12:44:56,495 [WARN] ModelIntegratedComponent:63 - No mode defined for component null
2025-05-08 12:44:56,495 [WARN] ModelIntegratedComponent:63 - No mode defined for component null
2025-05-08 12:44:56,495 [WARN] ModelIntegratedComponent:63 - No mode defined for component null
2025-05-08 12:44:56,495 [WARN] ModelIntegratedComponent:63 - No mode defined for component null
2025-05-08 12:44:56,495 [WARN] ModelIntegratedComponent:63 - No mode defined for component null
2025-05-08 12:44:56,495 [WARN] ModelIntegratedComponent:63 - No mode defined for component null
2025-05-08 12:44:56,495 [WARN] ModelIntegratedComponent:63 - No mode defined for component null
2025-05-08 12:44:56,495 [WARN] ModelIntegratedComponent:63 - No mode defined for component null
2025-05-08 12:44:56,495 [WARN] ModelIntegratedComponent:63 - No mode defined for component null
2025-05-08 12:44:56,496 [WARN] ModelIntegratedComponent:63 - No mode defined for component null
2025-05-08 12:44:56,496 [WARN] ModelIntegratedComponent:63 - No mode defined for component null
2025-05-08 12:44:56,496 [WARN] ModelIntegratedComponent:63 - No mode defined for component null
2025-05-08 12:44:56,496 [WARN] ModelIntegratedComponent:63 - No mode defined for component null
2025-05-08 12:44:56,496 [WARN] ModelIntegratedComponent:63 - No mode defined for component null
2025-05-08 12:44:56,496 [WARN] ModelIntegratedComponent:63 - No mode defined for component null
2025-05-08 12:44:56,496 [WARN] ModelIntegratedComponent:63 - No mode defined for component null
2025-05-08 12:44:56,496 [WARN] ModelIntegratedComponent:63 - No mode defined for component null
2025-05-08 12:44:56,496 [WARN] ModelIntegratedComponent:63 - No mode defined for component null
2025-05-08 12:44:56,496 [WARN] ModelIntegratedComponent:63 - No mode defined for component null
2025-05-08 12:44:56,496 [WARN] ModelIntegratedComponent:63 - No mode defined for component null
2025-05-08 12:44:56,496 [WARN] ModelIntegratedComponent:63 - No mode defined for component null
2025-05-08 12:44:56,497 [WARN] ModelPack:524 - Component already loaded: STMicroelectronics:HAL Drivers:0.0.0:STMicroelectronics:Device:STMicro_Driver:XSPI:HAL::0.0.1:HAL_XSPI
2025-05-08 12:44:56,597 [INFO] ThirdPartyModel:298 - Start build external matchings
2025-05-08 12:44:57,186 [INFO] ThirdPartyModel:316 - End build external matchings
2025-05-08 12:44:57,203 [INFO] ImportTextPane:218 - (OptionalMessage_ERROR) IP (RCC) : Parameter (APB1Freq_Value) has invalid value (8000000)
2025-05-08 12:44:57,203 [INFO] ImportTextPane:218 - (OptionalMessage_ERROR) IP (RCC) : Invalid parameter (FamilyName)
2025-05-08 12:44:57,203 [INFO] ImportTextPane:218 - (OptionalMessage_ERROR) IP (RCC) : Parameter (PLLSourceVirtual) has invalid value (RCC_PLLSOURCE_HSI_DIV2)
2025-05-08 12:44:57,839 [INFO] ApiDb:581 - Connected to CubeFinder SQLite database (/Users/winstonhar/.stmcufinder/plugins/mcufinder/mcu/cube-finder-db.db)
2025-05-08 12:44:57,926 [INFO] ApiDb:668 - CubeFinder database Data Model version=2.1
2025-05-08 12:44:57,926 [INFO] ApiDb:669 - CubeFinder database Configuration version=3.0.39
2025-05-08 12:44:57,927 [INFO] ApiDb:670 - CubeFinder database generation date=2025-04-23 (1745419778)
2025-05-08 12:44:57,927 [INFO] ApiDb:671 - CubeFinder database FW Pack versions=[FP-ATR-ASTRA1_V2.0.0, FP-SNS-FLIGHT1_V5.1.0, FP-SNS-MOTENV1_V5.0.0, FP-SNS-MOTENVWB1_V1.4.0, FP-SNS-SMARTAG2_V1.2.0, FP-SNS-STBOX1_V2.0.0, STM32Cube_FW_C0_V1.4.0, STM32Cube_FW_F4_V1.28.1, STM32Cube_FW_F7_V1.17.2, STM32Cube_FW_G0_V1.6.2, STM32Cube_FW_G4_V1.6.1, STM32Cube_FW_H5_V1.5.0, STM32Cube_FW_H7RS_V1.2.0, STM32Cube_FW_H7_V1.12.1, STM32Cube_FW_L0_V1.12.2, STM32Cube_FW_L4_V1.18.1, STM32Cube_FW_L5_V1.5.1, STM32Cube_FW_N6_V1.1.1, STM32Cube_FW_U0_V1.2.0, STM32Cube_FW_U3_V1.1.0, STM32Cube_FW_U5_V1.7.0, STM32Cube_FW_WB0_V1.2.0, STM32Cube_FW_WBA_V1.6.0, STM32Cube_FW_WB_V1.22.0, STM32Cube_FW_WL3_V1.1.0, STM32Cube_FW_WL_V1.3.1, X-CUBE-ALGOBUILD_V1.4.0, X-CUBE-ALS_V1.0.2, X-CUBE-AZRTOS-F4_V1.1.0, X-CUBE-AZRTOS-F7_V1.1.0, X-CUBE-AZRTOS-G0_V1.1.0, X-CUBE-AZRTOS-G4_V2.0.0, X-CUBE-AZRTOS-H7RS_V1.1.0, X-CUBE-AZRTOS-H7_V3.3.0, X-CUBE-AZRTOS-L4_V2.0.0, X-CUBE-AZRTOS-L5_V2.0.0, X-CUBE-AZRTOS-WB_V2.0.0, X-CUBE-AZRTOS-WL_V2.0.0, X-CUBE-BLE1_V7.1.0, X-CUBE-BLE2_V3.3.0, X-CUBE-BLEMGR_V4.0.0, X-CUBE-EEPRMA1_V5.1.0, X-CUBE-FREERTOS_V1.3.0, X-CUBE-GNSS1_V6.0.0, X-CUBE-MEMS1_V11.2.0, X-CUBE-NFC4_V3.0.0, X-CUBE-NFC7_V1.0.1, X-CUBE-SFXS2LP1_V4.0.0, X-CUBE-SUBG2_V5.0.0, X-CUBE-TOF1_V3.4.3]
2025-05-08 12:44:58,073 [INFO] DbBoardsSqlite:226 - include board P-NUCLEO-WB55-NUCLEO as a kit item of type 'Nucleo-64'
2025-05-08 12:44:58,074 [INFO] DbBoardsSqlite:226 - include board P-NUCLEO-WB55-USBDONGLE as a kit item of type 'Nucleo USB Dongle'
2025-05-08 12:44:58,075 [INFO] DbBoardsSqlite:226 - include board STEVAL-IDP005V1 as a kit item of type 'Evaluation Board'
2025-05-08 12:44:58,075 [INFO] DbBoardsSqlite:226 - include board STEVAL-IDP005V2 as a kit item of type 'Evaluation Board'
2025-05-08 12:44:58,384 [INFO] ApiDb:240 - Found 895 in-development CPN: [B-G473E-ZEST1S, B-WB1M-WPAN1, B-WBA5M-WPAN, B-WL5M-SUBG1, NUCLEO-C031C6, NUCLEO-C051C8, NUCLEO-C071RB, NUCLEO-C092RC, NUCLEO-H503RB, NUCLEO-H533RE, NUCLEO-H563ZI, NUCLEO-H7S3L8, NUCLEO-N657X0-Q, NUCLEO-U031R8, NUCLEO-U083RC, NUCLEO-U385RG-Q, NUCLEO-U545RE-Q, NUCLEO-U5A5ZJ-Q, NUCLEO-WB05KZ, NUCLEO-WB07CC, NUCLEO-WB09KE, NUCLEO-WBA52CG, NUCLEO-WBA55CG, NUCLEO-WBA65RI, NUCLEO-WL33CC1, NUCLEO-WL33CC2, STEVAL-PROTEUS1, STEVAL-SMARTAG2, STEVAL-STWINBX1, STM320518-EVAL, STM32C0116-DK, STM32C011D6Y3TR, STM32C011D6Y6TR, STM32C011F4P3, STM32C011F4P6, STM32C011F4U3, STM32C011F4U6TR, STM32C011F6P3, STM32C011F6P6, STM32C011F6U3, STM32C011F6U6TR, STM32C011J4M3, STM32C011J4M6, STM32C011J6M3, STM32C011J6M6, STM32C0316-DK, STM32C031C4T3, STM32C031C4T6, STM32C031C4U3, STM32C031C4U6, STM32C031C6T3, STM32C031C6T6, STM32C031C6U3, STM32C031C6U6, STM32C031F4P3, STM32C031F4P6, STM32C031F6P3, STM32C031F6P6, STM32C031G4U3, STM32C031G4U6, STM32C031G6U3, STM32C031G6U6, STM32C031K4T3, STM32C031K4T6, STM32C031K4U3, STM32C031K4U6, STM32C031K6T3, STM32C031K6T6, STM32C031K6U3, STM32C031K6U6, STM32C051C6T6, STM32C051C6U6, STM32C051C8T6, STM32C051C8U6, STM32C051D8Y6TR, STM32C051F6P6, STM32C051F8P6, STM32C051G6U6, STM32C051G8U6, STM32C051K6T6, STM32C051K6U6, STM32C051K8T6, STM32C071C8T6, STM32C071C8T6N, STM32C071C8U6, STM32C071C8U6N, STM32C071CBT6, STM32C071CBT6N, STM32C071CBU6, STM32C071CBU6N, STM32C071F8P6, STM32C071F8P6N, STM32C071FBP6, STM32C071FBP6N, STM32C071FBY6TR, STM32C071G8U6, STM32C071G8U6N, STM32C071GBU6, STM32C071GBU6N, STM32C071K8T6, STM32C071K8T6N, STM32C071K8U6, STM32C071K8U6N, STM32C071KBT6, STM32C071KBT6N, STM32C071KBU6, STM32C071KBU6N, STM32C071R8T6, STM32C071R8T6N, STM32C071RBI6N, STM32C071RBT6, STM32C071RBT6N, STM32C091CBT6, STM32C091CBU6, STM32C091CCT6, STM32C091CCU6, STM32C091ECY6TR, STM32C091FBP6, STM32C091FCP6, STM32C091GBU6, STM32C091GCU6, STM32C091KBT6, STM32C091KBU6, STM32C091KCT6, STM32C091KCU6, STM32C091RBT6, STM32C091RCI6, STM32C091RCT6, STM32C092CBT6, STM32C092CBU6, STM32C092CCT6, STM32C092CCU6, STM32C092ECY6TR, STM32C092FBP6, STM32C092FCP6, STM32C092GBU6, STM32C092GCU6, STM32C092KBT6, STM32C092KBU6, STM32C092KCT6, STM32C092KCU6, STM32C092RBT6, STM32C092RCI6, STM32C092RCT6, STM32G071K8TXN, STM32G071K8UXN, STM32G081GBU6N, STM32G081KBT6N, STM32G081KBUXN, STM32G0B1CCT6N, STM32G0B1KCT6, STM32G0B1NEY6TR, STM32G0B1RCT6N, STM32G0C1CCT6, STM32G0C1CCT6N, STM32G0C1CCU6N, STM32G0C1CET6N, STM32G0C1CEU6N, STM32G0C1KCT6, STM32G0C1NEY6TR, STM32G0C1RCI6N, STM32G0C1RCT6N, STM32G0C1REI6N, STM32G0C1RET6N, STM32G0C1VCI6, STM32G0C1VEI6, STM32G411C6T3, STM32G411C6T6, STM32G411C6U3, STM32G411C6U6, STM32G411C8T3, STM32G411C8T6, STM32G411C8U3, STM32G411C8U6, STM32G411CBT3, STM32G411CBT6, STM32G411CBU3, STM32G411CBU6, STM32G411CCT3, STM32G411CCT6, STM32G411CCU3, STM32G411CCU6, STM32G411K6T3, STM32G411K6T6, STM32G411K6U3, STM32G411K6U6, STM32G411K8T3, STM32G411K8T6, STM32G411K8U3, STM32G411K8U6, STM32G411KBT3, STM32G411KBT6, STM32G411KBU3, STM32G411KBU6, STM32G411M6T3, STM32G411M6T6, STM32G411M8T3, STM32G411M8T6, STM32G411MBT3, STM32G411MBT6, STM32G411MCT3, STM32G411MCT6, STM32G411R6T3, STM32G411R6T6, STM32G411R8T3, STM32G411R8T6, STM32G411RBT3, STM32G411RBT6, STM32G411RCT3, STM32G411RCT6, STM32G414CBT3, STM32G414CBT6, STM32G414CBU3, STM32G414CBU6, STM32G414CCT3, STM32G414CCT6, STM32G414CCU3, STM32G414CCU6, STM32G414MBT3, STM32G414MBT6, STM32G414MCT3, STM32G414MCT6, STM32G414RBT3, STM32G414RBT6, STM32G414RCT3, STM32G414RCT6, STM32G414VBT3, STM32G414VBT6, STM32G414VCT3, STM32G414VCT6, STM32G431CBT3Z, STM32G431RBT3Z, STM32G471CCT6, STM32G471CCU6, STM32G471CET3, STM32G471CET6, STM32G471CEU3, STM32G471CEU6, STM32G471MCT6, STM32G471MET3, STM32G471MET6, STM32G471MEY6TR, STM32G471QCT6, STM32G471QET3, STM32G471RCT6, STM32G471RET3, STM32G471RET6, STM32G471VCH6, STM32G471VCI6, STM32G471VCT6, STM32G471VEH3, STM32G471VEH6, STM32G471VEI3, STM32G471VEI6, STM32G471VET3, STM32G471VET6, STM32G473QET3Z, STM32G473RET3Z, STM32G474CCT6, STM32G491RET3Z, STM32H503CBT6, STM32H503CBU6, STM32H503EBY6TR, STM32H503KBU6, STM32H503RBT6, STM32H523CCT6, STM32H523CCU6, STM32H523CET6, STM32H523CEU6, STM32H523HEY6TR, STM32H523RCT6, STM32H523RET6, STM32H523VCI6, STM32H523VCT6, STM32H523VEI6, STM32H523VET6, STM32H523ZCJ6, STM32H523ZCT6, STM32H523ZEJ6, STM32H523ZET6, STM32H533CET6, STM32H533CEU6, STM32H533HEY6TR, STM32H533RET6, STM32H533VEI6, STM32H533VET6, STM32H533ZEJ6, STM32H533ZET6, STM32H562AGI6, STM32H562AII6, STM32H562IGK6, STM32H562IGT6, STM32H562IIK6, STM32H562IIT6, STM32H562RGT6, STM32H562RGV6, STM32H562RIT6, STM32H562RIV6, STM32H562VGT6, STM32H562VIT6, STM32H562ZGT6, STM32H562ZIT6, STM32H563AGI6, STM32H563AII3Q, STM32H563AII6, STM32H563IGK6, STM32H563IGT6, STM32H563IIK3Q, STM32H563IIK6, STM32H563IIT3Q, STM32H563IIT6, STM32H563MIY3QTR, STM32H563RGT6, STM32H563RGV6, STM32H563RIT6, STM32H563RIV6, STM32H563VGT6, STM32H563VIT3Q, STM32H563VIT6, STM32H563ZGT6, STM32H563ZIT3Q, STM32H563ZIT6, STM32H573AII3Q, STM32H573AII6, STM32H573I-DK, STM32H573IIK3Q, STM32H573IIK6, STM32H573IIT3Q, STM32H573IIT6, STM32H573MIY3QTR, STM32H573RIT6, STM32H573RIV6, STM32H573VIT3Q, STM32H573VIT6, STM32H573ZIT3Q, STM32H573ZIT6, STM32H7R3A8I6, STM32H7R3I8K6, STM32H7R3I8T6, STM32H7R3L8H6, STM32H7R3L8H6H, STM32H7R3R8V6, STM32H7R3V8H6, STM32H7R3V8T6, STM32H7R3V8Y6TR, STM32H7R3Z8J6, STM32H7R3Z8T6, STM32H7R7A8I6, STM32H7R7I8K6, STM32H7R7I8T6, STM32H7R7L8H6, STM32H7R7L8H6H, STM32H7R7Z8J6, STM32H7S3A8I6, STM32H7S3I8K6, STM32H7S3I8T6, STM32H7S3L8H6, STM32H7S3L8H6H, STM32H7S3R8V6, STM32H7S3V8H6, STM32H7S3V8T6, STM32H7S3V8Y6TR, STM32H7S3Z8J6, STM32H7S3Z8T6, STM32H7S78-DK, STM32H7S7A8I6, STM32H7S7I8K6, STM32H7S7I8T6, STM32H7S7L8H6, STM32H7S7L8H6H, STM32H7S7Z8J6, STM32L4R5QGI6STR, STM32MP131AAE3, STM32MP131AAF3, STM32MP131AAG3, STM32MP131CAE3, STM32MP131CAF3, STM32MP131CAG3, STM32MP131DAE7, STM32MP131DAF7, STM32MP131DAG7, STM32MP131FAE7, STM32MP131FAF7, STM32MP131FAG7, STM32MP133AAE3, STM32MP133AAF3, STM32MP133AAG3, STM32MP133CAE3, STM32MP133CAF3, STM32MP133CAG3, STM32MP133DAE7, STM32MP133DAF7, STM32MP133DAG7, STM32MP133FAE7, STM32MP133FAF7, STM32MP133FAG7, STM32MP135AAE3, STM32MP135AAF3, STM32MP135AAG3, STM32MP135CAE3, STM32MP135CAF3, STM32MP135CAG3, STM32MP135DAE7, STM32MP135DAF7, STM32MP135DAG7, STM32MP135F-DK, STM32MP135FAE7, STM32MP135FAF7, STM32MP135FAF7T, STM32MP135FAF7U, STM32MP135FAG7, STM32MP231AAJ3, STM32MP231AAK3, STM32MP231AAL3, STM32MP231CAJ3, STM32MP231CAK3, STM32MP231CAL3, STM32MP231DAJ3, STM32MP231DAK3, STM32MP231DAL3, STM32MP231FAJ3, STM32MP231FAK3, STM32MP231FAL3, STM32MP233AAJ3, STM32MP233AAK3, STM32MP233AAL3, STM32MP233CAJ3, STM32MP233CAK3, STM32MP233CAL3, STM32MP233DAJ3, STM32MP233DAK3, STM32MP233DAL3, STM32MP233FAJ3, STM32MP233FAK3, STM32MP233FAL3, STM32MP235AAJ3, STM32MP235AAK3, STM32MP235AAL3, STM32MP235CAJ3, STM32MP235CAK3, STM32MP235CAL3, STM32MP235DAJ3, STM32MP235DAK3, STM32MP235DAL3, STM32MP235FAJ3, STM32MP235FAK3, STM32MP235FAL3, STM32MP251AAI3, STM32MP251AAJ3, STM32MP251AAK3, STM32MP251AAL3, STM32MP251CAI3, STM32MP251CAJ3, STM32MP251CAK3, STM32MP251CAL3, STM32MP251DAI3, STM32MP251DAJ3, STM32MP251DAK3, STM32MP251DAL3, STM32MP251FAI3, STM32MP251FAJ3, STM32MP251FAK3, STM32MP251FAL3, STM32MP253AAI3, STM32MP253AAJ3, STM32MP253AAK3, STM32MP253AAL3, STM32MP253CAI3, STM32MP253CAJ3, STM32MP253CAK3, STM32MP253CAL3, STM32MP253DAI3, STM32MP253DAJ3, STM32MP253DAK3, STM32MP253DAL3, STM32MP253FAI3, STM32MP253FAJ3, STM32MP253FAK3, STM32MP253FAL3, STM32MP255AAI3, STM32MP255AAJ3, STM32MP255AAK3, STM32MP255AAL3, STM32MP255CAI3, STM32MP255CAJ3, STM32MP255CAK3, STM32MP255CAL3, STM32MP255DAI3, STM32MP255DAJ3, STM32MP255DAK3, STM32MP255DAL3, STM32MP255FAI3, STM32MP255FAJ3, STM32MP255FAK3, STM32MP255FAL3, STM32MP257AAI3, STM32MP257AAJ3, STM32MP257AAK3, STM32MP257AAL3, STM32MP257CAI3, STM32MP257CAJ3, STM32MP257CAK3, STM32MP257CAL3, STM32MP257DAI3, STM32MP257DAJ3, STM32MP257DAK3, STM32MP257DAL3, STM32MP257F-DK, STM32MP257F-EV1, STM32MP257FAI3, STM32MP257FAJ3, STM32MP257FAK3, STM32MP257FAL3, STM32N645A0H3Q, STM32N645B0H3Q, STM32N645I0H3Q, STM32N645L0H3Q, STM32N645X0H3Q, STM32N645Z0H3Q, STM32N647A0H3Q, STM32N647B0H3Q, STM32N647I0H3Q, STM32N647L0H3Q, STM32N647X0H3Q, STM32N647Z0H3Q, STM32N655A0H3Q, STM32N655B0H3Q, STM32N655I0H3Q, STM32N655L0H3Q, STM32N655X0H3Q, STM32N655Z0H3Q, STM32N6570-DK, STM32N657A0H3Q, STM32N657B0H3Q, STM32N657I0H3Q, STM32N657L0H3Q, STM32N657X0H3Q, STM32N657Z0H3Q, STM32U031C6T6, STM32U031C6U6, STM32U031C8T6, STM32U031C8U6, STM32U031F4P6, STM32U031F6P6, STM32U031F8P6, STM32U031G6Y6TR, STM32U031G8Y6TR, STM32U031K4U6, STM32U031K6U6, STM32U031K8U6, STM32U031R6I6, STM32U031R6T6, STM32U031R8I6, STM32U031R8T6, STM32U073C8T6, STM32U073C8U6, STM32U073CBT6, STM32U073CBU6, STM32U073CCT6, STM32U073CCU6, STM32U073H8Y6TR, STM32U073HBY6TR, STM32U073HCY6TR, STM32U073K8U6, STM32U073KBU6, STM32U073KCU6, STM32U073M8I6, STM32U073M8T6, STM32U073MBI6, STM32U073MBT6, STM32U073MCI6, STM32U073MCT6, STM32U073R8I6, STM32U073R8T6, STM32U073RBI6, STM32U073RBT6, STM32U073RCI6, STM32U073RCT6, STM32U083C-DK, STM32U083CCT6, STM32U083CCU6, STM32U083HCY6TR, STM32U083KCU6, STM32U083MCI6, STM32U083MCT6, STM32U083RCI6, STM32U083RCT6, STM32U375CET6, STM32U375CET6Q, STM32U375CEU6, STM32U375CEU6Q, STM32U375CEY6QTR, STM32U375CGT6, STM32U375CGT6Q, STM32U375CGU6, STM32U375CGU6Q, STM32U375CGY6QTR, STM32U375KEU6, STM32U375KGU6, STM32U375REI6, STM32U375REI6Q, STM32U375RET6, STM32U375RET6Q, STM32U375REY6GTR, STM32U375REY6QTR, STM32U375RGI6, STM32U375RGI6Q, STM32U375RGT6, STM32U375RGT6Q, STM32U375RGY6GTR, STM32U375RGY6QTR, STM32U375VEI6, STM32U375VEI6Q, STM32U375VET6, STM32U375VET6Q, STM32U375VGI6, STM32U375VGI6Q, STM32U375VGT6, STM32U375VGT6Q, STM32U385CGT6, STM32U385CGT6Q, STM32U385CGU6, STM32U385CGU6Q, STM32U385CGY6QTR, STM32U385KGU6, STM32U385RGI6, STM32U385RGI6Q, STM32U385RGT6, STM32U385RGT6Q, STM32U385RGY6GTR, STM32U385RGY6QTR, STM32U385VGI6, STM32U385VGI6Q, STM32U385VGT6, STM32U385VGT6Q, STM32U535CBT6, STM32U535CBT6Q, STM32U535CBU6, STM32U535CBU6Q, STM32U535CCT6, STM32U535CCT6Q, STM32U535CCU6, STM32U535CCU6Q, STM32U535CET6, STM32U535CET6Q, STM32U535CEU6, STM32U535CEU6Q, STM32U535JEY6QTR, STM32U535NCY6QTR, STM32U535NEY6QTR, STM32U535RBI6, STM32U535RBI6Q, STM32U535RBT6, STM32U535RBT6Q, STM32U535RCI6, STM32U535RCI6Q, STM32U535RCT6, STM32U535RCT6Q, STM32U535REI6, STM32U535REI6Q, STM32U535RET6, STM32U535RET6Q, STM32U535VCI6, STM32U535VCI6Q, STM32U535VCT6, STM32U535VCT6Q, STM32U535VEI6, STM32U535VEI6Q, STM32U535VET6, STM32U535VET6Q, STM32U545CET6, STM32U545CET6Q, STM32U545CEU6, STM32U545CEU6Q, STM32U545JEY6QTR, STM32U545NEY6QTR, STM32U545REI6, STM32U545REI6Q, STM32U545RET6, STM32U545RET6Q, STM32U545VEI6, STM32U545VEI6Q, STM32U545VET6, STM32U545VET6Q, STM32U595AIH6, STM32U595AIH6Q, STM32U595AJH6, STM32U595AJH6Q, STM32U595QII6, STM32U595QII6Q, STM32U595QJI6, STM32U595QJI6Q, STM32U595RIT6, STM32U595RIT6Q, STM32U595RJT6, STM32U595RJT6Q, STM32U595VIT6, STM32U595VIT6Q, STM32U595VJT6, STM32U595VJT6Q, STM32U595ZIT6, STM32U595ZIT6Q, STM32U595ZIY6QTR, STM32U595ZJT6, STM32U595ZJT6Q, STM32U595ZJY6QTR, STM32U599BJY6QTR, STM32U599NIH6Q, STM32U599NJH6Q, STM32U599VIT6Q, STM32U599VJT6, STM32U599VJT6Q, STM32U599ZIT6Q, STM32U599ZIY6QTR, STM32U599ZJT6Q, STM32U599ZJY6QTR, STM32U5A5AJH6, STM32U5A5AJH6Q, STM32U5A5QII3Q , STM32U5A5QJI6, STM32U5A5QJI6Q, STM32U5A5RJT6, STM32U5A5RJT6Q, STM32U5A5VJT6, STM32U5A5VJT6Q, STM32U5A5ZJT6, STM32U5A5ZJT6Q, STM32U5A5ZJY6QTR, STM32U5A9BJY6QTR, STM32U5A9J-DK, STM32U5A9NJH6Q, STM32U5A9VJT6Q, STM32U5A9ZJT6Q, STM32U5A9ZJY6QTR, STM32U5F7VIT6, STM32U5F7VIT6Q, STM32U5F7VJT6, STM32U5F7VJT6Q, STM32U5F9BJY6QTR, STM32U5F9NJH6Q, STM32U5F9VIT6Q, STM32U5F9VJT6Q, STM32U5F9ZIJ6QTR, STM32U5F9ZIT6Q, STM32U5F9ZJJ6QTR, STM32U5F9ZJT6Q, STM32U5G7VJT6, STM32U5G7VJT6Q, STM32U5G9BJY6QTR, STM32U5G9J-DK1, STM32U5G9J-DK2, STM32U5G9NJH6Q, STM32U5G9VJT6Q, STM32U5G9ZJJ6QTR, STM32U5G9ZJT6Q, STM32WB05KZV6TR, STM32WB05KZV7TR, STM32WB05TZF6TR, STM32WB05TZF7TR, STM32WB06CCF6TR, STM32WB06CCF7TR, STM32WB06CCV6TR, STM32WB06CCV7TR, STM32WB06KCV6TR, STM32WB06KCV7TR, STM32WB07CCF6TR, STM32WB07CCF7TR, STM32WB07CCV6TR, STM32WB07CCV7TR, STM32WB07KCV6TR, STM32WB07KCV7TR, STM32WB09KEV6TR, STM32WB09KEV7TR, STM32WB09TEF6TR, STM32WB09TEF7TR, STM32WB1MMCH6, STM32WBA50KGU6, STM32WBA50KGU6TR, STM32WBA52CEU6, STM32WBA52CEU6TR, STM32WBA52CEU7, STM32WBA52CEU7TR, STM32WBA52CGU6, STM32WBA52CGU6TR, STM32WBA52CGU6U, STM32WBA52CGU7, STM32WBA52CGU7TR, STM32WBA52KEU6, STM32WBA52KEU6TR, STM32WBA52KGU6, STM32WBA52KGU6TR, STM32WBA54CEU6, STM32WBA54CEU6TR, STM32WBA54CEU7, STM32WBA54CEU7TR, STM32WBA54CGU6, STM32WBA54CGU6TR, STM32WBA54CGU7, STM32WBA54CGU7TR, STM32WBA54KEU6, STM32WBA54KEU6TR, STM32WBA54KEU7, STM32WBA54KEU7TR, STM32WBA54KGU6, STM32WBA54KGU6TR, STM32WBA54KGU7, STM32WBA54KGU7TR, STM32WBA55CEU6, STM32WBA55CEU6TR, STM32WBA55CEU7, STM32WBA55CEU7TR, STM32WBA55CGU6, STM32WBA55CGU6TR, STM32WBA55CGU6U, STM32WBA55CGU7, STM32WBA55CGU7TR, STM32WBA55G-DK1, STM32WBA55HEF6, STM32WBA55HEF7, STM32WBA55HGF6, STM32WBA55HGF7, STM32WBA55UEI6, STM32WBA55UEI6TR, STM32WBA55UEI7, STM32WBA55UEI7TR, STM32WBA55UGI6, STM32WBA55UGI6TR, STM32WBA55UGI7, STM32WBA55UGI7TR, STM32WBA5MJGH6TR, STM32WBA62CGU6, STM32WBA62CIU6, STM32WBA62MGF6, STM32WBA62MIF6, STM32WBA62PGI6, STM32WBA62PII6, STM32WBA63CGU6, STM32WBA63CGU7, STM32WBA63CIU6, STM32WBA63CIU7, STM32WBA64CGU6, STM32WBA64CGU7, STM32WBA64CIU6, STM32WBA64CIU7, STM32WBA65CGU6, STM32WBA65CGU7, STM32WBA65CIU6, STM32WBA65CIU7, STM32WBA65I-DK1, STM32WBA65MGF6, STM32WBA65MGF7, STM32WBA65MIF6, STM32WBA65MIF7, STM32WBA65PGI6, STM32WBA65PGI7, STM32WBA65PII6, STM32WBA65PII7, STM32WBA65RGV6, STM32WBA65RGV7, STM32WBA65RIV6, STM32WBA65RIV7, STM32WL30K8V6, STM32WL30KBV6, STM32WL31C8V6, STM32WL31CBV6, STM32WL31K8V6, STM32WL31KBV6, STM32WL33C8V6, STM32WL33C8V6TR, STM32WL33C8V7, STM32WL33C8V7TR, STM32WL33CBV6, STM32WL33CBV6TR, STM32WL33CBV7, STM32WL33CBV7TR, STM32WL33CCV6, STM32WL33CCV6TR, STM32WL33CCV7, STM32WL33CCV7A, STM32WL33CCV7ATR, STM32WL33CCV7TR, STM32WL33K8V6, STM32WL33K8V6TR, STM32WL33K8V7, STM32WL33K8V7TR, STM32WL33KBV6, STM32WL33KBV6TR, STM32WL33KBV7, STM32WL33KBV7TR, STM32WL33KCV6, STM32WL33KCV6TR, STM32WL33KCV7, STM32WL33KCV7TR, STM32WL5MOCH6, STM32WL5MOCH6TR]
2025-05-08 12:44:58,534 [INFO] BoardInfo:889 - No configuration file found for board P-NUCLEO-WB55
2025-05-08 12:44:58,534 [INFO] DbBoards:161 - Kit is not supported: P-NUCLEO-WB55
2025-05-08 12:44:58,539 [INFO] BoardInfo:889 - No configuration file found for board STEVAL-BFA001V1B
2025-05-08 12:44:58,540 [INFO] DbBoards:161 - Kit is not supported: STEVAL-BFA001V1B
2025-05-08 12:44:58,541 [INFO] BoardInfo:889 - No configuration file found for board STEVAL-BFA001V2B
2025-05-08 12:44:58,541 [INFO] DbBoards:161 - Kit is not supported: STEVAL-BFA001V2B
2025-05-08 12:44:58,702 [INFO] DbBoards:168 - Found 211 boards, 208 are supported
2025-05-08 12:44:58,702 [INFO] DbBoards:169 - Found 211 boards, 43 of them is supported for  Bsp
2025-05-08 12:44:58,707 [INFO] ApiDb:668 - CubeFinder database Data Model version=2.1
2025-05-08 12:44:58,707 [INFO] ApiDb:669 - CubeFinder database Configuration version=3.0.39
2025-05-08 12:44:58,707 [INFO] ApiDb:670 - CubeFinder database generation date=2025-04-23 (1745419778)
2025-05-08 12:44:58,707 [INFO] ApiDb:671 - CubeFinder database FW Pack versions=[FP-ATR-ASTRA1_V2.0.0, FP-SNS-FLIGHT1_V5.1.0, FP-SNS-MOTENV1_V5.0.0, FP-SNS-MOTENVWB1_V1.4.0, FP-SNS-SMARTAG2_V1.2.0, FP-SNS-STBOX1_V2.0.0, STM32Cube_FW_C0_V1.4.0, STM32Cube_FW_F4_V1.28.1, STM32Cube_FW_F7_V1.17.2, STM32Cube_FW_G0_V1.6.2, STM32Cube_FW_G4_V1.6.1, STM32Cube_FW_H5_V1.5.0, STM32Cube_FW_H7RS_V1.2.0, STM32Cube_FW_H7_V1.12.1, STM32Cube_FW_L0_V1.12.2, STM32Cube_FW_L4_V1.18.1, STM32Cube_FW_L5_V1.5.1, STM32Cube_FW_N6_V1.1.1, STM32Cube_FW_U0_V1.2.0, STM32Cube_FW_U3_V1.1.0, STM32Cube_FW_U5_V1.7.0, STM32Cube_FW_WB0_V1.2.0, STM32Cube_FW_WBA_V1.6.0, STM32Cube_FW_WB_V1.22.0, STM32Cube_FW_WL3_V1.1.0, STM32Cube_FW_WL_V1.3.1, X-CUBE-ALGOBUILD_V1.4.0, X-CUBE-ALS_V1.0.2, X-CUBE-AZRTOS-F4_V1.1.0, X-CUBE-AZRTOS-F7_V1.1.0, X-CUBE-AZRTOS-G0_V1.1.0, X-CUBE-AZRTOS-G4_V2.0.0, X-CUBE-AZRTOS-H7RS_V1.1.0, X-CUBE-AZRTOS-H7_V3.3.0, X-CUBE-AZRTOS-L4_V2.0.0, X-CUBE-AZRTOS-L5_V2.0.0, X-CUBE-AZRTOS-WB_V2.0.0, X-CUBE-AZRTOS-WL_V2.0.0, X-CUBE-BLE1_V7.1.0, X-CUBE-BLE2_V3.3.0, X-CUBE-BLEMGR_V4.0.0, X-CUBE-EEPRMA1_V5.1.0, X-CUBE-FREERTOS_V1.3.0, X-CUBE-GNSS1_V6.0.0, X-CUBE-MEMS1_V11.2.0, X-CUBE-NFC4_V3.0.0, X-CUBE-NFC7_V1.0.1, X-CUBE-SFXS2LP1_V4.0.0, X-CUBE-SUBG2_V5.0.0, X-CUBE-TOF1_V3.4.3]
2025-05-08 12:45:00,928 [INFO] ApiDb:240 - Found 895 in-development CPN: [B-G473E-ZEST1S, B-WB1M-WPAN1, B-WBA5M-WPAN, B-WL5M-SUBG1, NUCLEO-C031C6, NUCLEO-C051C8, NUCLEO-C071RB, NUCLEO-C092RC, NUCLEO-H503RB, NUCLEO-H533RE, NUCLEO-H563ZI, NUCLEO-H7S3L8, NUCLEO-N657X0-Q, NUCLEO-U031R8, NUCLEO-U083RC, NUCLEO-U385RG-Q, NUCLEO-U545RE-Q, NUCLEO-U5A5ZJ-Q, NUCLEO-WB05KZ, NUCLEO-WB07CC, NUCLEO-WB09KE, NUCLEO-WBA52CG, NUCLEO-WBA55CG, NUCLEO-WBA65RI, NUCLEO-WL33CC1, NUCLEO-WL33CC2, STEVAL-PROTEUS1, STEVAL-SMARTAG2, STEVAL-STWINBX1, STM320518-EVAL, STM32C0116-DK, STM32C011D6Y3TR, STM32C011D6Y6TR, STM32C011F4P3, STM32C011F4P6, STM32C011F4U3, STM32C011F4U6TR, STM32C011F6P3, STM32C011F6P6, STM32C011F6U3, STM32C011F6U6TR, STM32C011J4M3, STM32C011J4M6, STM32C011J6M3, STM32C011J6M6, STM32C0316-DK, STM32C031C4T3, STM32C031C4T6, STM32C031C4U3, STM32C031C4U6, STM32C031C6T3, STM32C031C6T6, STM32C031C6U3, STM32C031C6U6, STM32C031F4P3, STM32C031F4P6, STM32C031F6P3, STM32C031F6P6, STM32C031G4U3, STM32C031G4U6, STM32C031G6U3, STM32C031G6U6, STM32C031K4T3, STM32C031K4T6, STM32C031K4U3, STM32C031K4U6, STM32C031K6T3, STM32C031K6T6, STM32C031K6U3, STM32C031K6U6, STM32C051C6T6, STM32C051C6U6, STM32C051C8T6, STM32C051C8U6, STM32C051D8Y6TR, STM32C051F6P6, STM32C051F8P6, STM32C051G6U6, STM32C051G8U6, STM32C051K6T6, STM32C051K6U6, STM32C051K8T6, STM32C071C8T6, STM32C071C8T6N, STM32C071C8U6, STM32C071C8U6N, STM32C071CBT6, STM32C071CBT6N, STM32C071CBU6, STM32C071CBU6N, STM32C071F8P6, STM32C071F8P6N, STM32C071FBP6, STM32C071FBP6N, STM32C071FBY6TR, STM32C071G8U6, STM32C071G8U6N, STM32C071GBU6, STM32C071GBU6N, STM32C071K8T6, STM32C071K8T6N, STM32C071K8U6, STM32C071K8U6N, STM32C071KBT6, STM32C071KBT6N, STM32C071KBU6, STM32C071KBU6N, STM32C071R8T6, STM32C071R8T6N, STM32C071RBI6N, STM32C071RBT6, STM32C071RBT6N, STM32C091CBT6, STM32C091CBU6, STM32C091CCT6, STM32C091CCU6, STM32C091ECY6TR, STM32C091FBP6, STM32C091FCP6, STM32C091GBU6, STM32C091GCU6, STM32C091KBT6, STM32C091KBU6, STM32C091KCT6, STM32C091KCU6, STM32C091RBT6, STM32C091RCI6, STM32C091RCT6, STM32C092CBT6, STM32C092CBU6, STM32C092CCT6, STM32C092CCU6, STM32C092ECY6TR, STM32C092FBP6, STM32C092FCP6, STM32C092GBU6, STM32C092GCU6, STM32C092KBT6, STM32C092KBU6, STM32C092KCT6, STM32C092KCU6, STM32C092RBT6, STM32C092RCI6, STM32C092RCT6, STM32G071K8TXN, STM32G071K8UXN, STM32G081GBU6N, STM32G081KBT6N, STM32G081KBUXN, STM32G0B1CCT6N, STM32G0B1KCT6, STM32G0B1NEY6TR, STM32G0B1RCT6N, STM32G0C1CCT6, STM32G0C1CCT6N, STM32G0C1CCU6N, STM32G0C1CET6N, STM32G0C1CEU6N, STM32G0C1KCT6, STM32G0C1NEY6TR, STM32G0C1RCI6N, STM32G0C1RCT6N, STM32G0C1REI6N, STM32G0C1RET6N, STM32G0C1VCI6, STM32G0C1VEI6, STM32G411C6T3, STM32G411C6T6, STM32G411C6U3, STM32G411C6U6, STM32G411C8T3, STM32G411C8T6, STM32G411C8U3, STM32G411C8U6, STM32G411CBT3, STM32G411CBT6, STM32G411CBU3, STM32G411CBU6, STM32G411CCT3, STM32G411CCT6, STM32G411CCU3, STM32G411CCU6, STM32G411K6T3, STM32G411K6T6, STM32G411K6U3, STM32G411K6U6, STM32G411K8T3, STM32G411K8T6, STM32G411K8U3, STM32G411K8U6, STM32G411KBT3, STM32G411KBT6, STM32G411KBU3, STM32G411KBU6, STM32G411M6T3, STM32G411M6T6, STM32G411M8T3, STM32G411M8T6, STM32G411MBT3, STM32G411MBT6, STM32G411MCT3, STM32G411MCT6, STM32G411R6T3, STM32G411R6T6, STM32G411R8T3, STM32G411R8T6, STM32G411RBT3, STM32G411RBT6, STM32G411RCT3, STM32G411RCT6, STM32G414CBT3, STM32G414CBT6, STM32G414CBU3, STM32G414CBU6, STM32G414CCT3, STM32G414CCT6, STM32G414CCU3, STM32G414CCU6, STM32G414MBT3, STM32G414MBT6, STM32G414MCT3, STM32G414MCT6, STM32G414RBT3, STM32G414RBT6, STM32G414RCT3, STM32G414RCT6, STM32G414VBT3, STM32G414VBT6, STM32G414VCT3, STM32G414VCT6, STM32G431CBT3Z, STM32G431RBT3Z, STM32G471CCT6, STM32G471CCU6, STM32G471CET3, STM32G471CET6, STM32G471CEU3, STM32G471CEU6, STM32G471MCT6, STM32G471MET3, STM32G471MET6, STM32G471MEY6TR, STM32G471QCT6, STM32G471QET3, STM32G471RCT6, STM32G471RET3, STM32G471RET6, STM32G471VCH6, STM32G471VCI6, STM32G471VCT6, STM32G471VEH3, STM32G471VEH6, STM32G471VEI3, STM32G471VEI6, STM32G471VET3, STM32G471VET6, STM32G473QET3Z, STM32G473RET3Z, STM32G474CCT6, STM32G491RET3Z, STM32H503CBT6, STM32H503CBU6, STM32H503EBY6TR, STM32H503KBU6, STM32H503RBT6, STM32H523CCT6, STM32H523CCU6, STM32H523CET6, STM32H523CEU6, STM32H523HEY6TR, STM32H523RCT6, STM32H523RET6, STM32H523VCI6, STM32H523VCT6, STM32H523VEI6, STM32H523VET6, STM32H523ZCJ6, STM32H523ZCT6, STM32H523ZEJ6, STM32H523ZET6, STM32H533CET6, STM32H533CEU6, STM32H533HEY6TR, STM32H533RET6, STM32H533VEI6, STM32H533VET6, STM32H533ZEJ6, STM32H533ZET6, STM32H562AGI6, STM32H562AII6, STM32H562IGK6, STM32H562IGT6, STM32H562IIK6, STM32H562IIT6, STM32H562RGT6, STM32H562RGV6, STM32H562RIT6, STM32H562RIV6, STM32H562VGT6, STM32H562VIT6, STM32H562ZGT6, STM32H562ZIT6, STM32H563AGI6, STM32H563AII3Q, STM32H563AII6, STM32H563IGK6, STM32H563IGT6, STM32H563IIK3Q, STM32H563IIK6, STM32H563IIT3Q, STM32H563IIT6, STM32H563MIY3QTR, STM32H563RGT6, STM32H563RGV6, STM32H563RIT6, STM32H563RIV6, STM32H563VGT6, STM32H563VIT3Q, STM32H563VIT6, STM32H563ZGT6, STM32H563ZIT3Q, STM32H563ZIT6, STM32H573AII3Q, STM32H573AII6, STM32H573I-DK, STM32H573IIK3Q, STM32H573IIK6, STM32H573IIT3Q, STM32H573IIT6, STM32H573MIY3QTR, STM32H573RIT6, STM32H573RIV6, STM32H573VIT3Q, STM32H573VIT6, STM32H573ZIT3Q, STM32H573ZIT6, STM32H7R3A8I6, STM32H7R3I8K6, STM32H7R3I8T6, STM32H7R3L8H6, STM32H7R3L8H6H, STM32H7R3R8V6, STM32H7R3V8H6, STM32H7R3V8T6, STM32H7R3V8Y6TR, STM32H7R3Z8J6, STM32H7R3Z8T6, STM32H7R7A8I6, STM32H7R7I8K6, STM32H7R7I8T6, STM32H7R7L8H6, STM32H7R7L8H6H, STM32H7R7Z8J6, STM32H7S3A8I6, STM32H7S3I8K6, STM32H7S3I8T6, STM32H7S3L8H6, STM32H7S3L8H6H, STM32H7S3R8V6, STM32H7S3V8H6, STM32H7S3V8T6, STM32H7S3V8Y6TR, STM32H7S3Z8J6, STM32H7S3Z8T6, STM32H7S78-DK, STM32H7S7A8I6, STM32H7S7I8K6, STM32H7S7I8T6, STM32H7S7L8H6, STM32H7S7L8H6H, STM32H7S7Z8J6, STM32L4R5QGI6STR, STM32MP131AAE3, STM32MP131AAF3, STM32MP131AAG3, STM32MP131CAE3, STM32MP131CAF3, STM32MP131CAG3, STM32MP131DAE7, STM32MP131DAF7, STM32MP131DAG7, STM32MP131FAE7, STM32MP131FAF7, STM32MP131FAG7, STM32MP133AAE3, STM32MP133AAF3, STM32MP133AAG3, STM32MP133CAE3, STM32MP133CAF3, STM32MP133CAG3, STM32MP133DAE7, STM32MP133DAF7, STM32MP133DAG7, STM32MP133FAE7, STM32MP133FAF7, STM32MP133FAG7, STM32MP135AAE3, STM32MP135AAF3, STM32MP135AAG3, STM32MP135CAE3, STM32MP135CAF3, STM32MP135CAG3, STM32MP135DAE7, STM32MP135DAF7, STM32MP135DAG7, STM32MP135F-DK, STM32MP135FAE7, STM32MP135FAF7, STM32MP135FAF7T, STM32MP135FAF7U, STM32MP135FAG7, STM32MP231AAJ3, STM32MP231AAK3, STM32MP231AAL3, STM32MP231CAJ3, STM32MP231CAK3, STM32MP231CAL3, STM32MP231DAJ3, STM32MP231DAK3, STM32MP231DAL3, STM32MP231FAJ3, STM32MP231FAK3, STM32MP231FAL3, STM32MP233AAJ3, STM32MP233AAK3, STM32MP233AAL3, STM32MP233CAJ3, STM32MP233CAK3, STM32MP233CAL3, STM32MP233DAJ3, STM32MP233DAK3, STM32MP233DAL3, STM32MP233FAJ3, STM32MP233FAK3, STM32MP233FAL3, STM32MP235AAJ3, STM32MP235AAK3, STM32MP235AAL3, STM32MP235CAJ3, STM32MP235CAK3, STM32MP235CAL3, STM32MP235DAJ3, STM32MP235DAK3, STM32MP235DAL3, STM32MP235FAJ3, STM32MP235FAK3, STM32MP235FAL3, STM32MP251AAI3, STM32MP251AAJ3, STM32MP251AAK3, STM32MP251AAL3, STM32MP251CAI3, STM32MP251CAJ3, STM32MP251CAK3, STM32MP251CAL3, STM32MP251DAI3, STM32MP251DAJ3, STM32MP251DAK3, STM32MP251DAL3, STM32MP251FAI3, STM32MP251FAJ3, STM32MP251FAK3, STM32MP251FAL3, STM32MP253AAI3, STM32MP253AAJ3, STM32MP253AAK3, STM32MP253AAL3, STM32MP253CAI3, STM32MP253CAJ3, STM32MP253CAK3, STM32MP253CAL3, STM32MP253DAI3, STM32MP253DAJ3, STM32MP253DAK3, STM32MP253DAL3, STM32MP253FAI3, STM32MP253FAJ3, STM32MP253FAK3, STM32MP253FAL3, STM32MP255AAI3, STM32MP255AAJ3, STM32MP255AAK3, STM32MP255AAL3, STM32MP255CAI3, STM32MP255CAJ3, STM32MP255CAK3, STM32MP255CAL3, STM32MP255DAI3, STM32MP255DAJ3, STM32MP255DAK3, STM32MP255DAL3, STM32MP255FAI3, STM32MP255FAJ3, STM32MP255FAK3, STM32MP255FAL3, STM32MP257AAI3, STM32MP257AAJ3, STM32MP257AAK3, STM32MP257AAL3, STM32MP257CAI3, STM32MP257CAJ3, STM32MP257CAK3, STM32MP257CAL3, STM32MP257DAI3, STM32MP257DAJ3, STM32MP257DAK3, STM32MP257DAL3, STM32MP257F-DK, STM32MP257F-EV1, STM32MP257FAI3, STM32MP257FAJ3, STM32MP257FAK3, STM32MP257FAL3, STM32N645A0H3Q, STM32N645B0H3Q, STM32N645I0H3Q, STM32N645L0H3Q, STM32N645X0H3Q, STM32N645Z0H3Q, STM32N647A0H3Q, STM32N647B0H3Q, STM32N647I0H3Q, STM32N647L0H3Q, STM32N647X0H3Q, STM32N647Z0H3Q, STM32N655A0H3Q, STM32N655B0H3Q, STM32N655I0H3Q, STM32N655L0H3Q, STM32N655X0H3Q, STM32N655Z0H3Q, STM32N6570-DK, STM32N657A0H3Q, STM32N657B0H3Q, STM32N657I0H3Q, STM32N657L0H3Q, STM32N657X0H3Q, STM32N657Z0H3Q, STM32U031C6T6, STM32U031C6U6, STM32U031C8T6, STM32U031C8U6, STM32U031F4P6, STM32U031F6P6, STM32U031F8P6, STM32U031G6Y6TR, STM32U031G8Y6TR, STM32U031K4U6, STM32U031K6U6, STM32U031K8U6, STM32U031R6I6, STM32U031R6T6, STM32U031R8I6, STM32U031R8T6, STM32U073C8T6, STM32U073C8U6, STM32U073CBT6, STM32U073CBU6, STM32U073CCT6, STM32U073CCU6, STM32U073H8Y6TR, STM32U073HBY6TR, STM32U073HCY6TR, STM32U073K8U6, STM32U073KBU6, STM32U073KCU6, STM32U073M8I6, STM32U073M8T6, STM32U073MBI6, STM32U073MBT6, STM32U073MCI6, STM32U073MCT6, STM32U073R8I6, STM32U073R8T6, STM32U073RBI6, STM32U073RBT6, STM32U073RCI6, STM32U073RCT6, STM32U083C-DK, STM32U083CCT6, STM32U083CCU6, STM32U083HCY6TR, STM32U083KCU6, STM32U083MCI6, STM32U083MCT6, STM32U083RCI6, STM32U083RCT6, STM32U375CET6, STM32U375CET6Q, STM32U375CEU6, STM32U375CEU6Q, STM32U375CEY6QTR, STM32U375CGT6, STM32U375CGT6Q, STM32U375CGU6, STM32U375CGU6Q, STM32U375CGY6QTR, STM32U375KEU6, STM32U375KGU6, STM32U375REI6, STM32U375REI6Q, STM32U375RET6, STM32U375RET6Q, STM32U375REY6GTR, STM32U375REY6QTR, STM32U375RGI6, STM32U375RGI6Q, STM32U375RGT6, STM32U375RGT6Q, STM32U375RGY6GTR, STM32U375RGY6QTR, STM32U375VEI6, STM32U375VEI6Q, STM32U375VET6, STM32U375VET6Q, STM32U375VGI6, STM32U375VGI6Q, STM32U375VGT6, STM32U375VGT6Q, STM32U385CGT6, STM32U385CGT6Q, STM32U385CGU6, STM32U385CGU6Q, STM32U385CGY6QTR, STM32U385KGU6, STM32U385RGI6, STM32U385RGI6Q, STM32U385RGT6, STM32U385RGT6Q, STM32U385RGY6GTR, STM32U385RGY6QTR, STM32U385VGI6, STM32U385VGI6Q, STM32U385VGT6, STM32U385VGT6Q, STM32U535CBT6, STM32U535CBT6Q, STM32U535CBU6, STM32U535CBU6Q, STM32U535CCT6, STM32U535CCT6Q, STM32U535CCU6, STM32U535CCU6Q, STM32U535CET6, STM32U535CET6Q, STM32U535CEU6, STM32U535CEU6Q, STM32U535JEY6QTR, STM32U535NCY6QTR, STM32U535NEY6QTR, STM32U535RBI6, STM32U535RBI6Q, STM32U535RBT6, STM32U535RBT6Q, STM32U535RCI6, STM32U535RCI6Q, STM32U535RCT6, STM32U535RCT6Q, STM32U535REI6, STM32U535REI6Q, STM32U535RET6, STM32U535RET6Q, STM32U535VCI6, STM32U535VCI6Q, STM32U535VCT6, STM32U535VCT6Q, STM32U535VEI6, STM32U535VEI6Q, STM32U535VET6, STM32U535VET6Q, STM32U545CET6, STM32U545CET6Q, STM32U545CEU6, STM32U545CEU6Q, STM32U545JEY6QTR, STM32U545NEY6QTR, STM32U545REI6, STM32U545REI6Q, STM32U545RET6, STM32U545RET6Q, STM32U545VEI6, STM32U545VEI6Q, STM32U545VET6, STM32U545VET6Q, STM32U595AIH6, STM32U595AIH6Q, STM32U595AJH6, STM32U595AJH6Q, STM32U595QII6, STM32U595QII6Q, STM32U595QJI6, STM32U595QJI6Q, STM32U595RIT6, STM32U595RIT6Q, STM32U595RJT6, STM32U595RJT6Q, STM32U595VIT6, STM32U595VIT6Q, STM32U595VJT6, STM32U595VJT6Q, STM32U595ZIT6, STM32U595ZIT6Q, STM32U595ZIY6QTR, STM32U595ZJT6, STM32U595ZJT6Q, STM32U595ZJY6QTR, STM32U599BJY6QTR, STM32U599NIH6Q, STM32U599NJH6Q, STM32U599VIT6Q, STM32U599VJT6, STM32U599VJT6Q, STM32U599ZIT6Q, STM32U599ZIY6QTR, STM32U599ZJT6Q, STM32U599ZJY6QTR, STM32U5A5AJH6, STM32U5A5AJH6Q, STM32U5A5QII3Q , STM32U5A5QJI6, STM32U5A5QJI6Q, STM32U5A5RJT6, STM32U5A5RJT6Q, STM32U5A5VJT6, STM32U5A5VJT6Q, STM32U5A5ZJT6, STM32U5A5ZJT6Q, STM32U5A5ZJY6QTR, STM32U5A9BJY6QTR, STM32U5A9J-DK, STM32U5A9NJH6Q, STM32U5A9VJT6Q, STM32U5A9ZJT6Q, STM32U5A9ZJY6QTR, STM32U5F7VIT6, STM32U5F7VIT6Q, STM32U5F7VJT6, STM32U5F7VJT6Q, STM32U5F9BJY6QTR, STM32U5F9NJH6Q, STM32U5F9VIT6Q, STM32U5F9VJT6Q, STM32U5F9ZIJ6QTR, STM32U5F9ZIT6Q, STM32U5F9ZJJ6QTR, STM32U5F9ZJT6Q, STM32U5G7VJT6, STM32U5G7VJT6Q, STM32U5G9BJY6QTR, STM32U5G9J-DK1, STM32U5G9J-DK2, STM32U5G9NJH6Q, STM32U5G9VJT6Q, STM32U5G9ZJJ6QTR, STM32U5G9ZJT6Q, STM32WB05KZV6TR, STM32WB05KZV7TR, STM32WB05TZF6TR, STM32WB05TZF7TR, STM32WB06CCF6TR, STM32WB06CCF7TR, STM32WB06CCV6TR, STM32WB06CCV7TR, STM32WB06KCV6TR, STM32WB06KCV7TR, STM32WB07CCF6TR, STM32WB07CCF7TR, STM32WB07CCV6TR, STM32WB07CCV7TR, STM32WB07KCV6TR, STM32WB07KCV7TR, STM32WB09KEV6TR, STM32WB09KEV7TR, STM32WB09TEF6TR, STM32WB09TEF7TR, STM32WB1MMCH6, STM32WBA50KGU6, STM32WBA50KGU6TR, STM32WBA52CEU6, STM32WBA52CEU6TR, STM32WBA52CEU7, STM32WBA52CEU7TR, STM32WBA52CGU6, STM32WBA52CGU6TR, STM32WBA52CGU6U, STM32WBA52CGU7, STM32WBA52CGU7TR, STM32WBA52KEU6, STM32WBA52KEU6TR, STM32WBA52KGU6, STM32WBA52KGU6TR, STM32WBA54CEU6, STM32WBA54CEU6TR, STM32WBA54CEU7, STM32WBA54CEU7TR, STM32WBA54CGU6, STM32WBA54CGU6TR, STM32WBA54CGU7, STM32WBA54CGU7TR, STM32WBA54KEU6, STM32WBA54KEU6TR, STM32WBA54KEU7, STM32WBA54KEU7TR, STM32WBA54KGU6, STM32WBA54KGU6TR, STM32WBA54KGU7, STM32WBA54KGU7TR, STM32WBA55CEU6, STM32WBA55CEU6TR, STM32WBA55CEU7, STM32WBA55CEU7TR, STM32WBA55CGU6, STM32WBA55CGU6TR, STM32WBA55CGU6U, STM32WBA55CGU7, STM32WBA55CGU7TR, STM32WBA55G-DK1, STM32WBA55HEF6, STM32WBA55HEF7, STM32WBA55HGF6, STM32WBA55HGF7, STM32WBA55UEI6, STM32WBA55UEI6TR, STM32WBA55UEI7, STM32WBA55UEI7TR, STM32WBA55UGI6, STM32WBA55UGI6TR, STM32WBA55UGI7, STM32WBA55UGI7TR, STM32WBA5MJGH6TR, STM32WBA62CGU6, STM32WBA62CIU6, STM32WBA62MGF6, STM32WBA62MIF6, STM32WBA62PGI6, STM32WBA62PII6, STM32WBA63CGU6, STM32WBA63CGU7, STM32WBA63CIU6, STM32WBA63CIU7, STM32WBA64CGU6, STM32WBA64CGU7, STM32WBA64CIU6, STM32WBA64CIU7, STM32WBA65CGU6, STM32WBA65CGU7, STM32WBA65CIU6, STM32WBA65CIU7, STM32WBA65I-DK1, STM32WBA65MGF6, STM32WBA65MGF7, STM32WBA65MIF6, STM32WBA65MIF7, STM32WBA65PGI6, STM32WBA65PGI7, STM32WBA65PII6, STM32WBA65PII7, STM32WBA65RGV6, STM32WBA65RGV7, STM32WBA65RIV6, STM32WBA65RIV7, STM32WL30K8V6, STM32WL30KBV6, STM32WL31C8V6, STM32WL31CBV6, STM32WL31K8V6, STM32WL31KBV6, STM32WL33C8V6, STM32WL33C8V6TR, STM32WL33C8V7, STM32WL33C8V7TR, STM32WL33CBV6, STM32WL33CBV6TR, STM32WL33CBV7, STM32WL33CBV7TR, STM32WL33CCV6, STM32WL33CCV6TR, STM32WL33CCV7, STM32WL33CCV7A, STM32WL33CCV7ATR, STM32WL33CCV7TR, STM32WL33K8V6, STM32WL33K8V6TR, STM32WL33K8V7, STM32WL33K8V7TR, STM32WL33KBV6, STM32WL33KBV6TR, STM32WL33KBV7, STM32WL33KBV7TR, STM32WL33KCV6, STM32WL33KCV6TR, STM32WL33KCV7, STM32WL33KCV7TR, STM32WL5MOCH6, STM32WL5MOCH6TR]
2025-05-08 12:45:00,934 [INFO] DbMcus:218 - Found 4686 MCUs, 4686 are supported
2025-05-08 12:45:00,937 [INFO] ApiDb:423 - Load user favorites file /Users/winstonhar/.stm32cubeide/favorites.mcus.txt: 1 item(s)
2025-05-08 12:45:00,938 [INFO] ApiDb:427 - User favorites MCUs=[STM32F103RCT6]
2025-05-08 12:45:00,938 [INFO] DbMcus:224 - Set 1 / 1 favorites MCUs
2025-05-08 12:45:01,360 [INFO] ApiDb:423 - Load user favorites file /Users/winstonhar/.stm32cubeide/favorites.boards.txt: 0 item(s)
2025-05-08 12:45:01,360 [INFO] ApiDb:427 - User favorites Boards=[]
2025-05-08 12:45:01,360 [INFO] DbBoards:198 - Set 0 / 0 favorites Boards
2025-05-08 12:45:01,408 [INFO] UtilMem:75 - End LoadConfig() Used Memory: 167738240 Bytes (285212672)
2025-05-08 12:45:01,585 [WARN] ThirdParty:833 - waiting for thirdparty lock release [change project]
2025-05-08 12:45:01,585 [INFO] ThirdParty:835 - entering critical section [change project]
2025-05-08 12:45:01,585 [INFO] ThirdParty:1030 - CMSIS Pack Vendor :STMicroelectronics USBPD 4.1
2025-05-08 12:45:01,585 [INFO] ThirdParty:1030 - CMSIS Pack Vendor :STMicroelectronics X-CUBE-AZRTOS-H7 3.3.0
2025-05-08 12:45:01,585 [INFO] ThirdParty:1030 - CMSIS Pack Vendor :STMicroelectronics X-CUBE-NFC9 1.0.0
2025-05-08 12:45:01,585 [INFO] ThirdParty:1030 - CMSIS Pack Vendor :STMicroelectronics USB_HOST 2.0.0
2025-05-08 12:45:01,585 [INFO] ThirdParty:1030 - CMSIS Pack Vendor :STMicroelectronics FP-SNS-MOTENVWB1 1.4.0
2025-05-08 12:45:01,585 [INFO] ThirdParty:1030 - CMSIS Pack Vendor :STMicroelectronics X-CUBE-AZRTOS-F4 1.1.0
2025-05-08 12:45:01,586 [INFO] ThirdParty:1030 - CMSIS Pack Vendor :STMicroelectronics LIBJPEG 8.0.0
2025-05-08 12:45:01,586 [INFO] ThirdParty:1030 - CMSIS Pack Vendor :STMicroelectronics FP-ATR-ASTRA1 2.0.2
2025-05-08 12:45:01,586 [INFO] ThirdParty:1030 - CMSIS Pack Vendor :STMicroelectronics X-CUBE-BLE1 7.1.0
2025-05-08 12:45:01,586 [INFO] ThirdParty:1030 - CMSIS Pack Vendor :Avnet-IotConnect X-CUBE-IoTC-DA16k-PMOD 1.0.0
2025-05-08 12:45:01,586 [INFO] ThirdParty:1030 - CMSIS Pack Vendor :STMicroelectronics X-CUBE-SMBUS 2.1.0
2025-05-08 12:45:01,586 [INFO] ThirdParty:1030 - CMSIS Pack Vendor :STMicroelectronics X-CUBE-WB05N 1.1.0
2025-05-08 12:45:01,586 [INFO] ThirdParty:1030 - CMSIS Pack Vendor :wolfSSL I-CUBE-wolfMQTT 1.19.2
2025-05-08 12:45:01,586 [INFO] ThirdParty:1030 - CMSIS Pack Vendor :STMicroelectronics USB_DEVICE 3.0.0
2025-05-08 12:45:01,586 [INFO] ThirdParty:1030 - CMSIS Pack Vendor :STMicroelectronics X-CUBE-ISPU 2.1.0
2025-05-08 12:45:01,586 [INFO] ThirdParty:1030 - CMSIS Pack Vendor :STMicroelectronics X-CUBE-AZRTOS-WB 2.0.0
2025-05-08 12:45:01,586 [INFO] ThirdParty:1030 - CMSIS Pack Vendor :STMicroelectronics X-CUBE-GNSS1 7.0.1
2025-05-08 12:45:01,586 [INFO] ThirdParty:1030 - CMSIS Pack Vendor :STMicroelectronics X-CUBE-AZRTOS-F7 1.1.0
2025-05-08 12:45:01,586 [INFO] ThirdParty:1030 - CMSIS Pack Vendor :STMicroelectronics X-CUBE-AZRTOS-L5 2.0.0
2025-05-08 12:45:01,586 [INFO] ThirdParty:1030 - CMSIS Pack Vendor :STMicroelectronics X-CUBE-TOUCHGFX 4.25.0
2025-05-08 12:45:01,586 [INFO] ThirdParty:1030 - CMSIS Pack Vendor :STMicroelectronics USB_DEVICE 2.0.0
2025-05-08 12:45:01,586 [INFO] ThirdParty:1030 - CMSIS Pack Vendor :STMicroelectronics X-CUBE-NFC6 3.1.0
2025-05-08 12:45:01,587 [INFO] ThirdParty:1030 - CMSIS Pack Vendor :STMicroelectronics FP-SNS-STBOX1 2.0.0
2025-05-08 12:45:01,587 [INFO] ThirdParty:1030 - CMSIS Pack Vendor :STMicroelectronics X-CUBE-MEMS1 11.2.0
2025-05-08 12:45:01,587 [INFO] ThirdParty:1030 - CMSIS Pack Vendor :STMicroelectronics FreeRTOS 0.0.1
2025-05-08 12:45:01,587 [INFO] ThirdParty:1030 - CMSIS Pack Vendor :STMicroelectronics X-CUBE-AZRTOS-G0 1.1.0
2025-05-08 12:45:01,587 [INFO] ThirdParty:1030 - CMSIS Pack Vendor :STMicroelectronics X-CUBE-SAFEA1 1.2.2
2025-05-08 12:45:01,587 [INFO] ThirdParty:1030 - CMSIS Pack Vendor :STMicroelectronics X-CUBE-NFC4 3.0.0
2025-05-08 12:45:01,587 [INFO] ThirdParty:1030 - CMSIS Pack Vendor :STMicroelectronics X-CUBE-SUBG2 5.0.0
2025-05-08 12:45:01,587 [INFO] ThirdParty:1030 - CMSIS Pack Vendor :STMicroelectronics X-CUBE-AZRTOS-H7RS 1.1.0
2025-05-08 12:45:01,587 [INFO] ThirdParty:1030 - CMSIS Pack Vendor :STMicroelectronics STM32_WPAN 1.0.0
2025-05-08 12:45:01,587 [INFO] ThirdParty:1030 - CMSIS Pack Vendor :EmbeddedOffice I-CUBE-FS-RTOS 1.0.1
2025-05-08 12:45:01,587 [INFO] ThirdParty:1030 - CMSIS Pack Vendor :STMicroelectronics lwIP 2.0.3
2025-05-08 12:45:01,588 [INFO] ThirdParty:1030 - CMSIS Pack Vendor :Cesanta I-CUBE-Mongoose 7.13.0
2025-05-08 12:45:01,588 [INFO] ThirdParty:1030 - CMSIS Pack Vendor :STMicroelectronics USB_HOST 1.0.0
2025-05-08 12:45:01,588 [INFO] ThirdParty:1030 - CMSIS Pack Vendor :Infineon AIROC-Wi-Fi-Bluetooth-STM32 1.7.0
2025-05-08 12:45:01,588 [INFO] ThirdParty:1030 - CMSIS Pack Vendor :STMicroelectronics X-CUBE-AZRTOS-G4 2.0.0
2025-05-08 12:45:01,588 [INFO] ThirdParty:1030 - CMSIS Pack Vendor :STMicroelectronics X-CUBE-WB05N 2.0.0
2025-05-08 12:45:01,588 [INFO] ThirdParty:1030 - CMSIS Pack Vendor :STMicroelectronics PDM2PCM 3.1.0
2025-05-08 12:45:01,588 [INFO] ThirdParty:1030 - CMSIS Pack Vendor :STMicroelectronics PDM2PCM 3.3.0
2025-05-08 12:45:01,588 [INFO] ThirdParty:1030 - CMSIS Pack Vendor :wolfSSL I-CUBE-wolfTPM 3.8.0
2025-05-08 12:45:01,588 [INFO] ThirdParty:1030 - CMSIS Pack Vendor :STMicroelectronics X-CUBE-DISPLAY 3.0.0
2025-05-08 12:45:01,588 [INFO] ThirdParty:1030 - CMSIS Pack Vendor :wolfSSL I-CUBE-wolfSSH 1.4.20
2025-05-08 12:45:01,588 [INFO] ThirdParty:1030 - CMSIS Pack Vendor :STMicroelectronics X-CUBE-NFC7 2.0.0
2025-05-08 12:45:01,588 [INFO] ThirdParty:1030 - CMSIS Pack Vendor :STMicroelectronics X-CUBE-TCPP 4.2.0
2025-05-08 12:45:01,588 [INFO] ThirdParty:1030 - CMSIS Pack Vendor :RealThread X-CUBE-RT-Thread_Nano 4.1.1
2025-05-08 12:45:01,588 [INFO] ThirdParty:1030 - CMSIS Pack Vendor :STMicroelectronics FP-ATR-SIGFOX1 3.2.0
2025-05-08 12:45:01,588 [INFO] ThirdParty:1030 - CMSIS Pack Vendor :STMicroelectronics X-CUBE-NFC10 1.0.0
2025-05-08 12:45:01,588 [INFO] ThirdParty:1030 - CMSIS Pack Vendor :STMicroelectronics X-CUBE-BLEMGR 4.0.0
2025-05-08 12:45:01,588 [INFO] ThirdParty:1030 - CMSIS Pack Vendor :STMicroelectronics X-CUBE-EEPRMA1 5.1.0
2025-05-08 12:45:01,588 [INFO] ThirdParty:1030 - CMSIS Pack Vendor :STMicroelectronics X-CUBE-FREERTOS 1.3.1
2025-05-08 12:45:01,588 [INFO] ThirdParty:1030 - CMSIS Pack Vendor :STMicroelectronics HAL Drivers 0.0.0
2025-05-08 12:45:01,589 [INFO] ThirdParty:1030 - CMSIS Pack Vendor :STMicroelectronics MBEDTLS 2.16.2
2025-05-08 12:45:01,589 [INFO] ThirdParty:1030 - CMSIS Pack Vendor :STMicroelectronics X-CUBE-IPS 3.1.0
2025-05-08 12:45:01,589 [INFO] ThirdParty:1030 - CMSIS Pack Vendor :STMicroelectronics X-CUBE-ALS 1.0.2
2025-05-08 12:45:01,589 [INFO] ThirdParty:1030 - CMSIS Pack Vendor :emotas I-CUBE-CANOPEN 1.3.0
2025-05-08 12:45:01,589 [INFO] ThirdParty:1030 - CMSIS Pack Vendor :STMicroelectronics X-CUBE-FREERTOS 1.3.0
2025-05-08 12:45:01,589 [INFO] ThirdParty:1030 - CMSIS Pack Vendor :STMicroelectronics X-CUBE-NFC7 1.0.1
2025-05-08 12:45:01,589 [INFO] ThirdParty:1030 - CMSIS Pack Vendor :STMicroelectronics MBEDTLS 2.14.1
2025-05-08 12:45:01,589 [INFO] ThirdParty:1030 - CMSIS Pack Vendor :wolfSSL I-CUBE-wolfSSL 5.7.6
2025-05-08 12:45:01,589 [INFO] ThirdParty:1030 - CMSIS Pack Vendor :ITTIA_DB I-CUBE-ITTIADB 8.9.0
2025-05-08 12:45:01,589 [INFO] ThirdParty:1030 - CMSIS Pack Vendor :portGmbH I-Cube-SoM-uGOAL 1.1.0
2025-05-08 12:45:01,589 [INFO] ThirdParty:1030 - CMSIS Pack Vendor :quantropi X-CUBE-qispace-sdk-base 2.0.0
2025-05-08 12:45:01,589 [INFO] ThirdParty:1030 - CMSIS Pack Vendor :STMicroelectronics X-CUBE-AI 10.0.0
2025-05-08 12:45:01,589 [INFO] ThirdParty:1030 - CMSIS Pack Vendor :STMicroelectronics ThreadX 1.0.0
2025-05-08 12:45:01,589 [INFO] ThirdParty:1030 - CMSIS Pack Vendor :STMicroelectronics FP-SNS-SMARTAG2 1.2.0
2025-05-08 12:45:01,589 [INFO] ThirdParty:1030 - CMSIS Pack Vendor :STMicroelectronics FP-SNS-FLIGHT1 5.1.0
2025-05-08 12:45:01,589 [INFO] ThirdParty:1030 - CMSIS Pack Vendor :STMicroelectronics X-CUBE-MEMS1 11.1.0
2025-05-08 12:45:01,589 [INFO] ThirdParty:1030 - CMSIS Pack Vendor :STMicroelectronics X-CUBE-AZRTOS-WL 2.0.0
2025-05-08 12:45:01,589 [INFO] ThirdParty:1030 - CMSIS Pack Vendor :SEGGER I-CUBE-embOS 1.3.1
2025-05-08 12:45:01,589 [INFO] ThirdParty:1030 - CMSIS Pack Vendor :STMicroelectronics X-CUBE-ALGOBUILD 1.4.0
2025-05-08 12:45:01,589 [INFO] ThirdParty:1030 - CMSIS Pack Vendor :STMicroelectronics X-CUBE-DPower 1.3.0
2025-05-08 12:45:01,589 [INFO] ThirdParty:1030 - CMSIS Pack Vendor :STMicroelectronics FP-SNS-MOTENV1 5.0.0
2025-05-08 12:45:01,589 [INFO] ThirdParty:1030 - CMSIS Pack Vendor :STMicroelectronics USB_DEVICE 1.0.0
2025-05-08 12:45:01,589 [INFO] ThirdParty:1030 - CMSIS Pack Vendor :STMicroelectronics X-CUBE-AZRTOS-L4 2.0.0
2025-05-08 12:45:01,589 [INFO] ThirdParty:1030 - CMSIS Pack Vendor :STMicroelectronics ThreadX 0.0.2
2025-05-08 12:45:01,590 [INFO] ThirdParty:1030 - CMSIS Pack Vendor :WES I-CUBE-Cesium 1.3.0
2025-05-08 12:45:01,590 [INFO] ThirdParty:1030 - CMSIS Pack Vendor :STMicroelectronics lwIP 2.1.2
2025-05-08 12:45:01,590 [INFO] ThirdParty:1030 - CMSIS Pack Vendor :STMicroelectronics X-CUBE-SFXS2LP1 4.0.0
2025-05-08 12:45:01,590 [INFO] ThirdParty:1030 - CMSIS Pack Vendor :STMicroelectronics X-CUBE-BLE2 3.3.0
2025-05-08 12:45:01,590 [INFO] ThirdParty:1030 - CMSIS Pack Vendor :STMicroelectronics X-CUBE-TOF1 3.4.2
2025-05-08 12:45:01,590 [INFO] ThirdParty:1030 - CMSIS Pack Vendor :STMicroelectronics X-CUBE-TOF1 3.4.3
2025-05-08 12:45:01,590 [INFO] ThirdParty:1030 - CMSIS Pack Vendor :STMicroelectronics PDM2PCM 3.2.0
2025-05-08 12:45:01,590 [INFO] ThirdParty:841 - exiting critical section [change project]
2025-05-08 12:45:01,936 [INFO] PinOutPanel:1589 - setPackage(No Configuration,No Configuration)
2025-05-08 12:45:01,937 [INFO] PinOutPanel:1589 - setPackage(STM32F103RCTx,LQFP64)
2025-05-08 12:45:02,352 [INFO] UtilMem:75 - Before build in PCC Used Memory: 174060736 Bytes (285212672)
2025-05-08 12:45:02,904 [INFO] UtilMem:75 - After build in PCC Used Memory: 196243728 Bytes (300941312)
2025-05-08 12:45:02,944 [INFO] IPUIPlugin:80 - create IPUIPlugin
2025-05-08 12:45:02,944 [INFO] IPUIPlugin:80 - create IPUIPlugin
2025-05-08 12:45:02,944 [INFO] IPUIPlugin:80 - create IPUIPlugin
2025-05-08 12:45:02,945 [INFO] IPUIPlugin:80 - create IPUIPlugin
2025-05-08 12:45:02,945 [INFO] IPUIPlugin:80 - create IPUIPlugin
2025-05-08 12:45:02,945 [INFO] IPUIPlugin:80 - create IPUIPlugin
2025-05-08 12:45:02,945 [INFO] IPUIPlugin:80 - create IPUIPlugin
2025-05-08 12:45:02,946 [INFO] IPUIPlugin:80 - create IPUIPlugin
2025-05-08 12:45:02,946 [INFO] IPUIPlugin:80 - create IPUIPlugin
2025-05-08 12:45:02,946 [INFO] IPUIPlugin:80 - create IPUIPlugin
2025-05-08 12:45:02,946 [INFO] IPUIPlugin:80 - create IPUIPlugin
2025-05-08 12:45:02,947 [INFO] IPUIPlugin:80 - create IPUIPlugin
2025-05-08 12:45:02,947 [INFO] IPUIPlugin:80 - create IPUIPlugin
2025-05-08 12:45:02,947 [INFO] IPUIPlugin:80 - create IPUIPlugin
2025-05-08 12:45:02,948 [INFO] IPUIPlugin:80 - create IPUIPlugin
2025-05-08 12:45:02,948 [INFO] IPUIPlugin:80 - create IPUIPlugin
2025-05-08 12:45:02,948 [INFO] IPUIPlugin:80 - create IPUIPlugin
2025-05-08 12:45:02,949 [INFO] IPUIPlugin:80 - create IPUIPlugin
2025-05-08 12:45:02,949 [INFO] IPUIPlugin:80 - create IPUIPlugin
2025-05-08 12:45:02,950 [INFO] IPUIPlugin:80 - create IPUIPlugin
2025-05-08 12:45:02,950 [INFO] IPUIPlugin:80 - create IPUIPlugin
2025-05-08 12:45:02,950 [INFO] IPUIPlugin:80 - create IPUIPlugin
2025-05-08 12:45:02,951 [INFO] IPUIPlugin:80 - create IPUIPlugin
2025-05-08 12:45:02,951 [INFO] IPUIPlugin:80 - create IPUIPlugin
2025-05-08 12:45:02,951 [INFO] IPUIPlugin:80 - create IPUIPlugin
2025-05-08 12:45:02,951 [INFO] IPUIPlugin:80 - create IPUIPlugin
2025-05-08 12:45:02,951 [INFO] IPUIPlugin:80 - create IPUIPlugin
2025-05-08 12:45:02,951 [INFO] IPUIPlugin:80 - create IPUIPlugin
2025-05-08 12:45:02,952 [INFO] IPUIPlugin:80 - create IPUIPlugin
2025-05-08 12:45:02,952 [INFO] IPUIPlugin:80 - create IPUIPlugin
2025-05-08 12:45:02,952 [INFO] IPUIPlugin:80 - create IPUIPlugin
2025-05-08 12:45:02,953 [INFO] IPUIPlugin:80 - create IPUIPlugin
2025-05-08 12:45:02,954 [INFO] IPUIPlugin:80 - create IPUIPlugin
2025-05-08 12:45:02,955 [INFO] IPUIPlugin:80 - create IPUIPlugin
2025-05-08 12:45:02,955 [INFO] IPUIPlugin:80 - create IPUIPlugin
2025-05-08 12:45:02,955 [INFO] IPUIPlugin:80 - create IPUIPlugin
2025-05-08 12:45:02,956 [INFO] IPUIPlugin:80 - create IPUIPlugin
2025-05-08 12:45:02,957 [INFO] IPUIPlugin:80 - create IPUIPlugin
2025-05-08 12:45:02,958 [INFO] IPUIPlugin:80 - create IPUIPlugin
2025-05-08 12:45:02,973 [WARN] IP:2250 - I2C_Coeff_DF not found: check if there is a RefParameter without a condition.
2025-05-08 12:45:02,973 [WARN] IP:2250 - Analog_Filter not found: check if there is a RefParameter without a condition.
2025-05-08 12:45:03,157 [INFO] CADModel:165 - CPN selected for project levelSTM32F103RCT6
2025-05-08 12:45:03,158 [INFO] CADModel:114 - Register for checkConnection events
2025-05-08 12:45:03,199 [INFO] OpenFileManager:385 - Restore cursor
2025-05-08 12:45:03,361 [WARN] IP:2250 - I2C_Coeff_DF not found: check if there is a RefParameter without a condition.
2025-05-08 12:45:03,361 [WARN] IP:2250 - Analog_Filter not found: check if there is a RefParameter without a condition.
2025-05-08 12:45:03,362 [WARN] IP:2250 - I2C_Coeff_DF not found: check if there is a RefParameter without a condition.
2025-05-08 12:45:03,362 [WARN] IP:2250 - Analog_Filter not found: check if there is a RefParameter without a condition.
2025-05-08 12:48:04,547 [INFO] MainUpdater:2872 - connection check result : 10
2025-05-08 12:48:04,549 [INFO] MainUpdater:2872 - connection check result : 10
2025-05-08 12:48:04,808 [INFO] MicroXplorer:468 - Change Database Path : 
2025-05-08 12:48:04,808 [INFO] MicroXplorer:498 - Change Database Version : DB.6.0.141
2025-05-08 12:48:04,826 [ERROR] ProjectManagerView:395 - 
java.lang.NullPointerException: Cannot invoke "javax.swing.JTextField.getText()" because the return value of "java.util.List.get(int)" is null
	at com.st.microxplorer.plugins.projectmanager.gui.ProjectChoiceTab$9.caretUpdate(ProjectChoiceTab.java:2678) ~[filemanager.jar:?]
	at javax.swing.text.JTextComponent.fireCaretUpdate(JTextComponent.java:408) ~[?:?]
	at javax.swing.text.JTextComponent$MutableCaretEvent.fire(JTextComponent.java:4484) ~[?:?]
	at javax.swing.text.JTextComponent$MutableCaretEvent.stateChanged(JTextComponent.java:4506) ~[?:?]
	at javax.swing.text.DefaultCaret.fireStateChanged(DefaultCaret.java:857) ~[?:?]
	at javax.swing.text.DefaultCaret.changeCaretPosition(DefaultCaret.java:1343) ~[?:?]
	at javax.swing.text.DefaultCaret.handleSetDot(DefaultCaret.java:1242) ~[?:?]
	at javax.swing.text.DefaultCaret.setDot(DefaultCaret.java:1223) ~[?:?]
	at javax.swing.text.DefaultCaret$Handler.insertUpdate(DefaultCaret.java:1819) ~[?:?]
	at javax.swing.text.AbstractDocument.fireInsertUpdate(AbstractDocument.java:227) ~[?:?]
	at javax.swing.text.AbstractDocument.handleInsertString(AbstractDocument.java:781) ~[?:?]
	at javax.swing.text.AbstractDocument.insertString(AbstractDocument.java:740) ~[?:?]
	at javax.swing.text.PlainDocument.insertString(PlainDocument.java:131) ~[?:?]
	at javax.swing.text.AbstractDocument.replace(AbstractDocument.java:699) ~[?:?]
	at javax.swing.text.JTextComponent.setText(JTextComponent.java:1725) ~[?:?]
	at com.st.microxplorer.plugins.projectmanager.gui.ProjectChoiceTab.createHeapStackFields(ProjectChoiceTab.java:979) ~[filemanager.jar:?]
	at com.st.microxplorer.plugins.projectmanager.gui.ProjectChoiceTab.buildLinkSettingsPanel(ProjectChoiceTab.java:3766) ~[filemanager.jar:?]
	at com.st.microxplorer.plugins.projectmanager.gui.ProjectChoiceTab.defineWindowsFields(ProjectChoiceTab.java:1962) ~[filemanager.jar:?]
	at com.st.microxplorer.plugins.projectmanager.gui.ProjectChoiceTab.updateSettings(ProjectChoiceTab.java:555) ~[filemanager.jar:?]
	at com.st.microxplorer.plugins.projectmanager.gui.ProjectSettingsPanel.UpdateDialog(ProjectSettingsPanel.java:245) ~[filemanager.jar:?]
	at com.st.microxplorer.plugins.projectmanager.ProjectManagerView.propertyChange(ProjectManagerView.java:392) ~[filemanager.jar:?]
	at java.beans.PropertyChangeSupport.fire(PropertyChangeSupport.java:343) ~[?:?]
	at java.beans.PropertyChangeSupport.firePropertyChange(PropertyChangeSupport.java:335) ~[?:?]
	at java.beans.PropertyChangeSupport.firePropertyChange(PropertyChangeSupport.java:268) ~[?:?]
	at com.st.microxplorer.util.MXPropertyChangeSupport.firePropertyChange(MXPropertyChangeSupport.java:54) ~[STM32CubeMX.jar:?]
	at com.st.microxplorer.mxsystem.MxSystem.closeConfig(MxSystem.java:899) ~[STM32CubeMX.jar:?]
	at com.st.microxplorer.maingui.MainPanel.closeConfig(MainPanel.java:789) ~[STM32CubeMX.jar:?]
	at com.st.microxplorer.plugins.filemanager.engine.OpenFileManager.loadConfigurationFile(OpenFileManager.java:287) ~[filemanager.jar:?]
	at com.st.microxplorer.plugins.filemanager.engine.MainFileManager.userLoadConfig(MainFileManager.java:341) ~[filemanager.jar:?]
	at com.st.microxplorer.plugins.filemanager.engine.MainFileManager.userLoadConfig(MainFileManager.java:319) ~[filemanager.jar:?]
	at com.st.microxplorer.plugins.filemanager.FileManagerView.getSpecificTask(FileManagerView.java:246) ~[filemanager.jar:?]
	at com.st.stm32cube.common.mx.editor.CubeMxEditor.getMxTabbedPaneInstance(CubeMxEditor.java:1198) ~[com.st.stm32cube.common.mx_6.14.1.202504091515/:?]
	at com.st.stm32cube.common.mx.editor.CubeMxEditor$12$1.createSwingComponent(CubeMxEditor.java:1068) ~[com.st.stm32cube.common.mx_6.14.1.202504091515/:?]
	at com.st.stm32cube.common.mx.oss.core.awtswtbridge.EmbeddedSwingComposite.doComponentCreation(EmbeddedSwingComposite.java:492) ~[com.st.stm32cube.common.mx.oss_6.14.1.202504091515/:?]
	at com.st.stm32cube.common.mx.oss.core.awtswtbridge.EmbeddedSwingComposite$4.run(EmbeddedSwingComposite.java:291) ~[com.st.stm32cube.common.mx.oss_6.14.1.202504091515/:?]
	at com.st.stm32cube.common.mx.oss.core.awtswtbridge.AwtEnvironment$2.run(AwtEnvironment.java:166) ~[com.st.stm32cube.common.mx.oss_6.14.1.202504091515/:?]
	at java.awt.event.InvocationEvent.dispatch(InvocationEvent.java:318) ~[?:?]
	at java.awt.EventQueue.dispatchEventImpl(EventQueue.java:773) ~[?:?]
	at java.awt.EventQueue$4.run(EventQueue.java:720) ~[?:?]
	at java.awt.EventQueue$4.run(EventQueue.java:714) ~[?:?]
	at java.security.AccessController.doPrivileged(AccessController.java:400) ~[?:?]
	at java.security.ProtectionDomain$JavaSecurityAccessImpl.doIntersectionPrivilege(ProtectionDomain.java:87) ~[?:?]
	at java.awt.EventQueue.dispatchEvent(EventQueue.java:742) ~[?:?]
	at java.awt.EventDispatchThread.pumpOneEventForFilters(EventDispatchThread.java:203) ~[?:?]
	at java.awt.EventDispatchThread.pumpEventsForFilter(EventDispatchThread.java:124) ~[?:?]
	at java.awt.EventDispatchThread.pumpEventsForHierarchy(EventDispatchThread.java:113) ~[?:?]
	at java.awt.EventDispatchThread.pumpEvents(EventDispatchThread.java:109) ~[?:?]
	at java.awt.EventDispatchThread.pumpEvents(EventDispatchThread.java:101) ~[?:?]
	at java.awt.EventDispatchThread.run(EventDispatchThread.java:90) ~[?:?]
2025-05-08 12:48:04,833 [WARN] ThirdParty:871 - waiting for thirdparty lock release [close project]
2025-05-08 12:48:04,833 [INFO] ThirdParty:873 - entering critical section [close project]
2025-05-08 12:48:04,833 [INFO] ThirdParty:883 - exiting critical section [close project]
2025-05-08 12:48:04,836 [INFO] PinOutPanel:1589 - setPackage(No Configuration,No Configuration)
2025-05-08 12:48:04,848 [INFO] UtilMem:75 - Begin LoadConfig() Used Memory: 711114096 Bytes (1000341504)
2025-05-08 12:48:04,849 [INFO] MicroXplorer:468 - Change Database Path : 
2025-05-08 12:48:04,849 [INFO] MicroXplorer:498 - Change Database Version : DB.6.0.141
2025-05-08 12:48:04,850 [INFO] OpenFileManager:354 - Change cursor
2025-05-08 12:48:04,864 [INFO] Mcu:2011 - Initializing MCU STM32F407V(E-G)Tx STM32F407VGTx STM32F407VGT6
2025-05-08 12:48:06,147 [INFO] Context:756 - Trying to add GPIOservice into a context  which must be forbidden
2025-05-08 12:48:06,535 [INFO] ImportTextPane:218 - (OptionalMessage_ERROR) Pin37 (VP_RIF_VS_RIF1) cannot be retrieved for this MCU
2025-05-08 12:48:06,681 [INFO] RtosManager:558 - Registered RTOS mode: class=CMSIS, group=RTOS, mode=CMSIS_V1, owner=FREERTOS
2025-05-08 12:48:06,681 [INFO] RtosManager:558 - Registered RTOS mode: class=CMSIS, group=RTOS2, mode=CMSIS_V2, owner=FREERTOS
2025-05-08 12:48:06,681 [INFO] RtosManager:558 - Registered RTOS mode: class=RTOS, group=Core, mode=CMSIS_V1, owner=FREERTOS
2025-05-08 12:48:06,681 [INFO] RtosManager:558 - Registered RTOS mode: class=RTOS, group=Core, mode=CMSIS_V2, owner=FREERTOS
2025-05-08 12:48:06,681 [WARN] ModelIntegratedComponent:184 - Missing modes for component STMicroelectronics:FreeRTOS:0.0.1:STMicroelectronics:RTOS:FreeRTOS:Core:::10.2.0:
2025-05-08 12:48:06,688 [WARN] ModelIntegratedComponent:63 - No mode defined for component null
2025-05-08 12:48:06,688 [WARN] ModelIntegratedComponent:63 - No mode defined for component null
2025-05-08 12:48:06,688 [WARN] ModelIntegratedComponent:63 - No mode defined for component null
2025-05-08 12:48:06,688 [WARN] ModelIntegratedComponent:63 - No mode defined for component null
2025-05-08 12:48:06,688 [WARN] ModelIntegratedComponent:63 - No mode defined for component null
2025-05-08 12:48:06,688 [WARN] ModelIntegratedComponent:63 - No mode defined for component null
2025-05-08 12:48:06,689 [WARN] ModelIntegratedComponent:63 - No mode defined for component null
2025-05-08 12:48:06,689 [WARN] ModelIntegratedComponent:63 - No mode defined for component null
2025-05-08 12:48:06,689 [WARN] ModelIntegratedComponent:63 - No mode defined for component null
2025-05-08 12:48:06,689 [WARN] ModelIntegratedComponent:63 - No mode defined for component null
2025-05-08 12:48:06,689 [WARN] ModelIntegratedComponent:63 - No mode defined for component null
2025-05-08 12:48:06,689 [WARN] ModelIntegratedComponent:63 - No mode defined for component null
2025-05-08 12:48:06,689 [WARN] ModelIntegratedComponent:63 - No mode defined for component null
2025-05-08 12:48:06,689 [WARN] ModelIntegratedComponent:63 - No mode defined for component null
2025-05-08 12:48:06,689 [WARN] ModelIntegratedComponent:63 - No mode defined for component null
2025-05-08 12:48:06,689 [WARN] ModelIntegratedComponent:63 - No mode defined for component null
2025-05-08 12:48:06,689 [WARN] ModelIntegratedComponent:63 - No mode defined for component null
2025-05-08 12:48:06,689 [WARN] ModelIntegratedComponent:63 - No mode defined for component null
2025-05-08 12:48:06,689 [WARN] ModelIntegratedComponent:63 - No mode defined for component null
2025-05-08 12:48:06,689 [WARN] ModelIntegratedComponent:63 - No mode defined for component null
2025-05-08 12:48:06,689 [WARN] ModelIntegratedComponent:63 - No mode defined for component null
2025-05-08 12:48:06,689 [WARN] ModelIntegratedComponent:63 - No mode defined for component null
2025-05-08 12:48:06,689 [WARN] ModelIntegratedComponent:63 - No mode defined for component null
2025-05-08 12:48:06,689 [WARN] ModelIntegratedComponent:63 - No mode defined for component null
2025-05-08 12:48:06,689 [WARN] ModelIntegratedComponent:63 - No mode defined for component null
2025-05-08 12:48:06,689 [WARN] ModelIntegratedComponent:63 - No mode defined for component null
2025-05-08 12:48:06,689 [WARN] ModelIntegratedComponent:63 - No mode defined for component null
2025-05-08 12:48:06,689 [WARN] ModelIntegratedComponent:63 - No mode defined for component null
2025-05-08 12:48:06,689 [WARN] ModelIntegratedComponent:63 - No mode defined for component null
2025-05-08 12:48:06,690 [WARN] ModelIntegratedComponent:63 - No mode defined for component null
2025-05-08 12:48:06,690 [WARN] ModelIntegratedComponent:63 - No mode defined for component null
2025-05-08 12:48:06,690 [WARN] ModelIntegratedComponent:63 - No mode defined for component null
2025-05-08 12:48:06,690 [WARN] ModelIntegratedComponent:63 - No mode defined for component null
2025-05-08 12:48:06,690 [WARN] ModelIntegratedComponent:63 - No mode defined for component null
2025-05-08 12:48:06,690 [WARN] ModelIntegratedComponent:63 - No mode defined for component null
2025-05-08 12:48:06,690 [WARN] ModelPack:524 - Component already loaded: STMicroelectronics:HAL Drivers:0.0.0:STMicroelectronics:Device:STMicro_Driver:XSPI:HAL::0.0.1:HAL_XSPI
2025-05-08 12:48:06,755 [INFO] ThirdPartyModel:298 - Start build external matchings
2025-05-08 12:48:07,366 [INFO] ThirdPartyModel:316 - End build external matchings
2025-05-08 12:48:07,380 [INFO] ImportTextPane:218 - (OptionalMessage_ERROR) IP (RCC) : Parameter (RTCHSEDivFreq_Value) has invalid value (4000000)
2025-05-08 12:48:07,526 [INFO] UtilMem:75 - End LoadConfig() Used Memory: 841963968 Bytes (1073741824)
2025-05-08 12:48:07,703 [WARN] ThirdParty:833 - waiting for thirdparty lock release [change project]
2025-05-08 12:48:07,703 [INFO] ThirdParty:835 - entering critical section [change project]
2025-05-08 12:48:07,703 [INFO] ThirdParty:1030 - CMSIS Pack Vendor :STMicroelectronics USBPD 4.1
2025-05-08 12:48:07,703 [INFO] ThirdParty:1030 - CMSIS Pack Vendor :STMicroelectronics X-CUBE-AZRTOS-H7 3.3.0
2025-05-08 12:48:07,703 [INFO] ThirdParty:1030 - CMSIS Pack Vendor :STMicroelectronics X-CUBE-NFC9 1.0.0
2025-05-08 12:48:07,703 [INFO] ThirdParty:1030 - CMSIS Pack Vendor :STMicroelectronics USB_HOST 2.0.0
2025-05-08 12:48:07,703 [INFO] ThirdParty:1030 - CMSIS Pack Vendor :STMicroelectronics FP-SNS-MOTENVWB1 1.4.0
2025-05-08 12:48:07,703 [INFO] ThirdParty:1030 - CMSIS Pack Vendor :STMicroelectronics X-CUBE-AZRTOS-F4 1.1.0
2025-05-08 12:48:07,704 [INFO] ThirdParty:1030 - CMSIS Pack Vendor :STMicroelectronics LIBJPEG 8.0.0
2025-05-08 12:48:07,704 [INFO] ThirdParty:1030 - CMSIS Pack Vendor :STMicroelectronics FP-ATR-ASTRA1 2.0.2
2025-05-08 12:48:07,704 [INFO] ThirdParty:1030 - CMSIS Pack Vendor :STMicroelectronics X-CUBE-BLE1 7.1.0
2025-05-08 12:48:07,704 [INFO] ThirdParty:1030 - CMSIS Pack Vendor :Avnet-IotConnect X-CUBE-IoTC-DA16k-PMOD 1.0.0
2025-05-08 12:48:07,704 [INFO] ThirdParty:1030 - CMSIS Pack Vendor :STMicroelectronics X-CUBE-SMBUS 2.1.0
2025-05-08 12:48:07,704 [INFO] ThirdParty:1030 - CMSIS Pack Vendor :STMicroelectronics X-CUBE-WB05N 1.1.0
2025-05-08 12:48:07,704 [INFO] ThirdParty:1030 - CMSIS Pack Vendor :wolfSSL I-CUBE-wolfMQTT 1.19.2
2025-05-08 12:48:07,704 [INFO] ThirdParty:1030 - CMSIS Pack Vendor :STMicroelectronics USB_DEVICE 3.0.0
2025-05-08 12:48:07,704 [INFO] ThirdParty:1030 - CMSIS Pack Vendor :STMicroelectronics X-CUBE-ISPU 2.1.0
2025-05-08 12:48:07,704 [INFO] ThirdParty:1030 - CMSIS Pack Vendor :STMicroelectronics X-CUBE-AZRTOS-WB 2.0.0
2025-05-08 12:48:07,704 [INFO] ThirdParty:1030 - CMSIS Pack Vendor :STMicroelectronics X-CUBE-GNSS1 7.0.1
2025-05-08 12:48:07,704 [INFO] ThirdParty:1030 - CMSIS Pack Vendor :STMicroelectronics X-CUBE-AZRTOS-F7 1.1.0
2025-05-08 12:48:07,704 [INFO] ThirdParty:1030 - CMSIS Pack Vendor :STMicroelectronics X-CUBE-AZRTOS-L5 2.0.0
2025-05-08 12:48:07,704 [INFO] ThirdParty:1030 - CMSIS Pack Vendor :STMicroelectronics X-CUBE-TOUCHGFX 4.25.0
2025-05-08 12:48:07,704 [INFO] ThirdParty:1030 - CMSIS Pack Vendor :STMicroelectronics USB_DEVICE 2.0.0
2025-05-08 12:48:07,705 [INFO] ThirdParty:1030 - CMSIS Pack Vendor :STMicroelectronics X-CUBE-NFC6 3.1.0
2025-05-08 12:48:07,705 [INFO] ThirdParty:1030 - CMSIS Pack Vendor :STMicroelectronics FP-SNS-STBOX1 2.0.0
2025-05-08 12:48:07,705 [INFO] ThirdParty:1030 - CMSIS Pack Vendor :STMicroelectronics X-CUBE-MEMS1 11.2.0
2025-05-08 12:48:07,705 [INFO] ThirdParty:1030 - CMSIS Pack Vendor :STMicroelectronics FreeRTOS 0.0.1
2025-05-08 12:48:07,705 [INFO] ThirdParty:1030 - CMSIS Pack Vendor :STMicroelectronics X-CUBE-AZRTOS-G0 1.1.0
2025-05-08 12:48:07,705 [INFO] ThirdParty:1030 - CMSIS Pack Vendor :STMicroelectronics X-CUBE-SAFEA1 1.2.2
2025-05-08 12:48:07,705 [INFO] ThirdParty:1030 - CMSIS Pack Vendor :STMicroelectronics X-CUBE-NFC4 3.0.0
2025-05-08 12:48:07,705 [INFO] ThirdParty:1030 - CMSIS Pack Vendor :STMicroelectronics X-CUBE-SUBG2 5.0.0
2025-05-08 12:48:07,705 [INFO] ThirdParty:1030 - CMSIS Pack Vendor :STMicroelectronics X-CUBE-AZRTOS-H7RS 1.1.0
2025-05-08 12:48:07,705 [INFO] ThirdParty:1030 - CMSIS Pack Vendor :STMicroelectronics STM32_WPAN 1.0.0
2025-05-08 12:48:07,705 [INFO] ThirdParty:1030 - CMSIS Pack Vendor :EmbeddedOffice I-CUBE-FS-RTOS 1.0.1
2025-05-08 12:48:07,705 [INFO] ThirdParty:1030 - CMSIS Pack Vendor :STMicroelectronics lwIP 2.0.3
2025-05-08 12:48:07,705 [INFO] ThirdParty:1030 - CMSIS Pack Vendor :Cesanta I-CUBE-Mongoose 7.13.0
2025-05-08 12:48:07,705 [INFO] ThirdParty:1030 - CMSIS Pack Vendor :STMicroelectronics USB_HOST 1.0.0
2025-05-08 12:48:07,705 [INFO] ThirdParty:1030 - CMSIS Pack Vendor :Infineon AIROC-Wi-Fi-Bluetooth-STM32 1.7.0
2025-05-08 12:48:07,705 [INFO] ThirdParty:1030 - CMSIS Pack Vendor :STMicroelectronics X-CUBE-AZRTOS-G4 2.0.0
2025-05-08 12:48:07,705 [INFO] ThirdParty:1030 - CMSIS Pack Vendor :STMicroelectronics X-CUBE-WB05N 2.0.0
2025-05-08 12:48:07,705 [INFO] ThirdParty:1030 - CMSIS Pack Vendor :STMicroelectronics PDM2PCM 3.1.0
2025-05-08 12:48:07,705 [INFO] ThirdParty:1030 - CMSIS Pack Vendor :STMicroelectronics PDM2PCM 3.3.0
2025-05-08 12:48:07,706 [INFO] ThirdParty:1030 - CMSIS Pack Vendor :wolfSSL I-CUBE-wolfTPM 3.8.0
2025-05-08 12:48:07,706 [INFO] ThirdParty:1030 - CMSIS Pack Vendor :STMicroelectronics X-CUBE-DISPLAY 3.0.0
2025-05-08 12:48:07,706 [INFO] ThirdParty:1030 - CMSIS Pack Vendor :wolfSSL I-CUBE-wolfSSH 1.4.20
2025-05-08 12:48:07,706 [INFO] ThirdParty:1030 - CMSIS Pack Vendor :STMicroelectronics X-CUBE-NFC7 2.0.0
2025-05-08 12:48:07,706 [INFO] ThirdParty:1030 - CMSIS Pack Vendor :STMicroelectronics X-CUBE-TCPP 4.2.0
2025-05-08 12:48:07,706 [INFO] ThirdParty:1030 - CMSIS Pack Vendor :RealThread X-CUBE-RT-Thread_Nano 4.1.1
2025-05-08 12:48:07,706 [INFO] ThirdParty:1030 - CMSIS Pack Vendor :STMicroelectronics FP-ATR-SIGFOX1 3.2.0
2025-05-08 12:48:07,706 [INFO] ThirdParty:1030 - CMSIS Pack Vendor :STMicroelectronics X-CUBE-NFC10 1.0.0
2025-05-08 12:48:07,706 [INFO] ThirdParty:1030 - CMSIS Pack Vendor :STMicroelectronics X-CUBE-BLEMGR 4.0.0
2025-05-08 12:48:07,706 [INFO] ThirdParty:1030 - CMSIS Pack Vendor :STMicroelectronics X-CUBE-EEPRMA1 5.1.0
2025-05-08 12:48:07,706 [INFO] ThirdParty:1030 - CMSIS Pack Vendor :STMicroelectronics X-CUBE-FREERTOS 1.3.1
2025-05-08 12:48:07,706 [INFO] ThirdParty:1030 - CMSIS Pack Vendor :STMicroelectronics HAL Drivers 0.0.0
2025-05-08 12:48:07,706 [INFO] ThirdParty:1030 - CMSIS Pack Vendor :STMicroelectronics MBEDTLS 2.16.2
2025-05-08 12:48:07,706 [INFO] ThirdParty:1030 - CMSIS Pack Vendor :STMicroelectronics X-CUBE-IPS 3.1.0
2025-05-08 12:48:07,706 [INFO] ThirdParty:1030 - CMSIS Pack Vendor :STMicroelectronics X-CUBE-ALS 1.0.2
2025-05-08 12:48:07,706 [INFO] ThirdParty:1030 - CMSIS Pack Vendor :emotas I-CUBE-CANOPEN 1.3.0
2025-05-08 12:48:07,706 [INFO] ThirdParty:1030 - CMSIS Pack Vendor :STMicroelectronics X-CUBE-FREERTOS 1.3.0
2025-05-08 12:48:07,706 [INFO] ThirdParty:1030 - CMSIS Pack Vendor :STMicroelectronics X-CUBE-NFC7 1.0.1
2025-05-08 12:48:07,707 [INFO] ThirdParty:1030 - CMSIS Pack Vendor :STMicroelectronics MBEDTLS 2.14.1
2025-05-08 12:48:07,707 [INFO] ThirdParty:1030 - CMSIS Pack Vendor :wolfSSL I-CUBE-wolfSSL 5.7.6
2025-05-08 12:48:07,707 [INFO] ThirdParty:1030 - CMSIS Pack Vendor :ITTIA_DB I-CUBE-ITTIADB 8.9.0
2025-05-08 12:48:07,707 [INFO] ThirdParty:1030 - CMSIS Pack Vendor :portGmbH I-Cube-SoM-uGOAL 1.1.0
2025-05-08 12:48:07,707 [INFO] ThirdParty:1030 - CMSIS Pack Vendor :quantropi X-CUBE-qispace-sdk-base 2.0.0
2025-05-08 12:48:07,707 [INFO] ThirdParty:1030 - CMSIS Pack Vendor :STMicroelectronics X-CUBE-AI 10.0.0
2025-05-08 12:48:07,707 [INFO] ThirdParty:1030 - CMSIS Pack Vendor :STMicroelectronics ThreadX 1.0.0
2025-05-08 12:48:07,707 [INFO] ThirdParty:1030 - CMSIS Pack Vendor :STMicroelectronics FP-SNS-SMARTAG2 1.2.0
2025-05-08 12:48:07,707 [INFO] ThirdParty:1030 - CMSIS Pack Vendor :STMicroelectronics FP-SNS-FLIGHT1 5.1.0
2025-05-08 12:48:07,707 [INFO] ThirdParty:1030 - CMSIS Pack Vendor :STMicroelectronics X-CUBE-MEMS1 11.1.0
2025-05-08 12:48:07,707 [INFO] ThirdParty:1030 - CMSIS Pack Vendor :STMicroelectronics X-CUBE-AZRTOS-WL 2.0.0
2025-05-08 12:48:07,707 [INFO] ThirdParty:1030 - CMSIS Pack Vendor :SEGGER I-CUBE-embOS 1.3.1
2025-05-08 12:48:07,707 [INFO] ThirdParty:1030 - CMSIS Pack Vendor :STMicroelectronics X-CUBE-ALGOBUILD 1.4.0
2025-05-08 12:48:07,707 [INFO] ThirdParty:1030 - CMSIS Pack Vendor :STMicroelectronics X-CUBE-DPower 1.3.0
2025-05-08 12:48:07,707 [INFO] ThirdParty:1030 - CMSIS Pack Vendor :STMicroelectronics FP-SNS-MOTENV1 5.0.0
2025-05-08 12:48:07,707 [INFO] ThirdParty:1030 - CMSIS Pack Vendor :STMicroelectronics USB_DEVICE 1.0.0
2025-05-08 12:48:07,707 [INFO] ThirdParty:1030 - CMSIS Pack Vendor :STMicroelectronics X-CUBE-AZRTOS-L4 2.0.0
2025-05-08 12:48:07,707 [INFO] ThirdParty:1030 - CMSIS Pack Vendor :STMicroelectronics ThreadX 0.0.2
2025-05-08 12:48:07,707 [INFO] ThirdParty:1030 - CMSIS Pack Vendor :WES I-CUBE-Cesium 1.3.0
2025-05-08 12:48:07,707 [INFO] ThirdParty:1030 - CMSIS Pack Vendor :STMicroelectronics lwIP 2.1.2
2025-05-08 12:48:07,708 [INFO] ThirdParty:1030 - CMSIS Pack Vendor :STMicroelectronics X-CUBE-SFXS2LP1 4.0.0
2025-05-08 12:48:07,708 [INFO] ThirdParty:1030 - CMSIS Pack Vendor :STMicroelectronics X-CUBE-BLE2 3.3.0
2025-05-08 12:48:07,708 [INFO] ThirdParty:1030 - CMSIS Pack Vendor :STMicroelectronics X-CUBE-TOF1 3.4.2
2025-05-08 12:48:07,708 [INFO] ThirdParty:1030 - CMSIS Pack Vendor :STMicroelectronics X-CUBE-TOF1 3.4.3
2025-05-08 12:48:07,708 [INFO] ThirdParty:1030 - CMSIS Pack Vendor :STMicroelectronics PDM2PCM 3.2.0
2025-05-08 12:48:07,708 [INFO] ThirdParty:841 - exiting critical section [change project]
2025-05-08 12:48:07,969 [INFO] PinOutPanel:1589 - setPackage(No Configuration,No Configuration)
2025-05-08 12:48:07,970 [INFO] PinOutPanel:1589 - setPackage(STM32F407VGTx,LQFP100)
2025-05-08 12:48:08,204 [INFO] UtilMem:75 - Before build in PCC Used Memory: 640117136 Bytes (1073741824)
2025-05-08 12:48:08,412 [INFO] UtilMem:75 - After build in PCC Used Memory: 687825296 Bytes (1073741824)
2025-05-08 12:48:08,469 [INFO] ApiDbMcu:508 - Load IP Config File for USB_HOST
2025-05-08 12:48:08,471 [WARN] BspModel:444 - BSP dependency skipped because of component: name='IOExpander', api='Unknown'
2025-05-08 12:48:08,494 [INFO] IPUIPlugin:80 - create IPUIPlugin
2025-05-08 12:48:08,494 [INFO] IPUIPlugin:80 - create IPUIPlugin
2025-05-08 12:48:08,494 [INFO] IPUIPlugin:80 - create IPUIPlugin
2025-05-08 12:48:08,494 [INFO] IPUIPlugin:80 - create IPUIPlugin
2025-05-08 12:48:08,494 [INFO] IPUIPlugin:80 - create IPUIPlugin
2025-05-08 12:48:08,494 [INFO] IPUIPlugin:80 - create IPUIPlugin
2025-05-08 12:48:08,495 [INFO] IPUIPlugin:80 - create IPUIPlugin
2025-05-08 12:48:08,495 [INFO] IPUIPlugin:80 - create IPUIPlugin
2025-05-08 12:48:08,495 [INFO] IPUIPlugin:80 - create IPUIPlugin
2025-05-08 12:48:08,495 [INFO] IPUIPlugin:80 - create IPUIPlugin
2025-05-08 12:48:08,495 [INFO] IPUIPlugin:80 - create IPUIPlugin
2025-05-08 12:48:08,495 [INFO] IPUIPlugin:80 - create IPUIPlugin
2025-05-08 12:48:08,495 [INFO] IPUIPlugin:80 - create IPUIPlugin
2025-05-08 12:48:08,496 [INFO] IPUIPlugin:80 - create IPUIPlugin
2025-05-08 12:48:08,496 [INFO] IPUIPlugin:80 - create IPUIPlugin
2025-05-08 12:48:08,496 [INFO] IPUIPlugin:80 - create IPUIPlugin
2025-05-08 12:48:08,496 [INFO] IPUIPlugin:80 - create IPUIPlugin
2025-05-08 12:48:08,496 [INFO] IPUIPlugin:80 - create IPUIPlugin
2025-05-08 12:48:08,496 [INFO] IPUIPlugin:80 - create IPUIPlugin
2025-05-08 12:48:08,496 [INFO] IPUIPlugin:80 - create IPUIPlugin
2025-05-08 12:48:08,497 [INFO] IPUIPlugin:80 - create IPUIPlugin
2025-05-08 12:48:08,497 [INFO] IPUIPlugin:80 - create IPUIPlugin
2025-05-08 12:48:08,497 [INFO] IPUIPlugin:80 - create IPUIPlugin
2025-05-08 12:48:08,497 [INFO] IPUIPlugin:80 - create IPUIPlugin
2025-05-08 12:48:08,497 [INFO] IPUIPlugin:80 - create IPUIPlugin
2025-05-08 12:48:08,497 [INFO] IPUIPlugin:80 - create IPUIPlugin
2025-05-08 12:48:08,498 [INFO] IPUIPlugin:80 - create IPUIPlugin
2025-05-08 12:48:08,498 [INFO] IPUIPlugin:80 - create IPUIPlugin
2025-05-08 12:48:08,498 [INFO] IPUIPlugin:80 - create IPUIPlugin
2025-05-08 12:48:08,498 [INFO] IPUIPlugin:80 - create IPUIPlugin
2025-05-08 12:48:08,498 [INFO] IPUIPlugin:80 - create IPUIPlugin
2025-05-08 12:48:08,498 [INFO] IPUIPlugin:80 - create IPUIPlugin
2025-05-08 12:48:08,498 [INFO] IPUIPlugin:80 - create IPUIPlugin
2025-05-08 12:48:08,499 [INFO] IPUIPlugin:80 - create IPUIPlugin
2025-05-08 12:48:08,499 [INFO] IPUIPlugin:80 - create IPUIPlugin
2025-05-08 12:48:08,499 [INFO] IPUIPlugin:80 - create IPUIPlugin
2025-05-08 12:48:08,499 [INFO] IPUIPlugin:80 - create IPUIPlugin
2025-05-08 12:48:08,499 [INFO] IPUIPlugin:80 - create IPUIPlugin
2025-05-08 12:48:08,499 [INFO] IPUIPlugin:80 - create IPUIPlugin
2025-05-08 12:48:08,499 [INFO] IPUIPlugin:80 - create IPUIPlugin
2025-05-08 12:48:08,499 [INFO] IPUIPlugin:80 - create IPUIPlugin
2025-05-08 12:48:08,499 [INFO] IPUIPlugin:80 - create IPUIPlugin
2025-05-08 12:48:08,499 [INFO] IPUIPlugin:80 - create IPUIPlugin
2025-05-08 12:48:08,500 [INFO] IPUIPlugin:80 - create IPUIPlugin
2025-05-08 12:48:08,500 [INFO] IPUIPlugin:80 - create IPUIPlugin
2025-05-08 12:48:08,500 [INFO] IPUIPlugin:80 - create IPUIPlugin
2025-05-08 12:48:08,500 [INFO] IPUIPlugin:80 - create IPUIPlugin
2025-05-08 12:48:08,500 [INFO] IPUIPlugin:80 - create IPUIPlugin
2025-05-08 12:48:08,500 [INFO] IPUIPlugin:80 - create IPUIPlugin
2025-05-08 12:48:08,501 [INFO] IPUIPlugin:80 - create IPUIPlugin
2025-05-08 12:48:08,501 [INFO] IPUIPlugin:80 - create IPUIPlugin
2025-05-08 12:48:08,501 [INFO] IPUIPlugin:80 - create IPUIPlugin
2025-05-08 12:48:08,501 [INFO] IPUIPlugin:80 - create IPUIPlugin
2025-05-08 12:48:08,502 [INFO] IPUIPlugin:80 - create IPUIPlugin
2025-05-08 12:48:08,502 [INFO] IPUIPlugin:80 - create IPUIPlugin
2025-05-08 12:48:08,502 [INFO] IPUIPlugin:80 - create IPUIPlugin
2025-05-08 12:48:08,503 [INFO] IPUIPlugin:80 - create IPUIPlugin
2025-05-08 12:48:08,503 [INFO] IPUIPlugin:80 - create IPUIPlugin
2025-05-08 12:48:08,508 [INFO] ApiDbMcu:508 - Load IP Config File for PDM2PCM
2025-05-08 12:48:08,509 [WARN] IP:2250 - I2C_Coeff_DF not found: check if there is a RefParameter without a condition.
2025-05-08 12:48:08,509 [WARN] IP:2250 - Analog_Filter not found: check if there is a RefParameter without a condition.
2025-05-08 12:48:08,517 [INFO] I2sManager:658 - 9.6E7
2025-05-08 12:48:08,517 [INFO] I2sManager:195 - I2S Clock Value : 9.6E7
2025-05-08 12:48:08,520 [INFO] I2sManager:553 - AudioClock : 93750Divider : 2Odd : 0
2025-05-08 12:48:08,585 [INFO] CADModel:165 - CPN selected for project levelSTM32F407VGT6
2025-05-08 12:48:08,585 [INFO] CADModel:114 - Register for checkConnection events
2025-05-08 12:48:08,624 [INFO] OpenFileManager:385 - Restore cursor
2025-05-08 12:48:08,820 [WARN] IP:2250 - I2C_Coeff_DF not found: check if there is a RefParameter without a condition.
2025-05-08 12:48:08,820 [WARN] IP:2250 - Analog_Filter not found: check if there is a RefParameter without a condition.
2025-05-08 12:48:08,821 [WARN] IP:2250 - I2C_Coeff_DF not found: check if there is a RefParameter without a condition.
2025-05-08 12:48:08,821 [WARN] IP:2250 - Analog_Filter not found: check if there is a RefParameter without a condition.
2025-05-08 13:10:01,001 [WARN] BspModel:444 - BSP dependency skipped because of component: name='IOExpander', api='Unknown'
2025-05-08 13:10:01,120 [WARN] BspModel:444 - BSP dependency skipped because of component: name='IOExpander', api='Unknown'
2025-05-08 13:10:17,618 [INFO] NvicIntPanel:101 - NVIC parent = com.st.microxplorer.plugins.ip.nvic.MultiNvicIntPanel[,0,0,0x0,invalid,layout=javax.swing.BoxLayout,alignmentX=0.0,alignmentY=0.0,border=,flags=9,maximumSize=,minimumSize=,preferredSize=]
2025-05-08 13:21:25,576 [INFO] UtilMem:75 - End SaveConfig() Used Memory: 593550240 Bytes (720371712)
2025-05-08 13:21:25,782 [INFO] UtilMem:75 - End SaveConfig() Used Memory: 235902208 Bytes (720371712)
2025-05-08 13:21:26,080 [INFO] UtilMem:75 - End SaveConfig() Used Memory: 307205376 Bytes (720371712)
2025-05-08 13:21:26,559 [INFO] BlockDiagram:2775 - set Specific Code input for plugin: SPI
2025-05-08 13:21:26,559 [INFO] BlockDiagram:2775 - set Specific Code input for plugin: TIM1_8
2025-05-08 13:21:26,559 [INFO] BlockDiagram:2775 - set Specific Code input for plugin: TIM1_8
2025-05-08 13:21:26,559 [INFO] BlockDiagram:2775 - set Specific Code input for plugin: I2S
2025-05-08 13:21:26,559 [INFO] BlockDiagram:2775 - set Specific Code input for plugin: SYS
2025-05-08 13:21:26,560 [INFO] BlockDiagram:2775 - set Specific Code input for plugin: RCC
2025-05-08 13:21:26,560 [INFO] BlockDiagram:2775 - set Specific Code input for plugin: I2C
2025-05-08 13:21:26,560 [INFO] BlockDiagram:2775 - set Specific Code input for plugin: USB_OTG_FS
2025-05-08 13:21:26,560 [INFO] BlockDiagram:2775 - set Specific Code input for plugin: NVIC
2025-05-08 13:21:26,560 [INFO] BlockDiagram:2775 - set Specific Code input for plugin: USB_HOST
2025-05-08 13:21:26,561 [INFO] BlockDiagram:2775 - set Specific Code input for plugin: GPIO
2025-05-08 13:21:26,562 [INFO] CodeGenerator:882 - code generatio: config db path: /Applications/STM32CubeIDE.app/Contents/Eclipse/plugins/com.st.stm32cube.common.mx_6.14.1.202504091515//db/
2025-05-08 13:21:26,568 [WARN] IP:2250 - I2C_Coeff_DF not found: check if there is a RefParameter without a condition.
2025-05-08 13:21:26,568 [WARN] IP:2250 - Analog_Filter not found: check if there is a RefParameter without a condition.
2025-05-08 13:21:26,757 [INFO] CodeEngine:263 - oldGeneratedFile, /Users/winstonhar/ENCE-3231/Projects/2025_STM32F407_Encoder_Rotary/MXTmpFiles/license.tmp_save
2025-05-08 13:21:27,084 [INFO] CodeEngine:287 - Generated code: /Users/winstonhar/ENCE-3231/Projects/2025_STM32F407_Encoder_Rotary/MXTmpFiles/license.tmp
2025-05-08 13:21:27,158 [INFO] CodeEngine:263 - oldGeneratedFile, /Users/winstonhar/ENCE-3231/Projects/2025_STM32F407_Encoder_Rotary/MXTmpFiles/gpio.tmp_save
2025-05-08 13:21:27,266 [INFO] CodeEngine:287 - Generated code: /Users/winstonhar/ENCE-3231/Projects/2025_STM32F407_Encoder_Rotary/MXTmpFiles/gpio.tmp
2025-05-08 13:21:27,345 [WARN] IPConfigManager:3217 - Warning: the RefConfig PWREx_EnableUSBVoltageDetector is not available in your config.xml file
2025-05-08 13:21:27,350 [INFO] CodeEngine:263 - oldGeneratedFile, /Users/winstonhar/ENCE-3231/Projects/2025_STM32F407_Encoder_Rotary/MXTmpFiles/usb_otg_fs_vars.tmp_save
2025-05-08 13:21:27,439 [INFO] CodeEngine:287 - Generated code: /Users/winstonhar/ENCE-3231/Projects/2025_STM32F407_Encoder_Rotary/MXTmpFiles/usb_otg_fs_vars.tmp
2025-05-08 13:21:27,441 [INFO] CodeEngine:263 - oldGeneratedFile, /Users/winstonhar/ENCE-3231/Projects/2025_STM32F407_Encoder_Rotary/MXTmpFiles/usb_otg_fs_inc.tmp_save
2025-05-08 13:21:27,518 [INFO] CodeEngine:287 - Generated code: /Users/winstonhar/ENCE-3231/Projects/2025_STM32F407_Encoder_Rotary/MXTmpFiles/usb_otg_fs_inc.tmp
2025-05-08 13:21:27,520 [INFO] CodeEngine:263 - oldGeneratedFile, /Users/winstonhar/ENCE-3231/Projects/2025_STM32F407_Encoder_Rotary/MXTmpFiles/usb_otg_fs_HalInit.tmp_save
2025-05-08 13:21:27,600 [INFO] CodeEngine:287 - Generated code: /Users/winstonhar/ENCE-3231/Projects/2025_STM32F407_Encoder_Rotary/MXTmpFiles/usb_otg_fs_HalInit.tmp
2025-05-08 13:21:27,602 [INFO] CodeEngine:263 - oldGeneratedFile, /Users/winstonhar/ENCE-3231/Projects/2025_STM32F407_Encoder_Rotary/MXTmpFiles/usb_otg_fs_Msp.tmp_save
2025-05-08 13:21:27,688 [INFO] CodeEngine:287 - Generated code: /Users/winstonhar/ENCE-3231/Projects/2025_STM32F407_Encoder_Rotary/MXTmpFiles/usb_otg_fs_Msp.tmp
2025-05-08 13:21:28,116 [INFO] CodeEngine:263 - oldGeneratedFile, /Users/winstonhar/ENCE-3231/Projects/2025_STM32F407_Encoder_Rotary/USB_HOST/App/usb_host.c_save
2025-05-08 13:21:28,203 [INFO] CodeEngine:287 - Generated code: /Users/winstonhar/ENCE-3231/Projects/2025_STM32F407_Encoder_Rotary/USB_HOST/App/usb_host.c
2025-05-08 13:21:28,205 [INFO] CodeEngine:263 - oldGeneratedFile, /Users/winstonhar/ENCE-3231/Projects/2025_STM32F407_Encoder_Rotary/USB_HOST/App/usb_host.h_save
2025-05-08 13:21:28,270 [INFO] CodeEngine:287 - Generated code: /Users/winstonhar/ENCE-3231/Projects/2025_STM32F407_Encoder_Rotary/USB_HOST/App/usb_host.h
2025-05-08 13:21:28,273 [INFO] CodeEngine:263 - oldGeneratedFile, /Users/winstonhar/ENCE-3231/Projects/2025_STM32F407_Encoder_Rotary/USB_HOST/Target/usbh_conf.h_save
2025-05-08 13:21:28,348 [INFO] CodeEngine:287 - Generated code: /Users/winstonhar/ENCE-3231/Projects/2025_STM32F407_Encoder_Rotary/USB_HOST/Target/usbh_conf.h
2025-05-08 13:21:28,351 [INFO] CodeEngine:263 - oldGeneratedFile, /Users/winstonhar/ENCE-3231/Projects/2025_STM32F407_Encoder_Rotary/USB_HOST/Target/usbh_conf.c_save
2025-05-08 13:21:28,422 [INFO] CodeEngine:287 - Generated code: /Users/winstonhar/ENCE-3231/Projects/2025_STM32F407_Encoder_Rotary/USB_HOST/Target/usbh_conf.c
2025-05-08 13:21:28,426 [INFO] CodeEngine:263 - oldGeneratedFile, /Users/winstonhar/ENCE-3231/Projects/2025_STM32F407_Encoder_Rotary/USB_HOST/Target/usbh_platform.c_save
2025-05-08 13:21:28,488 [INFO] CodeEngine:287 - Generated code: /Users/winstonhar/ENCE-3231/Projects/2025_STM32F407_Encoder_Rotary/USB_HOST/Target/usbh_platform.c
2025-05-08 13:21:28,491 [INFO] CodeEngine:263 - oldGeneratedFile, /Users/winstonhar/ENCE-3231/Projects/2025_STM32F407_Encoder_Rotary/USB_HOST/Target/usbh_platform.h_save
2025-05-08 13:21:28,542 [INFO] CodeEngine:287 - Generated code: /Users/winstonhar/ENCE-3231/Projects/2025_STM32F407_Encoder_Rotary/USB_HOST/Target/usbh_platform.h
2025-05-08 13:21:28,553 [INFO] CodeEngine:263 - oldGeneratedFile, /Users/winstonhar/ENCE-3231/Projects/2025_STM32F407_Encoder_Rotary/Core/Src/stm32f4xx_it.c_save
2025-05-08 13:21:28,638 [INFO] CodeEngine:287 - Generated code: /Users/winstonhar/ENCE-3231/Projects/2025_STM32F407_Encoder_Rotary/Core/Src/stm32f4xx_it.c
2025-05-08 13:21:28,641 [INFO] CodeEngine:263 - oldGeneratedFile, /Users/winstonhar/ENCE-3231/Projects/2025_STM32F407_Encoder_Rotary/Core/Inc/stm32f4xx_it.h_save
2025-05-08 13:21:28,703 [INFO] CodeEngine:287 - Generated code: /Users/winstonhar/ENCE-3231/Projects/2025_STM32F407_Encoder_Rotary/Core/Inc/stm32f4xx_it.h
2025-05-08 13:21:28,718 [INFO] CodeEngine:263 - oldGeneratedFile, /Users/winstonhar/ENCE-3231/Projects/2025_STM32F407_Encoder_Rotary/Core/Src/stm32f4xx_hal_msp.c_save
2025-05-08 13:21:28,843 [INFO] CodeEngine:287 - Generated code: /Users/winstonhar/ENCE-3231/Projects/2025_STM32F407_Encoder_Rotary/Core/Src/stm32f4xx_hal_msp.c
2025-05-08 13:21:28,845 [INFO] CodeEngine:263 - oldGeneratedFile, /Users/winstonhar/ENCE-3231/Projects/2025_STM32F407_Encoder_Rotary/MXTmpFiles/system.tmp_save
2025-05-08 13:21:28,908 [INFO] CodeEngine:287 - Generated code: /Users/winstonhar/ENCE-3231/Projects/2025_STM32F407_Encoder_Rotary/MXTmpFiles/system.tmp
2025-05-08 13:21:28,915 [INFO] CodeEngine:319 - oldGeneratedFile, /Users/winstonhar/ENCE-3231/Projects/2025_STM32F407_Encoder_Rotary/Core/Inc/stm32f4xx_hal_conf.h_save
2025-05-08 13:21:28,977 [INFO] CodeEngine:343 - Generated code: /Users/winstonhar/ENCE-3231/Projects/2025_STM32F407_Encoder_Rotary/Core/Inc/stm32f4xx_hal_conf.h
2025-05-08 13:21:29,006 [INFO] ApiDbMcu:508 - Load IP Config File for I2C1
2025-05-08 13:21:29,009 [INFO] ApiDbMcu:508 - Load IP Config File for I2S3
2025-05-08 13:21:29,010 [INFO] ApiDbMcu:508 - Load IP Config File for SPI1
2025-05-08 13:21:29,022 [INFO] ApiDbMcu:508 - Load IP Config File for TIM1
2025-05-08 13:21:29,033 [INFO] ApiDbMcu:508 - Load IP Config File for TIM2
2025-05-08 13:21:29,037 [INFO] ApiDbMcu:508 - Load IP Config File for RCC
2025-05-08 13:21:29,040 [WARN] IPConfigManager:3790 - IP not found : TIM
2025-05-08 13:21:29,042 [WARN] CodeGenerator:4198 - IP not found : null
2025-05-08 13:21:29,046 [INFO] CodeEngine:263 - oldGeneratedFile, /Users/winstonhar/ENCE-3231/Projects/2025_STM32F407_Encoder_Rotary/Core/Inc/main.h_save
2025-05-08 13:21:29,118 [INFO] CodeEngine:287 - Generated code: /Users/winstonhar/ENCE-3231/Projects/2025_STM32F407_Encoder_Rotary/Core/Inc/main.h
2025-05-08 13:21:29,121 [INFO] CodeEngine:263 - oldGeneratedFile, /Users/winstonhar/ENCE-3231/Projects/2025_STM32F407_Encoder_Rotary/Core/Src/main.c_save
2025-05-08 13:21:29,275 [INFO] CodeEngine:287 - Generated code: /Users/winstonhar/ENCE-3231/Projects/2025_STM32F407_Encoder_Rotary/Core/Src/main.c
2025-05-08 13:21:29,682 [INFO] ProjectBuilder:3324 - Time for Copy HAL[1] : 186mS.
2025-05-08 13:21:29,691 [INFO] ProjectBuilder:4912 - Project Generator version: 4.6.0.1-B1
2025-05-08 13:21:29,810 [INFO] ConfigFileManager:1590 - The Die is : DIE413
2025-05-08 13:21:29,815 [INFO] ApiDbMcu:508 - Load IP Config File for FATFS
2025-05-08 13:21:29,821 [INFO] ApiDbMcu:508 - Load IP Config File for FREERTOS
2025-05-08 13:21:29,824 [INFO] ApiDbMcu:508 - Load IP Config File for LIBJPEG
2025-05-08 13:21:29,833 [INFO] ApiDbMcu:508 - Load IP Config File for LWIP
2025-05-08 13:21:29,841 [INFO] ApiDbMcu:508 - Load IP Config File for MBEDTLS
2025-05-08 13:21:29,852 [INFO] ApiDbMcu:508 - Load IP Config File for USB_DEVICE
2025-05-08 13:21:30,248 [INFO] LogOutputStream:77 - [STDOUT_REDIRECT] 
2025-05-08 13:21:30,812 [INFO] ProjectBuilder:5191 - Time for Generating toolchain IDE Files: 1120mS.
2025-05-08 13:21:30,812 [INFO] ProjectBuilder:3181 - Time for Copy CMSIS : 0mS.
2025-05-08 13:21:30,814 [INFO] ProjectBuilder:3181 - Time for Copy CMSIS : 0mS.
2025-05-08 13:38:48,685 [INFO] NvicIntPanel:101 - NVIC parent = com.st.microxplorer.plugins.ip.nvic.MultiNvicIntPanel[,0,0,0x0,invalid,layout=javax.swing.BoxLayout,alignmentX=0.0,alignmentY=0.0,border=,flags=9,maximumSize=,minimumSize=,preferredSize=]
2025-05-08 13:38:52,910 [INFO] NvicIntPanel:101 - NVIC parent = com.st.microxplorer.plugins.ip.nvic.MultiNvicIntPanel[,0,0,0x0,invalid,layout=javax.swing.BoxLayout,alignmentX=0.0,alignmentY=0.0,border=,flags=9,maximumSize=,minimumSize=,preferredSize=]
2025-05-08 13:38:58,752 [INFO] UtilMem:75 - End SaveConfig() Used Memory: 409491328 Bytes (720371712)
2025-05-08 13:38:58,867 [INFO] UtilMem:75 - End SaveConfig() Used Memory: 430760072 Bytes (720371712)
2025-05-08 13:38:59,107 [INFO] UtilMem:75 - End SaveConfig() Used Memory: 456677248 Bytes (720371712)
2025-05-08 13:38:59,552 [INFO] BlockDiagram:2775 - set Specific Code input for plugin: SPI
2025-05-08 13:38:59,553 [INFO] BlockDiagram:2775 - set Specific Code input for plugin: TIM1_8
2025-05-08 13:38:59,553 [INFO] BlockDiagram:2775 - set Specific Code input for plugin: TIM1_8
2025-05-08 13:38:59,553 [INFO] BlockDiagram:2775 - set Specific Code input for plugin: I2S
2025-05-08 13:38:59,553 [INFO] BlockDiagram:2775 - set Specific Code input for plugin: SYS
2025-05-08 13:38:59,553 [INFO] BlockDiagram:2775 - set Specific Code input for plugin: RCC
2025-05-08 13:38:59,553 [INFO] BlockDiagram:2775 - set Specific Code input for plugin: I2C
2025-05-08 13:38:59,553 [INFO] BlockDiagram:2775 - set Specific Code input for plugin: USB_OTG_FS
2025-05-08 13:38:59,553 [INFO] BlockDiagram:2775 - set Specific Code input for plugin: NVIC
2025-05-08 13:38:59,553 [INFO] BlockDiagram:2775 - set Specific Code input for plugin: USB_HOST
2025-05-08 13:38:59,553 [INFO] BlockDiagram:2775 - set Specific Code input for plugin: GPIO
2025-05-08 13:38:59,554 [INFO] CodeGenerator:882 - code generatio: config db path: /Applications/STM32CubeIDE.app/Contents/Eclipse/plugins/com.st.stm32cube.common.mx_6.14.1.202504091515//db/
2025-05-08 13:38:59,556 [WARN] IP:2250 - I2C_Coeff_DF not found: check if there is a RefParameter without a condition.
2025-05-08 13:38:59,556 [WARN] IP:2250 - Analog_Filter not found: check if there is a RefParameter without a condition.
2025-05-08 13:38:59,653 [INFO] CodeEngine:263 - oldGeneratedFile, /Users/winstonhar/ENCE-3231/Projects/2025_STM32F407_Encoder_Rotary/MXTmpFiles/license.tmp_save
2025-05-08 13:38:59,888 [INFO] CodeEngine:287 - Generated code: /Users/winstonhar/ENCE-3231/Projects/2025_STM32F407_Encoder_Rotary/MXTmpFiles/license.tmp
2025-05-08 13:38:59,941 [INFO] CodeEngine:263 - oldGeneratedFile, /Users/winstonhar/ENCE-3231/Projects/2025_STM32F407_Encoder_Rotary/MXTmpFiles/gpio.tmp_save
2025-05-08 13:39:00,128 [INFO] CodeEngine:287 - Generated code: /Users/winstonhar/ENCE-3231/Projects/2025_STM32F407_Encoder_Rotary/MXTmpFiles/gpio.tmp
2025-05-08 13:39:00,223 [WARN] IPConfigManager:3217 - Warning: the RefConfig PWREx_EnableUSBVoltageDetector is not available in your config.xml file
2025-05-08 13:39:00,227 [INFO] CodeEngine:263 - oldGeneratedFile, /Users/winstonhar/ENCE-3231/Projects/2025_STM32F407_Encoder_Rotary/MXTmpFiles/usb_otg_fs_vars.tmp_save
2025-05-08 13:39:00,371 [INFO] CodeEngine:287 - Generated code: /Users/winstonhar/ENCE-3231/Projects/2025_STM32F407_Encoder_Rotary/MXTmpFiles/usb_otg_fs_vars.tmp
2025-05-08 13:39:00,377 [INFO] CodeEngine:263 - oldGeneratedFile, /Users/winstonhar/ENCE-3231/Projects/2025_STM32F407_Encoder_Rotary/MXTmpFiles/usb_otg_fs_inc.tmp_save
2025-05-08 13:39:00,497 [INFO] CodeEngine:287 - Generated code: /Users/winstonhar/ENCE-3231/Projects/2025_STM32F407_Encoder_Rotary/MXTmpFiles/usb_otg_fs_inc.tmp
2025-05-08 13:39:00,499 [INFO] CodeEngine:263 - oldGeneratedFile, /Users/winstonhar/ENCE-3231/Projects/2025_STM32F407_Encoder_Rotary/MXTmpFiles/usb_otg_fs_HalInit.tmp_save
2025-05-08 13:39:00,637 [INFO] CodeEngine:287 - Generated code: /Users/winstonhar/ENCE-3231/Projects/2025_STM32F407_Encoder_Rotary/MXTmpFiles/usb_otg_fs_HalInit.tmp
2025-05-08 13:39:00,639 [INFO] CodeEngine:263 - oldGeneratedFile, /Users/winstonhar/ENCE-3231/Projects/2025_STM32F407_Encoder_Rotary/MXTmpFiles/usb_otg_fs_Msp.tmp_save
2025-05-08 13:39:00,770 [INFO] CodeEngine:287 - Generated code: /Users/winstonhar/ENCE-3231/Projects/2025_STM32F407_Encoder_Rotary/MXTmpFiles/usb_otg_fs_Msp.tmp
2025-05-08 13:39:01,241 [INFO] CodeEngine:263 - oldGeneratedFile, /Users/winstonhar/ENCE-3231/Projects/2025_STM32F407_Encoder_Rotary/USB_HOST/App/usb_host.c_save
2025-05-08 13:39:01,364 [INFO] CodeEngine:287 - Generated code: /Users/winstonhar/ENCE-3231/Projects/2025_STM32F407_Encoder_Rotary/USB_HOST/App/usb_host.c
2025-05-08 13:39:01,367 [INFO] CodeEngine:263 - oldGeneratedFile, /Users/winstonhar/ENCE-3231/Projects/2025_STM32F407_Encoder_Rotary/USB_HOST/App/usb_host.h_save
2025-05-08 13:39:01,486 [INFO] CodeEngine:287 - Generated code: /Users/winstonhar/ENCE-3231/Projects/2025_STM32F407_Encoder_Rotary/USB_HOST/App/usb_host.h
2025-05-08 13:39:01,488 [INFO] CodeEngine:263 - oldGeneratedFile, /Users/winstonhar/ENCE-3231/Projects/2025_STM32F407_Encoder_Rotary/USB_HOST/Target/usbh_conf.h_save
2025-05-08 13:39:01,586 [INFO] CodeEngine:287 - Generated code: /Users/winstonhar/ENCE-3231/Projects/2025_STM32F407_Encoder_Rotary/USB_HOST/Target/usbh_conf.h
2025-05-08 13:39:01,590 [INFO] CodeEngine:263 - oldGeneratedFile, /Users/winstonhar/ENCE-3231/Projects/2025_STM32F407_Encoder_Rotary/USB_HOST/Target/usbh_conf.c_save
2025-05-08 13:39:01,692 [INFO] CodeEngine:287 - Generated code: /Users/winstonhar/ENCE-3231/Projects/2025_STM32F407_Encoder_Rotary/USB_HOST/Target/usbh_conf.c
2025-05-08 13:39:01,695 [INFO] CodeEngine:263 - oldGeneratedFile, /Users/winstonhar/ENCE-3231/Projects/2025_STM32F407_Encoder_Rotary/USB_HOST/Target/usbh_platform.c_save
2025-05-08 13:39:01,792 [INFO] CodeEngine:287 - Generated code: /Users/winstonhar/ENCE-3231/Projects/2025_STM32F407_Encoder_Rotary/USB_HOST/Target/usbh_platform.c
2025-05-08 13:39:01,794 [INFO] CodeEngine:263 - oldGeneratedFile, /Users/winstonhar/ENCE-3231/Projects/2025_STM32F407_Encoder_Rotary/USB_HOST/Target/usbh_platform.h_save
2025-05-08 13:39:01,902 [INFO] CodeEngine:287 - Generated code: /Users/winstonhar/ENCE-3231/Projects/2025_STM32F407_Encoder_Rotary/USB_HOST/Target/usbh_platform.h
2025-05-08 13:39:01,913 [INFO] CodeEngine:263 - oldGeneratedFile, /Users/winstonhar/ENCE-3231/Projects/2025_STM32F407_Encoder_Rotary/Core/Src/stm32f4xx_it.c_save
2025-05-08 13:39:02,204 [INFO] CodeEngine:287 - Generated code: /Users/winstonhar/ENCE-3231/Projects/2025_STM32F407_Encoder_Rotary/Core/Src/stm32f4xx_it.c
2025-05-08 13:39:02,206 [INFO] CodeEngine:263 - oldGeneratedFile, /Users/winstonhar/ENCE-3231/Projects/2025_STM32F407_Encoder_Rotary/Core/Inc/stm32f4xx_it.h_save
2025-05-08 13:39:02,258 [INFO] CodeEngine:287 - Generated code: /Users/winstonhar/ENCE-3231/Projects/2025_STM32F407_Encoder_Rotary/Core/Inc/stm32f4xx_it.h
2025-05-08 13:39:02,269 [INFO] CodeEngine:263 - oldGeneratedFile, /Users/winstonhar/ENCE-3231/Projects/2025_STM32F407_Encoder_Rotary/Core/Src/stm32f4xx_hal_msp.c_save
2025-05-08 13:39:02,355 [INFO] CodeEngine:287 - Generated code: /Users/winstonhar/ENCE-3231/Projects/2025_STM32F407_Encoder_Rotary/Core/Src/stm32f4xx_hal_msp.c
2025-05-08 13:39:02,357 [INFO] CodeEngine:263 - oldGeneratedFile, /Users/winstonhar/ENCE-3231/Projects/2025_STM32F407_Encoder_Rotary/MXTmpFiles/system.tmp_save
2025-05-08 13:39:02,409 [INFO] CodeEngine:287 - Generated code: /Users/winstonhar/ENCE-3231/Projects/2025_STM32F407_Encoder_Rotary/MXTmpFiles/system.tmp
2025-05-08 13:39:02,414 [INFO] CodeEngine:319 - oldGeneratedFile, /Users/winstonhar/ENCE-3231/Projects/2025_STM32F407_Encoder_Rotary/Core/Inc/stm32f4xx_hal_conf.h_save
2025-05-08 13:39:02,489 [INFO] CodeEngine:343 - Generated code: /Users/winstonhar/ENCE-3231/Projects/2025_STM32F407_Encoder_Rotary/Core/Inc/stm32f4xx_hal_conf.h
2025-05-08 13:39:02,516 [WARN] IPConfigManager:3790 - IP not found : TIM
2025-05-08 13:39:02,517 [WARN] CodeGenerator:4198 - IP not found : null
2025-05-08 13:39:02,521 [INFO] CodeEngine:263 - oldGeneratedFile, /Users/winstonhar/ENCE-3231/Projects/2025_STM32F407_Encoder_Rotary/Core/Inc/main.h_save
2025-05-08 13:39:02,625 [INFO] CodeEngine:287 - Generated code: /Users/winstonhar/ENCE-3231/Projects/2025_STM32F407_Encoder_Rotary/Core/Inc/main.h
2025-05-08 13:39:02,628 [INFO] CodeEngine:263 - oldGeneratedFile, /Users/winstonhar/ENCE-3231/Projects/2025_STM32F407_Encoder_Rotary/Core/Src/main.c_save
2025-05-08 13:39:02,721 [INFO] CodeEngine:287 - Generated code: /Users/winstonhar/ENCE-3231/Projects/2025_STM32F407_Encoder_Rotary/Core/Src/main.c
2025-05-08 13:39:03,074 [INFO] ProjectBuilder:3324 - Time for Copy HAL[1] : 139mS.
2025-05-08 13:39:03,076 [INFO] ProjectBuilder:4912 - Project Generator version: 4.6.0.1-B1
2025-05-08 13:39:03,152 [INFO] ConfigFileManager:1590 - The Die is : DIE413
2025-05-08 13:39:03,909 [INFO] ProjectBuilder:5191 - Time for Generating toolchain IDE Files: 832mS.
2025-05-08 13:39:03,909 [INFO] ProjectBuilder:3181 - Time for Copy CMSIS : 0mS.
2025-05-08 13:39:03,913 [INFO] ProjectBuilder:3181 - Time for Copy CMSIS : 0mS.
2025-05-08 13:49:15,412 [ERROR] LogOutputStream:75 - [STDERR_REDIRECT] 
